iso_code,glottocode
adz,adze1240
ain,ainu1240
aka,akan1250
akz,alab1237
ale,aleu1260
alh,alaw1244
als,tosk1239
amc,amah1246
ame,yane1238
amh,amha1245
anc,ngas1240
ant,anta1253
apn,apin1244
arn,mapu1245
ary,moro1292
arz,egyp1253
auy,awiy1238
awn,awng1244
ayr,cent2142
azb,sout2697
bao,waim1255
ben,beng1280
beq,beem1239
bre,bret1244
bsk,buru1296
btx,bata1293
bul,bulg1262
cao,chac1251
car,gali1262
cbi,chac1249
cha,cham1312
chf,taba1266
chp,chip1261
chv,chuv1255
cja,west2650
ckt,chuk1273
cmn,mand1415
cni,asha1243
crb,isla1278
dag,dagb1246
dap,nisi1239
deu,stan1295
dih,kumi1248
ell,mode1248
eng,stan1293
eus,basq1248
eve,even1260
ewe,ewee1241
fia,nobi1240
fin,finn1318
fra,stan1290
gaa,gaaa1244
gaj,gads1258
gbp,gbay1287
gle,iris1253
grt,garo1247
guc,wayu1243
gug,para1311
hak,hakk1236
hau,haus1257
haw,hawa1245
hdn,nort2938
heb,hebr1245
hin,hind1269
hop,hopi1249
hun,hung1274
hup,hupa1239
hye,nucl1235
iai,iaai1238
ibo,nucl1417
ign,igna1246
irk,iraq1241
isl,icel1247
ito,iton1250
ium,iumi1238
jav,java1254
jiv,shua1257
jpn,nucl1643
kal,kala1399
kas,kash1277
kat,nucl1302
kbd,kaba1278
kca,khan1273
ket,kett1243
kfe,kota1263
kha,khas1269
khk,halh1238
khl,lusi1240
khm,cent1989
khr,khar1287
kir,kirg1245
kjn,kunj1245
kmo,kwom1262
knc,cent2050
kor,kore1280
kpv,komi1268
kru,kuru1301
ksw,sgaw1245
kup,kuni1267
kwk,kwak1269
kyh,karo1304
lbc,lakk1238
lbe,lakk1252
lgg,lugb1240
lhu,lahu1253
lit,lith1251
lkt,lako1247
lue,luva1239
lui,luis1253
luo,luok1236
maq,chiq1250
mas,masa1300
maz,cent2144
mhr,east2328
mig,sanm1295
mlt,malt1254
mph,maun1240
mri,maor1246
mrt,marg1265
mya,nucl1310
naq,nama1264
nas,naas1242
nav,nava1243
nez,nezp1238
niv,gily1242
nmu,nort2952
nna,nyan1301
nob,norw1259
noo,noot1239
nuy,nung1290
oca,ocai1244
ojg,east2542
one,onei1249
ood,toho1245
ote,mezq1235
pan,panj1256
pbb,paez1247
pcc,bouy1240
pes,west2369
plt,plat1254
pom,sout2982
por,port1283
pst,cent1973
quh,sout2991
rif,tari1263
ron,roma1327
rus,russ1263
sah,yaku1245
sed,seda1262
see,sene1264
ses,koyr1242
set,nucl1632
sin,sinh1246
snv,saba1265
som,soma1255
spa,stan1288
spl,sele1250
squ,squa1248
srq,siri1273
str,stra1244
sun,sund1252
swh,swah1253
tay,atay1247
tca,ticu1245
tel,telu1262
tew,tewa1260
tgl,taga1270
tha,thai1261
tig,tigr1270
tix,sout2961
tlf,tele1256
tml,tamn1235
tol,tolo1259
top,papa1238
tsz,pure1242
tun,tuni1252
tur,nucl1301
tzh,tzel1254
unm,unam1242
unr,mund1320
vie,viet1252
wap,wapi1253
wic,wich1260
wim,wikm1247
wol,nucl1347
wuu,wuch1236
xpe,libe1247
xtc,katc1249
yrk,nene1249
yuc,yuch1247
yue,yuec1235
yux,sout2750
zmr,mara1386
zoc,copa1236
zsm,stan1306
zul,zulu1248
zun,zuni1245
abq,abaz1241
ace,achi1257
ady,adyg1241
afb,gulf1241
afr,afri1274
agn,agut1237
alb,
apc,nort3139
aun,molm1235
aym,nucl1667
bag,tuki1240
bam,bamb1269
bas,basa1284
bax,bamu1253
bbj,ghom1247
bbk,baba1266
bcj,bard1255
bdr,west2560
bft,balt1258
bkm,komc1235
bla,siks1238
bnn,bunu1267
bol,nucl1695
bqj,band1340
bxk,buku1249
byv,medu1238
cab,gari1256
cat,stan1289
cbk,chav1241
ces,czec1258
cic,chic1270
cti,chol1285
cym,wels1247
dds,donn1239
dga,sout2789
dic,lako1244
dig,digo1243
djr,djam1256
dne,nden1249
dnk,deng1253
dnw,west2594
dum,midd1321
ekk,esto1258
enm,midd1317
ewo,ewon1239
fao,faro1244
fij,fiji1243
fmp,fefe1239
fro,oldf1239
fry,west2354
gdm,laal1242
git,gitx1241
gla,scot1245
glg,gali1258
got,goth1244
grc,anci1242
gre,
gsw,swis1247
gur,fare1241
guw,gunn1250
hag,hang1258
hat,hait1244
hit,hitt1242
hix,hixk1239
hrv,croa1245
huc,hoaa1235
ibb,ibib1240
igl,igal1242
ihp,ihaa1241
ilo,ilok1237
ind,indo1316
ita,ital1282
jaa,jama1261
jam,jama1262
jay,yann1237
jig,djin1251
kan,nucl1305
kek,kekc1242
ken,keny1279
kgg,kusu1250
khc,tuka1248
kjb,qanj1241
kju,kash1280
kma,konn1242
knf,mank1251
koh,koyo1242
krc,kara1465
kto,kuot1243
kur,kurd1259
laj,lang1324
lao,laoo1244
lat,lati1261
lax,tiwa1253
lgm,lega1250
lil,lill1248
lwg,wang1294
mah,mars1254
mal,mala1464
mff,naki1238
mkf,miya1266
mlg,
mls,nucl1440
mni,mani1292
mqb,mbuk1243
mtj,mosk1236
muy,muya1243
mxu,mada1293
nan,minn1241
nap,neap1235
nch,cent2134
nci,clas1250
ndv,ndut1239
nep,east1436
ngh,nngg1234
nhb,beng1286
niu,niue1239
nld,dutc1256
nmz,nawd1238
nnb,nand1264
nod,nort2740
non,oldn1244
nor,norw1258
nup,nupe1254
nwe,ngwe1238
nya,nyan1308
nyn,nyan1307
oci,occi1239
ori,
oss,iron1242
osx,olds1250
pdu,kaya1315
ple,palu1252
pmy,papu1250
pnt,pont1253
pol,poli1260
qqs,
quc,kich1262
qvi,imba1240
rom,roma1329
ruo,istr1245
ryu,cent2126
sad,sand1273
sas,sasa1249
scn,sici1248
shn,shan1277
skv,nucl1634
slv,slov1268
smo,samo1305
srm,sara1340
srp,serb1264
swe,swed1254
swr,sawe1240
syn,sena1268
tli,tlin1245
ton,tong1325
tpi,tokp1240
trc,copa1237
ttv,tita1241
twi,twii1234
txb,tokh1243
tyv,tuvi1240
udm,udmu1245
uig,uigh1240
ukr,ukra1253
vec,vene1258
vsn,
wan,wann1242
wbp,warl1254
wle,wola1253
wmd,mama1278
xcl,clas1249
xto,tokh1242
yaf,yaka1269
ybb,yemb1246
yid,
yor,yoru1245
yva,nucl1454
ztu,guil1236
abi,abid1235
ada,adan1247
adj,adio1239
ahl,igoo1238
ajg,ajab1235
apd,suda1236
avu,avok1242
bav,veng1238
bba,baat1238
bbo,nort2819
bci,baou1238
beh,bial1238
bex,jurm1239
bfd,bafu1246
bfl,band1345
bhy,bhel1238
bib,biss1248
bim,bimo1239
bin,bini1246
bkc,baka1272
bkv,bekw1241
bom,bero1242
bqc,boko1266
bqx,baan1242
bsq,nucl1418
bss,akoo1248
btg,gagn1235
bud,ntch1242
bum,bulu1251
bza,band1352
bzx,hain1253
cko,anuf1239
cme,cerm1238
daf,dann1241
dbq,nucl1683
dgi,nort2780
dje,zarm1239
dop,lukp1238
dow,doya1240
dts,toro1252
dua,dual1243
dug,duru1249
dyo,jola1263
dyu,dyul1238
dzg,daza1242
ema,emai1241
emk,east2426
enn,enge1239
etu,ejag1239
ffm,maas1239
flr,fuli1240
fon,fonn1241
fub,adam1253
fuc,pula1263
fuf,pula1262
fuh,west2454
fuq,cent2018
gbo,nort2810
gde,gude1246
gej,genn1243
gjn,gonj1241
gkp,guin1254
gnd,zulg1242
gng,ngan1299
god,godi1239
gux,gour1243
gya,nort2775
ife,ifee1241
igb,ebir1243
ige,iged1239
ijs,sout2774
izi,izie1238
kbp,kabi1261
kdh,temm1241
khq,koyr1240
kik,kiku1240
kkj,kako1242
kmw,komo1260
kqs,nort2765
kri,krio1253
krs,gbay1288
kuj,kuri1259
kus,kusa1250
kza,west2466
kzr,kara1478
las,lama1275
led,lend1245
lee,lyel1241
lem,noma1260
lia,west2450
lig,ligb1244
lin,ling1263
lln,lele1276
lmp,limb1268
lns,lamn1239
lok,loko1255
lom,loma1260
lor,teen1242
lug,gand1255
maw,mamp1244
mbo,mboc1235
mcp,maka1304
mcu,came1252
mdj,mang1394
men,mend1266
mfn,cros1244
mgo,meta1238
mhi,madi1260
mif,mofu1248
mkw,kitu1245
mlq,west2500
mnf,mund1327
moa,mwan1250
mos,moss1236
mtb,anyi1244
muh,mund1326
mur,murl1244
mwk,kita1249
myk,mama1271
mzk,nige1255
mzw,degg1238
ncu,chum1261
neb,tour1242
nfr,nafa1258
nga,ngba1285
ngb,nort2774
nnh,ngie1241
nuv,nort2784
nwb,nyab1255
ozm,koon1245
pbi,park1239
pil,yomm1242
rel,rend1243
sag,sang1328
sba,ngam1268
seq,sena1262
sld,siss1242
snk,soni1259
spy,saba1262
srr,sere1260
sur,mwag1236
sus,susu1250
taq,tama1365
tbz,dita1238
ted,tepo1239
tem,timn1235
tfi,tofi1235
tik,tika1246
toq,topo1242
tsp,nort2787
ttq,tawa1286
tuq,teda1241
vag,vagl1239
vut,vute1244
wob,weno1238
wwa,waam1244
xon,konk1269
xsm,kase1253
yam,yamb1251
yas,nugu1242
yat,yamb1252
yer,taro1263
yre,yaou1238
zne,zand1248
adl,galo1242
apq,apuc1241
apt,apat1240
asm,assa1263
awa,awad1243
bfq,bada1257
bfw,bond1245
bhb,bhil1251
bkk,brok1247
bns,bund1253
bwo,boro1277
cdn,chau1259
drd,darm1243
gaq,gata1239
gau,mudh1235
gbj,bodo1267
gda,gade1236
gdb,pott1240
gju,guja1253
guj,guja1252
hlb,halb1244
hoc,hooo1248
iru,irul1243
jns,jaun1243
jun,juan1238
kfa,koda1255
kfb,nort2699
kfc,kond1295
kfd,korr1238
kff,koya1251
kfq,kork1243
kfy,kuma1273
knn,konk1267
kxu,kuii1252
kxv,kuvi1243
lae,patt1248
lbj,lada1244
lep,lepc1244
lmn,lamb1269
lus,lush1249
mai,mait1250
mar,mara1378
mjt,saur1249
mjw,karb1241
mrg,misi1242
mrr,mari1414
mxj,miju1243
nbi,maon1238
ncb,cent1990
nit,sout1549
njh,loth1237
njm,anga1288
njo,aona1235
nkh,khez1235
nmf,tang1336
nmo,moyo1238
nri,chok1243
nsm,sumi1235
nst,tase1235
pci,duru1236
pck,pait1244
peg,peng1244
san,sans1269
sat,sant1410
saz,saur1248
scl,shin1264
snd,sind1272
srb,sora1254
tam,tami1289
tcx,toda1252
tcy,tulu1258
tcz,thad1238
trp,kokb1239
urd,urdu1245
url,ural1274
vaa,vaag1238
xnr,kang1280
xuj,jenn1240
yea,ravu1237
yeu,yeru1240
aaa,ghot1243
aal,afad1236
aar,afar1241
aau,abau1245
abb,bank1256
abe,west2630
abj,akab1249
abk,abkh1244
abt,ambu1247
abv,baha1259
abz,abui1241
aca,acha1250
ach,acol1236
aci,akac1240
acm,meso1252
acn,acha1249
acr,achi1256
acu,achu1248
acv,achu1247
acw,hija1235
acy,cypr1248
adi,bori1243
adn,adan1251
ads,adam1238
adt,adny1235
adx,amdo1237
aeb,tuni1259
aed,arge1236
aer,east2379
aes,alse1251
aey,amel1241
afn,defa1248
afz,obok1239
agb,legb1242
agd,agar1252
agg,ango1254
agh,ngel1238
agm,anga1290
agq,aghe1239
agr,agua1253
agt,cent2084
agu,agua1252
agx,aghu1253
ahg,qima1242
ahh,aghu1255
ahk,akha1245
ahp,apro1235
aht,ahte1237
aia,aros1241
aib,ainu1251
aie,amar1272
aii,assy1241
aij,lish1245
aiw,aari1239
aja,ajas1235
aji,ajie1238
ajp,sout3123
akc,mpur1239
ake,akaw1239
akl,akla1240
akr,arak1252
akv,akhv1239
akx,akak1252
alc,qawa1238
ald,alla1248
alo,lari1255
alp,alun1238
alq,algo1255
alr,alut1245
alt,sout2694
alu,area1240
aly,alya1239
amf,hame1242
ami,amis1246
amk,amba1265
amm,amap1240
amn,aman1265
amo,amoo1242
amp,alam1246
amr,amar1274
amu,guer1243
amy,amii1238
ane,xara1244
anh,nend1239
ani,andi1255
ank,goem1240
ann,obol1243
ano,ando1256
anq,jara1245
anu,anua1242
any,anyi1245
anz,anem1249
aoa,ango1258
aoc,pemo1248
aoi,anin1240
aoj,mufi1238
aom,omie1241
aoz,uabm1237
apb,saaa1240
ape,buki1249
aph,athp1241
apj,jica1244
apm,mesc1238
apr,arop1243
apu,apur1254
apw,west2615
apy,apal1257
apz,safe1240
aqc,arch1244
aqp,atak1252
arb,stan1318
ard,arab1267
are,west2441
arh,arhu1242
ari,arik1262
arl,arab1268
aro,arao1248
arp,arap1274
arr,karo1305
arv,arbo1245
arw,araw1276
asa,asut1235
ase,amer1248
asf,aust1271
ast,astu1245
asu,toca1235
atj,atik1240
atq,aral1243
atw,atsu1245
aty,anei1239
auc,waor1240
aul,aulu1238
auw,awyi1241
ava,avar1256
avi,avik1243
avn,avat1244
avt,auuu1241
awb,awap1236
awi,aeky1238
axb,abip1241
axk,yaka1272
ayl,liby1240
ayn,sana1295
ayo,ayor1240
ayz,maib1239
azz,high1278
baa,baba1268
bae,bare1276
bak,bash1264
ban,bali1278
bar,bava1246
baw,bamb1266
baz,tune1241
bbb,nucl1630
bbc,bata1289
bbd,bauu1244
bbl,bats1242
bca,cent2004
bck,buna1275
bcl,cent2087
bcm,bann1247
bco,kalu1248
bcq,benc1235
bcs,kohu1244
bcw,bana1305
bde,bade1248
bdg,bong1289
bdh,baka1274
bdk,budu1248
bdl,indo1317
bdm,budu1265
bdq,bahn1262
bds,buru1320
bdu,orok1266
bdw,baha1258
bdy,midd1357
bee,byan1241
bef,bena1264
bej,beja1238
bel,bela1254
bev,dalo1238
bew,beta1252
bfa,bari1284
bfi,brit1235
bfu,gahr1239
bgp,east2304
bgq,bagr1243
bgr,bawm1236
bgz,bang1368
bhg,bina1277
bhm,bath1244
bho,bhoj1244
bhp,bima1247
bhq,tuka1249
bhw,biak1248
bia,badi1246
bid,bidi1241
bif,biaf1240
bio,naii1241
bip,bila1255
bis,bisl1239
bjb,bang1339
bjh,bahi1254
bji,burj1242
bjr,binu1245
bjy,baya1257
bkd,binu1244
bkl,beri1254
bkq,baka1277
blb,bilu1245
blc,bell1243
ble,bala1301
bli,boli1255
bll,bilo1248
blw,bala1310
blz,bala1315
bmi,bagi1246
bmr,muin1242
bmu,buru1306
bmy,bemb1258
bnc,bont1247
bng,beng1282
bni,bang1354
bnq,bant1286
boa,bora1263
bod,tibe1272
boi,barb1263
bor,boro1282
bos,bosn1245
bot,bong1285
boz,tiey1235
bpp,kaur1271
bps,sara1326
bpu,bong1291
bqp,busa1253
bqy,beng1239
brb,lave1249
brc,berb1259
brg,baur1253
brh,brah1256
bri,mokp1239
brm,bara1361
brn,boru1252
bru,east2332
brv,west2397
brx,bodo1269
bsc,bass1258
bsh,kati1270
bsn,bara1380
bsp,baga1272
bsw,bais1246
bth,biat1246
btz,bata1292
bue,beot1247
buf,bush1247
bug,bugi1244
buh,youn1235
buo,tere1278
buu,budu1250
bvb,bube1242
bvq,birr1240
bvr,bura1267
bvs,belg1241
bvx,dibo1245
bvz,bauz1241
bwe,bwek1238
bwi,bani1255
bwr,bura1292
bwu,buli1254
bxj,bayu1240
bxm,mong1330
bya,bata1301
byn,bili1260
byr,baru1267
byw,belh1239
byx,qaqe1238
bzd,brib1243
bzf,boik1241
bzi,bisu1244
bzj,beli1260
bzq,buli1255
bzr,biri1256
bzs,braz1236
caa,chor1273
cac,chuj1250
cad,cadd1256
cag,niva1238
cal,caro1242
cam,cemu1238
can,cham1313
cap,chip1262
caq,carn1240
cas,mose1249
cav,cavi1250
cax,chiq1248
cay,cayu1261
cbc,cara1272
cbd,cari1279
cbg,chim1309
cbn,nyah1250
cbr,cash1251
cbs,cash1254
cbt,chay1248
cbu,cand1248
cbv,cacu1241
cco,coma1246
cdm,chep1245
cdo,mind1253
ceb,cebu1242
cgg,chig1238
chb,chib1270
chc,cata1286
chd,high1242
che,chec1245
chh,chin1286
chk,chuu1238
chl,cahu1264
cho,choc1276
chq,quio1240
chr,cher1273
chx,chan1310
chy,chey1247
cid,chim1301
cir,tiri1258
ciw,chip1241
cje,chru1239
cjh,uppe1439
cji,cham1309
cjm,east2563
cjo,ashe1273
cjp,cabe1245
cjs,shor1247
cjv,chua1250
ckf,kaqc1274
cks,tayo1238
cku,koas1236
cla,ronn1241
cld,chal1275
cle,leal1235
clh,chil1275
clk,idum1241
clm,clal1241
clo,lowl1260
clw,chul1246
cmi,embe1262
cng,nort2722
cnh,haka1240
cnk,khum1248
cnt,tepe1279
cob,chic1271
coc,coco1261
cod,coca1259
coe,kore1283
cof,colo1256
col,colu1241
com,coma1245
con,cofa1242
coo,como1259
cop,copt1239
cor,corn1251
cou,wame1240
coz,choc1279
cpa,pala1351
crc,lonw1238
crd,coeu1236
crg,mich1243
crh,crim1257
crk,plai1258
crn,elna1235
cro,crow1244
crs,sese1246
crt,iyoj1235
crw,chra1242
crx,carr1249
csb,kash1274
csh,asho1236
csi,coas1301
csk,jola1262
csl,chin1283
csm,cent2140
cso,soch1239
css,muts1243
csw,swam1239
csy,siyi1240
csz,coos1249
cta,tata1258
ctd,tedi1235
ctg,chit1275
ctm,chit1248
cto,embe1260
ctp,west2644
cua,cuaa1241
cub,cube1242
cuc,usil1237
cui,cuib1242
cul,culi1244
cup,cupe1243
cut,teut1235
cya,nopa1235
cyb,cayu1262
daa,dang1274
dai,dayy1236
daj,darf1239
dak,dako1258
dal,daha1245
dan,dani1285
dar,darg1241
dau,dars1235
dav,tait1250
dba,bang1363
dbj,idaa1241
dbl,dyir1250
ddj,jaru1254
ddo,dido1241
deg,dege1246
der,deor1238
des,desa1247
dgc,casi1235
dgz,daga1275
dhg,dhan1270
dhi,dhim1246
dhl,dhal1245
dhr,dhar1247
dhu,dhur1239
dhv,dehu1237
did,didi1258
dif,dier1241
dim,dime1235
dip,nort2815
diq,diml1238
dis,dima1251
div,dhiv1236
diz,ding1239
djd,djam1255
dji,djin1253
djj,djee1236
djk,ndyu1242
djm,jams1239
dju,kapr1245
dkx,maza1304
dlg,dolg1241
dma,duma1253
dmk,doma1260
dni,lowe1415
dny,deni1241
doc,nort2735
doo,dong1290
drl,darl1243
dru,ruka1240
dry,dara1250
dsb,lowe1385
dse,dutc1253
dsh,daas1238
dta,daur1238
duc,duna1248
dud,huns1239
duf,dumb1241
duj,dhuw1249
duo,dupa1235
dur,diii1241
dus,dumi1241
duu,drun1238
dyi,djim1235
dyy,dyaa1242
efi,efik1245
ega,egaa1242
eip,eipo1242
ekg,ekar1243
eko,koti1238
eky,east2342
emb,emba1238
eme,emer1243
emi,muss1246
eml,emil1243
emp,nort2972
ems,paci1278
enh,tund1254
eno,engg1245
enq,enga1252
erg,siee1239
erk,sout2856
ese,esee1248
esi,nort2943
esq,esse1238
ess,cent2128
est,
esu,cent2127
etr,edol1239
ets,yekh1238
evn,even1259
eya,eyak1241
faa,fasu1242
fap,palo1243
fcs,queb1245
fla,kali1308
foi,foii1241
for,fore1270
fos,sira1267
fqs,fass1245
frd,ford1242
frr,nort2626
frs,nort2628
fse,finn1310
fsl,fren1243
fud,east2447
fun,fuln1247
fut,futu1245
fuu,furu1242
fuv,nige1253
fvr,furr1244
fwa,fwai1237
gae,guar1293
gag,gaga1249
gah,alek1238
gax,bora1271
gay,gayo1244
gaz,west2721
gbb,kayt1238
gbc,garr1260
gbd,kara1476
gbi,gale1259
gbr,gbag1258
gbu,gaga1251
gcc,mali1284
gcd,gang1267
gcf,guad1242
gcr,guia1246
gdf,gudu1252
gdo,ghod1238
gdq,mehr1241
geb,kire1240
ged,gade1242
gey,enya1247
gfk,patp1243
ggd,guga1239
gge,gura1252
ggo,
ggw,gogo1265
ghl,ghul1238
ghs,guhu1244
gia,kitj1240
gid,gida1247
gil,gilb1244
gin,hinu1240
gio,gela1261
gis,nort3047
gkn,goka1239
gld,nana1257
glj,gula1265
glk,gila1241
glu,gula1269
glv,manx1243
gmm,gbay1281
gmo,gamo1244
gni,goon1238
gnn,guma1253
gnr,gure1255
goa,guro1248
gob,play1240
gol,gola1255
gor,goro1259
gow,goro1270
gpn,taia1239
gqa,gaan1243
grj,sout2826
gru,kist1241
gsg,germ1281
gss,gree1271
gta,guat1253
gub,guaj1255
gue,guri1247
guf,gupa1247
guh,guah1255
gui,east2555
guk,gumu1244
gum,guam1248
guo,guay1257
gup,gunw1252
guq,ache1246
guz,gusi1247
gva,guan1268
gvc,guan1269
gvf,goli1247
gvn,kuku1273
gvo,gavi1246
gvr,guru1261
gvs,guma1254
gwc,kala1373
gwd,gaww1239
gwi,gwic1235
gww,kwin1241
gxx,weso1238
gyb,garu1246
gyd,kaya1319
gym,ngab1239
gyy,guny1241
hac,gura1251
had,hata1243
hae,east2652
hal,hala1252
har,hara1271
has,hais1244
hay,haya1250
hbb,huba1236
hch,huic1243
heh,hehe1240
hei,heil1246
hem,hemb1242
her,here1253
hia,lama1288
hid,hida1246
hil,hili1240
hke,hund1239
hla,hali1244
hmr,hmar1241
hmt,hamt1247
hna,mina1276
hnh,anii1246
hni,hani1248
hnj,hmon1264
hnn,hanu1241
hoa,hoav1238
hoo,holo1240
hre,hree1244
hsb,uppe1395
hsf,huas1256
hss,hars1241
hto,mini1256
hts,hadz1240
hub,huam1247
huq,tsat1238
hur,halk1245
huu,muru1274
huv,sanm1287
hux,nupo1240
huz,hunz1247
hvn,sabu1255
hwc,hawa1247
ian,iatm1242
iba,iban1264
ibd,iwai1244
ibg,iban1267
icl,icel1236
idu,idom1241
ifb,bata1298
ifm,teke1274
iii,sich1238
ijc,izon1238
ike,east2534
ikt,west2618
ikx,ikkk1242
ilb,ilaa1246
imi,anam1248
imn,imon1245
inb,inga1252
ing,dege1248
inh,ingu1240
ins,indi1237
inz,ines1240
iow,iowa1245
iqu,iqui1243
irh,irar1238
irn,iran1263
isd,isna1241
ise,ital1275
isg,iris1235
isi,nkem1242
iso,isok1239
isr,isra1236
itl,itel1242
its,isek1239
itv,itaw1240
itz,itza1241
ivv,ivat1242
iwm,iwam1256
ixc,ixca1245
ixl,ixil1251
izh,ingr1248
jae,yabe1254
jai,jaka1246
jao,yany1243
jaq,yaqa1246
jar,jara1263
jbj,aran1237
jbt,djeo1235
jbu,juku1254
jeb,jebe1250
jeh,jehh1245
jei,yeii1239
jel,yelm1242
jet,mane1266
jhi,jeha1242
jic,toll1241
jiu,youl1235
jle,ngil1242
jmd,yamd1240
jna,jang1254
jnj,yems1235
jqr,jaqa1244
jru,japr1238
jsl,japa1238
jua,juma1249
juc,jurc1239
jup,hupd1244
jur,juru1256
jya,jiar1240
kaa,kara1467
kab,kaby1243
kac,kach1280
kah,kara1482
kam,kamb1297
kao,xaas1235
kap,bezh1248
kaq,capa1241
kay,kama1373
kaz,kaza1248
kbc,kadi1248
kbh,cams1241
kbk,gras1249
kbl,kane1243
kbq,kama1370
kbr,kafa1242
kbv,dera1245
kbx,apma1241
kcd,ngka1235
kcg,tyap1238
kck,kala1384
kcl,kela1255
kcn,nubi1253
kcr,katl1237
kct,kaia1245
kcu,kami1256
kcv,kete1252
kdd,yank1247
kde,mako1251
kdj,kara1483
kdm,kago1247
kdr,kara1464
kee,east1472
kei,keii1239
ker,kera1255
kex,kukn1238
kfk,kinn1249
kfz,koro1298
kge,kome1238
kgj,gama1251
kgk,kaiw1246
kgo,kron1241
kgp,kain1272
kgq,kamo1255
kgr,abun1252
kgs,kumb1268
kgy,kyer1238
khb,luuu1242
khd,badi1247
khe,koro1312
khg,kham1282
khv,khva1239
khw,khow1242
kia,kimm1246
kic,kick1244
kig,kima1246
kii,kits1249
kij,kili1267
kim,kara1462
kin,kiny1244
kio,kiow1266
kiw,nort2930
kiy,kiri1256
kjc,coas1295
kje,kisa1266
kjg,khmu1256
kjh,khak1248
kjj,khin1240
kjp,pwoe1235
kjq,west2632
kjs,east2516
kkh,khun1259
kki,kagu1239
kkk,koko1269
kkl,kosa1249
kkw,teke1280
kky,gugu1255
kla,klam1254
klb,kili1268
kld,gami1243
kle,kulu1253
klj,turk1303
kln,kale1246
klq,rumu1243
klr,khal1275
kls,kala1372
klu,klao1243
kmg,kate1253
kmh,kala1397
kmj,kuma1274
kmn,awtu1239
kmr,nort2641
kms,kama1367
kmt,kemt1242
kmz,khor1269
kna,dera1248
kne,kank1243
kng,koon1244
knj,west2635
knk,kura1250
knm,kana1291
knw,kung1261
kny,kany1247
koe,kaci1244
kog,cogu1240
koi,komi1269
kos,kosr1238
kot,lagw1237
koy,koyu1237
kpc,curr1243
kpg,kapi1249
kpj,kara1500
kpk,kpan1246
kpm,koho1244
kpo,ikpo1238
kpr,kora1294
kps,tehi1237
kpt,kara1474
kpw,kobo1249
kpx,moun1252
kpy,kory1246
kpz,kups1238
kqi,koit1244
kqq,kren1239
kqy,koor1239
kqz,kora1292
kre,pana1307
krk,kere1280
krl,kare1335
kry,kryt1240
ksb,sham1280
ksd,kuan1248
ksf,bafi1243
ksh,kols1241
ksi,kris1246
ksq,kwaa1269
kss,sout2778
kst,winy1241
ksx,keda1252
ktd,koka1244
ktg,kalk1246
ktn,kari1311
ktu,kitu1246
ktv,east1236
ktw,kato1244
ktz,juho1239
kue,kuma1280
kui,kuik1246
kum,kumy1244
kun,kuna1268
kuq,kari1317
kut,kute1249
kuu,uppe1438
kuy,kuuk1238
kuz,kunz1244
kva,bagv1239
kvd,kuii1253
kvg,kuni1265
kvk,kore1273
kvn,bord1248
kvo,dobe1238
kvv,kola1285
kvw,wers1238
kwa,daww1239
kwd,kwai1243
kwe,nucl1595
kwi,awac1239
kwn,kwan1273
kwo,nucl1593
kwy,sans1272
kxa,kair1263
kyc,kyak1244
kyj,kara1487
kyl,kala1400
kyq,keng1240
kys,bara1370
kyx,rapo1238
kyz,kaya1329
kzf,daak1235
kzh,kenu1236
kzi,kela1258
kzj,coas1294
kzw,kari1255
lac,laca1243
lad,ladi1251
laf,lafo1243
lag,lang1320
lam,lamb1271
lav,latv1249
law,lauj1238
laz,arib1241
lbf,tina1246
lbo,lave1248
lbt,lach1248
lbu,labu1248
lby,lamu1254
lbz,lard1243
lch,luch1239
lcm,tung1290
lea,lega1249
lec,leco1242
lef,lele1264
leg,
les,lese1243
leu,kara1486
lew,ledo1238
lex,luan1263
lez,lezg1247
lgu,long1395
lha,laha1250
lhm,lhom1239
lic,hlai1239
lif,limb1266
lij,ligu1248
lis,lisu1250
liv,livv1244
liy,band1344
ljp,lamp1243
lkr,pari1256
lld,ladi1250
llp,nort2836
llu,lauu1247
lmc,nucl1327
lme,peve1243
lml,hano1246
lmu,lame1260
lmw,lake1258
lnb,mbal1255
lnd,lund1271
lnj,leni1238
lob,lobi1245
log,logo1259
loj,louu1245
lol,mong1338
los,loni1238
loy,lowa1242
loz,lozi1239
lrc,nort2645
lrg,lara1258
lti,leti1246
ltz,luxe1241
lua,luba1249
lub,luba1250
lun,lund1266
lut,lush1252
luy,
lvk,lavu1241
lwo,luwo1239
lww,lewo1242
lzz,lazz1240
mad,nucl1460
mag,maga1260
mak,maka1311
mau,huau1238
mbb,west2555
mbc,macu1259
mbe,mola1238
mbj,nade1244
mbl,maxa1247
mbn,maca1259
mbp,mala1522
mbq,mais1250
mbr,nuka1242
mbt,mati1250
mbw,mari1435
mca,maca1260
mcb,mach1267
mcd,shar1245
mcf,mats1244
mcg,mapo1246
mch,maqu1238
mcm,mala1533
mcn,masa1322
mco,coat1238
mcr,meny1245
mcs,mamb1294
mda,mada1282
mdd,mbum1254
mde,maba1277
mdf,moks1248
mdh,magu1243
mdi,mamv1243
mdm,mayo1261
mdq,mbol1247
mdr,mand1442
mdt,mber1257
mdw,mbos1242
mdx,dizi1235
mdy,male1284
mec,mara1385
mei,mido1240
mej,meya1236
mek,meke1243
mel,cent2101
mep,miri1266
meu,motu1246
mev,mann1248
mey,hass1238
mez,meno1252
mfc,mbaa1245
mfe,mori1278
mfi,wand1278
mfr,mari1424
mfv,mand1419
mfy,mayo1264
mgd,moru1253
mge,mang1398
mgf,makl1246
mgh,makh1261
mgl,male1289
mgp,east2352
mgr,mamb1296
mgu,mail1248
mgw,matu1259
mhd,mbug1240
mhe,besi1244
mhj,mogh1245
mhk,mung1266
mhq,mand1446
mhs,buru1303
mhu,diga1241
mhv,arak1256
mhx,maru1249
mhy,maan1238
mhz,morm1235
mia,miam1252
mib,atat1238
mic,mikm1235
mid,nucl1706
mie,ocot1243
mih,chay1249
mik,mika1239
mil,peno1244
mim,alac1244
min,mina1268
mio,pino1237
miq,misk1235
miy,ayut1236
miz,coat1241
mjc,sanj1281
mjd,nort2951
mjg,huzh1238
mji,kimm1245
mjk,matu1261
mkd,mace1250
mke,mawc1242
mkj,moki1238
mks,sila1250
mky,east2440
mkz,maka1316
mla,malo1243
mle,mana1298
mlm,mula1253
mlp,barg1252
mlu,toab1237
mlv,motl1237
mme,maee1241
mmn,mama1275
mms,mams1234
mmy,miga1249
mna,mbul1263
mnb,muna1247
mnc,manc1252
mng,east2333
mnk,mand1436
mnr,mono1275
mns,mans1258
mnv,renn1242
mnw,monn1252
mnx,mani1235
mnz,moni1261
moc,moco1246
moe,mont1268
mof,mohe1244
mog,mong1342
moh,moha1258
moj,monz1249
mok,moro1289
mop,mopa1243
mor,moro1285
mot,bari1297
mov,moha1256
moy,shek1244
moz,muku1242
mpb,mull1237
mpc,mang1381
mpe,maja1242
mpj,mart1256
mpk,mbar1260
mpm,yoso1239
mpq,mati1255
mps,dadi1250
mpt,mian1256
mqf,momu1241
mqj,mama1276
mqs,west2600
mqy,mang1405
mra,mlab1235
mrc,mari1440
mrd,west2418
mrf,else1239
mrh,mara1382
mrj,west2392
mrn,chek1238
mrq,nort2845
mrw,mara1404
mrz,nucl1622
msj,made1252
mso,nucl1452
msu,muso1238
msy,arua1260
mte,mono1273
mtf,muri1260
mtg,unaa1239
mtk,mbee1250
mto,toto1305
mtq,muon1246
mua,mund1325
mug,musg1254
mus,cree1270
muz,murs1242
mva,mana1295
mvb,matt1238
mvc,mamc1234
mvf,peri1253
mvn,mina1269
mwd,
mwe,mwer1248
mwf,murr1258
mwp,kala1377
mwv,ment1249
mww,hmon1333
mxe,mele1250
mxk,nucl1458
mxp,tlah1239
mxt,jami1235
mxx,maho1249
myb,mbay1241
mye,myen1241
myh,maka1318
mym,meen1242
myp,pira1253
myu,mund1330
myv,erzy1239
myw,muyu1244
myy,macu1260
mzb,tumz1238
mzh,wich1264
mzm,nucl1240
mzn,maza1291
mzp,movi1243
nab,sout2994
nad,nija1242
naf,naba1256
nag,naga1394
nak,naka1262
nal,nali1244
nam,nang1259
nau,naur1243
nay,narr1259
nbc,chan1313
nbf,naxi1246
nbj,ngar1235
nbl,sout3270
nbm,ngba1284
nbw,sout2784
nbx,ngur1261
nce,yale1246
ncg,nisg1240
ncj,nort2957
nck,naka1260
ncl,mich1245
ncz,natc1249
ndi,samb1305
ndo,ndon1254
nds,nort2627
ndt,ndun1249
ndz,ndog1248
nee,kuma1276
neg,negi1245
nen,neng1238
new,newa1246
ney,neyo1238
nfl,ayiw1239
ngc,ngom1268
nge,ngem1255
ngi,ngiz1242
ngk,ngal1292
ngo,
ngu,guer1241
nhg,tete1251
nhn,cent2132
nhp,isth1241
nhr,naro1249
nhu,noon1243
nhw,west2624
nhx,isth1242
nia,nias1242
nid,ngan1295
nie,niel1243
nig,ngal1293
nih,nyih1240
nij,ngaj1237
nio,ngan1291
nir,nucl1633
niy,ngit1239
niz,ning1273
njb,noct1238
nju,ngad1258
nkf,inpu1234
nko,nkon1248
nkr,nuku1260
nlg,gela1263
nll,niha1238
nlr,ngar1286
nly,nyam1271
nmb,bign1238
nmd,ndum1239
nmg,kwas1243
nmm,mana1288
nmn,huaa1248
nni,nort2867
nnk,nank1250
nnm,nami1256
nnt,nant1249
noa,woun1238
nog,noga1249
not,noma1263
now,nyam1277
npa,narp1239
npy,napu1241
nrb,nara1262
nrl,ngar1287
nrm,naro1251
nrz,lala1268
nse,nsen1242
nsk,nask1242
nsl,norw1255
nsn,neha1247
nso,pedi1238
nsq,nort2968
nsz,nise1244
ntj,ngaa1240
ntm,nate1242
nto,ntom1248
ntp,nort2959
nuf,nusu1239
num,niua1240
nun,nung1282
nus,nuer1246
nut,nung1283
nux,mehe1243
nwi,sout2869
nxg,ngad1261
nxn,ngaw1240
nyh,nyig1240
nyi,amas1236
nyj,nyan1304
nym,nyam1276
nyo,nyor1246
nyp,nyan1313
nys,nyun1247
nyt,nyaw1247
nyv,nyul1247
nzk,nzak1247
nzm,zeme1240
nzs,newz1236
oaa,orok1265
oac,oroc1248
ocu,atzi1235
ogb,ogbi1239
ogo,khan1278
ogu,ogbr1243
ojs,seve1240
ojv,onto1237
oka,okan1243
oku,okuu1243
okv,orok1269
old,moch1256
oma,omah1247
omb,east2443
omg,omag1248
ona,onaa1245
ong,oloo1241
ono,onon1246
ons,onoo1246
oon,onge1236
opm,oksa1245
opt,opat1246
ore,orej1242
oro,orok1267
ort,adiv1239
oru,ormu1247
osa,osag1243
otm,east2556
otq,quer1236
otr,otor1240
otz,ixte1237
oua,taga1278
owi,owin1240
oyb,oyyy1238
oym,waya1270
pab,pare1272
pac,paco1243
pad,paum1247
pag,pang1290
pam,pamp1243
pao,nort2954
pap,papi1253
par,pana1305
pau,pala1344
pav,wari1268
paw,pawn1254
pay,pech1241
pbe,mezo1235
pbf,coyo1236
pbh,enap1235
pbr,pang1287
pbs,cent2145
pcm,nige1257
pdo,pado1242
peb,east2545
peh,bona1250
pei,chic1272
pej,nort2966
pgu,pagu1249
pia,pima1248
pib,yine1238
pid,piar1243
pif,ping1243
pim,powh1243
pio,piap1246
pip,pero1241
pir,pira1254
pit,pitt1247
piu,pint1250
piv,pile1238
pjt,pitj1243
pkn,paka1251
pko,poko1263
pks,paki1242
plg,pila1245
plh,paul1238
plo,olut1240
plu,pali1279
pma,paam1238
pmf,pamo1252
pmi,nort2723
pms,piem1238
pmt,tuam1242
pmw,plai1259
png,pong1250
pnw,pany1241
poa,poqo1257
pob,poqo1256
poc,poqo1253
poe,sanj1285
poi,high1276
pon,pohn1238
poo,cent2138
pos,sayu1241
pot,pota1247
pov,uppe1455
pox,pola1255
poy,pogo1243
ppk,umaa1242
ppl,pipi1250
ppo,folo1238
pqa,paaa1242
pqm,male1292
pre,prin1242
prk,para1301
prn,pras1239
prs,dari1249
prx,puri1258
psa,asue1235
psd,plai1235
psr,port1277
pss,kaul1240
psw,port1285
ptp,pate1247
ptu,bamb1270
pue,puel1244
pui,puin1248
puo,puoc1238
puw,pulu1242
pwa,pawa1255
pwg,gapa1238
pwn,paiw1248
pww,pwon1235
pym,fyam1238
qug,chim1302
qui,quil1240
qum,sipa1247
quy,ayac1239
quz,cusc1236
qvc,caja1238
qvh,huam1248
qvn,nort2980
qxa,chiq1249
rab,caml1239
rad,rade1240
ral,ralt1242
ram,cane1242
ran,rian1263
rao,raoo1244
rap,rapa1244
ras,tega1236
raw,rawa1265
rbb,ruma1248
rej,reja1240
ren,reng1252
rgr,resi1247
rim,nyat1246
rit,rita1239
rji,raji1240
rkb,rikb1245
rma,rama1270
rmb,remb1249
rml,balt1257
rmn,balk1252
rmo,sint1235
rmt,doma1258
rmw,wels1246
rmy,vlax1238
rng,rong1268
rnp,rong1264
rog,nort2994
roh,roma1326
roo,roto1249
rop,krio1252
rou,rung1258
rro,waim1251
rsl,russ1255
rth,rata1244
rtm,rotu1241
rug,rovi1238
run,rund1242
rut,rutu1240
rwa,rawo1244
rwo,rawa1267
sab,bugl1243
sac,mesk1242
saj,sahu1245
sbc,kele1258
sbe,sali1295
sbf,shab1252
sbs,subi1246
sbu,stod1241
sce,dong1285
scs,nort2942
sda,tora1261
sdg,savi1242
sdm,sema1269
sdo,buka1257
sdp,sher1257
sea,sema1266
sef,ceba1235
seh,nucl1396
sei,seri1257
sel,selk1253
sen,nane1238
ser,serr1255
sey,seco1241
sgh,shug1248
sgl,sang1343
sgw,seba1251
sgz,surs1246
shb,nina1238
shg,shua1254
shh,shos1248
shi,tach1250
shj,shat1244
shk,shil1265
shm,shah1254
shp,ship1254
shs,shus1248
sht,shas1239
shu,chad1249
shv,sheh1240
shy,tach1249
sid,sida1246
sif,siam1242
sip,sikk1242
sis,sius1254
siw,siwa1245
siz,siwi1239
sja,epen1239
sjd,kild1236
sjg,assa1269
sjr,siar1238
sjw,shaw1249
skb,saek1240
skd,sout2985
skf,saki1248
skh,siku1242
ski,sika1262
skj,seke1240
sku,saka1289
slc,sali1298
slh,sout2965
slk,slov1269
sll,salt1242
sln,sali1253
slp,lama1277
slr,sala1264
slu,sela1259
sly,sela1260
slz,maya1282
sma,sout2674
sme,nort2671
smq,samo1303
smr,sime1241
sna,shon1251
snc,sina1266
snf,noon1242
snn,sion1247
snp,sian1257
snq,sang1333
sob,sobe1238
sop,song1303
sot,sout2807
sov,sons1242
spo,spok1245
spp,supy1237
sps,sapo1253
spu,sapu1248
sqt,soqo1240
sri,siri1274
srl,isir1237
srn,sran1240
sro,camp1261
srs,sars1236
ssb,sout2918
ssd,siro1249
sse,bala1311
ssf,thao1240
ssn,waat1238
ssp,span1263
sst,sina1271
ssw,swat1243
ssy,saho1246
stc,natu1249
sto,ston1242
stp,sout2976
stt,bude1236
sua,sulk1246
sub,suku1259
sue,suen1241
sui,suki1245
suk,suku1261
sum,sumu1234
suq,suri1267
suv,sulu1241
sva,svan1243
svs,savo1255
swb,maor1244
swi,suii1243
swl,swed1236
swt,sawi1256
swv,shek1243
sxn,sang1336
sza,seme1247
szg,seng1278
szp,suab1238
szw,sawa1247
taa,lowe1425
tab,taba1259
tac,lowl1265
tae,tari1256
tah,tahi1242
tan,nucl1696
tao,yami1254
tap,taab1238
tar,cent2131
tat,tata1255
tav,tatu1247
tba,aika1237
tbc,taki1248
tbd,kaki1249
tbg,nort2920
tbh,thur1254
tbi,gaam1241
tbl,tbol1240
tbo,tawa1275
tbu,tuba1279
tbw,tagb1258
tby,taba1263
tcb,tana1290
tcc,dato1239
tcf,mali1285
tcg,tama1336
tcs,torr1261
tdh,thul1246
tdn,tond1251
tds,dout1240
tea,temi1246
tee,hueh1236
teh,tehu1242
teo,teso1249
tep,tepe1278
teq,nucl1339
ter,tere1279
tet,tetu1245
teu,sooo1256
tex,tenn1246
tfn,tana1289
tfr,teri1250
tft,tern1247
tgc,tiga1245
tge,east2346
tgg,tang1348
tgk,taji1245
tgo,sude1239
thd,thay1249
thf,than1259
thp,thom1243
ths,thak1245
thv,taha1241
tif,tifa1245
tih,timu1262
til,till1254
tin,tind1238
tio,teop1238
tir,tigr1271
tiv,tivv1240
tiw,tiwi1244
tiy,tiru1241
tjm,timu1245
tkl,toke1240
tkm,take1257
tkr,tsak1249
tks,take1255
tkw,tean1237
tlb,tobe1252
tlc,yecu1235
tld,tala1285
tlj,tali1258
tll,tete1250
tlo,talo1250
tly,taly1247
tma,tama1331
tmc,tuma1260
tmd,haru1245
tmq,tuml1238
tms,tima1241
tmu,iauu1242
tna,taca1256
tnc,tani1257
tnd,ango1257
tnk,kwam1252
tnl,lena1238
tnm,tabl1243
tnt,tont1239
tob,toba1269
toi,tong1318
toj,tojo1241
too,xico1235
tos,high1243
tow,jeme1245
tpj,tapi1253
tpm,tamp1252
tpq,tukp1239
tpt,tlac1235
tpy,trum1247
tqo,toar1246
tqw,tonk1249
trg,lish1246
tri,trio1238
tro,tara1313
trr,taus1253
trs,chic1273
trv,taro1264
trw,torw1241
tsg,taus1251
tsi,nucl1649
tsj,tsha1245
tsm,turk1288
tsn,tswa1253
tso,tson1249
tsq,thai1240
tss,taiw1241
tsu,tsou1248
tsv,tsog1243
tta,tute1247
ttc,tekt1235
tti,toba1266
ttm,nort2941
ttr,tera1251
ttt,musl1236
tty,sika1263
tub,tuba1278
tue,tuyu1244
tuh,taul1251
tui,tupu1244
tuk,turk1304
tuo,tuca1252
tus,tusc1257
tuv,turk1308
tvk,sout2859
tvl,tuva1244
tvo,tido1248
tvt,tuts1235
twa,twan1247
twf,nort1550
twu,term1237
txn,west2538
txu,kaya1330
txx,tata1257
tya,tauy1241
typ,thay1248
tza,tanz1238
tzb,tzel1255
tzc,tzot1262
tzm,cent2194
tzn,tugu1245
tzs,tzot1260
tzt,tzut1249
tzz,tzot1264
ubu,umbu1258
uby,ubyk1235
ude,udih1248
udi,udii1243
udl,wuzl1236
ugn,ugan1238
uks,urub1243
ulc,ulch1241
uli,ulit1238
ulk,meri1244
uma,umat1237
umb,umbu1257
ump,umpi1239
umu,muns1251
ung,ngar1284
unp,west2435
upv,urip1239
ura,urar1246
urb,urub1250
ure,uruu1244
urf,urad1239
urh,urho1239
uri,urim1252
urk,urak1238
urt,urat1244
ury,orya1242
usa,usar1243
ute,utes1238
uum,urum1249
uur,urav1235
uwa,kuku1280
uzn,nort2690
vaf,vafs1240
vai,vaii1241
vam,vani1248
van,valm1241
var,huar1255
vas,vasa1239
vay,wayu1241
ved,vedd1240
ven,vend1245
vep,veps1250
vif,vili1238
viv,idun1242
vka,kari1304
vkt,teng1267
vma,mart1255
vnm,vinm1237
vot,voti1245
waa,wall1238
wac,wasc1239
wal,wola1242
wam,wamp1249
wao,wapp1239
waq,wage1238
war,wara1300
was,wash1253
wau,waur1244
waw,waiw1244
wax,wata1253
way,waya1269
wba,wara1303
wbj,alag1248
wbk,waig1243
wbl,wakh1245
wbt,wanm1242
wbv,waja1257
wca,yano1262
wdj,wadj1254
wed,weda1241
wem,weme1239
wep,west2356
wer,weri1253
wgg,wang1290
wgy,warr1255
whg,nort2921
wib,sout2797
wig,wikn1245
win,hoch1243
wit,wint1259
wiv,mudu1242
wiw,wira1260
wiy,wiyo1248
wkw,waka1274
wlg,kunb1251
wlo,woli1241
wls,wall1257
wmb,wamb1258
wme,wamb1257
wms,wamb1259
wmt,walm1241
wnc,want1252
wnd,wand1263
wng,wang1299
wnu,usan1239
woa,tyar1236
woe,wole1240
wog,woga1249
woi,kama1365
wos,hang1263
wra,
wrb,warl1256
wrg,waru1264
wrm,waru1265
wrp,waro1242
wrr,ward1246
wrs,wari1266
wrz,wara1290
wsa,ware1253
wsk,wask1241
wti,bert1248
wwr,warr1258
wya,wyan1247
wyb,wang1291
wyy,west2519
xac,kach1279
xal,kalm1243
xam,xamm1241
xas,kama1351
xav,xava1240
xaw,kawa1283
xbi,komb1272
xbr,kamb1299
xch,chim1310
xcm,come1251
xcw,coah1252
xed,hdii1240
xer,xere1240
xho,xhos1239
xki,keny1241
xkp,kaba1276
xmf,ming1252
xmm,mala1481
xmu,kamu1258
xns,kana1283
xok,xokl1240
xom,komo1258
xra,krah1246
xsi,sioo1240
xsl,sout2959
xsr,sher1255
xsu,sanu1240
xte,kete1254
xub,bett1235
xuo,kuoo1238
xuu,kxoe1243
xwg,kweg1241
xxk,keoo1238
yaa,yami1256
yad,yagu1244
yae,pume1238
yag,yama1264
yah,yazg1240
yai,yagn1238
yao,yaoo1241
yap,yape1248
yaq,yaqu1251
ybe,west2402
ybi,yamp1242
ycn,yucu1253
ydd,east2295
yee,yima1243
yey,yeyi1239
ygr,yaga1260
yia,ying1247
yih,west2361
yii,yidi1250
yij,yind1247
yiy,yiry1245
yka,yaka1277
ykg,nort2745
yky,yako1252
yle,yele1255
yli,angg1239
yll,yill1241
ylr,yala1262
yly,nyal1254
ynd,yand1253
ynk,nauk1242
ynn,yana1271
yns,yans1239
yok,yoku1256
yon,yong1280
yrb,yare1248
ysr,sire1246
yss,yess1239
yua,yuca1254
yuf,hava1248
yui,yuru1263
yuj,kark1258
yuk,yuki1243
yul,yulu1243
yum,quec1382
yup,yukp1241
yur,yuro1248
yuu,yugh1240
yuy,east2337
yuz,yura1255
ywr,yawu1244
ywt,xish1235
zaa,sier1250
zab,sanj1284
zag,zagh1240
zai,isth1244
zav,yatz1235
zaw,mitl1236
zay,zays1235
zea,zeeu1238
zen,zena1248
zga,nucl1379
zgb,guib1245
zik,zima1244
zkk,kara1289
zlm,mala1479
zmc,marg1253
zmi,nege1240
zml,madn1237
zmq,mitu1240
zmt,mari1419
zmu,muru1266
zoh,chim1300
zor,rayo1235
zos,fran1266
zpd,sout3005
zpi,sant1451
zpm,mixt1426
zpq,zoog1238
zpz,texm1235
zro,zapa1253
zrs,nucl1594
azj,nort2697
cqd,chua1256
hus,huas1242
jac,popt1235
kjd,sout2949
moq,morb1239
taj,east2347
tpx,acat1239
vmb,mbab1239
wgi,nucl1620
aap,para1310
adc,
adw,amun1246
ako,akur1238
anb,ando1255
api,apia1248
aqz,akun1241
ark,arik1265
ash,abis1238
asn,xing1248
atr,waim1253
avv,avac1239
awe,awet1244
awt,araw1273
axg,mato1253
bdc,embe1259
caw,call1235
cbb,cabi1241
ccc,cham1318
ceg,cham1315
cht,chol1284
cot,caqu1242
cox,nant1250
cpb,ucay1237
cpc,ajyi1238
cpu,pich1237
crq,iyow1239
gny,
gqn,guan1270
gun,mbya1239
guu,yano1261
gvj,guaj1256
gvp,para1315
gyr,guar1292
inj,jung1240
inp,inap1242
kav,nucl1668
kbb,kaxu1237
knt,pano1254
ktx,kaxa1239
kxo,kano1245
kyr,kuru1309
ltn,latu1238
lul,olub1238
mav,sate1243
mmh,mehi1240
mpd,mach1268
mpu,maku1278
mtp,wich1262
mts,yora1241
myr,muni1258
nhd,chir1286
noj,nonu1241
nuc,nuku1263
omc,moch1259
opy,ofay1240
orw,orow1243
pah,tenh1241
pak,para1312
pbg,para1316
pcp,paca1246
pev,pemo1245
pno,pano1255
prq,ashe1272
prr,puri1262
psx,
pta,pait1247
pto,zoee1240
pyn,poya1241
qpt,
qub,hual1241
quf,lamb1276
quk,chac1250
qul,nort2976
qus,sant1432
quw,tena1240
qvo,napo1242
qvs,sanm1289
qwa,coro1247
qxl,sala1272
qxn,nort2979
qxw,jauj1238
rey,reye1240
sae,saba1268
sha,shal1242
sru,suru1262
suy,suya1243
swx,suru1263
sya,sian1254
taf,tapi1254
tit,tini1245
tpn,tupi1273
tpr,tupa1250
tqb,temb1276
trn,trin1274
tuf,cent2150
txi,ikpe1245
umo,umot1240
unk,enaw1238
urz,urue1240
vil,vile1241
xet,xeta1241
xir,xiri1243
xiy,xipa1240
xor,koru1247
xri,krik1239
xwa,kwaz1243
yab,yuhu1238
yar,yaba1248
yau,yuwa1244
yaw,yawa1261
yme,yame1242
yrl,nhen1239
yrm,dang1262
yuq,yuqu1240
yvt,yavi1244
ywn,yawa1260
zkp,saop1235
aab,alum1246
aac,arii1243
aad,amal1242
aae,arbe1236
aaf,aran1261
aag,ambr1239
aah,abua1245
aai,arif1239
aak,anka1246
aan,anam1249
aao,alge1240
aaq,east2544
aas,aasa1238
aat,arva1236
aaw,solo1258
aax,mand1444
aaz,amar1273
aba,abee1242
abc,amba1267
abd,cama1250
abf,abai1240
abg,abag1245
abh,taji1248
abl,lamp1242
abm,aban1242
abn,abua1244
abo,abon1238
abp,aben1249
abr,abro1238
abs,ambo1250
abu,abur1243
abw,pall1244
abx,inab1237
aby,anem1248
acb,anca1236
acd,giky1238
acf,sain1246
ack,akak1251
acl,akar1243
acp,east2403
acq,taiz1242
acs,acro1239
act,acht1238
acx,oman1239
acz,ache1245
add,dzod1238
ade,adel1244
adf,dhof1235
adg,ande1247
adh,adho1243
ado,abuu1241
adq,adan1248
adr,adon1237
aea,areb1238
aec,said1239
aee,nort2666
aek,haek1239
ael,ambe1247
aem,arem1240
aen,arme1259
aeq,aerr1238
aeu,akeu1235
aew,amba1269
aez,aeka1244
afd,anda1283
afe,putu1241
afg,afgh1239
afi,akru1241
afk,nanu1240
afo,eloy1241
afp,tape1242
afs,afro1254
aft,afit1238
afu,awut1241
aga,agua1251
agc,agat1236
age,anga1293
agf,argu1237
agi,agar1251
agj,argo1244
agk,isar1235
agl,femb1238
ago,tain1253
agp,para1320
ags,esim1238
agv,remo1247
agw,kahu1241
agy,sout2905
agz,mtir1235
aha,ahan1243
ahb,axam1237
ahi,tiag1235
ahm,mobu1235
ahn,ahan1244
aho,ahom1240
ahs,ashe1269
aic,ainb1238
aid,alng1239
aif,agii1245
aig,anti1245
aih,aich1238
aik,akee1238
ail,aime1238
aim,aimo1244
aio,aito1238
aip,buru1307
aiq,aima1241
air,airo1242
ais,nata1254
ait,arik1264
aix,aigh1235
aiy,alii1240
ajt,jude1263
aju,jude1265
ajw,ajaw1236
ajz,amri1238
akb,bata1290
akd,ukpe1249
akf,akpa1238
akg,anak1240
akh,anga1292
aki,aiom1240
akj,akaj1239
akk,akka1240
akm,akab1248
akp,siwu1238
akq,akkk1240
aks,akas1242
akt,akol1237
aku,akum1238
akw,akwa1248
aky,akak1253
ala,alag1242
alf,aleg1238
ali,amai1246
alj,alan1249
alk,alak1253
all,alla1247
alm,ambl1237
aln,gheg1238
alw,alab1254
alx,amol1235
alz,alur1250
ama,aman1266
amb,ambo1249
amg,amar1271
amj,amda1238
aml,warj1242
amq,amah1245
ams,sout2954
amt,amto1250
amv,ambe1248
amw,west2763
amx,anma1239
amz,atam1239
ana,anda1286
and,ansu1237
anf,anim1239
ang,olde1238
anj,anor1241
anl,anuu1241
anm,anal1239
anp,angi1238
anr,andh1242
ans,anse1238
anv,deny1238
anw,anaa1238
anx,andr1248
aob,abom1238
aod,anda1284
aoe,anga1294
aof,brag1240
aog,ango1255
aoh,arma1244
aok,arho1237
aol,alor1247
aon,bumb1241
aor,aore1237
aos,taik1255
aot,aton1241
aou,aoua1234
aox,ator1244
apf,agta1234
apg,ampa1239
apk,kiow1264
apl,lipa1241
apo,apal1255
app,apma1240
aps,arop1242
apv,alap1235
apx,aput1237
aqd,ampa1238
aqg,arig1246
aqm,atoh1238
aqn,nort2875
aqr,arha1237
arg,arag1245
arj,arap1275
arq,alge1239
ars,najd1235
aru,arua1263
arx,arua1261
asb,assi1247
asc,casu1237
asd,asas1240
asg,cish1238
asi,buru1308
asj,nsar1238
ask,ashk1246
asl,asil1242
aso,dano1240
asp,alge1235
asq,aust1252
asr,asur1254
ass,ipul1238
asv,asoa1238
asw,aust1253
asx,mura1271
asy,yaos1235
asz,asss1237
ata,pele1245
atb,zaiw1241
atc,atsa1242
atd,atam1240
ate,atem1241
atg,ivbi1241
ati,atti1239
atk,atii1237
atl,mtir1236
atm,ataa1240
atn,asht1244
ato,aton1242
atp,pudt1235
ats,gros1243
att,pamp1244
atu,reel1238
atv,nort2686
atx,arut1244
atz,arta1239
aua,asum1237
aub,alug1235
aud,anut1237
aue,kxau1241
aug,agun1238
auh,aush1241
aui,anuk1239
auj,awji1241
auk,heyo1240
aum,asun1235
auo,auyo1240
aup,maka1315
auq,anus1237
aur,arue1240
aut,aust1304
auu,auye1238
aux,aura1243
auz,uzbe1248
avb,avau1237
avd,alvi1241
ave,aves1237
avk,kota1280
avl,east2690
avo,agav1236
avs,aush1242
awc,cici1237
awg,angu1242
awh,awbo1238
awk,awab1243
awm,araw1272
awo,awak1250
awr,awer1241
aws,sout2941
awu,cent2118
awv,jair1235
aww,awun1245
awx,awar1248
awy,eder1237
axl,lowe1436
axx,xara1243
aya,awar1249
ayb,ayiz1245
ayc,sout2996
ayd,ayab1239
aye,ayer1245
ayg,giny1241
ayh,hadr1236
ayi,leyi1238
ayk,akuk1235
ayp,nort3142
ayq,ayip1235
ays,sors1239
ayt,bata1297
ayu,ayuu1242
ayy,taya1256
aza,azha1235
azd,east2695
azg,sanp1260
azm,ipal1235
azn,west2778
azo,awin1248
azt,fair1238
bab,bain1259
bac,badu1237
baf,nuba1241
bah,baha1260
baj,bara1367
bap,bant1281
bau,bada1258
bay,batu1258
bbe,bang1345
bbf,baib1251
bbg,bara1362
bbh,buga1247
bbi,baro1252
bbm,baba1263
bbn,unea1237
bbp,west2458
bbq,bama1251
bbr,gira1247
bbs,bakp1238
bbt,mbur1239
bbu,kulu1255
bbv,karn1252
bbw,baba1264
bby,befa1241
bbz,baba1273
bcc,sout2642
bcd,nort2860
bce,bame1260
bcf,bamu1257
bch,bari1286
bcn,bali1245
bcp,bali1274
bcr,babi1235
bct,bend1260
bcu,awad1244
bcv,shoo1247
bcy,baca1246
bcz,bain1261
bda,bayo1255
bdb,basa1286
bdd,buna1276
bdi,buru1301
bdj,baii1251
bdn,bald1241
bdo,moro1281
bdp,bend1258
bdt,boko1261
bdv,bodo1266
bdx,budo1241
bdz,bade1240
bea,beav1236
beb,bebe1248
bec,icev1238
bed,bedo1237
beg,bela1260
bei,beka1241
bek,bebe1252
bem,bemb1257
beo,beam1240
bep,beso1237
bes,besm1235
bet,guib1246
beu,blag1240
bey,beli1258
bez,bena1262
bfb,paur1238
bfc,nort2724
bfe,beta1253
bff,bofi1238
bfg,busa1255
bfh,blaf1238
bfj,bafa1249
bfk,bank1251
bfm,mmen1238
bfn,buna1278
bfo,malb1235
bfp,beba1238
bfr,bazi1237
bfs,sout2730
bfx,bant1293
bfy,bagh1251
bfz,maha1287
bga,gwam1244
bgb,bobo1255
bgc,hary1238
bgd,rath1242
bge,baur1251
bgf,bang1347
bgg,bugu1246
bgi,gian1241
bgj,bang1356
bgk,bitt1240
bgl,bola1249
bgm,baga1276
bgn,west2368
bgo,baga1273
bgs,taga1272
bgt,bugh1239
bgu,mbon1253
bgv,wark1247
bgw,bhat1265
bgx,balk1254
bgy,beng1287
bha,bhar1241
bhc,biga1238
bhd,bhad1241
bhe,bhay1238
bhf,odia1239
bhh,bukh1238
bhi,bhil1253
bhj,bahi1252
bhk,alba1269
bhl,bimi1240
bhn,boht1238
bhr,bara1369
bhs,buwa1243
bht,bhat1263
bhu,bhun1242
bhv,baha1257
bhz,bada1261
bie,bepo1240
big,bian1252
bij,
bil,bile1244
biq,bipi1237
bir,biso1243
bit,beri1253
biu,biet1238
biv,sout2790
biw,kolc1235
bix,bijo1238
biy,birh1242
biz,balo1261
bja,budz1238
bjc,bari1290
bje,biao1254
bjf,barz1241
bjg,bidy1244
bjj,kana1281
bjk,baro1253
bjl,bulu1253
bjm,baje1238
bjn,banj1239
bjo,mids1243
bjs,baja1265
bjt,bala1302
bju,busu1244
bjv,bedj1245
bjw,bakw1243
bjx,bana1288
bjz,baru1269
bka,kyak1243
bkb,fina1242
bkf,beek1238
bkg,bura1269
bkh,bako1249
bki,baki1244
bkj,pand1264
bkn,buki1248
bko,kwaa1265
bkp,boko1263
bkr,baku1263
bks,masb1237
bkt,bolo1262
bku,buhi1245
bkw,bekw1242
bkx,baik1238
bky,boky1238
bkz,bung1269
bld,bola1252
blf,buol1237
blh,kuwa1247
blj,bolo1268
blk,paok1235
blm,beli1257
bln,sout2912
blo,anii1245
blp,blab1237
blq,balu1257
blr,blan1242
bls,bala1314
blt,taid1247
blv,bolo1261
blx,magi1241
bly,notr1240
bma,lame1257
bmb,bemb1255
bmc,biem1237
bmd,baga1270
bme,lima1246
bmf,bomk1234
bmg,bamw1238
bmh,kein1239
bmj,bote1238
bmk,ghay1237
bml,bomb1261
bmm,nort2890
bmn,bina1271
bmo,bamb1265
bmp,bulg1265
bmq,bomu1247
bms,bilm1238
bmt,biao1256
bmv,bumm1238
bmw,bomw1238
bmx,baim1245
bmz,bara1378
bna,bone1254
bnb,book1241
bnd,band1355
bne,bint1245
bnf,masi1266
bnj,east2482
bnk,bier1244
bnl,boon1242
bnm,bata1285
bno,bant1288
bnp,bola1250
bnr,butm1237
bnu,bent1237
bnv,bone1255
bnw,bisi1244
bnx,bang1350
bny,bint1246
bnz,beez1238
bob,awee1242
boe,mund1328
bof,bolo1266
bog,bama1249
boh,boma1246
boj,anja1238
bok,bonj1234
bon,bine1240
boo,tiem1235
bop,bonk1244
boq,boga1247
bou,bond1247
bov,tuwu1238
bow,rema1238
box,buam1238
boy,bodo1272
bpa,daka1243
bpb,barb1242
bpd,band1343
bpg,bong1287
bph,botl1242
bpi,bagu1252
bpj,binj1249
bpk,orow1242
bpl,broo1238
bpm,biyo1244
bpn,dzao1238
bpq,band1353
bpr,koro1310
bpt,barr1247
bpv,bian1251
bpw,bopa1235
bpx,paly1238
bpy,bish1244
bpz,bilb1242
bqa,tchu1241
bqb,bagu1251
bqd,bung1259
bqg,bago1245
bqh,baim1244
bqi,bakh1245
bqk,band1342
bql,bila1257
bqm,wumb1241
bqn,bulg1240
bqo,balo1264
bqq,biri1259
bqr,buru1304
bqs,bosn1248
bqt,bamu1254
bqu,bogu1241
bqv,begb1241
bqw,buru1299
bqz,baka1273
bra,braj1242
brd,bara1357
brf,bera1259
brj,bier1246
brk,birk1242
brl,birw1238
bro,brok1249
brp,bara1375
brq,brer1240
brr,bira1254
brs,bara1371
brt,bita1251
brw,bell1261
bry,buru1309
brz,bilb1241
bsa,abin1243
bsb,brun1245
bse,wush1238
bsf,bauc1238
bsg,bash1263
bsi,bass1260
bsj,bang1348
bsl,basa1280
bsm,busa1254
bsr,bass1259
bst,bask1236
bsu,baho1237
bsx,yang1290
bsy,saba1267
bta,bata1314
btc,bati1251
btd,bata1294
bte,gamo1241
btf,birg1239
bti,bura1276
btj,baca1243
btl,bhat1237
btm,bata1291
btn,rata1245
bto,irig1242
btp,budi1249
btq,bate1262
btr,baet1237
bts,bata1288
btt,bete1262
btu,batu1255
btv,bate1261
btw,butu1244
bty,bobo1254
bub,buaa1245
buc,bush1250
bui,bong1284
buj,basa1281
buk,buga1250
bun,sher1258
bup,buso1238
buq,brem1238
bus,boko1267
but,bung1270
buv,bunn1240
buw,bubi1250
bux,bogh1241
buy,bull1247
buz,bukw1238
bva,bare1279
bvc,bael1237
bvd,baeg1237
bve,bera1262
bvf,boor1242
bvg,bonk1243
bvh,bure1242
bvi,bela1255
bvj,baan1241
bvk,buka1261
bvl,boli1236
bvm,bamu1256
bvn,buna1277
bvo,bolg1251
bvt,bati1253
bvu,buki1247
bvv,bani1254
bvw,boga1251
bvy,bayb1234
bwa,bwat1240
bwb,namo1248
bwc,bwil1245
bwd,bwai1242
bwf,bose1237
bwg,barw1243
bwh,bish1246
bwj,laal1241
bwk,bauw1240
bwl,bwel1238
bwm,biwa1243
bwn,wuna1248
bwp,mand1445
bwq,sout2840
bws,bomb1262
bwt,bafa1247
bww,bwaa1238
bwx,buna1273
bwy,cwib1235
bwz,bwis1242
bxa,baur1252
bxb,bela1256
bxc,mole1238
bxd,pela1242
bxe,bira1253
bxf,bilu1244
bxg,bang1353
bxh,buhu1237
bxi,pirl1238
bxl,jalk1242
bxn,burd1238
bxo,bari1241
bxp,bebi1242
bxq,beel1236
bxr,russ1264
bxs,busa1251
bxu,chin1476
bxv,bera1261
bxw,bank1258
bxz,bina1275
byb,biky1238
byc,ubag1245
byd,beny1237
bye,pouy1238
byf,bete1261
byg,bayg1239
byh,bujh1238
byi,buyu1239
byj,bina1270
byk,biao1253
byl,bayo1260
bym,bidy1243
byo,biyo1243
byp,buma1244
byq,basa1287
bys,bura1271
byt,bert1249
byz,bana1292
bzb,andi1257
bzc,sout2920
bze,jena1242
bzg,babu1240
bzh,mapo1242
bzk,nica1252
bzl,boan1243
bzm,bolo1263
bzn,boan1242
bzo,boza1238
bzp,kemb1235
bzu,burm1264
bzv,bebe1250
bzw,basa1282
bzy,oban1244
bzz,evan1238
cae,leha1242
caf,sout2958
cah,cahu1268
caj,chan1322
cak,kaqc1270
caz,cani1243
cbj,edec1238
cbl,bual1235
cbo,izor1238
cbq,cuba1236
cbw,kina1252
cby,cara1245
ccd,cafu1238
cce,chop1243
ccg,samb1311
cch,atsa1241
ccj,kasa1248
ccl,cutc1238
ccm,mala1482
ccp,chak1266
ccr,caca1247
cda,chon1285
cde,chen1255
cdf,chir1283
cdh,cham1307
cdi,chod1238
cdj,chur1258
cdr,cind1241
cds,chad1238
cdy,chad1240
cdz,koda1236
cea,lowe1427
cen,cenn1238
cet,cent2045
cfa,diji1241
cfd,cara1270
cfg,como1258
cfm,fala1243
cga,chan1319
cgc,kaga1256
cgk,choc1275
chg,chag1247
chj,ojit1237
chn,chin1272
chu,chur1257
chw,chuw1238
chz,ozum1235
cia,ciac1237
cib,cigb1235
cie,cine1238
cih,chin1475
cik,chit1279
cim,cimb1238
cin,cint1239
cip,chia1262
ciy,chai1253
cjk,chok1245
cjn,chen1259
cjy,jiny1235
ckb,cent1972
ckh,chak1270
ckl,ciba1236
ckq,kaja1254
ckr,kair1267
ckv,kava1241
ckx,caka1240
cky,cakf1236
ckz,cakc1235
clc,chil1280
cli,chak1271
cll,chal1269
clt,laut1236
clu,calu1238
cly,east2558
cma,maaa1253
cml,camp1262
cmo,cent1992
cmr,mroc1235
cms,mess1244
cmt,camt1236
cna,chan1309
cnb,chin1478
cnc,coon1239
cnl,lala1270
cns,cent2117
cnu,chen1266
cnw,ngaw1239
coa,coco1260
cog,chon1284
coh,chon1287
coj,coch1272
cok,sant1424
coq,coqu1236
cos,cors1241
cov,caom1238
cow,cowl1242
cpg,capp1239
cpi,chin1253
cpn,cher1271
cps,capi1239
cpx,puxi1243
cra,char1269
crf,cara1271
cri,saot1239
crj,sout2978
crl,nort1552
crm,moos1236
crr,caro1243
crv,chau1258
cry,cori1240
crz,cruz1243
csa,chil1282
csc,cata1241
csd,chia1237
cse,czec1253
csf,cuba1235
csg,chil1264
csn,colo1249
csq,croa1242
csr,cost1249
cst,nort2969
csv,sumt1234
cte,tepi1241
ctl,tlac1239
ctn,chhi1245
cts,nort2883
ctt,waya1264
ctu,chol1282
ctz,zaca1242
cug,
cuh,chuk1274
cuj,mash1270
cuk,sanb1242
cuo,cuma1240
cuq,cunn1236
cur,chhu1238
cuu,taiy1242
cuv,cuvo1236
cuw,chuk1270
cux,tepe1280
cvg,chug1252
cvn,vall1253
cwa,kabw1241
cwb,main1272
cwd,wood1236
cwe,kwer1261
cwg,chew1245
cwt,kuwa1246
cyo,cuyo1237
czh,huiz1242
czn,zenz1235
czo,minz1235
czt,zotu1235
dac,damb1246
dad,mari1428
dae,duup1238
dah,gwah1244
dam,dama1268
dao,daai1236
daq,dand1238
das,daho1238
daw,dava1245
dax,dayi1244
daz,daoo1238
dbb,deno1239
dbd,dadi1249
dbe,dabe1239
dbf,edop1238
dbg,dogu1235
dbi,doka1242
dbm,dugu1249
dbn,duri1243
dbo,dulb1238
dbp,duwa1244
dbr,daba1260
dbt,bent1238
dbu,bond1248
dbv,dung1254
dbw,bank1259
dby,dibi1240
dcc,decc1239
dcr,nege1244
ddd,dong1294
dde,doon1238
ddg,fata1247
ddi,diod1237
ddn,dend1243
ddw,dawe1237
dec,dagi1241
ded,dedu1240
dee,dewo1238
def,dezf1238
deh,dehw1238
dei,demi1242
dek,dekk1240
dem,demm1245
dep,pidg1246
deq,dend1242
dev,domu1246
dez,deng1250
dgb,buno1241
dgd,daga1272
dge,dege1247
dgg,doga1238
dgh,dghw1239
dgk,dagb1248
dgn,dago1245
dgo,dogr1250
dgr,dogr1252
dgs,dogo1294
dgx,dogh1241
dhd,dhun1238
dhm,zemb1238
dhn,dhan1264
dho,dhod1238
dhs,dhai1238
dhw,koch1253
dia,diaa1238
dib,sout2833
dii,dimb1238
dij,daii1240
dik,sout2832
dil,dill1242
dio,dibo1247
dir,diri1253
dit,dira1238
diu,diri1252
diw,nort2816
dix,dixo1238
diy,diuw1238
djb,djin1252
djc,dard1243
djf,djan1238
djl,djiw1240
djn,djau1244
djo,jang1257
djw,djaw1238
dka,dakp1242
dkk,dakk1238
dkr,kuij1237
dks,sout2834
dlk,daha1247
dlm,dalm1243
dln,darl1242
dmb,momb1254
dmc,dimi1244
dme,dugw1239
dmg,uppe1427
dml,dame1241
dmm,dama1267
dmo,keme1240
dmr,east2472
dms,damp1237
dmu,dubu1240
dmv,dump1242
dmx,dema1235
dmy,demt1241
dna,uppe1430
dnd,daon1243
dng,dung1253
dnn,dzuu1241
dnr,dana1254
dnt,midg1235
dnu,dana1252
doa,domm1246
dob,dobu1241
doe,doee1238
dof,domu1245
doh,dong1293
dok,dond1249
dol,doso1239
don,tour1243
doq,domi1236
dor,dori1246
dos,dogo1295
dot,dass1243
dox,buss1239
doy,domp1238
doz,dorz1235
dpp,papa1268
drb,dair1239
drc,mind1263
dre,dolp1239
drg,rung1259
drh,dark1243
dri,clel1238
drn,west2548
dro,daro1239
drq,dura1244
drs,gede1246
drt,dren1238
drw,darw1234
dsi,disa1239
dsl,dani1246
dsn,dusn1237
dsq,tada1238
dtb,labu1249
dtd,diti1235
dti,anat1248
dtk,tene1248
dtm,tomo1243
dtp,cent2100
dtr,lotu1250
dtt,toro1253
dtu,tebu1239
dty,doty1234
dub,dubl1239
due,umir1236
duh,dung1251
dui,dumu1246
duk,dudu1240
dul,alab1246
dun,dusu1271
dup,duan1242
duq,dusu1269
duv,duvl1242
duw,dusu1267
dux,duun1242
duy,dica1235
duz,duli1241
dva,duau1237
dwa,diri1259
dwr,dawr1236
dww,dawa1242
dya,dyan1251
dyb,dyab1238
dyd,dyug1238
dyg,vill1242
dym,yand1257
dyn,dyan1250
dza,tunz1235
dzd,daza1244
dzl,dzal1238
dzn,dzan1238
dzo,dzon1239
ebg,ebug1241
ebo,teke1278
ebr,ebri1238
ebu,embu1241
ecr,eteo1236
ecs,ecua1243
ecy,eteo1240
eee,eeee1240
efa,efai1241
efe,efee1239
egl,emil1241
ego,eggo1239
egy,egyp1246
ehu,ehue1238
eit,eiti1240
eiv,asko1238
eja,ejam1238
eka,ekaj1238
ekb,
eke,ekit1246
eki,ekii1241
ekl,kolb1241
ekm,elip1238
ekp,ekpe1253
ekr,yace1238
ele,elep1240
elh,elhu1238
eli,ndin1245
elk,elke1240
elm,elem1253
elo,elmo1238
elu,eluu1241
elx,elam1244
emg,east2357
emn,eman1238
emo,emok1238
emu,east2340
emw,empl1237
emx,erro1240
emy,epig1241
ena,apal1256
enb,mark1255
enc,ennn1243
end,ende1246
enf,fore1265
enr,emum1240
enu,enuu1235
env,enwa1246
enw,enwa1245
eot,beti1248
epi,epie1238
epo,espe1235
era,erav1242
erh,eruw1238
eri,ogea1238
ero,horp1239
err,erre1238
ers,ersu1241
ert,erit1239
erw,erok1237
esh,esht1238
esk,nort2945
esl,egyp1238
esm,esum1241
esn,salv1237
eso,esto1238
etb,eteb1238
eth,ethi1238
etn,eton1255
eto,eton1253
ett,etru1241
etx,eten1239
etz,semi1264
evh,uvbi1238
ext,extr1243
eyo,keiy1238
eze,uzek1238
fab,fada1250
fad,wagi1249
faf,faga1239
fag,fino1238
fah,bais1242
fai,faiw1243
faj,fait1240
fak,fang1248
fal,sout2782
fam,famm1241
fan,fang1246
far,fata1245
fau,fayu1238
fax,fala1241
fay,sout2645
faz,nort2640
fer,fero1244
ffi,foia1236
fgr,fong1243
fie,fyer1241
fil,fili1244
fip,fipa1238
fir,fira1238
fit,torn1244
fiw,fiwa1240
fkk,kiry1234
fkv,kven1236
flh,foau1240
fli,fali1285
fll,nort2770
fln,flin1247
fly,tsot1242
fmu,farw1235
fng,fana1235
fni,fani1244
fod,food1238
fpe,fern1234
frc,caju1236
frk,fran1264
frm,midd1316
frp,fran1260
frq,fora1245
frt,fort1240
fss,finl1235
fue,borg1235
fui,bagi1244
fuj,kooo1244
fum,fumm1238
fur,friu1240
fuy,fuyu1242
fwe,fwee1238
gab,gabr1253
gad,gadd1244
gaf,gend1249
gai,bore1247
gak,gamk1238
gal,galo1243
gam,kand1303
gan,ganc1239
gao,gant1244
gap,gall1278
gar,gale1257
gas,adiw1235
gat,kena1250
gaw,nobo1238
gbe,niks1238
gbf,gaik1242
gbg,gban1258
gbh,defi1235
gbk,gadd1242
gbl,gami1242
gbm,garh1243
gbn,moda1242
gbq,gbay1286
gbs,gbes1238
gbv,gban1260
gbx,east2390
gby,gbar1246
gbz,zoro1242
gce,gali1261
gcl,gren1247
gcn,gain1243
gct,colo1254
gdc,gugu1253
gdd,geda1237
gdg,gada1258
gdh,gadj1243
gdi,gund1247
gdj,gurd1238
gdk,gada1262
gdl,dira1242
gdn,uman1240
gdr,wipi1242
gds,ghan1245
gdu,gudu1250
gdx,godw1241
gea,geru1240
gec,gbol1235
geh,hutt1235
gei,gebe1237
gek,yiwo1237
gel,kagf1238
geq,geme1244
ges,gese1240
gev,eviy1235
gew,gera1246
gex,garr1259
gez,geez1241
gft,gafa1240
gga,gaoo1237
ggb,gbii1242
ggg,gurg1240
ggk,kung1259
ggl,gang1270
ggn,east2345
ggr,aghu1254
ggt,gitu1237
ggu,gagu1242
gha,ghad1239
ghc,hibe1235
ghe,sout2715
ghh,nort2709
ghk,geko1235
ghn,ghan1242
gho,ghom1257
ghr,gher1238
ght,kuta1241
gib,giba1240
gic,gail1235
gig,goar1239
gim,gimi1243
gip,gimi1242
giq,gree1278
gir,redg1235
giu,gela1264
giw,whit1267
gix,gili1241
giy,giyu1238
giz,sout3051
gji,
gjk,kach1272
gka,guya1251
gke,ndai1238
gko,kokn1236
gku,dans1240
glc,bong1282
glh,nort2665
glo,gala1264
glr,glar1241
glw,glav1244
gly,gule1241
gma,gamb1251
gmb,gula1270
gmd,magh1238
gmh,midd1343
gml,midd1318
gmn,gimn1238
gmu,guma1255
gmv,gamo1243
gmx,mago1246
gmy,myce1241
gna,kaan1246
gnb,gang1266
gnc,guan1277
gne,gana1270
gnh,lere1241
gnk,gana1274
gnl,gang1268
gnm,ginu1240
gno,nort2702
gnq,gana1277
gnt,gunt1241
gnu,gnau1240
gnw,west2640
gnz,ganz1247
goc,gora1262
goe,gong1251
gof,gofa1235
gog,gogo1263
goh,oldh1241
goi,goba1246
gom,goan1235
goo,gone1237
gop,yere1243
goq,gora1261
gos,gron1242
gou,gava1241
gox,gobu1238
goy,goun1238
goz,goza1238
gpa,gupa1248
gpe,ghan1244
gqi,guiq1238
gqr,gorr1238
gqu,qaua1234
gra,rajp1235
grd,guru1271
grg,madi1261
grh,gbir1241
gri,ghar1239
grm,kota1279
gro,grom1238
grq,goro1261
grr,tazn1238
grs,gres1240
grv,cent2041
grw,gwed1239
grx,guri1248
gry,barc1235
grz,gura1254
gse,ghan1235
gsl,gusi1246
gsm,guat1249
gsn,gusa1246
gso,sout2785
gsp,wase1252
gua,shik1242
gud,yoco1235
gul,gull1241
gus,guin1250
gut,male1297
gve,duwe1237
gvl,gula1268
gvm,gurm1246
gvy,guya1249
gwa,mbat1247
gwb,gwaa1239
gwe,gwen1239
gwf,gowr1239
gwg,mooo1239
gwj,gwii1239
gwn,gwan1268
gwr,gwer1238
gwt,gawa1247
gwu,guwa1243
gwx,guaa1238
gye,gyem1238
gyf,gung1248
gyg,gbay1278
gyi,gyel1242
gyl,gayi1237
gyn,creo1235
gza,ganz1246
gzi,gazi1243
gzn,gane1237
haa,hann1241
hab,hano1243
haf,haip1238
hah,haho1237
haj,hajo1238
ham,hewa1241
han,hang1260
hao,hako1237
hap,hupl1238
haq,haaa1252
hav,havu1238
hax,sout2956
haz,haza1239
hba,hamb1245
hbn,heib1243
hbo,anci1244
hbu,habu1241
hca,anda1280
hds,hond1239
hdy,hadi1240
hea,nort2747
hed,herd1236
heg,helo1243
hgm,haio1238
hgw,haig1237
hhi,hoia1235
hhr,kera1248
hhy,hoya1235
hib,hibi1243
hif,fiji1242
hig,kamw1239
hih,pamo1253
hii,hind1267
hij,hiju1238
hik,seit1239
hio,tsoa1238
hir,hima1247
hiw,hiww1237
hji,haji1235
hka,kahe1238
hkk,hunj1241
hks,hong1241
hld,hala1253
hle,hler1235
hlt,ngal1291
hlu,hier1240
hma,sout1556
hmb,humb1243
hmc,cent2013
hmd,larg1235
hme,east2372
hmf,hmon1263
hmg,sout2756
hmh,sout2755
hmi,nort2749
hmj,geee1239
hml,luop1235
hmm,cent1394
hmo,hiri1237
hmp,nort1546
hmq,east2370
hms,sout2754
hmu,hama1240
hmv,hmon1332
hmw,west1507
hmy,sout1555
hmz,hmon1331
hnd,sout2668
hne,chha1249
hno,nort2662
hns,cari1275
hnu,hung1275
hob,mari1429
hod,holm1250
hoe,horo1245
hoh,hoby1242
hoi,holi1241
hoj,hado1235
hol,holu1245
hom,homa1239
hor,horo1247
hos,hoch1237
hot,hote1245
hov,hovo1239
how,honi1244
hoy,holi1239
hoz,hozo1236
hpo,hpon1238
hps,hawa1235
hra,hran1239
hrk,haru1244
hrm,horn1235
hro,haro1237
hrt,hert1241
hru,hrus1242
hrx,riog1239
hrz,harz1239
hsh,hung1263
hsl,haus1246
hsn,xian1251
hti,hoti1237
htu,hitu1239
hud,huau1237
hue,sanf1258
huf,hume1246
hug,huac1244
huh,huil1244
hui,huli1244
huj,nort1545
huk,hulu1246
hul,hula1239
hum,hung1278
huo,huuu1240
hut,huml1238
huw,huku1237
huy,hula1244
hvc,hait1241
hve,sand1278
hvk,have1241
hvv,sant1422
hwa,wane1242
hwo,hwan1240
hya,hyaa1239
iar,pura1257
ibe,akpe1248
ibl,ibal1244
ibm,agoi1246
ibn,ibin1241
ibr,ibuo1242
ibu,ibuu1240
iby,iban1261
ica,edei1246
ich,etky1238
icr,sana1297
ida,idak1243
idc,idon1238
idd,edei1244
ide,ider1238
idi,idii1243
idr,indr1247
idt,idat1237
ifa,amga1235
iff,ifoo1237
ifk,tuwa1243
ifu,mayo1262
ify,kele1259
igg,igan1243
igm,kang1291
igo,iseb1246
igw,igwe1238
ihb,ihab1241
ihw,gana1268
ije,bise1238
ijj,edei1245
ijn,kala1381
iki,ikoo1245
ikk,ikaa1238
ikl,ikul1238
iko,olul1245
ikp,ikpe1243
ikr,ikar1243
iks,inui1247
ikv,ikug1238
ikw,ikwe1242
ikz,ikiz1238
ila,ilea1237
ilg,gari1253
ili,ilit1241
ilk,ilon1239
ill,iran1262
ils,inte1259
ilu,iliu1237
ilv,ilue1241
ima,mala1457
iml,milu1241
imo,imbo1238
imr,imro1237
imy,mily1238
ina,inte1239
inl,indo1291
inm,mina1279
inn,isin1239
ino,inok1238
int,inth1238
ior,inor1238
iou,tuma1250
ipi,ipil1240
ipo,ipik1244
ire,ires1239
iri,irig1241
irx,kamb1302
iry,iray1237
isa,isab1240
isc,isco1239
ish,esan1238
ism,masi1265
isn,isan1243
ist,istr1244
isu,isum1240
itb,bino1237
ite,iten1243
iti,inla1260
itk,jude1255
itm,itum1245
itr,iter1241
itt,maen1235
itw,itoo1242
itx,itik1240
ity,moya1235
ivb,ibat1238
iwk,iwak1237
iwo,iwur1240
iws,sepi1255
iya,iyay1238
iyo,mesa1245
iyx,yaka1274
izr,izer1241
jab,hyam1245
jad,jaha1245
jaf,jara1274
jah,jahh1242
jaj,zaza1245
jak,jaku1244
jal,yala1266
jas,newc1244
jat,jaka1245
jau,yaur1239
jax,jamb1236
jaz,jawe1237
jbk,bari1298
jbn,nafu1238
jbr,jofo1235
jcs,jama1256
jct,krym1236
jda,jadd1243
jdg,jadg1238
jdt,jude1256
jee,jeru1240
jeg,jeng1241
jek,jeri1242
jen,dzaa1238
jer,jere1244
jeu,jonk1238
jgb,ngbe1238
jge,jude1258
jgo,ngom1272
jhs,jhan1234
jia,jina1244
jib,jibu1239
jid,buuu1244
jie,jilb1238
jih,shan1274
jii,jiid1238
jil,jili1241
jim,jimi1254
jio,jiam1236
jiq,guan1266
jit,jita1239
jiy,buyu1238
jje,jeju1234
jkm,mobw1234
jko,kubo1242
jkr,koro1316
jku,labi1245
jls,jama1263
jma,dima1252
jmb,zumb1240
jmc,mach1266
jmi,jimi1255
jmk,
jml,juml1238
jmn,maku1273
jmr,kama1357
jms,mash1269
jmw,mouw1234
jmx,west2643
jnd,jand1246
jng,yang1288
jni,janj1240
jnl,rawa1264
job,joba1238
jod,woje1238
jor,jora1240
jos,jord1238
jow,jowu1238
jpa,pale1261
jpr,jude1257
jra,jara1266
jrr,jiru1238
jrt,jort1240
jub,wann1241
jud,woro1256
juh,hone1235
juk,wapa1235
jul,jire1238
jum,jumj1238
juo,jiba1237
jus,juml1239
jut,juti1236
juu,juuu1243
juw,waph1238
juy,jura1242
jvd,javi1237
jvn,cari1276
jwi,jwir1241
jye,jude1267
jyy,jaya1242
kad,kada1284
kae,keta1243
kaf,kats1235
kag,kaja1250
kai,kare1348
kaj,jjuu1238
kak,ahin1234
kaw,kawi1241
kax,kaoo1238
kba,kala1379
kbe,kanj1260
kbg,kham1283
kbi,kapt1235
kbj,kari1306
kbm,iwal1237
kbn,kare1338
kbo,keli1248
kbs,kand1300
kbt,abad1241
kbu,kabu1254
kbw,kaie1237
kby,mang1399
kbz,duhw1236
kcb,kawa1276
kcc,lubi1238
kce,kaiv1238
kcf,ukaa1243
kch,vono1238
kci,kama1358
kcj,kobi1241
kcm,gula1266
kco,kina1251
kcp,kang1288
kcq,kamo1254
kcs,koen1239
kcw,kabw1242
kcx,kach1284
kcy,kora1291
kcz,kono1265
kda,wori1245
kdc,kutu1263
kdf,mamu1254
kdg,seba1247
kdi,kuma1275
kdk,nume1242
kdl,tsik1238
kdn,kund1255
kdp,kani1277
kdq,koch1250
kdt,kuyy1240
kdu,kada1282
kdv,kado1242
kdw,kone1241
kdx,kamm1249
kdy,kede1239
kdz,kwaj1242
kea,kabu1256
keb,kele1257
kec,keig1242
ked,kere1283
kef,kpes1238
keg,tese1238
keh,keak1239
kej,kada1242
kem,kema1243
keo,kakw1240
kep,kaik1244
keq,kama1350
kes,kugb1241
keu,akeb1238
kev,kani1275
kew,west2599
key,kupi1238
kez,kuke1242
kfg,kudi1237
kfh,kuri1256
kfj,kemi1240
kfl,kung1260
kfm,khun1255
kfn,kukk1239
kfo,koro1306
kfp,korw1242
kfr,kach1277
kfs,bila1253
kft,kanj1259
kfu,katk1238
kfv,kurm1243
kfw,khar1288
kfx,kull1236
kga,koya1253
kgb,kawe1240
kgc,
kgd,kata1264
kgf,kube1244
kgi,sela1253
kgl,kung1258
kgn,kari1303
kgt,somy1238
kgu,kobo1248
kgv,kara1499
kgx,kama1364
khf,khue1238
khh,kehu1238
khj,kutu1262
khn,khan1272
kho,khot1251
khp,kapo1250
khs,kasu1251
kht,kham1290
khu,nkhu1238
khx,kanu1278
khy,kele1255
khz,keap1239
kib,koal1240
kid,kosh1246
kie,kibe1241
kif,east2354
kih,kilm1241
kil,kari1316
kip,shes1236
kiq,kosa1251
kis,kiss1246
kit,agob1244
kiu,kirm1248
kiv,kimb1242
kix,khia1236
kiz,kisi1243
kja,mlap1238
kji,zaba1237
kjk,high1275
kjl,west2420
kjm,khan1274
kjo,hari1246
kjr,kuru1305
kjt,phra1235
kjx,ramo1245
kjy,erav1244
kjz,bumt1240
kka,kaka1264
kkb,kwer1264
kkc,odoo1238
kkd,kinu1239
kke,kaka1265
kkf,kala1376
kkg,maba1279
kkm,kion1242
kko,kark1256
kkp,gugu1254
kkq,kaik1247
kkr,kirb1236
kks,giiw1236
kkt,koii1238
kku,tumi1238
kkv,kang1289
kkx,kohi1250
kkz,kask1239
klc,kolb1240
klf,kend1253
klg,taga1268
klh,weli1239
kli,kalu1247
klk,kono1264
kll,kaga1255
klm,kolo1267
klo,kapy1238
klp,kama1360
klt,nukn1238
klv,mask1242
klw,lind1248
klx,kolu1245
kly,kala1394
klz,kabo1247
kmb,kimb1241
kmc,sout2741
kmd,madu1248
kme,bako1250
kmf,kare1341
kmi,kami1258
kmk,limo1248
kml,lowe1412
kmm,komi1270
kmp,gimm1241
kmq,kwam1249
kmu,kani1286
kmv,kari1301
kmx,wabo1241
kmy,koma1266
knb,lubu1243
knd,kond1303
kni,kanu1277
knl,keni1248
kno,kono1268
knp,kwan1276
knq,kint1239
knr,kani1285
kns,kens1248
knu,kono1267
knv,tabo1241
knx,kend1254
knz,kala1383
koa,kono1269
koc,kpat1246
kod,kodi1247
kof,kubi1239
kol,kolp1236
koo,konz1239
kop,kwat1244
koq,kota1274
kou,koke1240
kov,kudu1241
kow,kuga1239
koz,kora1296
kpa,kutt1236
kpb,mull1244
kpd,koba1240
kpf,komb1273
kph,kpla1238
kpi,kofe1239
kpl,kpal1241
kpn,kepk1241
kpp,
kpq,koru1245
kpu,kafo1240
kqa,mumm1238
kqb,kova1243
kqc,doro1266
kqd,koys1242
kqe,kala1388
kqf,kaka1267
kqg,khee1238
kqj,koro1313
kqk,kota1272
kql,kyen1243
kqm,khis1238
kqn,kaon1241
kqo,east2414
kqp,kimr1241
kqr,kima1244
kqt,klia1235
kqu,vaal1235
kqv,okol1241
kqw,kand1301
kqx,mser1242
kra,kumh1238
krb,kark1259
krd,kair1265
krf,koro1308
krh,kura1249
krj,kina1250
krm,krim1238
krn,sapo1251
krp,koro1304
krr,krun1240
krt,tuma1248
krv,kave1238
krw,west2488
krx,karo1294
krz,sota1242
ksa,shuw1238
ksc,sout2908
kse,kuni1263
ksg,kusa1251
ksj,uare1241
ksk,kans1243
ksl,kuma1278
ksm,kumb1238
ksn,kasi1256
ksp,kaba1281
ksr,boro1279
ksu,kham1291
ksv,kusu1252
ksy,khar1283
ksz,koda1254
kta,katu1273
ktb,kamb1316
ktc,khol1240
kte,nubr1241
ktf,kwam1250
kth,kara1484
kti,nort2916
ktj,plap1239
ktk,kani1282
ktl,koro1296
ktm,kurt1250
ktp,kadu1253
ktq,kata1268
ktr,kota1278
kts,sout2940
ktt,ketu1238
kty,kang1286
kua,kuan1247
kub,kute1248
kuc,kwin1242
kud,auhe1237
kuf,west2398
kug,kupa1238
kuh,kush1236
kuk,kepo1237
kul,kule1247
kuo,kumu1247
kuv,kurr1245
kuw,kpag1238
kux,kuka1246
kvb,kubu1239
kvc,kove1237
kve,kala1391
kvf,kaba1292
kvh,komo1261
kvi,kwan1285
kvj,psik1239
kvl,brek1238
kvm,kend1252
kvp,komp1237
kvq,geba1237
kvr,keri1250
kvu,yinb1236
kvx,park1237
kvy,yint1235
kvz,tsak1250
kwb,kwaa1262
kwc,likw1239
kwf,kwar1239
kwg,sara1322
kwh,kowi1239
kwj,kwan1278
kwl,kofy1242
kwm,kwam1251
kwp,kodi1246
kwr,kwer1265
kws,kwes1244
kwt,kwes1245
kwu,kwak1266
kwv,sara1321
kww,kwin1243
kwx,khir1237
kwz,kwad1244
kxb,krob1245
kxc,kons1243
kxd,brun1242
kxf,manu1255
kxh,karo1297
kxi,keni1249
kxj,kulf1238
kxk,zaye1235
kxl,nepa1253
kxm,nort2684
kxn,kano1244
kxp,wadi1248
kxq,smar1235
kxr,bowa1234
kxs,kang1281
kxt,koiw1243
kxw,kona1242
kxx,liku1242
kxy,kayo1245
kxz,kere1286
kya,kway1241
kyb,butb1235
kyd,kare1339
kye,krac1238
kyf,kouy1238
kyg,keya1238
kyi,kipu1237
kyk,kama1363
kyn,karo1299
kyo,kelo1247
kyt,kaya1328
kyu,west2409
kyw,kudm1238
kyy,kamb1303
kzb,kaib1244
kzc,bond1246
kzd,kada1286
kze,kose1239
kzg,kika1239
kzk,kazu1245
kzl,kaye1241
kzm,kais1235
kzn,koko1267
kzo,kani1279
kzp,kaid1239
kzq,kaik1246
kzs,sugu1243
kzt,tamb1254
kzu,kayu1243
kzv,komy1238
kzx,kama1362
kzy,kang1285
kzz,kala1256
laa,lapu1236
lai,lamb1272
lak,laka1252
lan,laru1238
lap,laka1254
laq,qabi1235
lar,lart1238
lbb,labe1239
lbi,labi1244
lbk,cent2292
lbm,lodh1246
lbn,lame1256
lbq,wamp1247
lbr,nort2727
lbs,liby1235
lbv,lava1239
lbw,tola1247
lbx,lawa1257
lcc,lege1241
lcd,lola1248
lce,lonc1237
lcf,lubu1241
lcl,lise1239
lcp,west2396
lcq,luhu1243
lcs,lisa1239
ldb,idun1241
ldd,luri1256
ldg,leny1238
ldh,lamj1245
ldi,laar1238
ldj,lemo1242
ldk,leel1242
ldl,kaan1247
ldm,land1256
ldo,looo1238
ldp,tsoo1241
ldq,lufu1237
leb,lala1264
leh,lenj1248
lei,lemi1243
lej,leng1258
lek,leip1237
lel,lele1265
leo,leti1245
leq,lemb1266
ler,lenk1247
let,lesi1239
lev,lamm1241
ley,lemo1243
lfa,lefa1242
lfn,ling1267
lga,lung1249
lgb,lagh1246
lgh,lagh1245
lgi,leng1260
lgk,ling1265
lgl,wala1266
lgn,opuu1239
lgq,logb1245
lgr,leng1259
lgt,pahi1246
lgz,lige1238
lhh,laha1251
lhi,lahu1252
lhl,lahu1250
lhn,laha1253
lhp,lhok1238
lhs,mlah1239
lht,loto1240
lib,liku1243
lid,nyin1250
lie,liki1240
lih,lihi1237
lik,lika1243
lim,limb1263
lio,liki1241
lip,sekp1241
liq,libi1250
lir,libe1240
liu,logo1261
liw,coll1240
lix,liab1237
liz,libi1244
lje,ramp1243
lji,laiy1246
ljl,lioo1240
ljx,yuru1264
lka,laka1255
lkb,kabr1240
lkc,kuco1235
lkd,lako1248
lke,keny1278
lkh,lakh1240
lki,laki1244
lkj,remu1237
lkl,laek1243
lkm,kala1401
lkn,lako1245
lko,khay1238
lks,kisa1263
lky,loko1254
lla,lala1261
llb,lolo1261
llc,lele1266
lle,lele1270
llf,herm1237
llg,lole1239
llh,lamu1257
lli,teke1277
llk,lela1246
lll,lila1246
llm,lasa1237
llq,lola1250
lls,lith1236
llx,laua1243
lly,
lma,east2387
lmb,mere1242
lmd,lumu1239
lmf,sout2896
lmg,lamo1244
lmi,lomb1254
lmj,west2541
lmk,lamk1238
lmo,lomb1257
lmq,lama1279
lmr,lama1278
lmv,loma1261
lmx,laim1240
lmy,lamb1273
lmz,lumb1237
lna,lang1318
lnh,lano1248
lni,daan1235
lnl,sout2787
lnm,lang1328
lnn,lore1244
lno,lang1322
lnu,long1389
loa,lolo1264
loc,inon1237
loe,salu1253
lof,logo1262
loh,nari1240
loi,loma1258
lon,mala1256
loo,lomb1260
lop,lopa1238
loq,loba1239
lot,otuh1238
lou,loui1240
low,tamp1254
lox,loun1239
lpa,lele1267
lpe,lepk1238
lpn,long1375
lpo,lipo1242
lpx,lopi1242
lra,rara1235
lre,laur1250
lri,mara1393
lrl,lari1253
lrm,mara1392
lrn,lora1237
lro,laro1243
lrr,sout2734
lrt,lara1260
lrv,lare1249
lrz,leme1238
lsa,lasg1238
lsd,lish1247
lse,luse1252
lsg,lyon1239
lsh,lish1235
lsi,lash1243
lsl,latv1245
lsm,saam1283
lsp,pana1308
lsr,aruo1240
lss,lasi1242
lst,trin1277
lsy,maur1240
ltc,midd1344
lto,tsot1241
lts,tach1242
ltu,latu1237
luc,arin1244
lud,ludi1246
luf,laua1245
luj,luna1244
luk,luna1243
lum,luim1238
lup,lumb1249
luq,lucu1238
luv,luwa1238
luw,luoc1235
luz,sout2647
lva,maku1277
lvu,levu1239
lwa,lwal1238
lwe,lewo1243
lwh,whit1266
lwl,east2330
lwm,laom1237
lwt,lewo1244
lwu,lawu1238
lxu,
lya,laya1253
lyg,lyng1241
lyn,luya1241
lzh,lite1248
lzl,litz1237
lzn,lein1237
maa,sanj1286
mab,yuta1240
mae,boru1244
maf,mafa1239
maj,jala1237
mam,mamm1241
mat,sanf1262
max,nort2828
mba,higa1237
mbd,diba1242
mbf,baba1267
mbh,mang1403
mbi,ilia1236
mbk,malo1245
mbm,omba1241
mbs,sara1327
mbu,mbul1260
mbv,mbul1258
mbx,mari1432
mby,memo1238
mbz,amol1236
mcc,bitu1242
mce,itun1239
mci,mese1244
mcj,mvan1238
mck,mbun1249
mcl,maca1261
mcq,esee1247
mcv,mina1274
mcw,mawa1270
mcx,mpie1238
mcy,sout2877
mcz,mawa1267
mdb,mori1271
mdc,male1291
mdg,mass1262
mdk,mang1396
mdl,malt1238
mdn,mbat1248
mdp,mbal1257
mds,mari1438
mdu,mbok1243
mdv,sant1439
mdz,suru1261
mea,menk1238
meb,ikob1240
med,melp1238
mee,meng1267
mef,mega1243
meh,sout3000
mem,mang1383
meo,keda1251
meq,mere1246
mer,meru1245
mes,masm1239
met,mato1252
mew,maak1236
mfa,patt1249
mfb,bang1365
mfd,mend1261
mfg,mixi1241
mfh,mata1306
mfj,mefe1242
mfk,nort3046
mfl,puta1243
mfm,marg1266
mfo,mbee1249
mfp,maka1305
mfq,moba1244
mfs,mexi1237
mft,moke1240
mfu,mbwe1238
mfw,mula1254
mfx,melo1242
mfz,maba1273
mgb,mara1396
mgc,moro1284
mgg,mpon1254
mgi,liji1238
mgj,abur1244
mgk,mawe1251
mgm,mamb1306
mgn,mban1262
mgq,mali1279
mgs,mand1423
mgt,mong1344
mgv,mate1258
mgy,mbun1248
mgz,mbug1242
mha,mand1413
mhb,maho1248
mhc,moch1257
mhf,mama1277
mhg,marg1251
mhl,mauw1238
mhm,makh1265
mhn,moch1255
mho,mash1267
mhp,bali1279
mht,mand1448
mhw,mbuk1240
mii,chig1239
mij,abar1238
mip,apas1235
mir,isth1238
mit,sout3001
miu,caca1250
miw,akoy1238
mix,mixt1425
mje,musk1256
mjh,mwer1247
mjj,mawa1266
mjl,mand1409
mjm,mede1237
mjn,mapa1244
mjo,mala1459
mjp,mala1468
mjq,mala1466
mjr,mala1463
mjs,mish1244
mju,mann1245
mjv,mann1246
mjx,maha1291
mjy,mahi1248
mjz,majh1253
mka,mbre1244
mkb,malp1246
mkc,sili1247
mkg,makc1235
mki,dhat1238
mkk,byep1241
mkl,moko1243
mkm,mokl1243
mkn,kupa1239
mko,ming1254
mkp,moik1239
mkq,baym1241
mkr,mala1495
mkt,vama1243
mku,kony1250
mkv,mafe1237
mkx,cina1236
mlb,mbul1262
mlc,caol1238
mlf,mall1246
mlh,mape1249
mli,mali1283
mlj,milt1241
mlk,ilwa1237
mll,malu1245
mln,mala1484
mlo,mlom1238
mlr,vame1236
mlw,molo1266
mlx,malf1237
mlz,mala1491
mma,mama1272
mmb,momi1242
mmc,mich1246
mmd,maon1241
mmf,mund1334
mmg,nort2839
mmi,musa1265
mmj,majh1236
mmk,mukh1238
mml,manm1238
mmm,maii1238
mmo,mang1404
mmp,siaw1243
mmq,musa1266
mmr,west2430
mmt,mala1489
mmu,mmaa1238
mmv,miri1270
mmw,emae1237
mmx,mada1285
mmz,maba1270
mnd,sala1273
mne,naba1253
mnh,mono1270
mnj,munj1244
mnl,tial1239
mnm,mape1250
mnn,sout2692
mnp,minb1244
mnq,minr1238
mnt,mayk1239
mnu,merr1239
mny,many1259
mod,mobi1236
moi,mboi1246
mom,moni1237
moo,mono1268
mou,mogu1251
mow,moic1236
mox,moli1248
mpa,mpot1240
mpg,marb1239
mpi,mpad1242
mpl,midd1327
mpn,mind1255
mpo,miuu1237
mpp,miga1241
mpr,vang1243
mpv,mung1272
mpw,mapi1252
mpx,misi1243
mpy,mapi1250
mpz,mpii1239
mqa,maba1278
mqc,mang1408
mqe,mate1260
mqg,kota1275
mqh,tlaz1235
mqi,mari1430
mqk,raja1254
mql,mbel1240
mqm,sout2866
mqn,moro1287
mqo,modo1249
mqp,mani1297
mqq,mino1243
mqr,mand1443
mqt,mokk1243
mqu,mand1425
mqv,mosi1248
mqw,muru1273
mqx,mamu1255
mqz,mala1487
mrb,mari1426
mre,mart1251
mrk,hmwa1243
mrl,mort1237
mrm,merl1237
mro,mruu1242
mrp,moro1286
mrs,mara1399
mru,mono1269
mrv,mang1401
mrx,mare1261
mry,kara1489
msb,masb1238
msc,sank1253
msd,yuca1236
mse,muse1242
msf,mekw1241
msg,mora1239
msh,masi1268
msi,saba1263
msk,mans1262
msl,molo1262
msm,agus1235
msn,vure1239
msp,mari1442
msq,caac1237
msr,mong1264
mss,west2535
msv,masl1241
msw,mans1259
msx,more1258
msz,moma1243
mta,cota1241
mtc,muni1257
mtd,mual1241
mth,mung1269
mti,maiw1251
mtl,mont1280
mtm,mato1250
mtn,mata1288
mtr,mewa1249
mtt,mota1237
mtu,tutu1243
mtv,asar1240
mtw,maga1264
mtx,tida1235
mty,nabi1239
mub,mubi1246
muc,mbuu1238
mud,medn1235
mue,medi1245
mui,musi1241
muj,mabi1242
muk,mugo1238
mum,maiw1249
muo,nyon1241
mup,malv1243
muq,east2371
mut,west2408
muu,yaak1241
muv,muth1236
mux,boun1245
mvd,mamb1305
mve,marw1256
mvg,yucu1250
mvh,mire1238
mvi,miya1259
mvk,mekm1240
mvl,mbar1254
mvm,
mvo,maro1244
mvp,duri1242
mvq,moer1240
mvr,mara1397
mvs,mass1263
mvt,mpot1241
mvu,marf1238
mvv,taga1273
mvw,mach1265
mvx,meos1237
mvy,indu1241
mvz,mesq1240
mwa,mwat1237
mwb,juwa1238
mwc,aree1239
mwg,aikl1237
mwh,mouk1239
mwi,labo1244
mwl,mira1251
mwm,sarr1246
mwn,nyam1275
mwo,cent2058
mwq,munc1235
mws,mwim1241
mwt,moke1242
mwu,mitt1253
mwy,mosi1247
mwz,moin1241
mxa,nort2986
mxb,tezo1238
mxc,many1258
mxd,moda1244
mxf,malg1250
mxg,mban1264
mxh,mvub1239
mxi,moza1249
mxl,maxi1236
mxm,mera1242
mxn,moii1235
mxo,mbow1246
mxq,juqu1238
mxr,muri1259
mxs,huit1252
mxv,metl1238
mxw,namo1246
mxy,sout3002
mxz,cent2072
myc,maye1238
myf,bamb1262
myg,mant1267
myj,mang1387
myl,moma1242
myo,anfi1235
mys,mesm1243
myx,masa1299
myz,clas1253
mza,sant1436
mzc,mada1271
mzd,mali1280
mze,mora1273
mzg,mona1241
mzi,ixca1246
mzj,many1261
mzl,maza1292
mzo,mati1253
mzq,mori1269
mzr,maru1252
mzs,maca1262
mzt,mint1239
mzu,inap1241
mzv,manz1243
mzy,moza1235
mzz,maia1251
naa,naml1240
nac,nara1264
nae,naka1263
naj,nalu1240
nao,naab1241
nar,igut1238
nat,hung1276
naw,nawu1242
nax,nakw1240
naz,coat1240
nba,nyem1238
nbb,ndoe1238
nbd,ngbi1238
nbe,kony1248
nbg,naga1399
nbh,ngam1282
nbk,nake1240
nbn,kuri1260
nbo,nkuk1238
nbp,nnam1238
nbq,ngge1241
nbr,numa1252
nbs,nami1249
nbt,naaa1245
nbu,rong1266
nbv,ngam1267
nby,ning1275
nca,iyoo1238
ncc,pona1250
ncd,nach1240
ncf,nots1237
ncm,namb1293
ncn,naun1237
nco,sibe1248
ncp,ndak1242
ncr,ncan1245
ncs,nica1238
nct,chot1239
ncx,cent2133
nda,ndas1238
ndb,kens1251
ndc,ndau1241
ndd,nden1250
nde,nort2795
ndg,nden1248
ndh,ndal1241
ndj,ndam1239
ndk,ndak1241
ndl,ndol1238
ndm,ndam1251
ndn,ngun1270
ndp,ndoo1242
ndq,ndom1244
ndr,ndoo1241
ndu,dugu1248
ndw,ndob1238
ndx,ndug1245
ndy,luto1241
nea,east2464
nec,nede1245
ned,ndeg1238
nef,nefa1235
neh,nyen1254
nej,neko1240
nek,neku1237
nem,nemi1240
neo,name1237
neq,nort2939
ner,yaha1248
nes,bhot1235
net,nete1240
neu,neoa1234
nev,nyah1249
nex,neme1244
nfa,dhao1237
nfd,ahwa1235
nfu,mfum1238
ngd,ngan1304
ngg,ngba1287
ngj,ngie1242
ngl,lomw1241
ngm,ngat1248
ngn,ngwo1241
ngp,ngul1246
ngq,ngur1263
ngr,nang1262
ngs,gvok1239
ngt,ngeq1245
ngv,nagu1244
ngw,ngwa1251
ngx,nggw1242
ngy,tibe1274
ngz,ngun1272
nha,nhan1238
nhc,taba1265
nhe,east2538
nhf,nhuw1239
nhh,naha1262
nhi,zaca1241
nhk,isth1240
nhm,more1259
nho,taku1257
nhq,huax1236
nht,omet1237
nhv,tema1239
nhy,nort2958
nhz,sant1423
nib,naka1264
nif,nekk1240
nii,niii1240
nik,sout2689
nil,nila1244
nim,nila1242
nin,ninz1246
niq,nand1266
nis,nimi1240
niw,nimo1247
nix,hema1238
nja,nzan1240
nji,ngar1283
njj,njen1238
njl,njal1239
njn,lian1251
njr,njer1242
njs,nisa1239
njt,ndyu1241
njx,kuny1238
njy,njye1238
njz,nyis1236
nka,nkoy1244
nkb,khoi1251
nkc,nkon1247
nkd,koir1240
nke,duke1237
nkg,nekg1240
nki,than1255
nkj,naka1265
nkk,noku1237
nkm,nama1267
nkn,nkan1238
nkp,niua1241
nks,nort2917
nkt,nyik1247
nku,boun1243
nkv,nyik1246
nkw,nkut1238
nkx,nkor1239
nkz,nkar1238
nla,ngom1271
nlc,nalc1240
nle,east2409
nli,gran1245
nlj,nyal1250
nlk,nini1235
nlo,ngul1247
nlu,nchu1238
nlv,oriz1235
nlx,naha1261
nlz,nalo1235
nma,mara1379
nmc,ngam1269
nme,mzie1235
nmh,mons1234
nmi,nyam1285
nmk,nama1268
nml,ndem1249
nmp,nima1245
nmq,namb1291
nmr,nimb1256
nms,lete1241
nmt,namo1247
nmv,ngam1265
nmw,nimo1246
nmx,nama1266
nmy,namu1246
nnc,nanc1253
nnd,west2513
nne,ngan1300
nnf,ngai1241
nng,mari1416
nnj,nyan1315
nnl,nort2725
nnn,nget1241
nnp,wanc1238
nnq,ngin1244
nnr,naru1238
nns,ning1271
nnu,dwan1238
nnv,nugu1241
nnw,sout2795
nny,nyan1300
nnz,ndan1241
noc,nukk1240
noe,nima1243
nof,noma1262
noh,nomu1240
noi,noir1238
nok,nook1247
nop,numa1254
noq,ngon1267
nos,east2349
nou,ewag1241
noy,noyy1238
noz,nayi1243
npb,nupb1238
nph,phom1236
npi,nepa1254
npl,sout2973
npn,mond1265
npo,poch1243
nps,nips1240
nqg,eden1244
nqk,kura1248
nqm,ndom1245
nqn,nenn1238
nra,ngom1270
nrc,nori1240
nre,sout2732
nrg,nara1263
nrp,nort1401
nrt,tual1242
nru,yong1270
nrx,ngur1260
nsa,sang1321
nsc,nshi1235
nsd,sout2723
nsf,farn1234
nsg,ngas1238
nsh,ngos1238
nsi,nige1240
nsp,nepa1250
nsr,mari1381
nss,nali1245
nsu,sier1248
nsw,navu1237
nsx,nson1238
nsy,nasa1239
nte,nath1238
nti,nati1243
ntk,ikom1245
ntr,delo1240
ntu,natu1246
ntw,nott1246
nty,mant1265
ntz,nata1252
nua,yuag1237
nud,ngal1300
nue,ngun1266
nug,nung1291
nuh,ndun1251
nui,ngum1255
nuj,nyol1238
nuk,nuuc1236
nul,nusa1245
nuo,nguo1239
nuq,nuku1258
nur,nuku1259
nuu,ngbu1241
nuw,ngul1236
nuz,tlam1239
nvh,nasa1240
nvm,nami1258
nvo,nyok1243
nwa,nawa1259
nwm,nyam1279
nwo,nauo1235
nwr,nawa1258
nxa,naue1237
nxd,ngan1302
nxe,nage1237
nxi,nind1242
nxl,sout2895
nxm,numi1241
nxo,ndam1254
nxq,naxi1245
nxr,ning1274
nxu,nara1265
nxx,nafr1241
nyb,nyan1302
nyc,nyan1303
nyd,nyor1244
nye,nyen1257
nyf,giry1241
nyg,nyin1248
nyk,nyan1305
nyl,nyeu1238
nyq,nayi1242
nyr,nyih1239
nyu,nyun1248
nyw,nyaw1245
nyx,ngan1296
nyy,nyak1260
nza,tigo1236
nzb,njeb1242
nzi,nzim1238
nzy,nzak1246
nzz,nang1261
oar,olda1245
obi,obis1242
obl,oblo1238
obo,obom1235
obr,oldb1235
obu,obul1239
och,oldc1244
odk,oddd1238
odt,oldd1237
odu,odua1238
ofo,ofoo1242
ofs,oldf1241
ofu,efut1242
ogc,ogba1241
oge,oldg1234
ogg,ogbo1242
oia,oira1263
oin,ineb1235
ojb,nort2961
ojc,cent2136
ojp,oldj1239
ojw,west1510
okb,okob1241
okd,okod1238
oke,okpe1250
okh,kore1279
oki,okie1245
okj,okoj1239
okk,kwam1254
okl,oldk1238
okn,okin1246
okr,kiri1254
oks,okoe1238
okx,okpe1249
ola,walu1241
ole,olek1239
olm,olom1241
olo,livv1243
omi,omii1238
omk,yuka1240
oml,ombo1238
omn,mino1236
omo,utar1238
omr,oldm1244
omt,omot1239
omu,omur1241
omw,sout2943
omx,oldm1242
onb,ling1262
oni,onin1245
onj,onjo1240
onk,kabo1248
onn,onob1238
onp,sart1249
onr,nort2907
onu,unua1237
onw,oldn1245
onx,onin1237
oog,ongg1239
oor,oorl1238
oos,oldo1234
opa,okpa1238
opk,kopk1238
opo,opao1240
ora,oroh1237
orc,orma1241
org,orin1239
orh,oroq1238
orn,oran1258
orr,orum1241
ors,oran1259
orv,oldr1238
orx,oroo1241
ory,oriy1255
orz,ormu1248
osc,osca1245
osi,osin1237
oso,osos1238
osp,olds1249
ost,osat1238
osu,sout2932
otd,otda1235
oti,otii1244
otl,tila1239
otn,tena1241
ots,esta1236
ott,temo1245
otu,otuk1240
otw,otta1242
otx,texc1235
oty,oldt1248
oub,glio1241
oue,oung1239
oui,oldu1238
oum,ouma1237
oun,oung1238
owl,oldw1239
oyd,oyda1235
oyy,oyao1237
pae,pagi1243
paf,para1313
pai,peee1238
pal,pahl1241
paq,pary1242
pas,papa1269
pat,papi1254
pax,pank1235
paz,pank1250
pbc,pata1262
pbl,makn1235
pbn,kpas1242
pbo,pape1239
pbp,bady1239
pbt,sout2649
pbu,nort2646
pbv,pnar1238
pby,pyuu1245
pca,sant1454
pcb,pear1247
pcd,pica1241
pce,ruch1235
pcf,pali1274
pcg,pani1256
pch,pard1245
pcj,pare1266
pcl,pard1243
pcn,piti1243
pcw,pyap1239
pda,anam1247
pdc,penn1240
pdi,padi1241
pdn,pode1237
pdt,plau1238
pea,pera1256
ped,mala1494
pee,taje1237
pef,nort2967
pek,penc1239
pel,peka1242
pem,phen1239
peo,oldp1254
pep,kunj1246
peq,sout2984
pex,peta1245
pey,petj1238
pez,east2485
pfa,paaf1237
pfe,peer1241
pfl,pala1330
pga,suda1237
pgg,pang1282
pgi,pagi1244
pgk,rere1240
pgs,pang1286
pha,pahn1237
phd,phud1238
phg,phuo1238
phh,phuk1235
phk,phak1238
phl,phal1254
phm,phim1238
phn,phoe1239
pho,phun1245
phq,phan1254
phr,paha1251
pht,phut1244
phu,phua1239
phv,pahl1240
pic,pinj1243
pie,piro1248
pig,pisa1244
pih,pitc1234
pii,pini1248
pij,pija1235
pin,piam1243
pis,piji1239
piw,pimb1238
pix,piuu1237
piy,piya1245
piz,pije1237
pkb,poko1261
pkc,paek1234
pkg,pakt1239
pkh,pank1249
pkp,puka1242
pkr,atta1243
pkt,male1282
pku,paku1239
pla,mian1254
plb,polo1242
plc,cent2091
pld,pola1249
pli,pali1273
plj,
plk,kohi1248
pll,shwe1236
pln,pale1260
plp,palp1242
plq,pala1331
plr,pala1342
pls,sanm1301
plv,sout2916
plw,broo1239
ply,boly1239
plz,palu1253
pmb,pamb1243
pmc,palu1237
pme,pwaa1237
pmh,maha1305
pmj,sout2729
pml,ling1242
pmm,pomo1271
pmn,pamm1242
pmo,pomm1237
pmq,nort2984
pmr,payn1244
pmu,mirp1238
pmx,poum1235
pmz,sout2999
pna,puna1275
pnb,west2386
pnc,pann1239
pne,west2563
pnh,penr1237
pni,aohe1237
pnl,pale1262
pnm,puna1278
pnn,pina1252
pnp,panc1247
pnq,pana1295
pnr,pani1258
pns,pono1240
pnu,jion1236
pnv,pini1244
pnx,phon1246
pny,piny1238
pnz,pana1293
pof,poke1238
poh,poqo1254
pop,pwap1237
poq,texi1237
pow,sanf1264
ppe,papi1255
ppi,paip1241
ppm,papu1251
ppn,papa1265
ppq,peii1238
pps,sanl1248
ppt,pare1271
ppu,papo1239
ppv,papa1263
prb,luaa1235
prc,para1299
prf,para1306
prg,prus1238
prh,poro1253
pri,paic1239
prl,peru1235
prm,kibi1239
pro,oldp1253
prt,phai1238
pru,pura1253
prw,para1307
pry,pray1239
prz,prov1243
psc,pers1244
pse,cent2053
psg,pena1248
psh,sout2671
psi,sout2672
psl,puer1237
psm,paus1244
psn,pana1303
pso,poli1259
psp,phil1239
psq,pasi1259
psu,saur1252
psy,pisc1239
pth,pata1261
pti,pint1251
ptn,pata1260
ptr,piam1242
ptt,enre1239
ptv,port1286
ptw,pent1242
pty,path1235
pua,west2631
pub,puru1266
pud,puna1267
puf,puna1268
pug,phui1238
puj,puna1266
pum,puma1239
pup,pula1267
puq,puqu1242
pur,puru1264
puu,punu1239
pux,puar1240
puy,puri1259
pwb,pana1298
pwi,patw1250
pwm,molb1237
pwo,pwow1235
pwr,powa1246
pye,pyek1235
pys,para1318
pyu,puyu1239
pyy,pyen1239
pzn,para1302
qbb,oldl1238
qcs,tapa1260
qer,dale1238
qgu,wulg1239
qhr,sabe1248
qkn,oldk1250
qlm,limo1249
qok,oldk1249
qpp,pais1238
qua,quap1242
qud,cald1236
qun,quin1251
qup,sout2990
quq,quin1236
qur,yana1272
quv,saca1238
qux,yauy1235
qva,ambo1252
qve,east2551
qvj,loja1235
qvl,caja1239
qvm,marg1254
qvp,paca1245
qvw,huay1241
qvy,quey1238
qvz,nort2973
qwc,clas1251
qwh,huay1240
qws,sihu1235
qxc,chin1483
qxh,pana1306
qxo,sout2992
qxp,puno1238
qxq,qash1240
qxr,cana1262
qxs,sout2728
qxt,sant1433
qxu,areq1237
qyp,wamp1250
raa,dung1252
rac,rasa1243
raf,west2422
rag,logo1258
rah,rabh1238
rai,ramo1244
rak,tulu1259
raq,saam1282
rar,raro1241
rat,raza1238
rau,raut1239
rav,samp1249
rax,rang1269
ray,rapa1245
raz,raha1237
rcf,reun1238
rdb,rudb1238
rea,rera1240
reb,remb1250
ree,reja1241
reg,kara1481
rei,reli1238
rem,remo1248
rer,rerb1235
res,resh1242
ret,rett1240
rga,rori1237
rge,roma1240
rgk,rang1266
rgn,roma1328
rgs,sout3010
rgu,ring1244
rhg,rohi1238
rhp,yaha1247
ria,rian1262
rie,rien1238
ril,rian1261
rin,nung1292
rir,ribu1241
riu,riun1237
rjg,rajo1237
rjs,rajb1243
rka,krao1238
rkh,raka1237
rki,rakh1245
rkm,mark1256
rkt,rang1265
rmc,carp1235
rmd,trav1237
rme,angl1239
rmf,kalo1256
rmg,trav1236
rmh,murk1238
rmi,loma1235
rmk,romk1240
rmm,roma1332
rmp,remp1241
rmq,calo1236
rms,roma1324
rmu,tavr1235
rmx,roma1331
rmz,marm1234
rna,runa1235
rnd,ruun1238
rnl,rang1267
rnn,roon1237
rnw,rung1255
rob,taee1237
roc,cacg1235
rod,rogo1238
roe,ronj1237
rof,romb1244
rol,romb1245
ror,rong1269
row,dela1251
rpn,repa1237
rpt,rapt1240
rri,riri1237
rsb,roma1241
rsi,renn1236
rtw,rath1243
rub,gung1250
ruc,ruul1235
rue,rusy1239
ruf,lugu1238
ruh,ruga1238
ruk,chee1238
rup,arom1237
ruq,megl1237
ruu,lana1236
ruy,mala1471
ruz,ruma1250
rwk,rwaa1238
rwm,amba1263
rwr,marw1260
ryn,nort2935
rys,yaey1239
saa,saba1276
saf,safa1243
sak,sake1247
sam,sama1314
sao,saus1247
sap,sana1281
saq,samb1315
sar,sara1331
sau,sale1244
sav,saaf1238
saw,sawi1257
sax,saaa1241
say,saya1246
sbb,simb1256
sbd,sout2844
sbg,sege1235
sbh,sori1242
sbi,seti1248
sbj,surb1238
sbk,safw1238
sbl,boto1242
sbm,saga1256
sbn,sind1270
sbo,sabu1253
sbp,sang1330
sbq,sile1255
sbr,semb1240
sbt,kimk1238
sbw,simb1254
sbx,sebe1242
sby,soli1239
sbz,sara1319
scb,chut1247
scf,sanm1305
scg,sang1339
sch,saka1283
sci,sril1245
sck,sadr1248
sco,scot1243
scp,hela1238
scq,saoc1239
scu,shum1243
scv,shen1251
scw,shaa1247
scy,
sdb,shab1251
sdc,sass1235
sde,suru1258
sdf,sarl1241
sdh,sout2640
sdj,suun1239
sdk,sosk1235
sdl,saud1238
sdn,gall1276
sdr,orao1237
sds,sene1271
sdu,saru1242
sdx,sibu1258
sdz,sall1238
sec,sech1246
seg,sege1246
sej,sene1263
sek,seka1250
seo,suar1238
sep,sici1249
seu,seru1244
sev,nyar1245
sew,sewa1251
sez,sent1260
sfb,lang1248
sfe,east2694
sfm,smal1236
sfs,sout1404
sfw,sehw1238
sga,oldi1245
sgb,maga1263
sgc,kips1239
sgd,suri1273
sge,sega1243
sgg,swis1240
sgi,suga1248
sgk,sang1320
sgm,sing1266
sgp,sing1264
sgr,sang1315
sgt,brok1248
sgu,sala1269
sgx,sier1246
shc,sond1250
shd,kund1257
she,shek1245
shl,shen1247
sho,shan1282
shq,sala1266
shr,shii1238
shw,shwa1239
shx,shee1238
sia,akka1237
sib,sebo1238
sie,sima1258
sig,paas1238
sih,zire1240
sii,shom1245
sij,numb1247
sik,siki1239
sil,tumu1242
sim,mend1268
siq,soni1260
sir,siri1278
siu,sina1269
siv,suma1269
six,suma1270
siy,siva1239
sjb,saja1241
sje,pite1240
sjk,kemi1239
sjl,saja1240
sjm,mapu1244
sjo,xibe1242
sjp,surj1235
sjs,senh1238
sjt,ters1235
sju,umes1235
skc,sauk1252
ske,seke1241
skg,saka1291
skk,sokk1239
skm,saka1292
skn,koli1253
sko,seko1242
skp,seka1248
skq,sini1242
skr,sera1259
sks,maia1254
skt,saka1287
skw,skep1238
skx,seko1243
sky,sika1261
skz,seka1247
sle,shol1240
slf,swis1235
slg,selu1243
sli,lowe1388
slj,salu1254
slm,pang1291
slq,salc1238
slt,sila1247
slw,sial1240
slx,sala1268
smb,simb1255
smc,somm1240
smd,sama1300
smf,auwe1239
smg,simb1259
smh,same1240
smj,lule1254
smk,boli1256
sml,cent2092
smm,musa1263
smn,inar1241
smp,sama1313
sms,skol1241
smt,simt1238
smu,somr1240
smv,samv1238
smw,sumb1241
smx,samb1309
smy,semn1249
smz,sime1242
snb,sebu1243
sne,baub1235
sng,sang1331
snh,shin1267
sni,sens1242
snj,rive1257
snl,sang1337
snm,sout2828
snr,siha1245
sns,sout2857
snu,seng1285
snw,sele1249
snx,samm1244
sny,sani1270
snz,sins1241
soa,thai1259
soc,sode1235
sod,song1300
soe,song1305
sog,sogd1245
soh,akaa1242
soi,sonh1238
soj,soii1239
sok,soko1263
sol,solo1257
soo,song1299
soq,kana1288
sor,somr1248
sos,seek1238
sou,sout2746
sow,sowa1245
sox,soca1235
soy,miyo1238
soz,temi1247
spb,sepa1242
spc,sape1238
spd,saep1240
spe,sepa1241
spg,sian1255
spi,sapo1254
spk,seng1284
spm,sepe1240
spq,lore1243
spr,sapa1251
spt,spit1240
sqa,sham1278
sqh,shau1238
sqk,alba1271
sqm,suma1264
sqn,susq1241
sqo,sork1239
sqq,souu1238
sqs,sril1237
sra,saru1243
src,logu1236
sre,sara1329
srf,nafi1237
srg,sulo1237
srh,sari1246
srk,seru1246
srt,saur1251
srv,wara1299
srw,seru1245
srx,sirm1239
sry,sera1260
srz,shah1253
ssc,suba1252
ssg,seim1238
ssh,shih1239
ssi,sans1271
ssj,saus1246
ssk,suna1241
ssl,west2465
ssm,semn1250
sso,siss1243
ssq,cent2074
ssr,swis1241
sss,sooo1254
ssu,susu1251
ssv,shar1244
ssx,samb1321
ssz,seng1281
sta,sett1235
stb,nort2885
std,sent1241
ste,lian1255
stf,seta1245
stg,trie1243
sth,shel1236
sti,bulo1242
stj,maty1235
stk,aram1253
stl,stel1238
stm,seta1246
stn,owaa1237
stq,sate1242
sts,shum1235
stu,samt1238
stv,silt1240
stw,sata1237
suc,west2557
sug,suga1249
suj,shub1238
sut,subt1250
suw,sumb1240
sux,sume1241
suz,sunw1242
svb,ulau1237
svc,vinc1243
sve,seri1255
svk,slov1263
svl,
svm,slav1254
swc,cong1236
swf,sere1264
swg,swab1242
swj,sira1266
swk,mala1475
swm,samo1306
swn,sawk1238
swo,shan1283
swp,suau1242
swq,shar1249
sws,selu1242
swu,suwa1241
sww,sowa1244
swy,saru1245
sxb,suba1238
sxe,sigh1238
sxg,shix1238
sxk,yonc1234
sxm,samr1245
sxr,saar1237
sxs,sasa1247
sxu,uppe1400
sxw,saxw1241
syb,cent2089
syc,clas1252
syi,seki1238
syk,suku1272
syl,sylh1242
sym,maya1281
syo,suoy1242
sys,siny1243
syw,kaga1252
syx,osam1235
syy,alsa1242
szb,ngal1298
szc,sema1265
sze,seze1235
szl,sile1253
szn,sula1248
szv,isuf1235
tad,taus1252
tag,tago1246
tak,tala1295
tal,tall1250
tas,tayb1240
tau,uppe1437
taw,taii1241
tax,tamk1242
taz,toch1257
tbe,tani1255
tbf,mand1440
tbj,tian1237
tbk,cala1258
tbm,tagb1255
tbn,barr1251
tbp,tawo1244
tbr,tumt1243
tbs,tang1356
tbt,temb1270
tbx,kapi1250
tcd,tafi1243
tce,sout2957
tch,turk1310
tci,wara1294
tck,tchi1245
tcl,tama1328
tcm,tana1288
tcn,tich1238
tco,taun1248
tcp,tawr1235
tcq,kaiy1239
tct,tenn1245
tcu,sout2972
tcw,tecp1235
tda,tagd1238
tdb,panc1246
tdc,embe1261
tdd,tain1252
tde,tira1258
tdf,tali1257
tdg,west2415
tdi,toma1248
tdj,taji1246
tdk,tamb1267
tdl,surr1238
tdo,teme1252
tdq,tita1240
tdr,todr1244
tdt,tetu1246
tdu,temp1235
tdv,toro1249
tdx,tand1256
tdy,tady1237
tec,teri1244
tef,tere1272
teg,teke1275
tei,torr1259
tek,ibal1241
ten,tama1340
tes,teng1272
tev,teor1240
tey,tuli1249
tfo,tefa1238
tga,saga1262
tgb,tobi1239
tgd,ciwo1236
tgf,chal1267
tgh,toba1282
tgi,lawu1237
tgj,tagi1241
tgn,tand1258
tgp,tang1347
tgq,trin1273
tgs,nume1241
tgt,cent2090
tgu,tang1355
tgw,tagw1240
tgx,tagi1240
tgy,togo1252
tgz,taga1279
thc,taih1245
the,chit1274
thh,nort2956
thi,tail1247
thk,thar1283
thl,dang1260
thm,aheu1239
thn,thac1235
thq,koch1247
thr,rana1246
tht,tahl1239
thu,thur1255
thy,thaa1239
thz,taya1257
tia,tidi1241
tic,tira1254
tid,tidu1239
tii,tien1242
tij,tilu1238
tim,timb1251
tip,trim1239
tiq,tief1242
tis,masa1307
tiu,adas1235
tiz,taih1246
tja,taju1238
tjg,tunj1244
tji,nort2732
tjl,tail1248
tjn,tonj1246
tjo,tema1243
tjs,sout2739
tju,tjur1240
tka,truk1242
tkb,buks1238
tkd,tuku1254
tke,takw1238
tkf,tuku1240
tkg,tesa1236
tkn,toku1246
tkp,tiko1237
tkq,teee1242
tkt,kath1250
tku,uppe1275
tkv,murp1234
tkx,tang1353
tkz,taku1254
tla,sout2977
tlg,tofa1246
tlk,talo1252
tlm,tolo1255
tln,talo1251
tlp,filo1235
tlq,tail1246
tlr,tali1259
tls,tamb1253
tlt,telu1263
tlu,tule1244
tlv,tali1262
tlx,kheh1237
tmb,katb1237
tme,trem1235
tmf,toba1268
tmg,tern1248
tmi,tutu1241
tmj,sama1240
tmm,tait1248
tmn,tama1335
tmo,temo1243
tmp,taim1250
tmr,jewi1240
tmt,tasm1246
tmv,temb1272
tmw,temu1239
tmy,tami1290
tmz,tama1338
tnb,west2651
tne,tino1235
tng,toba1280
tnh,maia1253
tni,tand1253
tnn,nort2847
tno,toro1255
tnp,whit1269
tnq,tain1254
tnr,bedi1235
tns,teni1244
tnu,tayk1238
tnv,tang1330
tnw,tons1239
tnx,tane1237
tny,tong1320
tnz,tong1308
toc,coyu1235
tod,toma1245
tof,gizr1240
tog,tong1321
toh,gito1238
tom,tomb1243
tor,togb1241
tou,thoo1240
tov,uppe1235
tox,tobi1238
toy,topo1243
toz,tooo1238
tpa,taup1242
tpc,azoy1236
tpe,tipp1239
tpf,tarp1240
tpg,kula1280
tpl,tlac1237
tpp,pisa1237
tpu,tamp1251
tpv,tana1281
tpw,tupi1274
tpz,tinp1237
tql,leha1243
tqm,turu1250
tqn,teni1238
tqp,tomo1244
tqq,tunn1238
tqr,toro1251
tqt,west1511
tqu,touo1238
tra,tira1253
trb,tere1276
trd,turi1246
tre,east2465
trf,trin1276
trh,tura1265
trj,tora1267
trl,trav1235
trm,treg1243
trq,sanm1298
trt,tung1293
tru,turo1239
trx,trin1271
try,turu1249
trz,tora1263
tsa,tsaa1242
tsb,tsam1247
tsc,tswa1255
tsd,tsak1248
tse,tuni1249
tsh,tsuv1243
tsk,sder1236
tsl,tsun1242
tsr,akei1237
tst,tond1249
tsw,tsis1238
tsx,muba1238
tsy,tebu1240
ttb,gaaa1245
ttd,taua1242
tte,bwan1241
ttf,tuot1238
ttg,tuto1241
tth,uppe1406
ttj,toor1238
ttk,toto1306
ttl,tote1238
ttn,towe1240
tto,lowe1395
ttp,tomb1245
tts,nort2741
ttu,tora1259
ttw,long1406
ttz,tsum1240
tua,wiar1238
tuc,mutu1242
tud,tuxa1239
tug,tuni1251
tuj,tugu1246
tul,tula1252
tum,tumb1250
tuu,tutu1242
tux,tuxi1238
tuy,tuge1241
tuz,turk1306
tva,vagh1249
tvd,tsuv1239
tve,teun1241
tvm,tela1241
tvn,tavo1242
tvs,tave1240
tvu,tune1261
tvw,sedo1237
tvy,timo1258
twb,west2559
twc,tesh1239
twd,twen1241
twe,teiw1235
twg,tere1277
twh,taid1250
twl,tawa1270
twn,twen1242
two,tswa1237
twp,eree1241
twq,tasa1240
twr,sout2971
twt,turi1247
tww,tuwa1242
twx,tewe1238
twy,tawo1243
txa,tomb1244
txc,tset1236
txe,toto1304
txg,tang1334
txh,thra1250
txj,tarj1235
txm,tomi1243
txo,toto1302
txq,tiii1241
txr,tart1237
txs,tons1240
txt,cita1245
txy,tano1246
tye,kyen1242
tyh,oduu1239
tyi,teke1281
tyj,taid1248
tyn,komb1274
tyr,taid1249
tys,tays1238
tyt,tayt1241
tyu,kuaa1238
tyx,teke1276
tyz,tayy1238
tzi,
tzj,tzut1248
tzl,talo1253
tzo,tzot1259
tzx,tabr1243
uam,uamu1236
uan,kuan1246
uar,tair1256
uba,uban1243
ubi,ubii1238
ubr,ubir1237
uda,udaa1238
udg,mudu1239
udj,ujir1237
udu,uduk1239
ues,kiok1239
ufi,ufim1240
uga,ugar1238
ugb,kuku1281
uge,ughe1237
ugo,ugon1239
ugy,urug1238
uha,uham1238
uhn,dama1272
uis,uisa1238
uiv,iyiv1238
uji,tanj1247
uka,kabu1249
ukg,ukur1240
ukh,ukhw1241
ukl,ukra1235
ukp,ukpe1247
ukq,ukwa1238
uku,ukue1238
ukw,ukwu1241
uky,kuuk1243
ula,fung1245
ulb,uluk1257
ulf,usku1243
ull,ulla1237
ulm,ulum1237
uln,unse1236
ulu,umal1238
ulw,ulwa1239
umd,umbi1243
umg,umbu1256
umi,ukit1237
umm,umon1238
umn,maky1235
umr,umbu1235
ums,pend1242
una,nort2857
une,unem1238
unn,gana1278
unu,unub1234
unz,unde1235
upi,umed1238
urc,urni1239
urg,urig1240
urm,urap1239
urn,urua1244
uro,urap1240
urp,urup1235
urr,leha1244
uru,urum1250
urv,urua1242
urw,sopp1247
urx,urim1251
ush,usho1238
usi,usui1238
usk,usag1244
usp,uspa1245
usu,uyaa1238
uta,otan1238
utp,amba1266
utr,etul1245
utu,utuu1240
uun,
uuu,uuuu1243
uve,west2516
uvh,urii1240
uvl,lote1237
uya,doko1243
uzs,sout2699
vae,vale1250
vah,varh1239
val,vehe1237
vao,vaoo1237
vap,vaip1239
vau,vanu1242
vav,varl1238
vbb,sout2883
vel,velu1238
vem,vemg1240
veo,vent1242
ver,momj1237
vgr,vagh1246
vgt,vlaa1235
vic,virg1240
vid,vidu1238
vig,viem1243
vin,vinz1238
vis,vish1243
vit,viti1241
vki,ijaz1238
vkj,kuja1239
vkk,kaur1269
vkl,kuli1254
vkm,kama1372
vko,kode1237
vkp,korl1238
vku,kurr1243
vlp,valp1237
vls,vlaa1240
vmc,juxt1235
vmd,mudu1241
vme,east2462
vmf,main1267
vmg,mini1251
vmh,mara1373
vmi,miwa1242
vmj,ixta1235
vmk,makh1260
vml,malg1242
vmm,mitl1235
vmp,soya1237
vmq,soya1236
vmr,mare1260
vms,moks1249
vmu,mulu1243
vmv,vall1252
vmw,makh1264
vmx,tama1339
vmy,ayau1235
vmz,maza1296
vnk,vano1237
vnp,vuna1239
vor,voro1240
vra,vera1241
vrs,vari1239
vrt,burm1263
vsi,mold1243
vsl,vene1237
vsv,vale1251
vto,vito1235
vum,vumb1238
vun,vunj1238
vwa,awac1238
wab,wabb1237
wad,wand1267
wae,wals1238
waf,wako1235
wag,waem1237
wah,watu1247
wai,ware1254
waj,waff1241
wat,kani1281
wav,waka1275
waz,wamp1248
wbb,wabo1240
wbe,wari1264
wbf,wara1292
wbh,wand1264
wbi,vwan1235
wbm,nucl1290
wbq,wadd1237
wbr,wagd1238
wbw,woii1237
wci,waci1239
wdd,wand1266
wdg,wada1263
wdu,wadj1255
wea,wewa1238
wec,wewe1238
weh,wehh1238
wei,were1244
weo,nort2864
wes,came1254
wet,pera1257
wew,weje1237
wfg,yafi1240
wga,waga1260
wgb,waga1268
wgo,waig1244
wgu,wira1265
wha,manu1258
whk,waha1238
whu,waha1239
wie,wike1239
wif,wikk1239
wih,wikm1246
wii,mini1253
wij,wiki1239
wik,wika1238
wil,wila1240
wir,wira1264
wiu,wiru1244
wja,waja1259
wji,warj1253
wka,kwad1248
wkb,kumb1267
wkd,wakd1237
wkl,kala1255
wku,kund1253
wla,nucl1453
wlc,mwal1237
wli,waio1238
wlk,wail1244
wll,wali1262
wln,wall1255
wlr,wail1242
wlu,wuli1242
wlv,wich1263
wlw,wala1269
wlx,wali1263
wly,wali1261
wma,mawa1236
wmc,wama1247
wmh,waim1252
wmi,wami1239
wmm,maiw1250
wmn,waam1236
wmo,womp1235
wmw,mwan1247
wnb,wana1269
wne,wane1241
wni,ndzw1235
wnk,wanu1241
wnm,wang1289
wno,wano1243
wnp,wana1268
wny,wany1247
woc,woge1237
wod,wola1243
wof,gamb1252
wok,long1387
wom,womn1235
won,wong1247
woo,mano1275
wor,wori1246
wow,wawo1239
woy,weyt1237
wpc,maco1239
wre,ware1252
wrh,wira1262
wri,wari1262
wrk,gara1269
wrl,warl1255
wrn,warn1244
wro,worr1237
wru,waru1266
wrv,waru1267
wrw,gugu1256
wrx,waer1237
wry,merw1238
wsi,wusi1237
wsr,owen1244
wss,wasa1244
wsu,wasu1238
wsv,wota1240
wtf,dump1243
wtk,wata1251
wtm,mewa1250
wtw,wotu1240
wua,wikn1246
wub,wuna1249
wud,wudu1238
wuh,wutu1241
wul,sili1249
wum,wumb1242
wun,bung1265
wur,wurr1238
wut,wutu1244
wuv,wuvu1239
wux,wuln1239
wuy,wauy1237
wwb,waka1282
wwo,weta1242
www,wawa1246
wxa,waxi1236
wym,wymy1235
wyr,wayo1238
xaa,anda1287
xab,samb1307
xad,adai1235
xag,aghw1237
xai,kaim1235
xan,xamt1239
xap,apal1237
xar,kara1497
xat,kata1270
xau,kauw1242
xay,kaya1324
xbc,bact1239
xbn,kena1236
xbo,bolg1250
xbw,kamb1239
xcc,camu1235
xce,celt1247
xcg,cisa1237
xcn,coto1248
xco,khwa1238
xcr,cari1274
xct,clas1254
xcv,chuv1256
xcy,cayu1241
xdc,daci1234
xdy,mala1480
xeb,ebla1238
xeg,xegw1238
xel,kelo1246
xem,kemb1249
xes,kesa1244
xeu,keor1235
xfa,fali1291
xga,gala1252
xgb,gbin1239
xgu,ungg1243
xhd,hadr1235
xhe,khet1238
xht,hatt1246
xhu,hurr1240
xib,iber1250
xii,xiri1242
xil,illy1234
xip,xipi1238
xka,kalk1245
xkb,mani1294
xkc,khoi1250
xkd,mend1267
xke,kere1285
xkf,khen1241
xkg,kago1248
xkh,kara1475
xkj,kaja1247
xkk,kaco1239
xkl,main1275
xkn,kaya1325
xko,kior1239
xkq,koro1311
xkr,xakr1238
xks,kumb1274
xkt,kant1249
xku,kaam1238
xkv,kgal1244
xkw,kemb1250
xkx,karo1298
xky,umal1239
xkz,kurt1248
xla,kamu1260
xlc,lyci1241
xld,lydi1241
xle,lemn1237
xlo,loup1243
xlp,lepo1240
xls,lusi1235
xlu,cune1239
xly,elym1237
xma,mush1238
xmb,mbon1252
xmc,makh1262
xmd,mbed1242
xmg,meng1264
xmh,kuku1283
xmi,miar1236
xmj,maje1243
xml,mala1412
xmo,more1262
xmp,kuku1282
xmr,mero1237
xms,moro1242
xmt,matb1237
xmv,anta1255
xmw,tsim1257
xmx,made1253
xmy,maya1280
xmz,mori1268
xna,anci1245
xnb,kana1286
xnn,nort2877
xno,angl1258
xoc,ochi1235
xod,koko1265
xog,soga1242
xoi,komi1271
xoo,xuku1239
xop,kopa1248
xow,kowa1245
xpc,pech1242
xpg,phry1239
xpi,pict1238
xpk,kuli1255
xpm,pump1237
xpn,kapi1248
xpo,poch1244
xpr,part1239
xps,pisi1234
xpu,puni1241
xqt,qata1238
xrb,east2398
xre,krey1238
xrn,arin1243
xrr,raet1238
xru,marr1256
xrw,kara1495
xsa,saba1279
xsb,tina1248
xsd,side1240
xse,semp1241
xsh,sham1277
xsn,sang1329
xsp,silo1240
xsq,makh1266
xss,assa1266
xsy,sais1237
xta,alco1235
xtb,chaz1235
xtd,diux1235
xtg,tran1282
xti,sini1243
xtj,sanj1282
xtl,tija1235
xtm,magd1235
xtn,nort2985
xtp,sanm1294
xtq,tums1237
xts,sind1277
xtt,taca1257
xtu,cuya1240
xtw,tawa1278
xty,yolo1241
xua,aluk1238
xug,kuni1268
xum,umbr1253
xur,urar1245
xut,kuth1240
xve,vene1257
xvi,kamv1242
xwc,wocc1242
xwe,xwel1235
xwl,west2456
xwr,kwer1263
xxb,boro1283
xxr,coro1248
xxt,tamb1257
xya,yayg1236
xyl,yala1242
xyy,yort1237
yac,pass1247
yaj,band1348
yak,yaki1237
yal,yalu1240
yan,maya1285
yav,yang1293
yay,agwa1247
yaz,loka1252
yba,yala1263
ybh,yakk1236
ybj,hash1238
ybk,bokh1237
ybl,yuku1243
ybm,yabe1255
ybn,yaba1249
ybo,yabo1240
ybx,yawi1238
yby,yawe1241
ych,ches1238
ycl,lolo1259
ycp,chep1243
yde,yang1297
ydg,yidg1240
ydk,yoid1240
yec,yeni1236
yei,yeni1253
yej,yeva1238
yel,yela1238
yes,yesk1239
yet,yetf1238
yev,yapu1240
ygl,yang1295
ygm,yago1240
ygp,gepo1234
ygs,yoln1234
ygw,yagw1240
yha,baha1256
yhd,jude1266
yhl,hlep1236
yif,ache1244
yig,wusa1235
yik,dong1286
yil,yind1248
yim,yimc1240
yin,yinc1238
yip,phol1235
yiq,miqi1235
yir,nort2918
yis,yiss1240
yiu,awuu1235
yiv,nort2718
yix,axiy1235
yiz,azhe1235
yki,yoke1238
ykk,yaka1275
ykl,khlu1236
ykm,kapp1237
ykn,kuan1249
yko,yasa1242
ykr,yeko1240
ykt,kath1251
yku,kuam1234
yla,yaul1241
ylg,yelo1243
ylm,limi1243
yln,lang1316
ylo,nalu1239
ylu,arib1240
ymb,yamb1254
ymc,sout2722
ymd,muda1235
ymh,mili1235
ymi,moji1238
ymk,makw1236
yml,iama1237
ymm,maay1238
ymn,yamn1237
ymo,yang1296
ymp,yama1260
ymq,qila1235
ymr,mala1458
ymx,nort2716
ymz,muzi1235
yna,aluo1235
yng,yang1289
ynl,yang1298
yno,yong1277
ynq,yend1241
ynu,yahu1241
yob,yoba1237
yog,yoga1237
yoi,yona1241
yom,yomb1244
yot,yott1234
yox,yoro1243
yoy,yoyy1238
ypa,phal1256
ypb,labo1243
ypg,phol1237
yph,phup1237
ypm,phum1235
ypn,anip1235
ypo,alop1235
ypp,phup1239
ypz,phuz1235
yra,yera1243
yrn,yero1238
yrw,yara1250
ysd,sama1295
ysg,sona1244
ysl,yugo1238
ysn,sani1269
yso,nisi1238
ysy,sani1265
yta,talu1238
ytl,tang1372
ytp,thop1236
ytw,yout1234
yub,yuga1244
yud,jude1264
yug,yugh1239
yun,bena1260
yut,yopn1238
yuw,yaum1237
ywa,kalo1262
ywl,west1506
ywq,wudi1238
ywu,wume1235
yww,yawa1258
yyr,jirj1239
yyu,yaus1235
yyz,ayiz1244
yzg,emab1235
yzk,zokh1238
zac,ocot1244
zad,cajo1238
zae,yare1249
zaf,ayoq1235
zah,zang1255
zaj,zara1247
zak,zana1238
zal,zauz1238
zam,miah1235
zao,ozol1235
zaq,aloa1235
zar,rinc1236
zas,sant1450
zat,taba1268
zau,zang1248
zax,xada1235
zaz,zari1242
zbc,cent2098
zbe,east2486
zbt,batu1260
zbw,west2564
zca,coat1244
zch,cent2009
zdj,ngaz1238
zeg,zena1237
zeh,east2363
zgm,minz1236
zgn,guib1244
zgr,mago1248
zhb,zhab1238
zhd,daiz1235
zhi,zhir1238
zhn,nong1247
zhw,zhoa1238
zia,ziaa1250
zib,zimb1247
zil,zial1235
zim,mesm1239
zin,zinz1238
zir,ziri1239
ziw,zigu1244
ziz,zizi1238
zka,kaim1241
zkb,samo1299
zkg,kogu1234
zko,kott1239
zkr,zakh1243
zkt,kita1247
zku,kaur1267
zlj,liuj1238
zln,lian1252
zlq,liuq1235
zma,mand1416
zmb,zimb1251
zmd,mari1422
zme,mang1382
zmf,mfin1238
zmg,mart1254
zmh,mako1250
zmj,mari1421
zmk,mand1417
zmm,mari1417
zmn,mban1268
zmo,molo1257
zmp,mpuo1241
zms,mbes1238
zmv,mbar1253
zmw,mbod1238
zmx,bomi1238
zmy,mari1423
zmz,mban1263
zna,zang1249
zng,mang1378
znk,mana1248
zns,mang1416
zom,zouu1235
zoo,asun1236
zoq,taba1264
zpa,lach1250
zpb,yaut1235
zpc,choa1237
zpe,peta1247
zpf,sanp1261
zpg,guev1238
zph,toto1308
zpj,quia1235
zpk,tlac1240
zpl,lach1249
zpn,sant1447
zpo,amat1238
zpp,elal1235
zpr,sant1452
zps,coat1243
zpt,sanv1242
zpu,yala1267
zpv,chic1274
zpw,zani1235
zpx,sanb1241
zpy,maza1294
zqe,qiub1238
zrg,mirg1238
zrn,zire1244
zsa,sara1323
zsl,zamb1239
zsr,sout3004
zsu,suku1264
zte,elot1235
ztg,xana1235
ztl,lapa1249
ztm,sana1286
ztn,sant1448
ztp,loxi1235
ztq,quio1241
zts,tilq1235
ztt,teja1235
ztx,zaac1239
zty,yate1242
zua,
zuh,toka1244
zum,kumz1235
zuy,zuma1239
zwa,zayy1238
zyb,yong1276
zyg,yang1286
zyj,youj1238
zyn,yong1275
zyp,zyph1238
zzj,zuoj1238
adb,adab1235
adu,adug1238
afh,afri1275
ahr,ahir1243
ajn,anda1282
aqt,anga1316
ara,
arc,impe1235
avm,angg1238
axe,ayer1246
axm,
aze,
bal,
bbx,bubi1249
bcb,bain1260
bcg,baga1275
bdf,biag1234
bhx,bhal1245
bic,bika1251
bik,
bjp,make1251
blg,bala1306
bpo,anas1239
bqf,baga1271
bso,buso1242
bsv,baga1274
bua,buri1258
bvp,buma1247
bzt,brit1244
cca,cauc1241
cdg,cham1329
cek,east2779
chm,mari1278
ckn,kaan1248
clj,lait1239
cmg,
cmm,
cno,cona1234
cnx,
cpo,kpee1234
cpy,sout3127
cre,cree1272
csj,song1313
ctc,chet1237
cth,thai1262
czk,west3000
dda,dadi1251
ddr,dhud1236
del,comm1246
den,slav1253
dgl,dong1288
dgt,ndra1239
dgu,dega1238
dgw,daun1234
dhx,dhun1239
din,dink1262
dja,
dmd,madh1244
dmw,mudb1240
dnj,nucl1770
dnv,danu1251
doi,indo1311
dov,domb1246
drr,doro1267
dso,desi1235
dth,
dtn,daat1234
dto,tomm1242
dws,dutt1234
dwu,nucl1333
dwy,dhuw1250
dze,djiw1241
eaa,
ebk,east2881
ekc,
emm,mamu1257
enl,nort2971
enx,sout2989
esg,aher1237
esy,eska1234
etc,
eza,ezaa1238
fas,
fat,fant1241
fbl,oass1237
fnb,orko1234
fom,foma1238
ful,fula1264
gac,mixe1288
gba,
gbw,kabi1260
gdt,
geg,geng1243
gih,cond1242
gjm,warr1257
gjr,guri1249
gli,guli1244
gll,kala1380
gmg,magi1244
gmz,mgbo1238
goj,gowl1242
gok,gowl1241
gon,nort3258
grb,greb1256
grn,
gtu,aghu1256
gwm,awng1245
hai,haid1248
hbs,sout1528
hmk,
hmn,
hrc,niwe1234
hrp,nhir1234
hrw,anir1237
htx,
idb,dama1278
ido,idoo1234
ids,ides1238
igs,inte1261
ihi,ihie1238
iin,thii1234
iku,
ile,inte1260
ilm,saba1284
ilp,phil1247
ims,
ipk,inup1234
iqw,ikwo1238
irr,irrr1240
isk,ishk1246
itd,sout3241
izz,izii1239
jan,jand1248
jbe,jude1262
jbi,badj1244
jbo,lojb1234
jbw,yawi1239
jgk,ging1241
jjr,bank1257
jka,kaer1234
jkp,paku1238
jog,jogi1234
jrb,
jui,ngad1257
kau,
kel,kela1254
kfi,kann1253
kgm,kari1309
kgw,karo1303
kjf,khal1270
kjv,kajk1237
kkn,konk1268
kok,
kom,komi1267
kon,
kpe,
kqh,kisa1264
kso,kofa1236
kvt,laht1236
kym,kpat1244
kyp,kang1282
kyv,kayo1247
lab,
lah,
lal,lali1242
lau,laba1241
lay,lama1289
lba,luia1234
lbg,laop1234
lbl,libo1242
lda,klad1234
ldn,laad1235
len,lenc1239
lja,golp1234
ljw,yira1239
lku,kuun1236
llj,ladj1234
llo,khlo1239
lmh,lamb1277
lng,
lnw,
lnz,lonz1238
lov,lopi1243
lrk,loar1234
lso,laos1235
ltg,east2282
lur,laur1249
luu,lumb1250
lvs,stan1325
man,
mct,meng1263
mga,midd1360
mis,
mjb,makl1245
mon,mong1331
msa,
mul,
mwr,
mwx,medi1249
myd,mara1407
myi,mina1267
mzx,mawa1271
ndf,
nei,
njd,ndon1252
nkq,nkam1239
nlq,laon1234
nlw,wala1263
nmj,ngom1265
nno,norw1262
nol,noml1242
nom,noca1240
nov,novi1234
npg,pony1234
npu,puim1234
nqo,nkoa1234
nqq,chen1271
nqy,akya1234
nrf,jerr1238
nrk,ngar1296
nrn,oldn1246
nrr,norr1243
nsv,sout3128
ntd,nort3262
ntg,
ntx,burm1267
nwc,
nwg,
nwx,
nwy,
nxk,koka1245
nzu,teke1279
oav,
obk,sout3368
obm,moab1234
obt,
oco,oldc1252
oda,odut1238
oht,
ohu,oldh1242
oji,
okg,koko1273
okm,
oko,
olk,olko1234
olr,olra1234
olt,oldl1240
olu,kuva1244
omp,
ont,onte1239
orm,
ota,otto1234
otb,
otk,oldt1247
pgd,gand1259
pgl,
pgn,
pgz,papu1255
phw,phan1256
pka,
pmd,pall1243
pmk,
pnj,pinj1244
pnk,paun1241
pog,poti1237
pok,poka1242
ppp,pele1244
prd,pars1252
prp,pars1251
ptq,patt1247
puc,puna1274
puk,puko1234
pus,nucl1276
put,puto1237
pxm,quet1239
pyx,burm1262
que,
qwm,cuma1241
qwt,kwal1258
qya,quen1234
raj,
rbk,
rbl,dara1251
rbp,bara1404
rkw,arak1254
rmv,roma1338
rnr,nari1241
rrt,arit1239
rsm,miri1273
rtc,rung1263
rts,yura1256
rui,rufi1234
rxd,ngar1288
rxw,karr1236
rzh,jaba1234
sbv,sabi1245
scx,sicu1234
sdt,shua1252
seb,shem1239
sgj,surg1246
sgs,samo1265
sgy,sang1344
shz,syen1235
sjn,sind1281
ska,skag1239
sls,sing1237
sno,snoh1241
spn,sana1298
spv,samb1325
spx,sout2618
sqi,alba1267
sqr,sicu1235
srd,
sty,sibe1250
svx,
swa,
sxc,sica1234
sxl,
sxo,
syr,
szd,seru1247
tbb,tape1236
tbv,tobo1251
tdm,taru1236
teb,tete1252
tgr,tare1239
tgv,ting1238
thw,thud1238
tjw,djab1234
tlh,klin1234
tmh,tuar1240
tmk,nort3144
tpk,tupi1272
tpo,taip1250
twm,tawa1289
tyl,thul1247
ubl,buhi1243
ule,lule1238
umc,
und,
unx,mund1321
uzb,uzbe1247
vaj,vase1234
vbk,
vol,vola1234
vro,sout2679
wdk,wadi1261
wdy,
weg,werg1234
weu,wela1234
wky,
wlm,
wmx,womo1238
wnn,wunu1234
wnw,nucl1651
wrd,ward1243
wsg,utno1237
wth,wath1238
wxw,ward1248
wyi,woiw1237
xae,
xaj,
xak,maku1246
xao,khao1244
xaq,
xbb,
xbd,
xbe,biga1237
xbg,bung1264
xbj,birr1241
xbm,
xbp,bibb1234
xby,baty1234
xcb,
xcu,
xda,hawk1239
xdk,sydn1236
xdm,edom1234
xep,
xgd,guda1244
xgf,tong1329
xgg,gore1235
xgi,
xgl,
xgm,dhar1248
xgr,garz1234
xgw,guwa1242
xha,
xhc,
xhr,hemi1234
xhv,khua1243
xin,xinc1237
xis,kisa1261
xiv,hara1272
xjb,twee1234
xjt,jait1239
xlb,loup1245
xlg,anci1248
xli,
xln,
xme,
xmk,
xmn,
xmq,kuku1279
xng,midd1351
xnh,kuan1250
xni,ngar1297
xnk,
xnt,narr1280
xnu,
xny,nija1241
xnz,kenu1243
xpa,pirr1240
xpj,mpal1238
xpp,
xpq,pequ1242
xpt,punt1240
xpy,
xqa,
xrd,gund1248
xrg,
xrm,
xrq,
xrt,aran1265
xsc,
xso,sanf1266
xsv,sudo1236
xth,yith1234
xtr,
xtv,sout2771
xtz,tasm1247
xud,umii1236
xul,ngun1277
xun,ungg1244
xup,uppe1436
xvn,
xvo,vols1237
xvs,
xwd,wadi1260
xwj,waju1234
xwk,wong1246
xwo,
xwt,wotj1234
xww,wemb1241
xxm,mink1237
xyb,yand1261
xyj,mayi1235
xyk,mayi1236
xyt,mayi1234
xzh,zhan1239
xzm,zemg1234
xzp,
yax,yaum1238
yda,yand1251
yga,maly1234
ygi,
ygu,yugu1250
yhs,
yit,east2696
ylb,
ymg,yamo1246
yms,mysi1239
yne,lang1333
yol,east2834
yro,yaro1235
yrs,yars1234
yry,yarl1238
ysc,jass1238
ysp,sout3129
yty,
ywg,yinh1234
yxa,
yxg,yaga1262
yxl,yard1234
yxm,yinw1236
yxu,yuuy1234
yxy,yabu1234
zap,zapo1437
zbl,blis1239
zgh,stan1324
zha,nort3180
zho,
zkd,kadu1254
zkh,
zkn,gana1267
zkv,krev1234
zkz,
zra,
zrp,zarp1238
zsk,
zxx,
zza,zaza1246
svr,sava1244
cbe,chip1236
cbh,cagu1236
coy,coya1241
cqu,chil1283
cum,cume1234
guv,geya1234
iap,iapa1241
kox,coxi1236
kvs,kung1262
nts,nata1238
ome,omej1234
pod,pona1251
ppa,paoo1245
toe,tome1239
xba,kamb1287
xbx,kabi1264
yri,yari1235
