Language Name,Dialect(s) Name(s),Language Iso,Dialect(s) Iso,Language Glot,Dialect(s) Glot
Aari-Gayil,"Aari, Gayil",aiz,"aiw, gyl",aari1238,"aari1239, gayi1237"
Aari,,aiw,,aari1239,
Aariya,,aay,,aari1240,
Aasax,,aas,,aasa1238,
Ababuan,"Bali-Beeke, Old Bomokandian",,,abab1240,"bali1286, oldb1234"
Abadi,,kbt,,abad1241,
Abaga,,abg,,abag1245,
Abai Sungai,,abf,,abai1240,
Abai Tubu-Abai Sembuak,,,,abai1241,
Abanyom,,abm,,aban1242,
Abanyom-Nkem-Nkum,"Abanyom, Nkem-Nkum",,"abm, isi",aban1245,"aban1242, nkem1242"
Mungbam,"Missong, Mungba, Abar, Biya, Munken, Ngun",mij,,abar1238,"miss1255, mung1275, abar1239, biya1235, munk1244, ngun1279"
Abau,,aau,,abau1245,
Abaza,"Ashkaraua, Bezshagh, Tapanta",abq,,abaz1241,"ashk1247, bezs1238, tapa1256"
Abé,"Abbey-Ve, Kos, Morie, Tioffo",aba,,abee1242,"abbe1238, koss1238, mori1266, tiof1238"
Abellen-Botolan,"Abenlen Ayta, Botolan Sambal",,"abp, sbl",abel1234,"aben1249, boto1242"
Abenlen Ayta,,abp,,aben1249,
Abenaki,"Eastern Abenaki, Western Abenaki",,"aaq, abe",aben1250,"east2544, west2630"
Abidji,"Enyembe, Ogbru",abi,,abid1235,"enye1238, ogbr1242"
Abinomn,,bsa,,abin1243,
Abipon,,axb,,abip1241,
Aewa,,ash,,abis1238,
Abkhaz-Adyge,"Abkhaz-Abaza, Circassian, Ubykh",,uby,abkh1242,"abkh1243, circ1239, ubyk1235"
Abkhaz-Abaza,"Abaza, Abkhaz",,"abq, abk",abkh1243,"abaz1241, abkh1244"
Abkhaz,"Abzhui, Bzyb, Samurzakan",abk,,abkh1244,"abzh1238, bzyb1238, samu1242"
Abo-Barombi,"Bankon, Barombi",,"abb, bbi",abob1234,"bank1256, baro1252"
Abom,,aob,,abom1238,
Abon,,abo,,abon1238,
Abron,,abr,,abro1238,
Abua-Odual,"Abua, Obulom-Ochichi, Odual",,"abn, obu, odu",abua1243,"abua1244, obul1239, odua1238"
Abua,"Central Abuan, Emughan, Okpeden, Otapha",abn,,abua1244,"cent2029, emug1238, okpe1247, otap1238"
Abu' Arapesh,,aah,,abua1245,
Abui,"Alakaman, Atimelang, Kobola, Papuna",abz,,abui1241,"alak1254, atim1239, kobo1247, papu1257"
Abuic,"Abui, Kamang",,"abz, woi",abui1242,"abui1241, kama1365"
Abun,"Abun Je, Abun Tat, Abun Ji",kgr,,abun1252,"abun1253, abun1254, abun1255"
Abure,,abu,,abur1243,
Abureni,,mgj,,abur1244,
Abu,"Auwa, Nuclear Abu, Sabu (Papua New Guinea)",ado,,abuu1241,"auwa1242, nucl1640, sabu1256"
Acatepec Me'phaa,"Acatepec, Platanillo, Zapotitlán Tablas",tpx,,acat1239,"acat1240, plat1255, zapo1435"
Longchuan Achang,"Longchuan, Maingtha, Xiandao",acn,xia,acha1249,"long1373, main1270, xian1249"
Achagua,,aca,,acha1250,
Achangic,"Longchuan Achang, Lianghe Achang, Luxi Achang, Ngochang",,acn,acha1252,"acha1249, lian1258, luxi1238, ngoc1235"
Ache,,yif,,ache1244,
Acheron,"Eastern Acheron, Western Acheron",acz,,ache1245,"east2430, west2504"
Aché,,guq,,ache1246,
Acheron-Tocho,"Acheron, Tocho",,"acz, taz",ache1247,"ache1245, toch1257"
Achi,,acr,,achi1256,
Acehnese,"Banda Aceh, Baruh, Bueng, Daja (Indonesia), Pase, Pidie, Tunong",ace,,achi1257,"band1356, baru1270, buen1246, daja1241, pase1241, pidi1241, tuno1237"
"Achi', Cubulco",,acc,,achi1258,
Achumawi,,acv,,achu1247,
Achuar-Shiwiar,"Achuar, Shiwiar",acu,,achu1248,"achu1249, shiw1235"
Acoli,"Dhopaluo, Labwor, Nyakwai",ach,lth,acol1236,"dhop1238, labw1238, nyak1263"
Acroá,,acs,,acro1239,
Adabe,,adb,,adab1235,
Adai,,xad,,adai1235,
Adamorobe Sign Language,,ads,,adam1238,
Adamawa Fulfulde,"Bilkire Fulani, Garoua, Kambariire, Maroua Fulfulde, Ngaondéré, Nomadic Fulfulde",fub,,adam1253,"bilk1238, garo1248, kamb1295, maro1243, ngao1243, noma1259"
Adamawa Fali,"North Fali, South Fali",,"fll, fal",adam1254,"nort2770, sout2782"
Adamawa Bua,"Riverine Bua, Inland Bua",,,adam1257,"buan1246, goul1243"
Adamawa-Bagirmi Fulfulde,"Adamawa Fulfulde, Bagirmi Fulfulde",,"fub, fui",adam1260,"adam1253, bagi1244"
Adangme,"Ada, Gbugbla, Krobo, Ningo, Osu, Shai",ada,,adan1247,"adaa1238, gbug1238, krob1243, ning1270, osuu1238, shai1238"
Adangbe,,adq,,adan1248,
Adang,Aimoli,adn,,adan1251,aimo1245
West Alor,"Adang, Hamap, Kabola",,"adn, hmu, klz",adan1252,"adan1251, hama1240, kabo1247"
Adap,,adp,,adap1234,
Adasen,"Eastern Addasen, Western Addasen",tiu,,adas1235,"east2476, west2551"
Adele,"Lower Adele, Upper Adele",ade,,adel1244,"lowe1404, uppe1417"
Adhari,,,,adha1238,
Adhola-Alur-Luo,"Adhola-Luo, Alur",,alz,adho1241,"adho1242, alur1250"
Adhola-Luo,"Adhola, Luo (Kenya and Tanzania)",,"adh, luo",adho1242,"adho1243, luok1236"
Adhola,,adh,,adho1243,
Adioukrou,,adj,,adio1239,
Kotia-Adivasi Oriya-Desiya,,ort,,adiv1239,
Adiwasi Garasia,,gas,,adiw1235,
Admiralty Islands,"Eastern Admiralty Islands, Western Admiralty Islands",,,admi1239,"east2459, west2532"
Adnyamathanha,,adt,,adny1235,
Adonara,"Botun, East Solor, Lamakera, Watan, East Adonara, Dulhi, Kiwangona, West Adonara, Horowura, Waiwadan",adr,,adon1237,"botu1239, east2469, lama1298, wata1254, east2470, dulh1234, kiwa1252, west2544, horo1249, waiw1246"
Aduge,,adu,,adug1238,
Adurgari,,,,adur1234,
West Circassian,"Abadzex, Bezhedukh, Natuzaj, Shapsug, Temirgoi, Xakuchi",ady,,adyg1241,"abad1240, bezh1247, natu1243, shap1240, temi1249, xaku1238"
Adzera,,adz,,adze1240,
Adzera (Retired),,azr,,adze1241,
Aeka,,aez,,aeka1244,
Aekyom,"East Awin, North Awin, South Awin",awi,,aeky1238,"east2522, nort2932, sout2952"
Aer,"Jamesabad Aer, Jikrio Goth Aer",aeq,,aerr1238,"jame1238, jikr1238"
Afade,,aal,,afad1236,
Afar,"Aussa, Baadu, Central Afar, Northern Afar",aar,,afar1241,"auss1240, baad1239, cent2192, nort3052"
Afenmai-Bendel,"Ghotuo, Uneme-Yekhee",,aaa,afen1234,"ghot1243, unem1239"
Afghan Sign Language,,afg,,afgh1239,
Afghanistan Gorbat,,,,afgh1240,
Afitti,,aft,,afit1238,
Afrikaansic,"Afrikaans, Oorlams",,"afr, oor",afri1273,"afri1274, oorl1238"
Afrikaans,"Cape Afrikaans, East Cape Afrikaans, Orange River Afrikaans",afr,,afri1274,"cape1241, east2693, oran1263"
Afrihili,,afh,,afri1275,
Afro-Seminole Creole,,afs,,afro1254,
Afro-Asiatic,"Berber, Chadic, Cushitic, Egyptian, Semitic",,,afro1255,"berb1260, chad1250, cush1243, egyp1245, semi1276"
Afudu,,,,afud1235,
Agariya,,agi,,agar1251,
Agarabi,,agd,,agar1252,
Agatu,,agc,,agat1236,
Agavotaguerra,,avo,,agav1236,
Agbirigba,,,,agbi1234,
Aghem,,agq,,aghe1239,
Aghemic,"Aghem-Weh, Isu (Menchum Division), Zhoa",,"isu, zhw",aghe1240,"aghe1241, isum1240, zhoa1238"
Aghem-Weh,"Aghem, Weh",,"agq, weh",aghe1241,"aghe1239, wehh1238"
Aghul,"Central Agul, Cirxe, Fite, Gequn, Huppuq, Keren",agx,,aghu1253,"agul1244, cirx1234, fite1234, gekx1238, hupp1234, kere1281"
Aghu Tharnggalu,,ggr,,aghu1254,
Aghu,,ahh,,aghu1255,
Aghu Tharnggalu (Retired),,gtu,,aghu1256,
Aghul-Lezgi,"Aghulic, Lezgian",,lez,aghu1259,"aghu1260, lezg1247"
Aghulic,"Aghul, Qushan Aghul",,agx,aghu1260,"aghu1253, kosh1245"
Aghwan,,xag,,aghw1237,
Agi,,aif,,agii1245,
Agi-Yeri,"Agi, Yeri",,"aif, yev",agiy1234,"agii1245, yapu1240"
Agneby,"Abé, Abidji, Adioukrou",,"aba, abi, adj",agne1238,"abee1242, abid1235, adio1239"
Agoan,"Abu, Gorovu",,"ado, grq",agoa1234,"abuu1241, goro1261"
Agob-Ende-Kawam,"Agöb, Ende (Papua New Guinea), Kawam",kit,,agob1244,"agob1245, ende1235, kawa1281"
Agoi-Doko-Iyoniyong,"Robambami, Iyongiyong, Deko-Dusanga",,"ibm, bbs, uya",agoi1245,"agoi1246, bakp1238, doko1243"
Robambami,"Agoi-Efom, Agoi-Ibami",ibm,,agoi1246,"agoi1247, ikoo1244"
Agta-Pahanan,,apf,,agta1234,
Aguano,,aga,,agua1251,
Aguacateco,,agu,,agua1252,
Aguaruna,,agr,,agua1253,
Aguna,,aug,,agun1238,
Agusan Manobo,"Adgawan, Surigao Manobo, Umayam",msm,,agus1235,"adga1237, suri1270, umay1237"
Agutaynen,,agn,,agut1237,
Agwagwune,"Abayongo, Abini, Adim, Erei, Etono II, Nuclear Agwagwune, Orum",yay,,agwa1247,"abay1238, abin1242, adim1238, erei1238, eton1252, nucl1375, orum1242"
Ahanta,,aha,,ahan1243,
Àhàn,,ahn,,ahan1244,
Ahe,,ahe,,ahea1240,
Aheri Gondi,"Bhamragarh, Etapally Gondi, Sironcha",esg,,aher1237,"bham1239, etap1239, siro1248"
Thavung,,thm,,aheu1239,
Ahin-Kayapa Kalanguya,"Kayapa Kallahan, Tinoc Kallahan",kak,tne,ahin1234,"kaya1320, tino1235"
Ahirani,,ahr,,ahir1243,
AHK,"Aari-Gayil, Hamer-Karo",,aiz,ahkk1235,"aari1238, hame1241"
Ahom,,aho,,ahom1240,
Ahouic,"A'ou, Red Gelao",,"aou, gir",ahou1236,"aoua1234, redg1235"
Ahtena,"Mentasta, Nuclear Ahtna, Central Copper River Ahtna, Lower Copper River Ahtna, Western Ahtna",aht,,ahte1237,"ment1252, nucl1792, cent2373, lowe1450, west2953"
Ndunic,,nfd,,ahwa1235,
Aian,"Aiome, Anor",,"aki, anj",aian1241,"aiom1240, anor1241"
Ai-Cham,"Boyao, Di'e",aih,,aich1238,"boya1241, diee1238"
Aighon,"Aigon, Apsokok, Bao",aix,,aigh1235,"aigo1239, apso1237, baoo1237"
Aikanã,Masaká,tba,,aika1237,masa1312
Aiklep,,mwg,,aikl1237,
Aiku,,mzf,,aiku1240,
Aimaq,"Chinghizi, Firozkohi, Jamshidi, Maliki, Mizmast, Taimuri, Taimani, Teimuri, Zainal, Zohri",aiq,,aima1241,"chin1474, firo1239, jams1238, mali1277, mizm1238, taim1248, taim1249, teim1238, zain1238, zohr1238"
Aimele,,ail,,aime1238,
Aimol,"Khurai, Sutpong",aim,,aimo1244,"khur1238, sutp1234"
Ainbai,,aic,,ainb1238,
Hokkaido Ainu,"Hokkaido, Taraika",ain,,ainu1240,"hokk1243, tara1248"
Ainu (China),"East-Central Ejnu, West Ejnu",aib,,ainu1251,"east2907, west3009"
Ainu,"Hokkaido-Kuril Ainu, Sakhalin Ainu",,,ainu1252,"hokk1250, sakh1245"
Aiome,,aki,,aiom1240,
Airoran,,air,,airo1242,
Aisian,"Magi, Aisi",,"gkd, mmq",aisi1234,"magi1243, musa1266"
Aiton,,aio,,aito1238,
Aizi,"Mobumrin Aizi, Tiagbamrin Aizi",,"ahm, ahi",aizi1248,"mobu1235, tiag1235"
Aja (Benin),"Dogbo, Hwe, Sikpi, Tado (Benin)",ajg,,ajab1235,"dogb1238, hwee1238, sikp1238, tado1245"
Aja (South Sudan),,aja,,ajas1235,
Ajawa,,ajw,,ajaw1236,
Ajië,,aji,,ajie1238,
Ajyíninka Apurucayali,,cpc,,ajyi1238,
Aka,,soh,,akaa1242,
Akabo,,akm,,akab1248,
Akabea,,abj,,akab1249,
Akacari,,aci,,akac1240,
Akajeru,Mixed Great Andamanese,akj,gac,akaj1239,mixe1288
Akakora,,ack,,akak1251,
Akakede,,akx,,akak1252,
Akakol,,aky,,akak1253,
Aka-Kelo-Molo,"Aka, Kelo, Molo",,"soh, xel, zmo",akak1254,"akaa1242, kelo1246, molo1257"
Akan,"Agona, Ahafo, Akyem Bosome, Asen, Dankyira, Fante, Kwawu, Twi, Akuapem, Asante",aka,"fat, twi",akan1250,"agon1238, ahaf1238, akye1239, asen1242, dank1238, fant1241, kwaw1238, twii1234, akua1239, asan1239"
Akanic,"Abron, Akan, Wasa",,"abr, aka, wss",akan1251,"abro1238, akan1250, wasa1244"
Akarbale,,acl,,akar1243,
Akaselem,,aks,,akas1242,
Akawaio-Ingariko,"Akawaio, Ingariko",ake,,akaw1239,"akaw1241, inga1250"
Akebu,,keu,,akeb1238,
Akye,,aik,,akee1238,
Akei,,tsr,,akei1237,
Akeleic,"Kélé, Ngom, Tombidi",,"keb, nra",akel1234,"kele1257, ngom1270, tomb1246"
Akeu,,aeu,,akeu1235,
Akha,"Ako, Asong",ahk,,akha1245,"akoo1247, ason1245"
Akhaic,"Akeu, Akha, Chepya, Muda",,"aeu, ahk, ycp, ymd",akha1246,"akeu1235, akha1245, chep1243, muda1235"
Northern Akhvakh,"Axaxdərə Akhvakh, Tsunta Akhvakh",akv,,akhv1239,"axax1234, nort3330"
Akhvakhic,"Northern Akhvakh, Southern Akhvakh",,akv,akhv1240,"akhv1239, sout3319"
Akkala Saami,,sia,,akka1237,
Akkadian,"Assyrian, Middle Assyrian, Neo-Assyrian, Old Assyrian, Diyala-Babylonian, Early Babylonian, Late Babylonian, Middle Babylonian, Neo-Babylonian, Old Babylonian, Old Akkadian",akk,,akka1240,"assy1242, midd1371, neoa1235, olda1248, diya1235, earl1248, late1257, midd1370, neob1234, oldb1249, olda1247"
Ak,,akq,,akkk1240,
Aklanon,"Kailibo Aklanon, Alcantara Aklanon, Buruanga Aklanon, Malay Aklanon",akl,mlz,akla1240,"akla1241, alca1238, buru1327, mala1491"
Akolet,,akt,,akol1237,
Akoose,"Elung, Mwamenam, Mwambong, Ninong, Northern Bakossi, Southern Bakossi, Western Bakossi",bss,,akoo1248,"elun1242, mwam1245, mwam1246, nino1238, nort2803, sout2818, west2478"
Akoye,,miw,,akoy1238,
Akpa,,akf,,akpa1238,
Akpes,"Akunnu, Ase, Daja, Efifa, Esuku, Gedegede, Ibaram, Ikorom, Iyani",ibe,,akpe1248,"akun1239, asee1238, daja1240, efif1238, esuk1238, gede1241, ibar1241, ikor1238, iyan1238"
Akpes-Edoid,"Akpes, Edoid",,ibe,akpe1249,"akpe1248, edoi1239"
Akpondu,,,,akpo1243,
Chini,,afi,,akru1241,
Akuku,,ayk,,akuk1235,
Akum,,aku,,akum1238,
Akum-Beezen,"Akum, Beezen-Baazem",,aku,akum1239,"akum1238, beez1239"
Akuntsu,,aqz,,akun1241,
Corumbiara,"Akuntsu, Mekens",,"aqz, skf",akun1243,"akun1241, saki1248"
Akurio,,ako,,akur1238,
Akwa,,akw,,akwa1248,
Akyaung Ari Naga,,nqy,,akya1234,
Alabama,,akz,,alab1237,
Alabat Island Agta,,dul,,alab1246,
Alabaman-Koasati,"Alabama, Apalachee, Koasati",,"akz, xap, cku",alab1247,"alab1237, apal1237, koas1236"
Alaba-K'abeena,,alw,,alab1254,
Alabat-Manide Agta,"Alabat Island Agta, Camarines Norte Agta",,"dul, abd",alab1255,"alab1246, cama1250"
Alacalufe-Austral,,,,alac1239,
Alacalufe-Central,,,,alac1240,
Alacatlatzala Mixtec,"Atlamajalcingo del Monte, Cuatzoquitengo, Plan de Guadalupe, Potoichan, Tototepec",mim,,alac1244,"atla1271, cuat1239, plan1238, poto1253, toto1307"
Alago,"Agwatashi, Assaikio, Doma, Keana",ala,,alag1242,"agwa1246, assa1267, doma1261, kean1238"
Alagwa,,wbj,,alag1248,
Alaguilac,,,,alag1249,
Alak,,alk,,alak1253,
Alamblak,"Karawari, Kuvenmas",amp,,alam1246,"kara1494, kuve1239"
Alangan,,alj,,alan1249,
Alapmunte,,apv,,alap1235,
Alawa,,alh,,alaw1244,
Alaya-Athima,"Central Alaya-Athima, Southwestern Alaya-Athima, Thaypanic",,,alay1234,"cent2337, kunj1248, thay1250"
Albanian,"Albanian-Tosk, Gheg Albanian",sqi,aln,alba1267,"alba1268, gheg1238"
Albanian-Tosk,"Southern Tosk, Northern Tosk Albanian",,als,alba1268,"sout3378, tosk1239"
Inland-Buhi-Daraga Bikol,"Buhi, Daraga, Libon, Ligao, Oas",bhk,"ubl, rbl, lbl, fbl",alba1269,"buhi1243, dara1251, libo1242, liga1237, oass1237"
Albanian Sign Language,,sqk,,alba1271,
Albatross Bay,"Anguthimri-Yangathimri-Yuputhimri, Tyanngayt-Mamngayt-Ntrwangayt-Ntrangit",,,alba1272,"angu1243, tyan1235"
Albarradas Sign Language,,lsc,,alba1273,
Alcozauca Mixtec,"Petlacalancingo Mixtec, Xochapa Mixtec",xta,,alco1235,"petl1238, xoch1238"
Alege,,alf,,aleg1238,
Alekano,,gah,,alek1238,
Alemannic,"North Alemannic, South Alemannic",,,alem1243,"nort3310, sout3294"
Aleut,"Eastern Aleut, Western Aleut",ale,,aleu1260,"east2533, west2616"
Aleutic,"Aleut, Mednyj Aleut",,"ale, mud",aleu1261,"aleu1260, medn1235"
Algerian Sign Language,,asp,,alge1235,
Algerian Arabic,"Algiers, Constantine, Oran",arq,,alge1239,"algi1247, cons1245, oran1236"
Algerian Saharan Arabic,,aao,,alge1240,
Algic,"Algonquian-Blackfoot, Wiyot, Yurok",,"wiy, yur",algi1248,"algo1256, wiyo1248, yuro1248"
Algonquin,"Nipissing, Northern Algonquin",alq,,algo1255,"mini1254, nort3290"
Algonquian-Blackfoot,"Algonquian, Siksika",,bla,algo1256,"algo1257, siks1238"
Algonquian,"Arapahoic, Cheyenne, Cree-Montagnais-Naskapi, Eastern Algonquian, Eastern Great Lakes Algonquian, Menominee",,"chy, mez",algo1257,"arap1273, chey1247, cree1271, east2700, east2765, meno1252"
Ali,,aiy,,alii1240,
Alipur Sign Language,,,,alip1234,
Ali-Tumleo,"Kap, Tumleo",,"ykm, tmq",alit1234,"kapp1237, tuml1238"
Allar,,all,,alla1247,
Alladian,,ald,,alla1248,
Allentiac,,,,alle1238,
Alngith,,aid,,alng1239,
Aloápam Zapotec,,zaq,,aloa1235,
Alo Phola,,ypo,,alop1235,
Alorese,,aol,,alor1247,
Alor-Pantar,"East Alor, Nuclear Alor-Pantar",,,alor1249,"kola1286, nucl1821"
Central Alor,"Abuic, Kui (Indonesia)",,kvd,alor1250,"abui1242, kuii1253"
Al-Sayyid Bedouin Sign Language,,syy,,alsa1242,
Alsea-Yaquina,"Alsea, Yaquina",aes,,alse1251,"alse1252, yaqu1250"
Alto Orinoco,"Maipure-Avane, Parenic",,,alto1249,"maip1247, pare1275"
Medio Rio Negro,"Bareic, Marauia-Castana",,,alto1250,"bare1282, mara1421"
Altsächsisch,"Middle-Modern Low German, Old Saxon",,osx,alts1234,"midd1345, olds1250"
Alugu,,aub,,alug1235,
Alu Kurumba,,xua,,aluk1238,
Arum,"Alumu, Tesu",aab,,alum1246,"alum1247, tesu1244"
Alumic,"Alumu-Toro, Jilic-Eggonic",,,alum1249,"alum1250, jili1242"
Alumu-Toro,"Alumu-Akpondu, Hasha-Sambe, Toro",,tdv,alum1250,"alum1251, hash1239, toro1249"
Alumu-Akpondu,"Akpondu, Arum",,aab,alum1251,"akpo1243, alum1246"
Alune,"Central East Alune, Central West Alune, Kairatu, North Coastal Alune, South Alune",alp,,alun1238,"cent2077, cent2078, kair1264, nort2866, sout2893"
Aluo,,yna,,aluo1235,
Alur,"Jokot, Jonam, Mambisa, Wanyoro",alz,,alur1250,"joko1238, jona1239, mamb1303, wany1245"
Alutor,"Alutorskij, Karaginskij, Palanskij",alr,,alut1245,"alut1246, kara1472, pala1340"
Alviri-Vidari,"Alvir, Vidar",avd,,alvi1241,"alvi1242, vida1238"
Alyawarr,,aly,,alya1239,
Amahai,"Makariki, Rutah, Soahuku",amq,,amah1245,"maka1308, ruta1241, soah1237"
Amahuaca,"Inuvaken, Viwivakeu",amc,,amah1246,"inuv1238, viwi1238"
Amaimon,,ali,,amai1246,
Amal,,aad,,amal1242,
Amalumute,"Northwest Seram, Yalahatan-Haruru-Awaiya",,jal,amal1243,"nort3221, yala1266"
Amami,"Kikai, Nuclear Amami, Yoron",,"kzg, yox",amam1245,"kika1239, nucl1644, yoro1243"
Amam,,,,amam1246,
Amami O Shima Sign Language,,jks,,amam1247,
Amanab,,amn,,aman1265,
Amanayé,,ama,,aman1266,
Ama (Papua New Guinea),,amm,,amap1240,
Amapá Creole,,amd,,amap1241,
Amurdak,,amg,,amar1271,
Amara,,aie,,amar1272,
Amarasi,"Amabi, Kotos, Ro'is, Ro'is Tais Nonof, Ro'is Hero",aaz,,amar1273,"amab1234, koto1251, rois1241, rois1242, rois1243"
Amarakaeri,"Arakmbut, Kisambaeri",amr,,amar1274,"arak1258, kisa1267"
Ama (Sudan),,nyi,,amas1236,
Amatlán Zapotec,,zpo,,amat1238,
Amatecano,"Amatlán Zapotec, Tlacolulita Zapotec",,"zpo, zpk",amat1239,"amat1238, tlac1240"
Amba (Uganda),"Kigumu, Kyanzi, Suwa",rwm,,amba1263,"kigu1238, kyan1239, suwa1240"
Ambai,"Manawi, Nuclear Ambai, Randawaya",amk,,amba1265,"mana1293, nucl1466, rand1239"
Amba (Solomon Islands),,utp,,amba1266,
Ambala Ayta,,abc,,amba1267,
Ambakich,"Northern Ambakich, Southern Ambakich",aew,,amba1269,"nort2931, sout2951"
Ambae,"East Ambae, West Ambae",,"omb, nnd",amba1270,"east2443, west2513"
Ambermo,,,,ambe1246,
Ambele,,ael,,ambe1247,
Ambelau,,amv,,ambe1248,
Ambel-Biga,"Biga, Waigeo",,"bhc, wgo",ambe1249,"biga1238, waig1244"
Amblong,,alm,,ambl1237,
Ambo,,amb,,ambo1249,
Ambonese Malay,"Ambon Malay, Dobo Malay, Melayu Sini",abs,,ambo1250,"ambo1255, dobo1244, mela1259"
Ambo-Pasco Quechua,,qva,,ambo1252,
Ambonic Malay,"Ambonese Malay, Banda Malay",,"abs, bpq",ambo1253,"ambo1250, band1353"
Ambonic,"Central Ambon, Northeast Ambon",,,ambo1254,"cent2289, nort3236"
Ambrak,,aag,,ambr1239,
Ambrym,"Lonwolwol, North Ambrym, Orkon-West Ambrym, Southeast Ambrym",,"crc, mmg, tvk",ambr1240,"lonw1238, nort2839, port1292, sout2859"
Ambulas-Hanga-Hundi,"Ambulas, Hanga Hundi",,"abt, wos",ambu1246,"ambu1247, hang1263"
Ambulas,"Maprik, Wingei, Wosera-Mamu, Wosera-Kamu",abt,,ambu1247,"mapr1240, wing1239, wose1243, wose1244"
Amdang,,amj,,amda1238,
Amdo Tibetan,"Conservative Amdo Nomad, Eastern Qinghai Amdo, Chabcha, Rebkong, Rtsekhog, North Eastern Qinghai Amdo, Arik, Mkharmar, Rkangtsha, Themchen, Northern Sichuan Amdo, Rngaba, Rmagsar, Sertha/Golok, Labrang, Innovative Amdo Farmer, Mdzorganrabar, Rmastod, Ngawa, Ndzorge, Ngakhok, Conservative Amdo Farmer, Huang-chung-hsien, Padma, Shando",adx,,amdo1237,"hbro1238, east2830, chab1239, rebk1234, rtse1234, nort3304, arik1266, mkha1234, rkan1234, them1242, nort3305, abaa1238, rmag1234, sert1234, rong1261, inno1234, mdzo1234, rmas1234, ngaw1241, ndzo1234, ngak1234, rong1262, huan1253, padm1234, shan1295"
Amele,"Haija, Huar, Jagahala",aey,,amel1241,"haij1242, huar1254, jaga1247"
Ame-Manda,"Ami, Manda (Australia)",,"amy, zma",amem1235,"amii1238, mand1416"
American Sign Language,"American Sign Language in the USA, Burundi Sign Language",ase,lsb,amer1248,"amer1260, buru1325"
American Indian Pidgin English,,,,amer1255,
Amerax,,aex,,amer1256,
American Sign,"American Sign Language, Chadian Sign Language, Dominican Sign Language, Ghanaian Sign Language, Guyana Sign Language, Haitian Sign Language, Jamaican Sign Language, Nigerian Sign Language, Modern Trinidad and Tobago Sign Language",,"ase, cds, doq, gse, jls, nsi, lst",amer1258,"amer1248, chad1238, domi1236, ghan1235, guya1253, hait1245, jama1263, nige1240, trin1277"
Amganad Ifugao,"Banaue Ifugao, Burnay Ifugao",ifa,,amga1235,"bana1290, burn1237"
Amharic-Argobba,"Amharic, Argobba",,"amh, agj",amha1244,"amha1245, argo1244"
Amharic,"Addis Ababa, Gojjam Amharic, Gondar Amharic, Shoa Amharic, Wollo Amharic",amh,,amha1245,"addi1235, gojj1234, gond1266, shoa1235, woll1236"
Ami,,amy,,amii1238,
Amikoana,,akn,,amik1238,
Amis,"Central Amis, Northern Amis, Southern Amis, Tavalong-Vataan",ami,ais,amis1246,"cent2104, nata1254, sout2929, tava1241"
Mol,,alx,,amol1235,
Amoltepec Mixtec,,mbz,,amol1236,
Amondava-Uru-Eu-Wau-Wau,"Amundava, Uru-Eu-Wau-Wau",,"adw, urz",amon1240,"amun1246, urue1240"
Amo,,amo,,amoo1242,
Amorite,,,,amor1239,
Amotomanco,,,,amot1239,
Ampari Dogon,,aqd,,ampa1238,
Ampanang,,apg,,ampa1239,
Amri Karbi,"Lower Amri, Upper Amri",ajz,,amri1238,"lowe1466, uppe1486"
Amto-Musan,"Amto, Siawi",,"amt, mmp",amto1249,"amto1250, siaw1243"
Amto,,amt,,amto1250,
Amundava,,adw,,amun1246,
Amuzgo-Mixtecan,"Amuzgoan, Mixtecan",,,amuz1253,"amuz1254, mixt1422"
Amuzgoan,"Guerrero Amuzgo, Ipalapa Amuzgo, San Pedro Amuzgos Amuzgo",,"amu, azm, azg",amuz1254,"guer1243, ipal1235, sanp1260"
Anaang,"Abak, Ikot Ekpene, Ukanafun",anw,,anaa1238,"abak1242, ikot1238, ukan1238"
Ana,"//Gana, /Gwi",,"gnk, gwj",anaa1239,"gana1274, gwii1239"
Anakalangu,,akg,,anak1240,
Anal,"Laizo, Mulsom",anm,,anal1239,"laiz1241, muls1238"
Anal-Lamgang,"Anal, Lamkang",,"anm, lmk",anal1240,"anal1239, lamk1238"
Anam,,pda,,anam1247,
Anamuxra,,imi,,anam1248,
Anambé,,aan,,anam1249,
Anamuxric,"Anamuxra, Moresada",,"imi, msx",anam1250,"anam1248, more1258"
Anasi,,bpo,,anas1239,
Ana Tinga Dogon,,dti,,anat1248,
Anatolian,"Hittite, Luvo-Lydian",,hit,anat1257,"hitt1242, luvo1234"
Anauyá,,,,anau1243,
Áncá,,acb,,anca1236,
Anchorite,"Kaniet, Kaniet-Dempwolff",,ktk,anch1239,"kani1282, kani1283"
Ionic-Attic Ancient Greek,"Attic, Central Ionic, Eastern Ionic, Western Ionic",grc,,anci1242,"atti1240, cent2405, ioni1244, west2996"
Ancient Hebrew,"Ammonite, Biblical Hebrew, Edomite, Moabite",hbo,"qgg, xdm, obm",anci1244,"ammo1234, bibl1238, edom1234, moab1234"
Ancient North Arabian,"Dadanitic, Dumaitic, Hasaitic, Hismaic, Safaitic, Taymanitic",xna,,anci1245,"dada1236, duma1255, hasa1249, hism1236, safa1245, taym1240"
Ancient Ligurian,,xlg,,anci1248,
Ancient North Greek,"Aeolic, West Ancient Greek, Doric, Northwestern Ancient Greek",,,anci1249,"aeol1234, west2995, dori1248, nort3269"
Andaman Creole Hindi,,hca,,anda1280,
Andai,"Andambit, Imboin, Kaiyam, Kupin, Namata",afd,,anda1283,"anda1288, imbo1239, kaiy1240, kupi1239, nama1271"
Andarum,,aod,,anda1284,
Andaqui,,ana,,anda1286,
Andalusian Arabic,,xaa,,anda1287,
Andegerebinha,Ayerrerenge,adg,axe,ande1247,ayer1246
Andic,"Akhvakhic, Andi, Bagvalal-Tindi, Botlikh-Godoberi, Chamalal, Karata-Tukita",,"ani, cji, kpt",andi1254,"akhv1240, andi1255, bagv1240, botl1243, cham1309, kara1474"
Andi,"Lower Andi, Kvanxidatl, Munib, Upper Andi, Andi of Andi, Ashali, Chanxo, Gagatl, Gunxo, Rikvani, Zilo",ani,,andi1255,"lowe1465, kvan1238, muni1255, uppe1485, andi1258, asha1245, chan1330, gaga1250, gunx1234, rikv1238, zilo1238"
Andio,,bzb,,andi1257,
Andoquero,,,,ando1254,
Andoa,,anb,,ando1255,
Andoque,"Andoke, Urekena",ano,,ando1256,"ando1257, urek1234"
Chakpa,"Andro-Sengmai, Phayeng",,,andr1245,"andr1249, phay1241"
Andro,,,,andr1246,
Andra-Hus,,anx,,andr1248,
Andro-Sengmai,"Andro, Sengmai",,,andr1249,"andr1246, seng1275"
Aneityum,,aty,,anei1239,
Aneme Wake,"Auwaka, Buniabura, Doma (Papua New Guinea), Jari, Mori",aby,,anem1248,"auwa1241, buni1247, doma1263, jari1243, mori1270"
Anem,"Akiblik, Coastal Anem",anz,,anem1249,"akib1234, coas1322"
Anfillo,,myo,,anfi1235,
Angami-Mao,"Angami-Chokri, Khezha Naga, Naga Maoic",,nkh,anga1244,"anga1287, khez1235, naga1397"
Angami-Pochuri,"Angami-Mao, Pochuri-Northern Rengma, Rengma-Simi",,,anga1286,"anga1244, poch1242, reng1253"
Angami-Chokri,"Angami Naga, Chokri Naga",,"njm, nri",anga1287,"anga1288, chok1243"
Angami Naga,"Chakroma, Dzuna, Kehena, Khonoma, Kohima, Mima, Mozome, Nali (India), Tengima, Tenyidie",njm,,anga1288,"chak1268, dzun1241, kehe1240, khon1248, kohi1249, mima1238, mozo1238, nali1243, teng1262, teny1242"
Angan,"Angaataha, Nuclear Angan",,agm,anga1289,"anga1290, nucl1763"
Angaataha,,agm,,anga1290,
Sau-Angal-Kewa,"Angal-Kewa, Samberigi",,ssx,anga1291,"anga1313, samb1321"
Angal Heneng,"Augu, Nipa, Waola",akh,,anga1292,"augu1243, nipa1239, waol1238"
Angal,,age,,anga1293,
Angal Enen,Megi,aoe,,anga1294,megi1246
Goemaic,"Goemai, Montol, Talic, Yiwom",,"ank, mtl, gek",anga1311,"goem1240, mont1280, tali1264, yiwo1237"
Angami-Ao,"Angami-Pochuri, Central Naga",,,anga1312,"anga1286, aoic1235"
Angal-Kewa,"Angal Mendi, Kewa",,,anga1313,"anga1314, kewa1250"
Angal Mendi,"Angal Heneng, Angal, Angal Enen",,"akh, age, aoe",anga1314,"anga1292, anga1293, anga1294"
Angami Naga Sign Language,,,,anga1315,
Angaité,,aqt,,anga1316,
Angkamuthi,,avm,,angg1238,
Angguruk Yali,,yli,,angg1239,
Angika,,anp,,angi1238,
Angkuic,"Eastern Angkuic, Southern Angkuic, U",,uuu,angk1246,"east2776, sout3232, uuuu1243"
Angkola-Mandailing,"Batak Angkola, Batak Mandailing",,"akb, btm",angk1248,"bata1290, bata1291"
Archaic Angloromani,,rme,,angl1239,
Anglo-Frisian,"Anglic, Frisian",,,angl1264,"angl1265, fris1239"
Anglic,"Later Anglic, Old English (ca. 450-1100)",,ang,angl1265,"late1254, olde1238"
Angor,"Nai (Angor), Samanai",agg,,ango1254,"naii1242, sama1304"
Angoram,,aog,,ango1255,
Angosturas Tunebo,,tnd,,ango1257,
Angolar,,aoa,,ango1258,
Anguthimri,,awg,,angu1242,
Anguthimri-Yangathimri-Yuputhimri,"Anguthimri-Yangathimri, Yuputhimri",,,angu1243,"angu1244, yupu1235"
Anguthimri-Yangathimri,"Anguthimri, Yangathimri",,"awg, tjj",angu1244,"angu1242, yang1305"
Anii,"Akpe, Ananjubi, Balanka, Gikolodjya, Gilempla, Giseda, Gisème",blo,,anii1245,"akpe1247, anan1238, bala1303, giko1238, gile1238, gise1241, gise1242"
//Ani,,hnh,,anii1246,
Ani-Labo,"Ani Phowa, Labo Phowa",,"ypn, ypb",anil1235,"anip1235, labo1243"
Animere,,anf,,anim1239,
Anim,"Inland Gulf of Papua, Marind-Boazi-Yaqai, Tirio",,,anim1240,"inla1262, mari1437, tiri1259"
Anindilyakwa,,aoi,,anin1240,
Aninka,,aqk,,anin1242,
Ani Phowa,,ypn,,anip1235,
Anjam,,boj,,anja1238,
Ankave,"Ankai, Bu'u, Miyatnu, Sawuve, Wiyagwa, Wunavai",aak,,anka1246,"anka1247, buuu1245, miya1257, sawu1242, wiya1238, wuna1250"
Anmatyerre,"Eastern Anmatyerre, Western Anmatyerre",amx,,anma1239,"east2380, west2442"
Anor,,anj,,anor1241,
Anserma,,ans,,anse1238,
Ansus,,and,,ansu1237,
Ansus-Ambai,"Ambai, Ansus, Marau, Wandamen, Woi",,"amk, and, mvr, wad, wbw",ansu1238,"amba1265, ansu1237, mara1397, wand1267, woii1237"
Antakarinya,,ant,,anta1253,
Antankarana Malagasy,"Kibushi-Kimaore, Mainland Antankarana",xmv,,anta1255,"kibu1236, main1284"
Antioquian,,,,anti1242,
Antigua and Barbuda Creole English,,aig,,anti1245,
Antillean Arawakan,"Ineric, Maragua, Taino, Unclassified Antillean Arawakan",,tnq,anti1247,"iner1234, mara1409, tain1254, uncl1528"
Anuak,"Adoyo, Coro, Lul, Opëno",anu,,anua1242,"adoy1238, coro1246, lull1238, open1238"
Anufo,,cko,,anuf1239,
Anuki,,aui,,anuk1239,
Korur,,auq,,anus1237,
Anus-Podena,"Korur, Podena",,"auq, pdn",anus1238,"anus1237, pode1237"
Anuta,,aud,,anut1237,
Anu-Hkongso,"Anu, Hkongso",anl,,anuu1241,"anuu1243, hkon1236"
Anyin Morofo,,mtb,,anyi1244,
Anyin,"Abe (Anyin), Alangua, Ano, Aowin, Barabo, Bini (Anyin), Bona, Djuablin, Indenie, Moronou, Sanvi",any,,anyi1245,"abee1243, alan1248, anoo1238, aowi1238, bara1359, bini1245, bona1251, djua1238, inde1240, moro1280, sanv1241"
Anyinic,"Anyin Morofo, Anyin",,"mtb, any",anyi1246,"anyi1244, anyi1245"
Aoheng-Seputan,"Aoheng, Seputan",pni,,aohe1237,"aohe1238, sepu1237"
Central Naga,"Ao Naga, Lotha Naga, Sangtam Naga, Wui, Yimchingric",,"njo, njh, nsa",aoic1235,"aona1235, loth1237, sang1321, wuii1234, yimc1239"
Ao Naga,"Changki, Chungli, Dordar, Longla, Mongsen, Yacham-Tengsa, Tengsa, Yacham",njo,,aona1235,"chan1311, chon1286, dord1238, long1376, mong1332, yach1234, teng1273, yach1235"
Aore,,aor,,aore1237,
A'ou,"Nuclear A'ou, Hongfeng Gelao",aou,,aoua1234,"aouu1238, hong1242"
Apabhramsic,"Gujarati-Rajasthani, Late Middle Indo-Aryan",,,apab1234,"guja1255, midd1350"
Apachean,"Kiowa Apache, Southwestern Apachean",,apk,apac1239,"kiow1264, sout3151"
Apalachee,,xap,,apal1237,
Apalik,,apo,,apal1255,
Apali,"Aci, Aki",ena,,apal1256,"acii1238, akii1238"
Apalaí,,apy,,apal1257,
Apalic,"Apali, Greater West Sogeram",,ena,apal1258,"apal1256, grea1297"
AP-AM-AH,"Cajatambo North Lima Quechua, Chiquián Ancash Quechua, Huallaga Huánuco Quechua, Panao-Union",,"qvl, qxa, qub",apam1237,"caja1239, chiq1249, hual1241, pana1312"
Apasco-Apoala Mixtec,,mip,,apas1235,
Apatani,,apt,,apat1240,
Apiaka-Tocantins,,,,apia1247,
Apiaká,,api,,apia1248,
Apinayé,,apn,,apin1244,
Apma,"Suru Rabwanga-Mwerani, Suru Kavian",app,,apma1240,"suru1259, suru1260"
Ap Ma,Kambaramba,kbx,,apma1241,kamb1306
Apolista,,,,apol1242,
Apoto,,,,apot1235,
Aproumu Aizi,,ahp,,apro1235,
Apucikwar,,apq,,apuc1241,
Apulia-Calabrian Greek,"Apulian Greek, Aspromonte",,,apul1236,"apul1237, aspr1238"
Apurinã,,apu,,apur1254,
Aputai,"Ilputih (Aputai), Lurang, Welemur",apx,,aput1237,"ilpu1239, lura1237, wele1238"
Aput-Busang-Merah-Kohi,"Punan Aput, Punan Merah, Punan Batu 1, Sihan",,"pud, puf, pnm, spg",aput1239,"puna1267, puna1268, puna1278, sian1255"
Arabana-Wangganguru,"Arabana, Wangganguru",,"ard, wgg",arab1266,"arab1267, wang1290"
Arabana,"Midlaliri, Piltapalta, Wangkakupa",ard,,arab1267,"midl1244, pilt1234, wang1303"
Arabela,,arl,,arab1268,
Arabian Peninsula Arabic,"Hadrami Arabic, Hijazi Arabic, Judeo-Muslim Sanaani Arabic, North Arabian Beduin Arabic, Ta'izzi-Adeni Arabic",,"ayh, acw, acq",arab1393,"hadr1236, hija1235, jude1277, nort3402, taiz1242"
Arabian,"Ancient North Arabian, Arabic",,xna,arab1394,"anci1245, arab1395"
Arabic,"Arabian Peninsula Arabic, Eastern Arabic, Egyptic Arabic, Levantine-Cypriot Arabic, North African Arabic, Standard Arabic",,arb,arab1395,"arab1393, east2729, egyp1251, leva1239, nort3191, stan1318"
Arabela-Andoa,"Andoa, Arabela",,"anb, arl",arab1396,"ando1255, arab1268"
Arabic-based pidgin,"Early East African Pidgin Arabic, Jordanian Bengali Pidgin Arabic, Pidgin Gulf Arabic, Pidgin Madam, Romanian Pidgin Arabic, Turku-Bongor Pidgin Arabic",,,arab1397,"earl1245, jord1239, pidg1248, pidg1252, roma1333, turk1244"
Arab Sign,"Egypt Sign Language, Kuwaiti Sign Language, Levantine-Iraqi Sign, Libyan Sign Language, Saudi Arabian Sign Language, Yemeni Sign Language",,"esl, lbs, sdl",arab1398,"egyp1238, kuwa1252, leva1240, liby1235, saud1238, yeme1237"
Arab El-Naim Sign Language,,,,arab1399,
Aracaju,,,,arac1235,
Arafundi,"Andai, Awiakay-Karimba, Nanubae-Imangae, Tapei, Unclassified Arafundi",arf,"afd, afk, afp",araf1243,"anda1283, awia1234, nanu1240, tape1242, uncl1510"
Arafundi-Enga Pidgin,,,,araf1245,
Aragonese,"Central Aragonese, Eastern Aragonese, Southern Aragonese, Western Aragonese",arg,,arag1245,"cent1317, east2273, sout2609, west2340"
Araicu,,,,arai1239,
Araki,,akr,,arak1252,
Arakwal,,rkw,,arak1254,
Arakanese-Marma,"Marma, Rakhine",,"rmz, rki",arak1255,"marm1234, rakh1245"
Arakanese,,mhv,,arak1256,
Araki-Tangoa,"Araki, Movono",,"akr, tgp",arak1257,"arak1252, tang1347"
Aralle-Tabulahan,"Aralle, Mambi, Tabulahan",atq,,aral1243,"aral1244, mamb1308, tabu1243"
Aramanik,,aam,,aram1252,
Arammba,,stk,,aram1253,
Aramaic,"Imperial-Middle-Modern Aramaic, Old Aramaic-Sam'alian",,oar,aram1259,"impe1236, olda1245"
Arame-Gubaare,"Edamme, Gubaare",,,aram1260,"edam1234, guba1248"
Dombano,"Arandai, Kecap, Tomu",jbj,,aran1237,"domb1240, keca1234, tomu1234"
Aranadan,,aaf,,aran1261,
Upper Arrernte,"Alyawarr, Anmatyerre, Central-Eastern Arrernte, Western Arrarnta",,"aly, amx, are",aran1263,"alya1239, anma1239, cent2403, west2441"
Aranama,,xrt,,aran1265,
Arandic-Thura-Yura,"Arandic, Thura-Yura",,,aran1266,"aran1267, thur1253"
Arandic,"Kaytetye, South Arandic",,gbb,aran1267,"kayt1238, sout3384"
Araona-Toromono,"Araona, Toromono",,"aro, tno",arao1247,"arao1248, toro1255"
Araona,,aro,,arao1248,
Arapahoic,"Arapaho-Gros Ventre-Besawunena, Nawathinehena",,nwa,arap1273,"arap1280, nawa1259"
Arapaho,,arp,,arap1274,
Arapaso,,arj,,arap1275,
Arapesh,"Bumbita Arapesh, Mufian-Bukiyip-Abu",,aon,arap1279,"bumb1241, mufi1239"
Arapaho-Gros Ventre-Besawunena,"Arapaho, Gros Ventre",,"arp, ats",arap1280,"arap1274, gros1243"
Arapaso-Miriti,"Arapaso, Miriti",,"arj, mmv",arap1281,"arap1275, miri1270"
Araucanian,"Huilliche, Mapudungun",,"huh, arn",arau1255,"huil1244, mapu1245"
Arawe-Pasismanua,"Arawe, Bebeli-Mangseng, Pasismanua",,,araw1269,"araw1283, bebe1254, pasi1254"
Arawum,,awm,,araw1272,
Araweté,,awt,,araw1273,
Lokono,"Guyanese Lokono, Surinamese Lokono, Venezuelan Lokono",arw,,araw1276,"guya1254, suri1276, vene1263"
Arawakan,"Alto Orinoco, Medio Rio Negro, Caribbean Arawakan, Central-Eastern Maipuran, Japura-Colombia, Negro-Roraima, Southern Maipuran",,,araw1281,"alto1249, alto1250, cari1281, cent2413, japu1236, negr1239, sout3131"
Arawan,"Arawá (Amazonas State), Madi-Madiha, Paumari, Suruahá",,"aru, pad, swx",araw1282,"arua1263, madi1262, paum1247, suru1263"
Arawe,"East Arawe, West Arawe",,,araw1283,"east2763, west2530"
Arawakan (Unattested),"Agavotaguerra, Aguano, Marawan",,"avo, aga",araw1288,"agav1236, agua1251, mara1408"
Arawan (Unattested),Himarimã,,hir,araw1289,hima1247
Arawetic,"Amanayé, Anambé, Araweté",,"ama, aan, awt",araw1290,"aman1266, anam1249, araw1273"
Arazaire,,,,araz1236,
Arbëreshë Albanian,"Calabrian Albanian, Campo Marino Albanian, Central Mountain Albanian, Sicilian Albanian",aae,,arbe1236,"cala1254, camp1260, cent1955, sici1247"
Arbore,,arv,,arbo1245,
Archi,,aqc,,arch1244,
Archaic Norrlandic,"Ångermanländska, Kalixmål, Lulemål, Nordvästerbottniska, Pitemål, Sydvästerbottniska",,,arch1246,"ange1245, kali1313, lule1257, nord1244, pite1241, sydv1234"
'Are'are,"Marau Sound, Nuclear 'Are'are",alu,,area1240,"mara1398, nucl1476"
Areba,,aea,,areb1238,
Are-Doga,"Are, Doga",,"mwc, dgg",ared1234,"aree1239, doga1238"
Are,,mwc,,aree1239,
Are linkage,"Are-Doga, Arifama-Miniafia, Boanaki-Paiwa, Kaninuwa, Ubir",,"aai, wat, ubr",arei1235,"ared1234, arif1239, boan1246, kani1281, ubir1237"
Arem,,aem,,arem1240,
Arequipa-La Unión Quechua,"Antabamba (Arequipa-La Union Quechua), Cotahuasi, Highland Arequipa, Northern Arequipa",qxu,,areq1237,"anta1257, cota1243, high1279, nort2977"
Are-Taupota linkage,"Are linkage, Maisin, Taupota linkage",,mbq,aret1241,"arei1235, mais1250, taup1241"
Argentine Sign Language,,aed,,arge1236,
Argobba,,agj,,argo1244,
Arguni,,agf,,argu1237,
Arhâ,,aqr,,arha1237,
Arhö,,aok,,arho1237,
Arhuacic,"Cogui, Eastern-Southern Arhuacic",,kog,arhu1241,"cogu1240, east2571"
Arhuaco,,arh,,arhu1242,
Aribwaung,,ylu,,arib1240,
Aribwatsa,,laz,,arib1241,
Arifama-Miniafia,"Arifama, Miniafia",aai,,arif1239,"arif1240, mini1252"
Arigidi,"Afa, Aje, Arigidí, Erúsú, Ese (Arigidi), Igasi, Òge, Ojo, Oyin, Udo, Uro",aqg,,arig1246,"afaa1238, ajee1238, arig1247, erus1238, esee1246, igas1238, ogee1238, ojoo1238, oyin1238, udoo1238, uroo1240"
Ari,,aac,,arii1243,
Arikara,,ari,,arik1262,
Arikemic,"Arikem, Karitiâna",,"ait, ktn",arik1263,"arik1264, kari1311"
Arikem,,ait,,arik1264,
Arikapú,,ark,,arik1265,
Arikem-Tupari,"Arikemic, Tuparic",,,arik1267,"arik1263, tupa1251"
Arin-Pumpokol,"Arin, Pumpokol",,"xrn, xpm",arin1242,"arin1243, pump1237"
Arin,,xrn,,arin1243,
Aringa,,luc,,arin1244,
Arritinngithigh,,rrt,,arit1239,
Ari-Waruna,"Ari, Waruna",,"aac, wrv",ariw1234,"arii1243, waru1267"
Arizona Tewa,Hano (USA),,,ariz1237,hano1247
Arman,,,,arma1243,
Arma,,aoh,,arma1244,
Armenic,"Classical-Middle Armenian, Eastern-Western Armenian",,xcl,arme1241,"clas1249, east2768"
Baraninsky Armenian Sign Language,,aen,,arme1259,
Aroaqui,,,,aroa1234,
Aromanian,"Armaneshti, Rramaneshti",rup,,arom1237,"arma1245, rram1234"
Arop-Sissano,,aps,,arop1242,
Arop-Lokep,"Arop, Lokep",apr,,arop1243,"arop1244, loke1237"
Arosi,"Nuclear Arosi, Wango",aia,,aros1241,"nucl1473, wang1296"
Arta,,atz,,arta1239,
Artificial Language,"Afrihili, Balaybalan, Blissymbols, Brithenig, Dutton World Speedwords, Efate-group-based Artificial Language, Eskayan, Esperantic, Interlingua (International Auxiliary Language Association), Interlingue (Occidental), Interglossa, Interlingue, Interslavic zonal constructed language, Klingon, Kotava, Láadan, Ladakhi Sign, Lingua Franca Nova, Lojban, Neo (Artificial Language), N'Ko, Novial, Palawa Kani, Quenya, Rennellese Sign Language, Romanova, Sindarin, Talossan, Toki Pona, Volapük",,"afh, zbl, bzt, dws, esy, ina, ile, igs, tlh, avk, ldn, lfn, jbo, neu, nqo, nov, qya, rsi, rmv, sjn, tzl, tok, vol",arti1236,"afri1275, bala1318, blis1239, brit1244, dutt1234, efat1240, eska1234, espe1236, inte1239, inte1260, inte1261, inte1262, inte1263, klin1234, kota1280, laad1235, lada1245, ling1267, lojb1234, neoa1234, nkoa1234, novi1234, pala1356, quen1234, renn1236, roma1338, sind1281, talo1253, toki1239, vola1234"
Aruamu,,msy,,arua1260,
Aruá (Rondonia State),Aruáshi,arx,,arua1261,arua1262
Arawá (Amazonas State),,aru,,arua1263,
Aruan,,,,arua1264,
Caquetio,,,,arub1238,
Aruek,,aur,,arue1240,
Srenge,,lsr,,aruo1240,
Arusha,,,,arus1242,
Arutani,"Awake, Uruak",atx,,arut1244,"awak1251, urua1245"
Aru,"Batuley-Mariri, Central Aru, East Tarangan, Karey-Barakai, Ujir-Kola-Kompane, West Tarangan",,"tre, txn",aruu1241,"batu1262, cent2309, east2465, kare1350, ujir1238, west2538"
Arvanitika Albanian,"Northwestern Arvanitika, South Central Arvanitika, Thracian Arvanitika",aat,,arva1236,"nort2603, sout2608, thra1249"
Asaro'o,,mtv,,asar1240,
Asha-Ashe-Kak,"Ashe-Asha, Caquinte",,cot,asha1241,"asha1242, caqu1242"
Ashe-Asha,"Asháninka, Ashe-Asha Norte, Asheninka",,cni,asha1242,"asha1243, ashe1271, ashe1274"
Asháninka,,cni,,asha1243,
Asha-Ashe-Kak-Matsi-Nan,"Asha-Ashe-Kak, Matsi-Nan",,,asha1244,"asha1241, mats1245"
Ashe,,ahs,,ashe1269,
Ashe-Asha Norte,"Ajyíninka Apurucayali, Ashéninka Perené, Pichis Ashéninka, Ucayali-Yurúa Ashéninka",,"cpc, prq, cpu, cpb",ashe1271,"ajyi1238, ashe1272, pich1237, ucay1237"
Ashéninka Perené,,prq,,ashe1272,
Ashéninka Pajonal,,cjo,,ashe1273,
Asheninka,"Ashéninka Pajonal, South Ucayali Ashéninka",,"cjo, cpy",ashe1274,"ashe1273, sout3127"
Ashkun,"Ashkunu, Sanu-Gramsena",ask,,ashk1246,"ashu1242, gram1239"
Asho Chin,"Chittagong, Khyang, Lemyo, Minbu, Saingbaun, Sandoway, Thayetmyo",csh,,asho1236,"chit1280, khya1239, lemy1239, minb1243, sain1244, sand1269, thay1247"
Ashoic,"Asho Chin, Sumtu Chin",,"csh, csv",asho1237,"asho1236, sumt1234"
Ashtiani,"Amorei, Kahaki, Nuclear Ashtiani, Tafresh",atn,,asht1244,"amor1240, kaha1241, nucl1273, tafr1239"
Asilulu,"Negeri Lima, Nuclear Asilulu, Ureng",asl,,asil1242,"nege1241, nucl1531, uren1238"
Askopan,,eiv,,asko1238,
Aslian,"Central-Northern Aslian, South Aslian",,,asli1243,"cent1987, sout2686"
ASLic,"American Sign, Burkina Faso Sign Language, Costa Rican Sign Language, Honduras-Panama Sign, Ethiopian Sign Language, Gambian Sign Language, Guinean Sign Language, Malaysian Sign, Moroccan Sign Language, Philippine Sign Language, Puerto Rican Sign Language, Quebec Sign Language, Sierra Leone Sign Language, Thai Sign Language, Ugandan Sign Language, West-Central South American Sign",,"csr, eth, gus, xms, psp, psl, fcs, sgx, tsq, ugn",asli1244,"amer1258, burk1234, cost1249, cost1251, ethi1238, gamb1259, guin1250, mala1548, moro1242, phil1239, puer1237, queb1245, sier1246, thai1240, ugan1238, west2886"
Asmat-Kamoro,"Asmat, Kamoro, Sabakor, Sempan",,"kgq, xse",asma1256,"asma1257, kamo1255, saba1280, semp1241"
Asmat,"Casuarina Coast Asmat, Central-Yaosakor Asmat, Citak Asmat, Momogo-Pupis-Irogo",,"asc, nks",asma1257,"casu1237, cent2247, cita1246, nort2917"
Asoa,,asv,,asoa1238,
Eastern Kamrupa,"Assamese, Naga Pidgin",,"asm, nag",assa1262,"assa1263, naga1394"
Assamese,"Jharwa, Mayang, Standard Assamese, Western Assamese",asm,,assa1263,"jhar1240, maya1277, stan1302, west2383"
Sukaphic,"Ahom, Assam Tai B, Mogaung, Northern Shanic, Unclassified Sukaphic",,aho,assa1264,"ahom1240, assa1276, moga1251, nort2739, uncl1540"
Assan,,xss,,assa1266,
Assangori,"Erenga, Girga (Assangori), Murasi, Sebunkik, Sungor, Walad Dulla",sjg,,assa1269,"eren1239, girg1241, mura1270, sebu1242, sung1270, wala1265"
Assamese-based pidgin,Nefamese,,nef,assa1271,nefa1235
Assam Tai A,"Aiton, Phake",,"aio, phk",assa1275,"aito1238, phak1238"
Assam Tai B,"Khamti, Khamyang",,"kht, ksu",assa1276,"kham1290, kham1291"
Assiniboine,,asb,,assi1247,
As,,asz,,asss1237,
Assyrian Neo-Aramaic,"Central Assyrian Neo-Aramaic, Anhar, Mar Bishu, Nochiya, Tergawar, Iranian Koine, Northern Assyrian Neo-Aramaic, Baz, Dez, Gavar (Aramaic), Jilu, Qudshanis, Salamas, Upper Barwari, Van (Aramaic), Sapna cluster, Aradhin, Benatha, Daudiya, Inishke, Tina, Urmian group, Sipurghan, Solduz, Urmi, Western Group, Christian Tiyare Neo-Aramaic, Lewin, Lower Barwari, Tal (Aramaic), Tkhuma",aii,,assy1241,"cent2218, anha1242, marb1243, noch1239, terg1238, iran1268, nort3096, bazz1238, dezz1235, gava1245, jilu1238, quds1238, sala1281, uppe1449, vann1248, sapn1238, arad1238, bena1272, daud1238, inis1238, tina1254, urmi1249, sipu1244, sold1238, urmi1250, west2765, chri1234, lewi1238, lowe1435, tall1254, tkhu1242"
Eastern Bel,"Awad Bing, Mindiri, Wab",,"bcu, mpn, wab",astr1247,"awad1244, mind1255, wabb1237"
Asturo-Leonese,"Asturian-Leonese-Cantabrian, Mirandese",,"ast, mwl",astu1244,"astu1245, mira1251"
Asturian-Leonese-Cantabrian,"Asturian, Central Asturian, Eastern Asturian, Western Asturian, Cantabrian, Eastern Cantabrian, Western Cantabrian, Leonese",ast,,astu1245,"astu1246, cent1956, east2272, west2339, cant1245, east2799, west2880, leon1250"
Asue Awyu,,psa,,asue1235,
Asumboa,,aua,,asum1237,
Asu (Nigeria),,aum,,asun1235,
Asunción Mixtepec Zapotec,,zoo,,asun1236,
Asuri,"Brijia, Manjhi",asr,,asur1254,"brij1240, manj1248"
Asuric,"Asuri, Bijori",,"asr, bix",asur1255,"asur1254, bijo1238"
Asu (Tanzania),,asa,,asut1235,
Ata,,atm,,ataa1240,
Atacame,,,,atac1235,
Atakapa,"Eastern Atakapa, Western Atakapa",aqp,,atak1252,"east2802, west2881"
Atampaya,,amz,,atam1239,
Ata Manobo,,atd,,atam1240,
West Sogeram,"Mand, Nend",,"ate, anh",atan1241,"atem1241, nend1239"
Atatláhuca Mixtec,,mib,,atat1238,
Atatlahuca-Monteverde,"Atatláhuca Mixtec, Santa Lucía Monteverde Mixtec",,"mib, mdv",atat1240,"atat1238, sant1439"
Atayalic,"Atayal, Seediq",,"tay, trv",atay1246,"atay1247, taro1264"
Atayal,"Northern Atayal, Matu'uwal, Nuclear Northern Atayal, Skikun, Squliq, Southern Atayal, Nuclear Southern Atayal, Klesan, Matu'aw, S'uli, Plnagawan",tay,,atay1247,"nort3427, mayr1237, nucl1836, skik1234, sqol1237, sout3404, nucl1837, kles1234, matu1265, suli1239, plna1234"
Mand,,ate,,atem1241,
Athabaskan-Eyak-Tlingit,"Athabaskan-Eyak, Tlingit",,tli,atha1245,"atha1246, tlin1245"
Athabaskan-Eyak,"Athabaskan, Eyak",,eya,atha1246,"atha1247, eyak1241"
Athabaskan,"Apachean, Central British Columbia Athabaskan, Central Alaska-Yukon Athabaskan, Northwestern Canada Athabaskan, Pacific Coast Athabaskan, Sarsi, Southern Alaskan Athabaskan, Tsetsaut",,"srs, txc",atha1247,"apac1239, cent2370, cent2371, nort3354, paci1277, sars1236, sout3337, tset1236"
Athima,,,,athi1234,
Athpariyic,"Athpariya, Belhariya",,"aph, byw",athp1240,"athp1241, belh1239"
Athpariya,,aph,,athp1241,
Ati,"Barotac Viejo Nagpana, Malay (Ati)",atk,,atii1237,"baro1255, mala1492"
Atikamekw,,atj,,atik1240,
Atlas Berber,"Central Moroccan Berber, Northwestern Moroccan Berber, Tachelhit",,"tzm, shi",atla1275,"cent2194, nort3248, tach1250"
Atlantic-Congo,"Gola, Limba, Mansoanka, Mel, North-Central Atlantic, Volta-Congo",,"gol, msw",atla1278,"gola1255, limb1267, mans1259, mela1257, nort3146, volt1241"
Atlantic-Congo (Unattested),"Dek, Dungu, Esuma, Kaivi, Mala (Nigeria), Nshi, Ruma, Shuwa-Zamani, Tumi, Vono, Ware",,"dek, dbv, esm, kce, ruy, nsc, ruz, ksa, kku, kch, wre",atla1280,"dekk1240, dung1254, esum1241, kaiv1238, mala1471, nshi1235, ruma1250, shuw1238, tumi1238, vono1238, ware1252"
Atlantic-Congo Speech Register,"Agbirigba, La'bi, Medefidrin",,"lbi, dmf",atla1282,"agbi1234, labi1244, mede1238"
Atohwaim,,aqm,,atoh1238,
Atong (India),,aot,,aton1241,
Atong,,ato,,aton1242,
Atorada,,aox,,ator1244,
Atrato,"Emberá-Catío, Panama-Baudo-Atrato",,cto,atra1235,"embe1260, pana1309"
Atsam,,cch,,atsa1241,
Atsahuaca,,atc,,atsa1242,
Atsugewi,,atw,,atsu1245,
Attapady Kurumba,,pkr,,atta1243,
Atta,"Faire Atta, Pamplona Atta, Pudtol Atta",,"azt, att, atp",atta1244,"fair1238, pamp1244, pudt1235"
Attié,"Bodin, Ketin, Naindin",ati,,atti1239,"bodi1251, keti1245, nain1239"
Atuence,,atf,,atue1238,
Atzingo Matlatzinca,,ocu,,atzi1235,
Aua-Gawil,"Imbongu, Umbu-Ungu",,"imo, ubu",auag1234,"imbo1238, umbu1258"
'Auhelawa,,kud,,auhe1237,
Aulua,"Boinelang, Onesso",aul,,aulu1238,"boin1237, ones1240"
Au-Olo-Elkei,"Au, Olo-Elkei",,avt,auol1234,"auuu1241, oloe1234"
Aurê y Aurá,,aux,,aura1243,
Aushi,,auh,,aush1241,
Aushiri,,avs,,aush1242,
Austrian Sign Language,,asq,,aust1252,
Australian Aborigines Sign Language,"Dieri Auxiliary Sign Language, North Central Desert Auxiliary Sign, North Australian Sign, Gurindjic Sign, Gurindji Auxiliary Sign Language, Jingulu Auxiliary Sign Language, Mudburra Auxiliary Sign Language, Kukatja Auxiliary Sign Language, Maningrida Auxiliary Sign Language, North Central Desert Sign, Alyawarr Auxiliary Sign Language, Aranda Auxiliary Sign Language, Kaytej Auxiliary Sign Language, Tennant Creek Auxiliary Sign Language, Tennant Creek Sign, Warlmanpa Auxiliary Sign Language, Warumungu Auxiliary Sign Language, Warlpiri-Anmatyerr Sign, Anmatyerr Auxiliary Sign Language, Warlpiri Auxiliary Sign Language, Western Torres Strait Auxiliary Sign",asw,,aust1253,"dier1242, nort3418, nort3419, guri1253, guri1252, jing1268, mudb1241, kuka1248, mani1310, nort3420, alya1240, aran1270, kayt1240, tenn1247, tenn1248, warl1259, waru1270, warl1258, anma1240, warl1260, west3006"
Auslan,,asf,,aust1271,
Austral,"Raivavae, Rimatara, Rurutu, Tubuai",aut,,aust1304,"raiv1237, rima1237, ruru1237, tubu1240"
Austroasiatic,"Aslian, Bahnaric, Katuic, Khasi-Palaung, Khmeric, Khmuic, Mangic, Monic, Mundaic, Nicobaric, Pearic, Vietic",,,aust1305,"asli1243, bahn1264, katu1271, khas1273, khme1253, khmu1236, mang1377, moni1258, mund1335, nico1262, pear1246, viet1250"
Austronesian,"Atayalic, Bunun, East Formosan, Malayo-Polynesian, Northwest Formosan, Paiwan, Puyuma, Rukai, Tsouic, Western Plains Austronesian",,"bnn, pwn, pyu, dru",aust1307,"atay1246, bunu1267, east2493, mala1545, nort2899, paiw1248, puyu1239, ruka1240, tsou1250, west2572"
Auslanic,"Auslan, Fiji Sign Language, Papua New Guinean Sign Language, Solomon Islands Sign Language",,"asf, pgz, szs",aust1310,"aust1271, fiji1246, papu1255, solo1262"
Austronesian (Unattested),"Sorsogon Ayta, Tayabas Ayta near Lucena City in Western Quezon, Villa Viciosa Agta",,"ays, ayy, dyg",aust1312,"sors1239, taya1256, vill1242"
Au,,avt,,auuu1241,
Auvergnat,,auv,,auve1240,
Auwe,,smf,,auwe1239,
Auxiliary Sign Systems,"Baraninsky Armenian Sign Language, Australian Aborigines Sign Language, Monastic Sign Language, Plains Indian Sign Language",,"aen, asw, mzg, psd",auxi1235,"arme1259, aust1253, mona1241, plai1235"
Auyana,"Awiyaana, Usarufa",,"auy, usa",auya1234,"awiy1238, usar1243"
Auye,,auu,,auye1238,
Auye-Dao,"Auye, Dao",,"auu, daz",auye1239,"auye1238, daoo1238"
Auyokawa,,auo,,auyo1240,
Avá-Canoeiro,,avv,,avac1239,
Avaipa,,,,avai1234,
Avar-Andic-Tsezic,"Andic, Avar, Tsezic",,ava,avar1255,"andi1254, avar1256, tsez1239"
Avar,"Ancux, Andalal-Gxdatl, Bacadin, Batlux, Hid, Karax, Kaxib, Keleb, Xunzax, Salatav, Shulanin, Untib, Zakataly, Zaqatala",ava,,avar1256,"ancu1238, anda1281, baca1241, batl1238, hidd1238, kara1473, kaxi1241, kele1253, kunz1243, sala1265, shul1242, unti1238, zaka1239, zaqa1242"
Avatime-Nyangbo,"Avatime, Nyangbo-Tafi",,avn,avat1243,"avat1244, nyan1316"
Avatime,,avn,,avat1244,
Avau,Gasmata,avb,,avau1237,gasm1237
Avestan,,ave,,aves1237,
Avikam-Alladian,"Alladian, Avikam",,"ald, avi",avik1242,"alla1248, avik1243"
Avikam,,avi,,avik1243,
Avokaya,"Ajugu, Avokaya Pur, Northern Ogambi, Ojila",avu,,avok1242,"ajug1238, avok1243, nort2812, ojil1238"
Avok,,,,avok1244,
Awabakal,"Awabagal, Cameeragal, Wonarua",awk,,awab1243,"awab1244, came1251, wona1238"
Lavia-Awalai-Damangnuo Awa,"Awalai Awa, Damangnuo Awa, Masan Awa",vwa,,awac1238,"awal1239, dama1281, masa1328"
Awa-Cuaiquer,,kwi,,awac1239,
Awadhi,"Central Awadhi, Bahraich, Barabanki, Rae Bareli, Eastern Awadhi, Azamgarhi, Gangapari, Mirzapuri, Uttari, Western Awadhi, Fatehpur, Kheri, Lucknow, Sitapur, Unnao",awa,,awad1243,"cent2393, bahr1250, bara1410, raeb1235, east2875, azam1235, gang1265, mirz1238, utta1238, pard1244, fate1235, kher1247, luck1235, sita1239, unna1235"
Awad Bing,"Biliau, Galeg, Suit, Yamai, Yori",bcu,,awad1244,"bili1252, gale1258, suit1237, yama1259, yori1237"
Awadhic,"Awadhi, Bagheli",,"awa, bfy",awad1245,"awad1243, bagh1251"
Awak-Kamo,"Awak, Kamo",,"awo, kcq",awak1249,"awak1250, kamo1254"
Awak,,awo,,awak1250,
Awa-Oweina,"Awa (Papua New Guinea), Oweina",,"awb, wsr",awao1234,"awap1236, owen1244"
Awa (Papua New Guinea),"Ilakia, Northeast Awa, South Awa, Tauna",awb,,awap1236,"ilak1239, nort2919, sout2942, taun1251"
Awara,,awx,,awar1248,
Awar,"Nubia, Nuclear Awar",aya,,awar1249,"nubi1252, nucl1639"
Awa-Southern Barbacoan,"Awa-Cuaiquer, Cayapa-Colorado",,kwi,awas1234,"awac1239, caya1244"
Awbono,,awh,,awbo1238,
Aweer,"Kilii, Nuclear Aweer, Baddey Aweer, South Aweer, Bireeri Aweer, Central Aweer, Jara Aweer, Kijee Aweer, Safaree Aweer",bob,,awee1242,"kili1272, nucl1772, badd1234, sout3265, bire1234, cent2334, jara1277, kije1234, safa1247"
Awera,,awr,,awer1241,
Awetí,,awe,,awet1244,
Aweti-Guarani,"Awetí, Tupi-Guarani",,awe,awet1245,"awet1244, tupi1276"
Awiakay-Karimba,"Awiakay, Karimba",,,awia1234,"awia1235, kari1320"
Awing,,azo,,awin1248,
Elevala,"Aekyom, Pare",,"awi, ppt",awin1249,"aeky1238, pare1271"
Awiyaana,,auy,,awiy1238,
Awjilah,,auj,,awji1241,
Awngi,"Dega, Kunfäl, Kwolla",awn,,awng1244,"dega1239, kunf1239, kwol1241"
Awtuw,,kmn,,awtu1239,
Auwon,,aww,,awun1245,
Awutu,"Efutu, Nuclear Awutu, Senya",afu,,awut1241,"efut1241, nucl1351, seny1238"
Southern Awu (Lope),,yiu,,awuu1235,
Awyi,,auw,,awyi1241,
Awyu-Dumut,"Awyu, Dumut, Ndeiram, Unclassified Awyu-Dumut",,,awyu1263,"awyu1264, dumu1247, ndei1235, unun9981"
Awyu,"Asue Awyu, Edera Awyu, Kia River Awyu, Mappi-Digul Awyu, North Awyu, South Awyu",,"psa, awy, awv, yir, aws",awyu1264,"asue1235, eder1237, jair1235, mapp1234, nort2918, sout2941"
Awyu-Ok,"Greater Awyu, Ok-Oksapmin",,,awyu1265,"grea1275, okok1235"
Axamb,,ahb,,axam1237,
Axi Yi,,yix,,axiy1235,
Yintyinka-Ayabadhu,,ayd,,ayab1239,
Ayacuchan Quechua,"Arequipa-La Unión Quechua, Ayacucho Quechua",,"qxu, quy",ayac1238,"areq1237, ayac1239"
Ayacucho Quechua,"Andahuaylas, Huancavelica",quy,,ayac1239,"anda1285, huan1249"
Ayautla Mazatec,,vmy,,ayau1235,
Ayautlic,"Ayautla Mazatec, Northern Baja Mazatec",,vmy,ayau1236,"ayau1235, nort3406"
Ayere-Ahan,"Àhàn, Ayere",,"ahn, aye",ayer1244,"ahan1244, ayer1245"
Ayere,,aye,,ayer1245,
Ayi (China),,ayx,,ayic1234,
Ayi (Papua New Guinea),,ayq,,ayip1235,
Äiwoo,,nfl,,ayiw1239,
Ayizi,,yyz,,ayiz1244,
Ayizo Gbe,"Ayizo-Seto, Ayizo-Tori, Ayizo-Kobe, Kadagbe",ayb,,ayiz1245,"ayiz1246, ayiz1247, ayiz1248, kada1283"
Aymaran,"Central-Southern Aymara, Tupe",,aym,ayma1253,"nucl1667, tupe1234"
Ayoquesco Zapotec,,zaf,,ayoq1235,
Ayoreo,Tsiracua,ayo,,ayor1240,tsir1238
Ayutla Mixtec,,miy,,ayut1236,
Ayu,,ayu,,ayuu1242,
Central Oghuz,"North Azerbaijani, South Azerbaijani",,"azj, azb",azer1255,"nort2697, sout2697"
Azha,,aza,,azha1235,
Azhe,,yiz,,azhe1235,
Azoyú Me'phaa,,tpc,,azoy1236,
Aztec,"Eastern Nahuatl, Pochutec, Western Nahuatl",,xpo,azte1234,"east2720, poch1244, west2809"
B10-B30,"Myene, Okani (B.30)",,mye,b10b1234,"myen1241, tsog1242"
Baale-Olam,"Kacipo-Balesi, Ngaalam",,koe,baal1234,"kaci1244, ngaa1241"
Baan,"Ka-Ban, Kesari",bvj,,baan1241,"kaba1279, kesa1243"
Baangi,,bqx,,baan1242,
Baatonum,,bba,,baat1238,
Baazem,,,,baaz1234,
Babango,,bbm,,baba1263,
Baba,,bbw,,baba1264,
Babanki,,bbk,,baba1266,
Baba Malay,,mbf,,baba1267,
Babatana,"Avasö, Katazi, Kuboro, Lömaumbi, Nuclear Babatana, Sengan",baa,,baba1268,"avas1237, kata1267, kubo1243, loma1262, nucl1494, seng1280"
Babalia Creole Arabic,,bbz,,baba1273,
Babar,"North Babaric, South Babar, West Damar",,drn,baba1274,"nort2859, sout2881, west2548"
Witsuwit'en-Babine,"Babine-Takla, Witsuwit'en",bcr,,babi1235,"babi1236, wits1234"
Babuza,"Favorlang, Poavosa, Taokas",bzg,,babu1240,"favo1235, poav1237, taok1237"
Babungoic,"Kenswei Nsei, Vengo",,"ndb, bav",babu1241,"kens1251, veng1238"
Bacanese Malay,,btj,,baca1243,
Bacama,"Bacama-Yimburu, Mulyen, Opalo, Wa-Duku",bcy,,baca1246,"baca1245, muly1238, opal1238, wadu1238"
Bactrian,,xbc,,bact1239,
Badaga,,bfq,,bada1257,
Bada (Nigeria),"Galamkya, Mbat (Nigeria)",bau,,bada1258,"gala1266, mbat1251"
Badaic,"Bada (Indonesia), Besoa, Napu",,"bhz, bep, npy",bada1260,"bada1261, beso1237, napu1241"
Bada (Indonesia),"Ako (Indonesia), Bada",bhz,,bada1261,"akoo1250, bada1262"
Badaga-Kannada,"Badaga, Kannadoid",,bfq,bada1263,"bada1257, kann1259"
Badeshi,,bdz,,bade1240,
Bade,"Northern Bade, Southern Bade, Western Bade",bde,,bade1248,"gash1250, sout3053, west2711"
Badimaya,,bia,,badi1246,
Ngkontar Baedi,,khd,,badi1247,
Badjirri,,jbi,,badj1244,
Badjiri-Eastern Karnic,"Badjirri, Eastern Karnic",,jbi,badj1246,"badj1244, east2872"
Jaad-Badyara,,pbp,,bady1239,
Baeggu,,bvd,,baeg1237,
Baelelea,,bvc,,bael1237,
Baenan,,,,baen1237,
Baetora,"Narovorovo, Nasawa, Talise (Vanuatu)",btr,,baet1237,"naro1250, nasa1241, tali1260"
Bafaw-Balong,"Bafaw, Balong",bwt,,bafa1247,"bafa1248, balo1263"
Bafanji,,bfj,,bafa1249,
Bafawic-Bakweric,"Bafawic, Bakweric",,,bafa1251,"bafa1252, kpwe1234"
Bafawic,"Bafaw-Balong, Oroko",,"bwt, bdu",bafa1252,"bafa1247, orok1266"
Bafia,"Bape, Kpa",ksf,,bafi1243,"bape1238, kpaa1242"
Bafia (A.50),"Nuclear Bafia (A.50), Tibea",,ngy,bafi1244,"nucl1740, tibe1274"
Bafoto,,,,bafo1235,
Bafut,"West Hills Bafut, Court Bafut, Central Bafut, Royal Bafut",bfd,,bafu1246,"bufe1238, cour1234, nucl1413, roya1234"
Baga Manduri,,bmd,,baga1270,
Baga Kaloum,,bqf,,baga1271,
Baga Sitemu,Marara,bsp,,baga1272,mara1388
Baga Koga,,bgo,,baga1273,
Baga Sobané,,bsv,,baga1274,
Pukur,"Baga Mboteni, Baga Binari",bcg,bgm,baga1275,"baga1276, baga1279"
Bagheli,"Banapari, Gahore, Godwani, Ojhi, Sonpari, Tirhari",bfy,,bagh1251,"bana1282, gaho1238, godw1242, ojhi1238, sonp1238, tirh1246"
Bagirmi Fulfulde,,fui,,bagi1244,
Bagirmi,"Bangri, Dam, Gol, Kibar",bmi,,bagi1246,"bang1360, damm1238, goll1238, kiba1246"
Bagirmic,"Bagirmi, Kenga, Morom-Jaya-Naba",,"bmi, kyq",bagi1248,"bagi1246, keng1240, moro1296"
Bago-Kusuntu,"Bago, Kusuntu",bqg,,bago1245,"bago1246, kusu1251"
Bago-Delo-Cala,"Bago-Kusuntu, Delo-Cala",,bqg,bago1247,"bago1245, delo1241"
Bagri,"Bagri of Haryana, Bagri of Rajasthan, Vishnoi",bgq,,bagr1243,"bagd1238, bagr1246, vish1245"
Bagri-Jandavra,"Bagri, Jandavra",,"bgq, jnd",bagr1245,"bagr1243, jand1246"
Bagua,,,,bagu1249,
Bagusa,,bqb,,bagu1251,
Bagupi,,bpi,,bagu1252,
Bagvalal,"Kvanada-Gimerso, Tlisi-Tlibisho, Tlondada-Xushtada",kva,,bagv1239,"kvan1243, tlis1238, tlon1242"
Bagvalal-Tindi,"Bagvalal, Tindi",,"kva, tin",bagv1240,"bagv1239, tind1238"
Baha Buyang,,yha,,baha1256,
Bahau,,bhv,,baha1257,
Baham,,bdw,,baha1258,
Baharna Arabic,,abv,,baha1259,
Bahamas Creole English,,bah,,baha1260,
Bahamian Gullah,"Bahamas Creole English, Turks And Caicos Creole English",,"bah, tch",baha1261,"baha1260, turk1310"
Bahau River Kenyah,,bwv,,baha1262,
Bahing,"Banenge, Dobo Lo, Namber Sacha, Proca Lo, Rokhung",bhj,,bahi1252,"bane1244, dobo1243, namb1290, proc1238, rokh1238"
Bahinemo,,bjh,,bahi1254,
Bahinemic,"Bahinemo, Berinomo, Nigilu, Wagu",,"bjh, bit",bahi1255,"bahi1254, beri1253, nigi1241, wagu1234"
Bahnar,"Alakong, Bahnar Bonom, Golar (Austroasiatic), Jolong, Kontum, Krem, Tolo",bdq,,bahn1262,"alak1252, bahn1263, gola1254, jolo1240, kont1244, krem1240, tolo1253"
Bahnaric,"Cua, North Bahnaric, West Bahnaric",,cua,bahn1264,"cuaa1241, nort3150, west2399"
Bahonsuai,,bsu,,baho1237,
Bahuanaic,"Cariai-Manao, Xiriâna",,xir,bahu1238,"cari1286, xiri1243"
Baibai-Fas,"Baibai, Momu-Fas",,"bbf, fqs",baib1250,"baib1251, fass1245"
Baibai,,bbf,,baib1251,
Baic,"Northern Bai, South-Central Bai",,bfc,baic1239,"nort2724, sout3254"
Bai,,bdj,,baii1251,
Baikeno,"Kais Metan, Tai Boko, Uis Tasae",bkx,,baik1238,"kais1241, taib1241, uist1237"
Baima,"Northern Baima, Southern Baima, Western Baima",bqh,,baim1244,"nort2706, sout2713, west2412"
Baimak,,bmx,,baim1245,
Bai-Maclay,,,,baim1246,
Bainounk-Gujaher,,bab,,bain1259,
Bainouk-Samik,,bcb,,bain1260,
Bainouk-Gunyaamolo-Gutobor,"Gujaaxet, Gunyamoolo",bcz,,bain1261,"guja1254, guny1242"
Baining,"Kairak, Mali, Qaqet, Simbali, Unclassified Baining, Ura (Papua New Guinea)",,"ckr, gcc, byx, smg, uro",bain1263,"kair1267, mali1284, qaqe1238, simb1259, unun9989, urap1240"
Bainounk,"Bainounk-Gujaher, Bainouk-Gunyaamolo-Gutobor, Gubeeher-Gufangor-Gubelor, Northeast Bainounk",,"bab, bcz",bain1264,"bain1259, bain1261, gube1234, nort3247"
Baissa Fali,,fah,,bais1242,
Baiso,,bsw,,bais1246,
Baiso-Jiiddu,"Baiso, Jiiddu",,"bsw, jii",bais1247,"bais1246, jiid1238"
Bai-Viri,"Bai, Belanda Viri",,"bdj, bvi",baiv1238,"baii1251, bela1255"
Bajan,,bjs,,baja1265,
Bajelani,,bjm,,baje1238,
Baka-Gundi,"Baka complex, Gundi, Limassa",,"gdi, bme",baka1271,"baka1278, gund1247, lima1246"
Baka (Cameroon),,bkc,,baka1272,
Bakaka,"Babong, Bafun, Balondo, Baneka, Manehas, Nuclear Bakaka",bqz,,baka1273,"babo1241, bafu1245, balo1262, bane1245, mane1262, nucl1402"
Baka (South Sudan),,bdh,,baka1274,
Bakati',"Riuk Bekati', Rara-Sara Bakati'",,bei,baka1275,"beka1241, rara1236"
Bakairí,,bkq,,baka1277,
Baka complex,"Baka (Cameroon), Ganzi",,"bkc, gnz",baka1278,"baka1272, ganz1247"
Bakhtiari,"Charlang, Chelgerd, Haft-Lang, Kuhrang",bqi,,bakh1245,"char1266, chel1241, haft1238, kuhr1238"
Bakhtiari-Southern Lori,"Bakhtiari, Southern Luri",,"bqi, luz",bakh1252,"bakh1245, sout2647"
Baki-Bierebo,"Baki, Bierebo",,"bki, bnk",baki1243,"baki1244, bier1244"
Baki,,bki,,baki1244,
Bak,"Balanta, Joola-Manjaku",,,bakk1238,"bala1300, jool1234"
Bakoko,"Adie, Bisoo, Mbang, Yabyang, Yakalak, Yapoma, Yassuku",bkh,,bako1249,"adie1238, biso1242, mban1266, yaby1238, yaka1273, yapo1244, yass1240"
Bakole,,kme,,bako1250,
Bakor,"Nde-Efutop, Northern Bakor",,,bako1254,"ndee1247, nort3374"
Iyongiyong,,bbs,,bakp1238,
Bakumpai,"Mengkatip, Nuclear Bakumpai",bkr,,baku1263,"meng1268, nucl1555"
Bakung Kenyah,,boc,,baku1265,
Bakwe-Wane,"Bakwé, Wané",,"bjw, hwa",bakw1242,"bakw1243, wane1242"
Bakwé,"Dafa, Defa, Deple, Nigagba, Nyinagbi",bjw,,bakw1243,"dafa1242, defa1250, depl1238, niga1242, nyin1249"
Balanta,"Balanta-Kentohe, Balanta-Ganja",,"ble, bjt",bala1300,"bala1301, bala1302"
Balanta-Kentohe,"Fora, Kantohe, Mane, Naga (Balanta)",ble,,bala1301,"fora1244, kant1248, mane1239, naga1400"
Balanta-Ganja,"Fganja, Fjaalib",bjt,,bala1302,"fgan1238, fjaa1238"
Balau,,blg,,bala1306,
Balangao,,blw,,bala1310,
Balangingi,"Daongdung, Kabinga'an, Lutangan, Nuclear Balangingi, Sibuguey, Sibuco-Vitali",sse,,bala1311,"daon1242, kabi1262, luta1238, nucl1552, sibu1253, sibu1254"
Balaesang,,bls,,bala1314,
Balantak,,blz,,bala1315,
Balade,,,,bala1316,
Balaybalan,,,,bala1318,
Baldemu,,bdn,,bald1241,
Bale,"Lendu, Ndrulo",,"led, dno",bale1255,"lend1245, ndru1234"
Bali (Nigeria),,bcn,,bali1245,
Bali (Democratic Republic of Congo),"Bafwandaka, Bakundumu, Bekeni, Bemili",bcp,,bali1274,"bafw1242, baku1261, beke1238, bemi1238"
Bali-Sasak-Sumbawa,"Balinese, Sasak-Sumbawa",,ban,bali1277,"bali1278, sasa1248"
Balinese,"Highland Bali, Lowland Bali, Nusa Penida",ban,,bali1278,"high1274, lowl1258, nusa1244"
Balinese Malay,,mhp,,bali1279,
Bali-Vitu,"Muduapa, Uneapa",,"wiv, bbn",bali1280,"mudu1242, unea1237"
Bali-Kpasam,"Bali (Nigeria), Kpasam, Yotti",,"bcn, pbn, yot",bali1284,"bali1245, kpas1242, yott1234"
Bali-Beeke,"Bali (Democratic Republic of Congo), Beeke",,"bcp, bkf",bali1286,"bali1274, beek1238"
Baliledu-Buawa,"Baliledu, Pondok",,,bali1287,"bali1288, pond1252"
Balkan Romani,"Abruzzese-Calabrian-Molisean Romani, Arli-Dolenjski, Arlija, Slovenian-Croatian Romani, Crimean Rom, Erli of Sofia, Pyrgos-Peloponnese Romani, Rumelian Romani, Prilep-Prizren-Serres, Romacilikanes, Romano, Sepečides, Serres-Saint Athanasios, Drindari–Kalajdži–Bugurdži, Bugurdži, Kalajdži, Drindari, Ursári, Zargari",rmn,,balk1252,"abru1239, arli1239, arli1238, slov1272, crim1258, erli1234, gree1277, pasp1238, pril1234, roma1336, roma1337, sepe1242, serr1257, tinn1238, bugu1249, kala1408, tins1238, ursa1238, zarg1238"
Rumelian Turkish,"Danubian, Gajol, Gerlovo Turks, Kyzylbash, Razgrad, Coastal Crimean Tatar, Surguch, Tozluk Turks",bgx,,balk1254,"danu1248, gajo1239, gerl1239, kyzy1245, razg1238, sout2700, surg1247, tozl1239"
Balochic,"Eastern Balochi, Koroshi, Southern-Western Balochi",,"bgp, ktl",balo1260,"east2304, koro1296, sout3242"
Loi-Likila,"Dzamba, Loi (Congo), Makutu, Mampoko",biz,,balo1261,"dzam1242, loii1242, maku1274, mamp1245"
Balo,,bqo,,balo1264,
Baltic Romani,"Chuxny, Eastern Latvia-Lithuanian Romani, North Russian Romani, Polish Romani, White Russian Romani",rml,,balt1257,"latv1250, lith1252, nort2655, poli1261, whit1261"
Balti,,bft,,balt1258,
Balto-Slavic,"Eastern Baltic, Old Prussian, Slavic",,prg,balt1263,"east2280, prus1238, slav1255"
Paluai,"Baluan, Pam",blq,,balu1257,"balu1258, pamm1243"
Langue de Signes Malienne,,bog,,bama1249,
Bamali,,bbq,,bama1251,
Bambassi,"Kere (Ethiopia), Nuclear Bambassi",myf,,bamb1262,"kere1282, nucl1341"
Bambuka-Gomu-Leelau,"Kyak, Leelau, Moo",,"bka, ldk, gwg",bamb1263,"kyak1243, leel1242, mooo1239"
Bambalang,,bmo,,bamb1265,
Bambili-Bambui,"Bambili, Bambui",baw,,bamb1266,"bamb1267, bamb1268"
Bambara,"Beledugu, Ganadugu, San, Segou, Sikasso, Somono, Standard Bambara",bam,,bamb1269,"bele1249, gana1273, sann1238, sego1238, sika1260, somo1238, stan1305"
Bambam,"Bambam Hulu, Bumal, Issilita', Matangnga, Mehalaan, Pakkau, Salu Mokanam",ptu,,bamb1270,"bamb1271, buma1246, issi1237, mata1286, meha1242, pakk1243, salu1250"
Bamboutos,"Ngiemboon, Ngwe, Yemba",,"nnh, nwe, ybb",bamb1272,"ngie1241, ngwe1238, yemb1246"
Bamenyam,,bce,,bame1260,
Bamileke,"East Bamileke, West Bamileke",,,bami1239,"east2862, west2958"
Bam-Manam,"Biem, Manam-Sepa",,bmc,bamm1241,"biem1237, mana1301"
Bamun,,bax,,bamu1253,
Bamukumbit,,bqt,,bamu1254,
Bamunka,,bvm,,bamu1256,
Bamu,"Gama, Lower Bamu, Nuhiro, Sisiame, Upper Bamu",bcf,,bamu1257,"gama1254, lowe1421, nuhi1238, sisi1249, uppe1434"
Bamwe,,bmg,,bamw1238,
Bamweic,"Bamwe, Dzando, Ndolo",,"bmg, dzn, ndl",bamw1239,"bamw1238, dzan1238, ndol1238"
Banao Itneg,"Banao Pikekj, Gubang Itneg, Malibcong Banao",bjx,,bana1288,"bana1289, guba1246, mali1281"
Banaro,,byz,,bana1292,
Bana,"Gamboura, Gili",bcw,,bana1305,"gamb1258, gili1246"
Banawá,,bnh,,bana1306,
Bandjigali,,bjd,,band1337,
Bandjalangic,"Coastal Bandjalang, Inland Bandjalang",,,band1339,"coas1320, inla1268"
Bandial,"Affiniam, Elun, Nuclear Bandial",bqj,,band1340,"affi1239, elun1241, nucl1346"
Bandaic,"Golo, Nuclear Bandaic",,,band1341,"golo1234, nucl1797"
Banda-Mbrès,"Buka (Banda-Mbres), Mbre (Banda-Mbres), Moruba, Sabanga, Wada",bqk,,band1342,"buka1254, mbre1245, moru1251, saba1261, wada1260"
Banda-Banda,"Bereya, Buru (Banda-Banda), Gbaga-South, Gbambiya, Govoro, Hai, Ka, Mbi, Ndi, Ngalabo, Ngola (Banda-Banda), Nuclear Banda-Banda, Vidiri, Wundu",bpd,,band1343,"bere1248, buru1297, gbag1255, gbam1238, govo1238, haii1241, kaaa1238, mbii1238, ndii1240, ngal1297, ngol1244, nucl1365, vidi1238, wund1238"
Banda-Bambari,"Gbende, Joto, Linda, Ndokpa, Ngapo",liy,,band1344,"gben1241, joto1238, lind1246, ndok1253, ngap1238"
Banda-Ndélé,"Nuclear Banda-Ndélé, Banda-Kpaya, Junguru, Ngao, Ngbala, Tangbago",bfl,,band1345,"band1346, band1347, jung1239, ngao1244, ngba1288, tang1341"
Banda-Yangere,,yaj,,band1348,
Bandi-Zialo,"Bandi, Zialo",,"bza, zil",band1351,"band1352, zial1235"
Bandi,"Hasala, Hembeh, Lukasa, Tahamba, Wawana, Wulukoha",bza,,band1352,"hasa1248, hemb1243, luka1238, taha1240, wawa1247, wulu1242"
Banda Malay,,bpq,,band1353,
Banda-Geser,"Banda (Indonesia), Seran Laut",,bnd,band1354,"band1355, gese1239"
Banda (Indonesia),"Elat, Eli",bnd,,band1355,"elat1240, elii1237"
Greater Bandjalangic,"Bandjalangic, Guwar, Pimpama",,,band1357,"band1339, guwa1244, pimp1234"
Banggarla,,bjb,,bang1339,
Bangba,"Kopa (Bangba), Tora (Bangba)",bbe,,bang1345,"kopa1246, tora1258"
Ngombe-Bangandu,"Baagato, North Bangato",bgf,,bang1347,"baag1244, nort2776"
Bangwinji,"Kaalo, Naaban",bsj,,bang1348,"kaal1239, naab1242"
Bangubangu,"Hombo, Kasenga, Mikebwe, Nonda, Nuclear Bangubangu, Sanzi",bnx,,bang1350,"homb1238, kase1254, mike1238, nond1239, nucl1386, sanz1244"
Bangala,,bxg,,bang1353,
Bobangi,,bni,,bang1354,
Bangolan,,bgj,,bang1356,
Bangime,,dba,,bang1363,
Bangka,,mfb,,bang1365,
Banggai,"East Banggai, West Banggai",bgz,,bang1368,"east2492, west2570"
Bangru,"Bangru of Tibet, Sarli Bangru",,,bang1369,"bang1377, leva1238"
Bangka-Belitung Malay,"Bangka, Loncong",,"mfb, lce",bang1370,"bang1365, lonc1237"
Bangubangu-Kasai,"Bangubangu, Hemba-Yazi, Luba-Lulua",,"bnx, hem, lua",bang1371,"bang1350, hemb1242, luba1249"
Bangni-Tagin,"Na, Tagin",,"nbt, tgj",bang1372,"naaa1245, tagi1241"
Baniwa do Icana,"Baniwa Meridional, Baniwa Central, Baniwa Setentrional, Baniwa do Alto Icana, Baniwa do Rio Guainia, Baniwa do Cabeceires do Cuyari",bwi,,bani1255,"bani1261, hoho1238, sius1255, bani1262, bani1263, bani1264"
Baniwa-Curripaco-Tariano,"Baniwa-Curripaco, Tariana",,tae,bani1258,"bani1259, tari1256"
Baniwa-Curripaco,"Baniwa do Icana, Curripaco",,"bwi, kpc",bani1259,"bani1255, curr1243"
Banjar,"Hulu, Kuala",bjn,,banj1239,"hulu1245, kual1252"
Banjar-Berau-Brunei Malay,"Banjar-Bukit Malay, Berau-Brunei Malay",,,banj1240,"banj1241, bera1266"
Banjar-Bukit Malay,"Banjar, Bukit Malay",,"bjn, bvu",banj1241,"banj1239, buki1247"
Ban Khor Sign Language,,bfk,,bank1251,
Bankon,,abb,,bank1256,
Bankagooma,,bxw,,bank1258,
Bankan Tey Dogon,,dbw,,bank1259,
Bannoni,,bcm,,bann1247,
Bantawic,"Bantawa, Waling",,"bap, wly",bant1280,"bant1281, wali1261"
Bantawa,"Eastern Bantawa, Intermediate Bantawa, Northern Bantawa, Southern Bantawa, Western Bantawa",bap,,bant1281,"east2359, inte1256, nort2729, sout2737, west2423"
Bantik,,bnq,,bant1286,
Bantoanon,"Banton, Calatravanhon, Odionganon, Sibalenhon, Simaranhon",bno,,bant1288,"bant1289, cala1257, odio1237, siba1241, sima1260"
Bantayanon,,bfx,,bant1293,
Bantoid,"Northern Bantoid, Southern Bantoid, Unclassified Bantoid",,,bant1294,"nort3168, sout3152, unun9931"
Bantu A-B10-B20-B30,"B10-B30, Bafia (A.50), Basaa-Yaunde (A40-70), Ndasaic, Ngomic, Lundu-Balong (A.10), Makaa-Kako (A.80-90), Sawabantu, Seki",,syi,bant1295,"b10b1234, bafi1244, basa1292, grea1288, kele1262, lund1274, maka1327, sawa1251, seki1238"
Bantang,,,,bant1298,
Bantu Layer Lower Guinea Portuguese,"Annobonese, Saotomic",,fab,bant1299,"fada1250, saot1242"
BANZL,"Auslanic, British Sign Language, New Zealand Sign Language",,"bfi, nzs",banz1243,"aust1310, brit1235, newz1236"
Baoanic,"Bonan, Dongxiang, Kangjia",,"peh, sce, kxs",baoa1237,"bona1250, dong1285, kang1281"
Baoulé,,bci,,baou1238,
Bapen,,,,bape1239,
Baraamu,,brd,,bara1357,
Barambo-Pambia,"Barambu, Ngala-Santandrea, Pambia",,"brm, pmb",bara1360,"bara1361, ngal1296, pamb1243"
Barambu,,brm,,bara1361,
Barama,,bbg,,bara1362,
Barakai,"Mesiang, Nuclear Barakai",baj,,bara1367,"mesi1244, nucl1523"
Bara Malagasy,,bhr,,bara1369,
Baram Kayan,"Long Akahsemuka, Long Atip",kys,,bara1370,"long1412, long1413"
Baras,,brs,,bara1371,
Barapasi,"Marikai, Sipisi",brp,,bara1375,"mari1434, sipi1238"
Baraic,"Barai-Namiae, Ese, Ömie",,"mcq, aom",bara1376,"bara1377, esee1247, omie1241"
Barai-Namiae,"Namiae, Barai",,"nvm, bbb",bara1377,"nami1258, nucl1630"
Baramu,,bmz,,bara1378,
Barasana-Eduria,"Comematsa, Janera, Taiwano",bsn,,bara1380,"come1252, jane1236, taiw1247"
Barapasi-Sauri-Kofei,"Barapasi, Sauri-Kofei",,brp,bara1399,"bara1375, saur1250"
Bara-Tatuyo,"Tatuyo, Waimaha",,"tav, bao",bara1401,"tatu1247, waim1255"
Barainic,"Barain, Jalking",,bva,bara1406,"bare1279, saka1296"
Bara-Tanosy,"Bara Malagasy, Tanosy Malagasy",,"bhr, txy",bara1407,"bara1369, tano1246"
Barbacoas,,bpb,,barb1242,
Barbareño,,boi,,barb1263,
Barbacoan,"Awa-Southern Barbacoan, Coconucan, Unclassified Barbacoan",,,barb1265,"awas1234, coco1262, unun9945"
Barbados-Eustatius,"Barbados-Trinidad, Virgin Islands Creole English",,vic,barb1266,"barb1267, virg1240"
Barbados-Trinidad,"Bajan, Guyanese Creole English, Trinidadian Creole English",,"bjs, gyn, trf",barb1267,"baja1265, creo1235, trin1276"
Barbacoan (Unattested),Barbacoas,,bpb,barb1268,barb1242
Barclayville Grebo,"Kplebo, Wedebo",gry,,barc1235,"kple1238, wede1238"
Barclayville-Gboloo-Central Liberian Grebo,"Barclayville Grebo, Gboloo-Central Grebo",,gry,barc1236,"barc1235, gbol1236"
Bardic,"Bardi, Djawi",,"bcj, djw",bard1254,"bard1255, djaw1238"
Bardi,"Jawi, Nuclear Bardi",bcj,,bard1255,"jawi1238, nucl1338"
Baré,,bae,,bare1276,
Barain,"Central Barain, Giliya, Jalkiya, Komiya",bva,,bare1279,"cent2362, guil1240, jalk1246, komi1275"
Bareic,"Baré, Guinau",,bae,bare1282,"bare1276, guin1258"
Bargam,,mlp,,barg1252,
Barh Keita,"Furu, Sara-Kaba",,fuu,barh1234,"furu1242, sara1348"
Barikanchi,,bxo,,bari1241,
Barian,"Kakwa, Mandari, Nuclear Barian",,"keo, mqu",bari1283,"kakw1240, mand1425, nucl1796"
Bari,"Ligo, Nile Bari, Nyangbara, Nyepu, Pöjulu",bfa,,bari1284,"ligo1238, nile1238, nyan1314, nyep1239, poju1239"
Bariai,,bch,,bari1286,
Barito-Mahakam,"Ampanang, Tunjung",,"apg, tjg",bari1287,"ampa1239, tunj1244"
Bariji,,bjc,,bari1290,
Barí,,mot,,bari1297,
Barikewa,,jbk,,bari1298,
Barombi,,bbi,,baro1252,
Barok,"Nuclear Barok, Usen",bjk,,baro1253,"nucl1489, usen1237"
Barrow Point,,bpt,,barr1247,
Barro Negro Tunebo,,tbn,,barr1251,
Barranbinya,,,,barr1252,
Baruya,"Gulicha, Nuclear Baruya, Usirampia, Wantakia",byr,,baru1267,"guli1243, nucl1457, usir1238, want1250"
Baruga-Doghoro,"Baruga, Doghoro",,"bjz, dgx",baru1268,"baru1269, dogh1241"
Baruga,"Bareji, Mado, Nuclear Baruga, Tafota Baruga",bjz,,baru1269,"bare1274, mado1239, nucl1604, tafo1238"
Baruya-Simbari,"Baruya, Simbari",,"byr, smb",baru1271,"baru1267, simb1255"
Barwe,,bwg,,barw1243,
Barzani Jewish Neo-Aramaic,"Barzan, Bijil, Sandu, Shahe",bjf,,barz1241,"barz1242, biji1250, sand1282, shah1261"
Basa,"Basa (Nigeria), Kontagora-Gumna-Koromba",,bzw,basa1279,"basa1282, kont1247"
Basa-Gumna,,bsl,,basa1280,
Basa-Gurmana,,buj,,basa1281,
Basa (Nigeria),,bzw,,basa1282,
Basaa (A.40),"Abo-Barombi, Basaa-Bakoko",,,basa1283,"abob1234, basa1289"
Basa (Cameroon),"Bakem, Basso, Bibeng, Bon, Diboum, Log, Mpo, Ndokama, Ndokpenda, Ndokbele, Nyamtam",bas,,basa1284,"bake1242, bass1261, bibe1238, bonn1241, dibo1246, logg1238, mpoo1238, ndok1254, ndok1255, ndok1256, nyam1278"
Basap,"Lesan-Inaran, Tabalar-Talisayan, Karangan-Sangkulirang-Bengalon, Mangkalihat",bdb,,basa1286,"bera1265, duma1254, kara1491, mang1439"
Basay,"Linaw-Qauqaut, Trobiawan",byq,,basa1287,"lina1245, trob1237"
Basa-Eastern Kainji,"Basa, Eastern Kainji",,,basa1288,"basa1279, east2404"
Basaa-Bakoko,"Bakoko, Basaa-Hijuk",,bkh,basa1289,"bako1249, basa1290"
Basaa-Hijuk,"Basa (Cameroon), Hijuk",,"bas, hij",basa1290,"basa1284, hiju1238"
Basap-Greater Barito,"Basap, Greater Barito linkage",,bdb,basa1291,"basa1286, grea1283"
Basaa-Yaunde (A40-70),"Basaa (A.40), Yaunde-Fang (A.70)",,,basa1292,"basa1283, yaun1239"
Bashkardi,"Northern Bashaka, Garmsiri, Halilrudi, Jirofti, Kahnuji, Rudbāri (Halilrud), Minabic, Bandar Abbas, Manujani, Minabi, Rudani, North Bashkardi, Southern Bashaka, Garahven, Gwafr, Parmont, Pirou, Shahbavek",bsg,,bash1263,"nort2644, garm1243, hali1246, jiro1234, kahn1234, rudb1239, mina1281, band1359, manu1265, mina1282, ruda1234, nort3346, sout2644, gara1270, gwaf1234, parm1234, piro1250, shah1264"
Bashkir,"Burzhan, Kuvakan, Yurmaty",bak,,bash1264,"burz1239, kuva1242, yurm1239"
Bashkiric,"Bashkir, Tatar",,"bak, tat",bash1267,"bash1264, tata1255"
Basila-Adele,"Adele, Anii",,"ade, blo",basi1245,"adel1244, anii1245"
Basketo,,bst,,bask1236,
Basoo,"Moingi, So (Democratic Republic of Congo)",,"mwz, soc",baso1234,"moin1241, sode1235"
Basque,"Alto Navarro Meridional, Alto Navarro Septentrional, Alavan, Navarro-Labourdin Basque, Eastern Low Navarrese, Labourdin, Western Low Navarrese, Souletin, Biscayan, Guipuzcoan, Roncalese",eus,bqe,basq1248,"alto1237, alto1238, aval1237, basq1249, east1470, labo1236, west1508, basq1250, bisc1236, guip1235, ronc1236"
Basque-Amerindian Pidgin,,,,basq1252,
Basque-Romani,Erromintxela,,emx,basq1267,erro1240
Basque-based pidgin,Basque-Amerindian Pidgin,,,basq1268,basq1252
Bassari-Tanda,"Ane, Boin, Ked, Oxalac",bsc,,bass1258,"anee1234, boin1238, kedd1234, oxal1234"
Bassa-Kontagora,,bsr,,bass1259,
Bassossi,"Mienge, Nswase",bsi,,bass1260,"mien1244, nswa1234"
Bassaic,"Dewoin, Gbii, Bassa",,"dee, ggb, bsq",bass1262,"dewo1238, gbii1242, nucl1418"
Bassari-Bedik-Bapen,"Bassari-Tanda, Bedik-Bapen",,bsc,bass1263,"bass1258, bedi1237"
Bassa-Klao,"Bassaic, Klao-Tajuasohn",,,bass1266,"bass1262, klao1242"
Basum,,,,basu1243,
Batanga,,bnm,,bata1285,
Batak Simalungun,,bts,,bata1288,
Batak Toba,,bbc,,bata1289,
Batak Angkola,,akb,,bata1290,
Batak Mandailing,,btm,,bata1291,
Batak Alas-Kluet,Alas,btz,,bata1292,alas1254
Batak Karo,Singkil,btx,,bata1293,sing1240
Batak Dairi,,btd,,bata1294,
Batanta,,,,bata1295,
Bataan Ayta,,ayt,,bata1297,
Batad Ifugao,"Ayangan Ifugao, Ducligan Ifugao, Nuclear Batad Ifugao",ifb,,bata1298,"ayan1239, ducl1237, nucl1544"
Batak,,bya,,bata1301,
Bata,"Demsa, Garoua (Bata), Jirai, Kobotachi, Malabu (Bata), Ndeewe, Ribaw, Wadi (Bata), Zumu",bta,,bata1314,"dems1242, garo1255, jira1247, kobo1254, mala1531, ndee1246, riba1250, wadi1258, zumu1241"
Batanic,"Ibatan, Yami-Itbayat",,ivb,bata1315,"ibat1238, yami1257"
Batak-Central Tagbanwa,"Batak, Central Tagbanwa",,"bya, tgt",bata1317,"bata1301, cent2090"
Batangan,"Eastern Tawbuid, Western Tawbuid",,"bnj, twb",bata1318,"east2482, west2559"
Batad-Mayoyao,"Batad Ifugao, Mayoyao Ifugao",,"ifb, ifu",bata1319,"bata1298, mayo1262"
Bata-Bwatiye,"Bacama, Bata",,"bcy, bta",bata1320,"baca1246, bata1314"
Bateri,,btv,,bate1261,
Batek,"Batek Nong, Batek Teq",btq,,bate1262,"bate1263, bate1266"
Batekic,"Batek, Mintil",,"btq, mzt",bate1268,"bate1262, mint1239"
Bateri-Mankiyali,"Bateri, Mankiyali",,"btv, nlm",bate1269,"bate1261, mank1256"
Bathari,,bhm,,bath1244,
Bati (Cameroon),,btc,,bati1251,
Bati (Indonesia),,bvt,,bati1253,
Bati-Mbure-Yambassa,"Bati (Cameroon), Mbure-Yambassa",,btc,bati1255,"bati1251, mbur1240"
Bats,,bbl,,bats1242,
Batu,"Amanda-Afi, Kamino",btu,,batu1255,"aman1261, kami1257"
Batuley,,bay,,batu1258,
Batui,,zbt,,batu1260,
Batuley-Mariri,"Batuley, Mariri",,"bay, mqi",batu1262,"batu1258, mari1430"
Batui-Saluan,"Batui, Saluan",,"zbt, loe",batu1263,"batu1260, salu1253"
Bau-Jagoi Bidayuh,"Assem, Dongay, Empawa, Grogo, Gumbang, Krokong, Serambau, Singge, Stenggang Jagoi, Suti, Taup, Tengoh",sne,,baub1235,"asse1237, dong1297, empa1241, grog1237, gumb1243, krok1237, sera1265, sing1269, sten1237, suti1238, taup1243, teng1270"
Bauchi,"Madaka, Supana, Wayam-Rubu",bsf,,bauc1238,"mada1283, supa1245, waya1265"
Bauria,,bge,,baur1251,
Bauro,"Haununu, Nuclear Bauro, Rawo (Bauro)",bxa,,baur1252,"haun1237, nucl1475, rawo1242"
Baure,"Modern Baure, Carmelito Baure, Historical Baure, Joaquiniano, Muxojeona, Paiconeca",brg,,baur1253,"baur1256, carm1234, hist1234, joaq1235, muxo1234, paic1240"
Bau,,bbd,,bauu1244,
Bauwaki,,bwk,,bauw1240,
Bauwakic,"Bauwaki, Ooku",,bwk,bauw1241,"bauw1240, ooku1235"
Bauxite Pidgin,,,,baux1234,
Bauzi,"Aumenefa, Gesda Dae, Neao (Indonesia)",bvz,,bauz1241,"aume1238, gesd1238, neao1242"
Bavarian,"Central Bavarian, East Central Bavarian, Upper Austria Bavarian, Hausruckviertel, Transylvanian Landler, Lower Austria-Vienna Bavarian, West Central Bavarian, North Bavarian, South Bavarian, Carinthian Bavarian, Gottscheerisch, Tyrol Bavarian",bar,,bava1246,"cent1967, east2868, uppe1398, haus1259, land1263, vien1238, west2966, nort2634, sout2632, cari1287, gott1234, tyro1234"
Bawm Chin,,bgr,,bawm1236,
Bayali,,bjy,,baya1257,
Baybayanon,,bvy,,bayb1234,
Bairisch,"Bavarian, Global South Bavarian",,bar,baye1239,"bava1246, glob1242"
Baygo,,byg,,bayg1239,
Bay Miwok,,mkq,,baym1241,
Kugere-Kuxinge,"Essin, Kugere",bda,,bayo1255,"essi1238, kuge1239"
Bayono-Awbono,"Awbono, Bayono",,"awh, byl",bayo1259,"awbo1238, bayo1260"
Bayono,,byl,,bayo1260,
Bayo-Morom,"Gula (Chad), Morom",,"glu, bdo",bayo1261,"gula1269, moro1281"
Bayot,"Arame-Gubaare, Kugere-Kuxinge",,bda,bayo1262,"aram1260, bayo1255"
Bayungu,,bxj,,bayu1240,
Bazigar,,bfr,,bazi1237,
Beami,"Komofio, North Beami",beo,,beam1240,"komo1262, nort2903"
Beaver,,bea,,beav1236,
Beaver-Sekani,"Beaver, Sekani",,"bea, sek",beav1237,"beav1236, seka1250"
Beba,,bfp,,beba1238,
Bebele,"Eke (Cameroon), Manyok",beb,,bebe1248,"ekii1242, many1260"
Bebe,,bzv,,bebe1250,
Bebeli,,bek,,bebe1252,
Bebe-Kemezung,"Bebe, Naki-Kemezung",,bzv,bebe1253,"bebe1250, naki1239"
Bebeli-Mangseng,"Bebeli, Mangseng",,"bek, mbh",bebe1254,"bebe1252, mang1403"
Bebil,,bxp,,bebi1242,
Beboid,"Bikya, Eastern Beboid",,byb,bebo1243,"biky1238, east2730"
Becking-Dawi,"Korowai, Tsakwambo-Komyandaret",,khe,beck1235,"koro1312, tsak1251"
Bedik,"Banapas, Biwol, Nyolo",tnr,,bedi1235,"bana1309, biwo1234, nyol1239"
Bediondo,"Nangnda, Gor, Mango",,"bjv, gqr, mge",bedi1236,"bedj1245, gorr1238, mang1398"
Bedik-Bapen,"Bapen, Bedik",,tnr,bedi1237,"bape1239, bedi1235"
Nangnda,"Bébote, Nuclear Bedjond, Yom (Bedjond)",bjv,,bedj1245,"bebo1242, nucl1425, yomm1243"
Bedoanas,,bed,,bedo1237,
Beeke,,bkf,,beek1238,
Beele,,bxq,,beel1236,
Beembe,"Keenge, Yari",beq,,beem1239,"keen1240, yari1242"
Beezen,,bnz,,beez1238,
Beezen-Baazem,"Baazem, Beezen",,bnz,beez1239,"baaz1234, beez1238"
Menchum,"Befangic, Bangui, Befang, Obang (Befang), Modele-Ushaku, Modele, Ushaku, Okomanjang",bby,,befa1241,"befa1242, bang1355, nucl1410, oban1245, mode1269, mode1249, usha1238, okom1242"
Begbere-Ejar,"Ejar, Koron Ache, Koron Panda",bqv,,begb1241,"ejar1238, koro1302, koro1303"
Beic,"Jizhao, Lingao",,,beic1239,"jizh1234, ling1270"
Beja,"Ababda, Amara (Beja), Beni-Amir, Bisharin, Hadareb, Hadendoa",bej,,beja1238,"abab1239, amar1281, beni1248, bish1251, hada1239, hade1248"
Riuk Bekati',,bei,,beka1241,
Bekwarra,,bkv,,bekw1241,
Bekwil,Esel,bkw,,bekw1242,esel1238
Belarusian,"Central Belarusan, Northeast Belarusan, Southwest Belarusan",bel,,bela1254,"cent1954, nort2598, sout2603"
Belanda Viri,,bvi,,bela1255,
Belanda Bor,,bxb,,bela1256,
Lemeting,,beg,,bela1260,
Belgian Sign Language,,bvs,,belg1241,
Belgian Sign,"Langue des signes de Belgique Francophone, Vlaamse Gebarentaal",,"sfb, vgt",belg1242,"lang1248, vlaa1235"
Belhariya,,byw,,belh1239,
Beli (South Sudan),"Bahri Girinti, Sopi (South Sudan), Wulu",blm,,beli1257,"bahr1243, sopi1241, wulu1239"
Beli (Papua New Guinea),,bey,,beli1258,
Belize Kriol English,,bzj,,beli1260,
Belize-Miskito Creole English,"Belize Kriol English, Nicaragua Creole English",,"bzj, bzk",beli1261,"beli1260, nica1252"
Bella Coola,"Kimsquit, Nuxalk, Tallio",blc,,bell1243,"kims1241, nuxa1234, tall1255"
Bellari,,brw,,bell1261,
Bel,"Eastern Bel, Western Bel",,,bell1262,"astr1247, nucl1510"
Belle-Isle Pidgin,,,,bell1264,
Belneng,,glb,,beln1234,
Bel-Roinji-Nenaya,"Bel, Mato, Ronji",,"met, roe",belr1234,"bell1262, mato1252, ronj1237"
Belueli,,,,belu1239,
Bembe,,bmb,,bemb1255,
Bemba (M.40),"Aushi, Bemba (Zambia)",,"auh, bem",bemb1256,"aush1241, bemb1257"
Bemba (Zambia),"Chishinga, Kabende, Lembue, Lomotua, Luunda, Mukula (Zambia), Ngoma, Ng'umbo, Nwesi, Town Bemba, Twa of Bangweulu, Unga (Zambia)",bem,,bemb1257,"chis1242, kabe1244, lemb1262, lomo1240, luun1238, muku1240, ngom1266, ngum1254, nwes1238, town1238, twao1242, unga1253"
Bemba (Democratic Republic of Congo),,bmy,,bemb1258,
Bembe-Buyu,"Bembe, Buyu",,"bmb, byi",bemb1261,"bemb1255, buyu1239"
Bena-Mboi,"Bena, Kaan, Mboi",,"ldl, moi",bena1258,"bena1259, kaan1247, mboi1246"
Bena,"Lala-Roba, Yungur-Voro",,lla,bena1259,"lala1261, yung1254"
Bena (Nigeria),,yun,,bena1260,
Bena (Tanzania),"Benamanga, East Bena, Itambo, Itipula, Lwanzali, Ukalawa, Northwest Bena, Ihanja, Ikuna, Kanamalenga, Ujindile, Utengule, Wangama, South Bena, Liwengi, Makanjaula, Utalingoro",bez,egm,bena1262,"bena1274, east2889, itam1234, itip1234, lwan1234, ukal1234, nort3399, ihan1234, ikun1241, kana1293, ujin1234, uten1234, wang1302, sout3376, liwe1234, maka1325, utal1238"
Benabena,,bef,,bena1264,
Bena-Hehe,"Bena (Tanzania), Hehe",,"bez, heh",bena1273,"bena1262, hehe1240"
Bench,"Mer (Bench), Nuclear Bench, She (Ethiopia)",bcq,,benc1235,"merr1238, nucl1433, shee1239"
Bendic,"Bekwarra, Nuclear Bendic",,bkv,bend1256,"bekw1241, nucl1801"
Bende,,bdp,,bend1258,
Bendi,,bct,,bend1260,
Bende-Tongwe,"Bende, Tongwe",,"bdp, tny",bend1261,"bend1258, tong1320"
Kata Kolok,,bqy,,beng1239,
Bengali,"Central Bengali, Ganda (Bengali), Barik, Bhatiari, Chirmar, Musselmani, Samaria, Saraki, Northern Bengali, Kachari-Bengali, Koch (Northern Bengali), Rajshahi, Siripuria, Vanga",ben,,beng1280,"cent1983, gand1253, bari1281, bhat1266, chir1281, muss1245, sama1293, sara1311, nort2658, kach1275, koch1248, rajs1238, siri1268, vang1242"
Benga,,bng,,beng1282,
Ben-Gban,"Bengic, Gban",,ggu,beng1285,"beng1291, gagu1242"
Beng,,nhb,,beng1286,
Benggoi,"Balakeo, Lesa, Nuclear Benggoi",bgy,,beng1287,"bala1308, lesa1237, nucl1533"
Bengaic,"Batanga, Benga, Unclassified Bengaic, Yasa-Kombe",,"bnm, bng",beng1289,"bata1285, beng1282, uncl1530, yasa1241"
Bengic,"Beng, Ngen of Djonkro",,"nhb, gnj",beng1291,"beng1286, ngen1256"
Ben-Lomond-Cape-Portland,,xpb,,benl1235,
Bentong,,bnu,,bent1237,
Ben Tey Dogon,,dbt,,bent1238,
Benue-Congo,"Akpes-Edoid, Bantoid, Benue-Congo Plateau, Defoid, Delta Cross, Ebira-Nupoid, Gade, Idomoid, Igboid, Jukunoid, Kainji, Oko-Eni-Osayen, Ukaan, Unclassified Benue-Congo",,"ged, oks, kcf",benu1247,"akpe1249, bant1294, benu1248, defo1239, delt1251, ebir1244, gade1242, idom1262, igbo1258, juku1257, kain1275, okoe1238, ukaa1243, unun9910"
Benue-Congo Plateau,"Ndunic, Alumic, Benue-Congo Central Plateau, Ajiri, Beromic, Northern Benue-Congo Plateau, Southeastern Benue-Congo Plateau, Tarokoid, Western Benue-Congo Plateau, Yukubenic",,"nfd, afo",benu1248,"ahwa1235, alum1249, benu1249, eloy1241, iten1244, nort3169, sout2800, taro1265, west2801, yuku1244"
Benue-Congo Central Plateau,"Cara, South-Central Benue-Congo Plateau",,cfd,benu1249,"cara1270, sout3163"
Benyadu',,byd,,beny1237,
Benyadu-Bekati,"Bakati', Benyadu'",,byd,beny1238,"baka1275, beny1237"
Beothuk,,bue,,beot1247,
Bepour,,bie,,bepo1240,
Bera,,brf,,bera1259,
Berakou,"Bolo Djarma, Manawadji, Mondogossou, Yiryo",bxv,,bera1261,"bolo1264, mana1291, mond1264, yiry1246"
Berau Malay,,bve,,bera1262,
Berawan-Lower Baram,"Berawan, Lower Baram",,lod,bera1263,"bera1264, cent2094"
Berawan,"Central-East Berawan, West Berawan",lod,zbw,bera1264,"cent2097, west2564"
Berau-Brunei Malay,"Berau Malay, Bruneic Malay",,bve,bera1266,"bera1262, brun1252"
Berbice Creole Dutch,,brc,,berb1259,
Berber,"Awjilah, Ghadames, Greater Zenatic, Kabyle-Atlas Berber, Nafusi, Tuareg, Unclassified Berber, Western Berber",,"auj, gha, jbn, tmh",berb1260,"awji1241, ghad1239, grea1296, kaby1244, nafu1238, tuar1240, unun9880, west2724"
Berbey Sign Language,,,,berb1261,
Berinomo,Bitara,bit,,beri1253,bita1253
Berik,,bkl,,beri1254,
Berom,"Nincut, Nuclear Berom, Bachit-Gashish, Cen (Berom), Du-Foron, Fan-Ropp-Rim-Riyom-Heikpang, Gyel-Kuru-Vwang, Rahoss-Tahoss",bom,,bero1242,"ninc1234, nucl1809, bach1243, cenn1239, duro1238, fanf1238, gyel1241, hoss1238"
Berta,"Bake, Dabuso, Fadashi, Gobato, Mayu, Shuru, Undu",wti,,bert1248,"bake1241, dabu1241, fada1248, goba1245, mayu1240, shur1242, undu1236"
Berti,,byt,,bert1249,
Besisi,"Betise', Kuala Langot Besisi, Malakka Besisi, Selangor Sakai, Sisi, Ulu Langat Orang Bukit",mhe,,besi1244,"beti1247, kual1250, mala1455, sela1257, sisi1247, ulul1240"
Besme,,bes,,besm1235,
Besoa,,bep,,beso1237,
Betawi,"Betawi Malay, Bekasi, Depok, Parung, Cikarang, Serpong, Tangerang, Basilectal Colloquial Jakarta Indonesian",bew,,beta1252,"beta1261, beka1242, depo1234, paru1240, reng1256, serp1234, tang1384, cjin1234"
Betaf,,bfe,,beta1253,
Betaf-Vitou,"Betaf, Vitou",,"bfe, vto",beta1259,"beta1253, vito1235"
Betawic,"Betawi, Cocos Islands Malay, Peranakan Indonesian",,"bew, coa, pea",beta1260,"beta1252, coco1260, pera1256"
Bete (Yukubenic),,byf,,bete1261,
Bete-Bendi,"Bendi (Nigeria), Bete",btt,,bete1262,"bend1257, bete1263"
Beteic,"Eastern Bete, Western Bete",,,bete1265,"east2416, west2489"
Bete-Lufu,"Bete (Yukubenic), Lufu",,"byf, ldq",bete1266,"bete1261, lufu1237"
Bete-Obanliku,"Bete-Bendi, Obanliku",,"btt, bzy",bete1267,"bete1262, oban1244"
Beti (Côte d'Ivoire),,eot,,beti1248,
Beti (Cameroon),,btb,,beti1250,
Betoi-Jirara,"Nuclear Betoi-Jirara, Betoi, Jirara, Lolaca, Mafilito, Quilifay, Situfa-Ayrico, Ayrico, Situfa",,,beto1236,"nucl1771, beto1237, jira1248, lola1252, mafi1234, quil1257, situ1240, ayri1234, situ1241"
Betta Kurumba,,xub,,bett1235,
Bewani,"Ningera, Pagi-Kilmeri",,nby,bewa1242,"ning1275, pagi1245"
Bezhta,"Khocharkhotin, Nuclear Bezhta, Tlyadaly",kap,,bezh1248,"khoc1238, nucl1322, tlya1238"
Bhadrawahi,"Bhalesi, Padar, Padari",bhd,,bhad1241,"bhal1244, pada1255, pada1256"
Bhadrawahi-Bhalesi-Curahi,"Bhadarwahic, Churahi",,cdj,bhad1243,"bhad1244, chur1258"
Bhadarwahic,"Bhadrawahi, Chinali-Lahul Lohar",,bhd,bhad1244,"bhad1241, chin1493"
Bhalay,,bhx,,bhal1245,
Bhariati,,bha,,bhar1241,
Bhatola,,btl,,bhat1237,
Bhattiyali,,bht,,bhat1263,
Bhatri,,bgw,,bhat1265,
Bhaya,,bhe,,bhay1238,
Bhele,Bugombe,bhy,,bhel1238,bugo1238
Bhili,"Ahiri, Anarya, Bhilodi, Bhim, Charani, Davar Varli, Habura, Konkani (Bhili), Kotali, Magra Ki Boli, Nahari (Bhili), Naikdi, Panchali, Patelia, Ranawat, Rani Bhil, Siyalgir",bhb,,bhil1251,"ahir1242, anar1243, bhil1252, bhim1238, char1267, dava1244, habu1240, konk1265, kota1270, magr1238, naha1260, naik1249, panc1245, pate1245, rana1245, rani1238, siya1241"
Bhilali,Parya Bhilali,bhi,,bhil1253,pary1243
Bhil,"Bauria, Bhili, Chodri, Dhodia-Kukna, Dungra Bhil, Gamit, Garasia Bhil, Malvi, Mawchi, Nimadi, Pardhi, Pauri-Nahali, Rathawi-Palya, Vaagri Booli, Vasave-Noiri, Wagdi",,"bge, bhb, cdi, dho, duh, gbl, mup, mke, noe, pcl, vaa, wbr",bhil1254,"baur1251, bhil1251, chod1238, dhod1238, dung1251, gami1242, gara1268, malv1243, mawc1242, nima1243, pard1243, paur1240, rath1244, vaag1238, vasa1240, wagd1238"
Bhojpuri,"Bhojpuri Tharu, Bojpury, Domra, Madhesi, Mauritian Bhojpuri, Musahari, Northern Standard Bhojpuri, Basti, Gorakhpuri, Sarawaria, Southern Standard Bhojpuri, Teli, Tharu (Bhojpuri), Western Standard Bhojpuri, Benarsi, Purbi",bho,,bhoj1244,"bhoj1245, bojp1238, domr1239, madh1242, maur1239, musa1261, nort2656, bast1245, gora1260, sara1310, sout2661, teli1241, thar1278, west2379, bena1257, purb1238"
Bhojpuric,"Bhojpuri, Caribbean Hindustani",,"bho, hns",bhoj1246,"bhoj1244, cari1275"
Khunu-Töt,"Nako, Nesang, Pooh-Namgya, Kuno-Charang",nes,tpq,bhot1235,"nako1240, nesa1234, pooh1234, tukp1239"
Bhunjia,,bhu,,bhun1242,
Bhutanese Sign Language,,,,bhut1234,
Bia,"Northern Bia, Southern Bia",,,biaa1238,"nort2767, sout2779"
Biafada,,bif,,biaf1240,
Biage,,bdf,,biag1234,
Biage-Mountain Koiali,"Biage, Mountain Koiali",,"bdf, kpx",biag1235,"biag1234, moun1252"
Biak,"Ariom, Bo'o, Bosnik, Dwar, Fairi, Jenures, Kamer, Korido, Korim, Mandusir, Mapia (Biak), Mios Num, Mofu (Biak), Monoarfu, Opif, Padoa, Penasifu, Rumberpon, Samberi, Sampori, Sorendidori, Sorido, Sor (Papua, Indonesia), Sundei, Vogelkop, Wadibu, Wardo, Wari (Indonesia), Warsa",bhw,,biak1248,"ario1238, booo1258, bosn1246, dwar1237, fair1237, jenu1241, kame1252, kori1261, kori1262, mand1439, mapi1249, mios1237, mofu1239, mono1271, opif1237, pado1241, pena1261, rumb1239, samb1318, samp1252, sore1238, sori1241, sorr1241, sund1253, voge1237, wadi1251, ward1247, wari1263, wars1237"
Biakic,"Biak-Roon, Dusner, Meoswar",,"dsn, mvx",biak1249,"biak1250, dusn1237, meos1237"
Biak-Roon,"Biak, Roon",,"bhw, rnn",biak1250,"biak1248, roon1237"
Biali,"Dassari, Gouande, Materi, Pingou, Porga, Tangeta, Tihoun",beh,,bial1238,"dass1239, goua1238, mate1256, ping1242, porg1241, tang1343, tiho1238"
Biyanjiida,,,,bian1249,
Bian Marind,,bpv,,bian1251,
Biangai,"Ngowiye, Yongolei",big,,bian1252,"ngow1239, yong1282"
Shidong Biao,,byk,,biao1253,
Biao-Jiao Mien,"Biao Min, Jiaogong Mian",bje,,biao1254,"biao1255, jiao1242"
Biao Mon,"Nuclear Biao Mon, Shi Mun",bmt,,biao1256,"nucl1324, shim1251"
Biaoic,"Shidong Biao, Dagang-Baoshan-Liangcun, Yonggu Biao",,byk,biao1257,"biao1253, daga1277, yong1283"
Biatah Bidayuh,"Siburan, Stang, Tibia",bth,,biat1246,"sibu1256, stan1307, tibi1237"
Bibling,"Lamogai, Mouk-Aria",,"lmg, mwh",bibl1237,"lamo1244, mouk1239"
Bidai,,,,bida1238,
Bidayuh-Southern Land Dayak,"Bidayuh, Southern Land Dayak",,,bida1239,"bida1240, sout2922"
Bidayuh,"Bukar-Sadung Bidayuh, Central-Western Bidayuh, Tringgus-Sembaan Bidayuh",,"sdo, trx",bida1240,"buka1257, cent2415, trin1271"
Bidiyo,"Bigawguno, Garawgino, Jekkino, Nalguno, Oboyguno",bid,,bidi1241,"biga1242, gara1267, jekk1238, nalg1238, oboy1238"
Bidyara,,bym,,bidy1243,
Kanyaki-Kagbaaga-Kajoko Bidyogo,"Anhaqui, Kagbaaga, Kajoko, Kamona",bjg,,bidy1244,"anha1238, kagb1241, kajo1240, kamo1253"
Bidyaric,"Bidyara, Yandjibara",,"bym, xyb",bidy1245,"bidy1243, yand1261"
Biem,,bmc,,biem1237,
Bierebo,,bnk,,bier1244,
Bieria-Maii,"Bieria, Maii",,"brj, mmm",bier1245,"bier1246, maii1238"
Bieria,"Nuclear Bieria, Vovo",brj,,bier1246,"nucl1480, vovo1238"
Biete,,biu,,biet1238,
Bigambal,,xbe,,biga1237,
Biga,,bhc,,biga1238,
Big Nambas,,nmb,,bign1238,
Bihari,"Magadhan, Pali, Tharuic, Unclassified Bihari",,pli,biha1245,"mait1254, pali1273, thar1284, unun9885"
Bih,,ibh,,biha1246,
Bijim,"Dukli, Gambar Bijim, Kaduk",jbm,,biji1246,"dukl1234, gamb1262, lege1240"
Bijimic-Sur-Shall,"Shall-Zwall, Sur, Kwangic",,"sha, tdl",biji1252,"shal1242, surr1238, vagh1247"
Bijori,,bix,,bijo1238,
Bijogo,"Kanyaki-Kagbaaga-Kajoko Bidyogo, Kamona Bijogo",,bjg,bijo1239,"bidy1244, kamo1256"
Bikaru-Bragge,,bic,,bika1251,
Bi-Ka,"Biyo, Enu, Kaduo, Mpi",,"byo, enu, ktp, mpz",bika1252,"biyo1243, enuu1235, kadu1253, mpii1239"
Bikol,"Coastal Bikol, Inagta Bikol, Inland Bikol, Northern Catanduanes Bicolano",,cts,biko1240,"coas1315, inag1234, inla1266, nort2883"
Bikwin-Jen,"Northern Bikwin-Jen, Southern Bikwin-Jen",,,bikw1235,"nort3378, sout3355"
Bikya,,byb,,biky1238,
Bilaspuri,,kfs,,bila1253,
Bila,"Bombi-Ngbanja, Nyaku",bip,,bila1255,"bomb1260, nyak1259"
Karen,,bql,,bila1257,
Bilaic,"Bhele, Bila-Kaiku, Kango (Tshopo District), Komo (Democratic Republic of Congo)",,"bhy, kzy, kmw",bila1258,"bhel1238, bila1259, kang1285, komo1260"
Bila-Kaiku,"Bila, Kaiku",,"bip, kkq",bila1259,"bila1255, kaik1247"
Bilibil,,brz,,bilb1241,
Bilba,"Bokai, Diu, Lelenuk, Nuclear Bilba",bpz,,bilb1242,"boka1251, diuu1237, lele1271, nucl1537"
Bile,,bil,,bile1244,
Bilic,"Giangan, Tboli-Blaan, Tiruray",,"bgi, tiy",bili1253,"gian1241, tbol1241, tiru1241"
Bilin,,byn,,bili1260,
Bilma Kanuri,"Bilma, Fachi",bms,,bilm1238,"bilm1239, fach1238"
Biloxi,,bll,,bilo1248,
Bilur,,bxf,,bilu1244,
Bilua,,blb,,bilu1245,
Bima,"Donggo, Kolo (Indonesia), Mbojo, Nuclear Bima, Toloweri",bhp,,bima1247,"dong1302, kolo1266, mboj1237, nucl1518, tolo1256"
Bima-Lembata,"Bima, Flores-Lembata, Flores-Sumba-Hawu, Sangar",,bhp,bima1248,"bima1247, flor1239, flor1240, sang1334"
Bimin,"Bim, Nimtep Weng",bhl,,bimi1240,"bimm1238, nimt1238"
Bimoba,,bim,,bimo1239,
Bina (Nigeria),,byj,,bina1270,
Bina (Papua New Guinea),,bmn,,bina1271,
Binaharic,"Binahari-Ma, Binahari-Neme",,bxz,bina1273,"bina1274, bina1275"
Binahari-Ma,,,,bina1274,
Binahari-Neme,,bxz,,bina1275,
Greater Binanderean,"Binanderean, Guhu-Samane",,ghs,bina1276,"bina1279, guhu1244"
Binandere,"Ambasi, Binandere Proper",bhg,,bina1277,"amba1268, bina1278"
Binanderean,"North Binanderean, Nuclear Binanderean, Yekora",,ykr,bina1279,"nort2909, nucl1603, yeko1240"
Bindal-Cunningham,,,,bind1234,
Bindal-Gorton,,,,bind1235,
Bindal-Mount Elliot,,,,bind1236,
Bindalic,"Bindal-Cunningham, Bindal-Gorton, Bindal-Mount Elliot",,,bind1237,"bind1234, bind1235, bind1236"
Bine,"Boze-Giringarede, Irupi-Drageli, Kunini, Masingle, Sebe, Sogal, Tate",bon,,bine1240,"boze1239, irup1239, kuni1264, masi1270, sebe1243, soga1243, tate1244"
Bini,,bin,,bini1246,
Binji,,bpj,,binj1249,
Binongan Itneg,,itb,,bino1237,
Bintauna,,bne,,bint1245,
Bintulu,,bny,,bint1246,
Talaandig-Binukid,,bkd,,binu1244,
Binumarien,,bjr,,binu1245,
Bipi,,biq,,bipi1237,
Ongota,,bxe,,bira1253,
Birao,,brr,,bira1254,
Birgit,"Abgue, Agrab, Duguri (Chad), Eastern Birgit",btf,,birg1239,"abgu1238, agra1238, dugu1257, east2639"
Birgit-Mogum-Toram,"Birgit, Mogum, Toram",,"btf, mou, trj",birg1240,"birg1239, mogu1251, tora1267"
Birhor,,biy,,birh1242,
Biri,,bzr,,biri1256,
Birifor,"Malba Birifor, Southern Birifor",,"bfo, biv",biri1257,"malb1235, sout2790"
Biritai,,bqq,,biri1259,
Birked,,brk,,birk1242,
Birri,"Mboto, Munga",bvq,,birr1240,"mbot1238, mung1268"
Birwa,,brl,,birw1238,
Bisa-Lamba (M.50),"Lala-Bisa, Lamba, Seba",,"leb, lam, kdg",bisa1262,"lala1264, lamb1271, seba1247"
Bisa-Busa,"Bissa, Samo-Busa",,bib,bisa1265,"biss1248, samo1302"
Bisayan,"Bantoanon, Cebuano, Central Bisayan, Negrosanon, South Bisayan, Unclassified Bisayan, West Bisayan",,"bno, ceb",bisa1268,"bant1288, cebu1242, cent2263, negr1236, sout3175, unun9997, west2820"
Bisaya-Lotud,"Brunei Bisaya-Dusun, Lotud, Sabah Bisaya",,"bsb, dtr, bsy",bisa1270,"brun1245, lotu1250, saba1267"
Biseni,,ije,,bise1238,
Biseni-Okordia,"Biseni, Okodia",,"ije, okd",bise1239,"bise1238, okod1238"
Bishnupriya Manipuri,"Madai Gang, Rajar Gang",bpy,,bish1244,"mada1280, raja1252"
Bishuo,,bwh,,bish1246,
Bisis,,bnw,,bisi1244,
Bislama,,bis,,bisl1239,
Bisoid,"Bisu-Pyen-Laomian, Phunoi-Coong, Sangkong, Unclassified Bisoid",,sgk,biso1241,"bisu1246, phun1244, sang1320, uncl1502"
Bisorio,Pikaru,bir,,biso1243,pika1238
Bisoid-Hanic,"Bisoid, Hanic, Phana', Sila-Wanya-Cosao",,phq,biso1244,"biso1241, hani1250, phan1254, sila1251"
Bissa,"Baraka, Barka (Burkina Faso), Lebir, Lere (Burkina Faso)",bib,,biss1248,"bara1365, bark1245, lebi1240, lere1242"
Bisu,,bzi,,bisu1244,
Bisu-Pyen-Laomian,"Bisu, Laomian, Pyen",,"bzi, lwm, pyy",bisu1246,"bisu1244, laom1237, pyen1239"
Bisu (Retired),,bii,,bisu1247,
Bitare,,brt,,bita1251,
Bit,,bgk,,bitt1240,
Bitur,,mcc,,bitu1242,
Marghic,"Kilba-South Margi, Marghi Central",,mrt,bium1270,"kilb1234, marg1265"
Bataic,"Bata-Bwatiye, Gudeic, Gudu, Ngwaba",,"gdu, ngw",bium1271,"bata1320, gude1247, gudu1250, ngwa1251"
Dabaic,"Buwal-Gavar, Daba-Mazagway-Kola, Mbedam, Mina (Cameroon)",,"xmd, hna",bium1274,"buwa1244, daba1262, mbed1242, mina1276"
Teraic,"Eastern Tera, Western Tera",,,bium1275,"east2649, west2707"
Musguic,"Musgu-Mbara, Muskum",,mje,bium1279,"musg1256, musk1256"
Biu-Mandara,"Hurza, North Biu-Mandara, South Biu-Mandara, Unclassified Biu-Mandara",,,bium1280,"hurz1242, nort3156, sout3145, unun9878"
Biwat,,bwm,,biwa1243,
Biyo,,byo,,biyo1243,
Biyom,,bpm,,biyo1244,
Blaan,"Koronadal Blaan, Sarangani Blaan",,"bpr, bps",blaa1241,"koro1310, sara1326"
Blablanga,,blp,,blab1237,
Black Tai,"Tai Dam, Thai Song",,"blt, soa",blac1269,"taid1247, thai1259"
Mblafe-Ránmo,"Mblafe, Ránmo",bfh,,blaf1238,"mbla1238, ranm1238"
Blagar,"Coastal Blagar, Southern Pura, Melangvala-Bakalang, East-Northeast Pura, North-Northwest Pura, Hinterland Blagar, Northern Hinterland Blagar, Southern Hinterland Blagar",beu,,blag1240,"coas1327, apur1252, baka1276, lima1248, pura1258, hint1235, nort3371, sout3349"
Blagaric,"Blagar, Reta, Tereweng",,"beu, ret, twg",blag1241,"blag1240, rett1240, tere1277"
Blang,"Kem Degne, Phang",blr,,blan1242,"kemd1239, phan1252"
Blissymbols,,zbl,,blis1239,
Boano (Maluku),,bzn,,boan1242,
Boano (Sulawesi),,bzl,,boan1243,
Boana,"Mungkip, Nakama, Nek-Nuk, Numanggang",,"mpv, nib, nop",boan1245,"mung1272, naka1264, nekn1234, numa1254"
Boanaki-Paiwa,"Gapapaiwa, Ghayavi",,"pwg, bmk",boan1246,"gapa1238, ghay1237"
Boazi,"Kuni-Boazi, Zimakani",,"kvg, zik",boaz1244,"kuni1265, zima1244"
Bobangic,"Bobangic Riverain, Mpama",,,boba1248,"boba1249, mpam1239"
Bobangic Riverain,"Loi-Likila, Bobangi-Bangala-Lingala, Boloki, Likwala-Likuba, Moi (Congo)",,"biz, bkt, mow",boba1249,"balo1261, boba1250, bolo1262, likw1240, moic1236"
Bobangi-Bangala-Lingala,"Bobangi, Lingala-Bangala",,bni,boba1250,"bang1354, ling1269"
Bobangi-based pidgin,Pidgin Bobangi,,,boba1251,pidg1259
Bobo,"Northern Bobo Madaré, Southern Bobo Madaré",,"bbo, bwq",bobo1253,"nort2819, sout2840"
Bobot,,bty,,bobo1254,
Bobongko,,bgb,,bobo1255,
Bo-Cari,"Akabo, Akacari",,"akm, aci",boca1235,"akab1248, akac1240"
Bodic,"Bodish, Kaike-Ghale-Tamangic, West Himalayish, Tshanglic",,,bodi1256,"bodi1257, kaik1248, tibe1275, tsha1247"
Bodish,"Dakpa-Dzala, Early Old Tibetan, Phobjib-Chali-Bumthangic, Unclassified Bodish",,,bodi1257,"dakp1241, oldm1245, phob1238, unun9962"
Bodo Parja,,bdv,,bodo1266,
Bodo Gadaba,"Andhra Gutob, Koraput Gutob",gbj,,bodo1267,"andh1247, kora1304"
Bodo-Mech,"Chote, Mech",brx,,bodo1269,"chot1240, mech1238"
Bodo (Central African Republic),,boy,,bodo1272,
Bodo-Garo,"Boroic, Deori, Garo, Kochic",,"der, grt",bodo1279,"boro1284, deor1238, garo1247, koch1249"
Bodo-Mech-Kachari,"Bodo-Mech, Kachari",,"brx, xac",bodo1280,"bodo1269, kach1279"
Bofi,,bff,,bofi1238,
Bogaya,,boq,,boga1247,
Boga,,bvw,,boga1251,
Boghomic,"Boghom, Kir-Mangas",,bux,bogh1240,"bogh1241, kirm1251"
Boghom,,bux,,bogh1241,
Boguru,"Bukur, Nuclear Boguru",bqu,,bogu1241,"buku1248, nucl1381"
Gardabani Bohtan Neo-Aramaic,,bhn,,boht1238,
Bohtan,"Gardabani Bohtan Neo-Aramaic, Hertevin",,"bhn, hrt",boht1239,"boht1238, hert1241"
Boikin,"Central Boikin, East Boikin, Haripmor, Island Boikin, Kunai, Kwusaun, Munji (Papua New Guinea), West Boikin",bzf,,boik1241,"cent2125, east2525, hari1250, isla1275, kuna1263, kwus1239, munj1245, west2606"
Bokar-Ramo,"Ashing, Pailibo, Ramo",,,boka1249,"ashi1243, pail1243, ramo1243"
Bokha-Phuma,"Bokha, Phuma",,"ybk, ypm",bokh1236,"bokh1237, phum1235"
Bokha,,ybk,,bokh1237,
Bokoto-Gbeya,"Bokoto, Gbeya",,bdt,boko1260,"boko1261, gbey1243"
Bokoto,"Bokpan, Gbaya of Boda, Nuclear Bokoto",bdt,,boko1261,"bokp1240, gbay1285, nucl1364"
Boko (Democratic Republic of Congo),,bkp,,boko1263,
Boko-Busa,"Boko (Benin), Bokobaru, Busa",,"bqc, bus, bqp",boko1265,"boko1266, boko1267, busa1253"
Boko (Benin),,bqc,,boko1266,
Bokobaru,"Kaiama, Village Bokobaru",bus,,boko1267,"kaia1244, vill1241"
Bokyi,"Abo (Bokyi), Basua, Boje, Boki, Boorim, Eastern Bokyi, Irruan, Iruan, Kwakwagom, Nsadop, Oku (Bokyi), Osokom, Oyokom, Wula (Bokyi)",bky,,boky1238,"aboo1241, basu1241, boje1238, boki1239, boor1238, east2399, irru1238, irua1238, kwak1265, nsad1238, okuu1242, osok1238, oyok1238, wula1245"
Bola,"Harua, Nuclear Bola",bnp,,bola1250,"haru1243, nucl1497"
Bolango,"Atinggola, Nuclear Bolango",bld,,bola1252,"atin1241, nucl1549"
Bola-Bulu,"Bola, Bulu (Papua New Guinea)",,"bnp, bjl",bola1253,"bola1250, bulu1253"
Bolanci-Bele,"Beele, Bole",,"bxq, bol",bola1254,"beel1236, nucl1695"
Boleic,"Karekare, Nuclear Boleic, Unclassified Boleic",,kai,bole1261,"kare1348, nucl1735, unun9876"
Bolgar,"Bolgarian, Chuvash",,"xbo, chv",bolg1249,"bolg1250, chuv1255"
Bolgarian,,xbo,,bolg1250,
Bolgo,"Bolgo Kubar, Bolgo Dugag",bvo,,bolg1251,"bolg1252, bolg1253"
Bolivian Sign Language,,bvl,,boli1236,
Bolia,,bli,,boli1255,
Bolinao,,smk,,boli1256,
Bolivian Arawakan,"Baure, Mojeno-Paunaca, Terena-Kinikinao-Chane, Unclassified Bolivian Arawakan",,"brg, ter",boli1260,"baur1253, moxo1235, tere1279, uncl1518"
Bolivian Nawa,"Chácobo, Karipuna, Pacahuara, Unclassified Bolivian Nawa",,"cao, pcp",boli1261,"chac1251, kari1312, paca1246, unun9985"
Bolivian-Argentinian Quechua,"North Bolivian Quechua, South Bolivian-Argentinian Quechua",,qul,boli1262,"nort2976, sout3406"
Bolia-Ntomba,"Bolia, Ntomba",,"bli, nto",boli1263,"boli1255, ntom1248"
Kibala,,blv,,bolo1261,
Boloki,,bkt,,bolo1262,
Bolondo,,bzm,,bolo1263,
Bolon,"Black Bolon, White Bolon",bof,,bolo1266,"blac1270, whit1268"
Bolongan,,blj,,bolo1268,
Bolyu,,ply,,boly1239,
Pakanic,"Bolyu, Bugan",,"ply, bbh",boly1240,"boly1239, buga1247"
Boma Yumu,"Ito (Boma Yumu), Kisakinda-Kinkiari, Mondai, Pentane",boh,,boma1246,"itob1234, kisa1268, mond1270, pent1243"
Tiinic,"Boma Nord, Kempee, Tiene",,tii,boma1248,"boma1251, kemp1234, tien1242"
Boma Nkuu,,,,boma1250,
Boma Nord,,,,boma1251,
Bomboli-Bozaba,"Bomboli, Bozaba",bml,bzo,bomb1261,"bomb1266, boza1238"
Bomboma,"Bokonzi, Ebuku, Likaw, Lingonda",bws,,bomb1262,"boko1264, ebuk1238, lika1244, ling1264"
Nuta,"Arguni, Bedoanas, Erokwanas",,"agf, bed, erw",bomb1263,"argu1237, bedo1237, erok1237"
Bombomic,"Bomboli-Bozaba, Bomboma",,"bml, bws",bomb1265,"bomb1261, bomb1262"
Bomitaba,"Central Bomitaba, Northern Bomitaba",zmx,,bomi1238,"cent2036, nort2802"
Bom-Kim,"Bom, Krim",bmf,krm,bomk1234,"bomm1240, krim1238"
Bomu,"Dahanmu, Bomborokuy, Koniko, Mandiakuy, Mao, Dwemu, Terekongo, Togo, Wahu",bmq,,bomu1247,"daha1240, bomb1259, koni1258, mand1420, maoo1244, dwem1238, tere1274, togo1253, wahu1238"
Bomwali,,bmw,,bomw1238,
Bonan,"Jishishan, Tongren",peh,,bona1250,"jish1241, tong1310"
Bonari,,,,bona1255,
Bondo,"Lower Bondo, Upper Bondo",bfw,,bond1245,"lowe1394, uppe1405"
Bondoukou Kulango,,kzc,,bond1246,
Bondei,,bou,,bond1247,
Najamba-Kindige,"Bondum Dom, Kindige, Najamba",dbu,,bond1248,"bond1252, kind1242, nadj1238"
Bondei-Shambala,"Bondei, Shambala",,"bou, ksb",bond1249,"bond1247, sham1280"
Bonerate,"Karompa, Nuclear Bonerate",bna,,bone1254,"karo1301, nucl1576"
Bonerif,,bnv,,bone1255,
Bon Gula,,glc,,bong1282,
Bongili,,bui,,bong1284,
Bongo,"Bungo, Busere Bongo, Tonj Bongo",bot,,bong1285,"bung1266, buse1238, tonj1245"
Bonggo,,bpg,,bong1287,
Bonggi,,bdg,,bong1289,
Bongu,,bpu,,bong1291,
Bonin English Pidgin,,,,boni1239,
Impfondo,,bok,,bonj1234,
Bonkeng,,bvg,,bonk1243,
Bonkiman,,bop,,bonk1244,
Bontok-Kankanay,"Bontok, Kankanay",,bnc,bont1246,"bont1247, kank1245"
Bontok,"Central Bontoc, Eastern-Southern Bontok",bnc,"lbk, bkb",bont1247,"cent2292, fina1242"
Bookan,"Baukan, Kokoroton Murut, Tengara",bnb,,book1241,"bauk1238, koko1270, teng1271"
Bookkeeping,"Aariya, Achi', Cubulco, Adabe, Adap, Aduge, Adzera (Retired), Aghu Tharnggalu (Retired), Ahe, Ahirani, Aiku, Alaguilac, Amapá Creole, Amerax, Amikoana, Anasi, Áncá, Arakwal, Arakanese, Aramanik, Assan, Atuence, Auvergnat, Ayi (China), Babalia Creole Arabic, Baga Kaloum, Baga Sobané, Bahau River Kenyah, Bainouk-Samik, Bakung Kenyah, Balau, Banawá, Bandjigali, Belgian Sign Language, Bemba (Democratic Republic of Congo), Beti (Cameroon), Bhalay, Bhatola, Bikaru-Bragge, Bisu (Retired), Borna (Democratic Republic of Congo), Bubia, Bugan (Retired), Bumang, Buraka, Buso, Buxinhua, Buya, Cagua, Calo, Carútana, Cataelano Mandaya, Cauca, Chakato, Chamari, Chaungtha, Chetco, Chilean Quechua, Chipiajes, Chittagonian (Retired), Chol, Tila, Chorotega, Chuanqiandian Cluster Miao, Chuj, Ixtatán, Chumash, Con, Coxima, Coyaima, Cumeral, Darang Deng, Dayao Yi, Degaru, Desiya, Dhanwar (India), Dororo, Dume, Elpaputih, Emok, Europanto, Falam Chin (Retired), Foia Foia, Foma, Forest Maninka, Fum, Gabutamon, Gamo-Gofa-Dawro, Garreh-Ajuran, Gascon (Retired), Gbati-ri, Gelao, Geman Deng, Gengle, Gey, Gowli, Gowlan, Gugu Mini, Guliguli, Hmong Njua (Retired), Horuru, Huastec, San Luís Potosí, Huastec, Southeastern, Iapama, Ibilo, Idesa, Ihievbe, Ija-Zuba, Imeraguen, Ipeka-Tapuia, Ir, Itutang, Izere (Retired), Jakalteko, Western, Jaruára, Jiarong, Judeo-Berber, Kabixí, Kahayan, Kahumamahon Saluan, Kakauhua, Kakihum, Kamba (Brazil), Kang, Kurumba, Kannada, Kaqchikel, Yepocapa Southwestern, Kaqchikel, South Central, Kaqchikel, Eastern, Kaqchikel, Southern, Kaqchikel, Northern, Kaqchikel, Santa María de Jesús, Kaqchikel, Akatenango Southwestern, Kaqchikel, Santo Domingo Xenacoj, Kaqchikel, Western, Karipuna do Amapa, Katingan, Kayan River Kenyah, Kayort, Kayu Agung, Kemiehua, Khalaj, Khamla, Khao, Khiamniungan Naga (Retired), Khlor, Khua, Khuai, Khumi Awa Chin, K'iche', San Andrés, K'iche', Cunén, K'iche', Eastern, K'iche', West Central, K'iche', Joyabaj, Kiorr, Kisankasa, Kofa, Kohoroxitari, Koko Babangk, Kolum So Dogon, Kon Keu, Kosena, Kpatili, Kuanhua, Kukna, Kuku-Mangk, Kukura, Kumbaran, Kunfal, Kunggara, Kwak, Laba, Lachirioag Zapotec, Lahta Karen, Lahu Shi (Retired), Lama (Myanmar), Lamam, Lambichhong, Land Dayak (Retired), Lang'e, Languedocien, Laopang, Laos Sign Language, Lematang, Limousin, Lingaayat, Lingkhim, Loarki, Lopi, Lower Pokomo, Lua', Lui, Lumba-Yakkha, Lyons Sign Language, Madang (Malaysia), Mahakam Kenyah, Mahei, Malakhel, Malay (individual language), Maligo, Malinguat, Mam, Central, Mam, Southern, Mam, Tajumulco, Mam, Todos Santos Cuchumatán, Maramba, Maskoy Pidgin, Mawakwa, Mawayana, Maya, Chan Santa Cruz, Mediak, Mimi, Mina (India), Mirgan, Moinba, Muji Yi, Munaseli Pandai, Munda, Mundari (Retired), Nand, Narau, Natagaimas, Natügu (Retired), Naxi (Retired), Nde-Gbite, Ndonde Hamba, Ngarla on the Ashburton river south of the Hamersley range, Ngombe (Central African Republic), Ngong, Nijadali, Dafla, Nocamán, Nootka, Norra, Northwestern Fars, Northwestern Tamang, Northern Zhuang, North Korowai, Northern Nambikuára, Katukína, Nupbikha, Nyadu, Nyeng, Occidental, Odut, Old Indic, Old Persian, Old Turkish, Olkol, Omati, Omejes, Ontenu, Orokaiva (Retired), Oropom, !O!ung, Palpa, Palu, Pamona (Retired), Panang, Pao, Parsi, Parsi-Dari, Patla-Chicontla Totonac, Pending Report Release, Phangduwali, Piru, Ponares, Pongyong, Poqomam, Southern, Poqomchi', Western, Poqomam, Eastern, Pray 3, Provençal (Retired), Puimei Naga, Pu Ko, Pula Yi, Punan Merap, Purum (Retired), Putoh, Puwa Yi, Quetzaltepec Mixe, Rajbanshi (Retired), Ranau (Retired), Ranya, Rawas (Retired), Rien, Rufiji, Sakan, Salchuq, Salumá, Samre of Siem Reap, Sanapaná (Retired), Sangab Mandaya, Sansu, Sara Dunjo, Sarawak Bisaya, Savara, Selako, Seru, Shakara, Shuadit, Sikiana, Silt'e (Retired), Sindang Kelingi, Singapore Sign Language, Songa, Souletin Basque, Southwestern Tamang, South Wemale, Southern Betsimisaraka Malagasy (Retired), Southwestern Nisu, Southern Lolopo, Southern Zhuang, Southwest Gbaya (Retired), Sierra Negra Nahuatl-Southeastern Puebla Nahuatl, Southern Pesisir, Southern Marakwet, Suba (Retired), Sungkai (Indonesia), Tacanec, Taensa, Tai Pao (Retired), Takpa (Retired), Tanda, Tangshewi, Tanjong, Tapeba, Tareng, Sufrai, Tasmanian, Tawang Monpa, Tetete, The, Thudam, Thu Lao, Tijuana Sign Language, Tingui-Boto, Tingal, Tlalitzlipa Nahuatl, Toala', Tomedes, Tomyang, Tunen (Retired), Tushan Names, Tutong 1, Tzeltal, Bachajón, Tzotzil, San Andrés Larrainzar, Tzotzil, Huixtán, Tzotzil, Chamula, Tzotzil, Chenalhó, Tzotzil, Zinacantán, Tz'utujil, Western, Uokha, Upper Tanudan Kalinga, Upper Baram Kenyah, Uradhi, Vatrata, Wagawaga (Retired), Wahau Kayan, Walo Kumbe Dogon, Warduji, Wasulu (Retired), Welaung, Western Frisian (Retired), Wirangu-Nauo, Wumeng Yi, Yamongeri, Yamphe, Yangho, Yangbye, Yarí, Yarsun, Yauma, Yendang (Retired), Yiddish Sign Language, Yinglish, Yos, Yuanjiang-Mojiang Yi, Yugh (Retired), Zarphatic",,"aay, acc, adb, adp, adu, azr, gtu, ahe, ahr, mzf, amd, aex, akn, bpo, acb, rkw, mhv, aam, xss, atf, auv, ayx, bbz, bqf, bsv, bwv, bcb, boc, blg, bnh, bjd, bvs, bmy, btb, bhx, btl, bic, bii, bxx, bbx, bgh, bvp, bkg, bso, bxt, byy, cbh, rmr, cru, mst, cca, cdg, ccq, ctc, cqu, cbe, cit, cti, cjr, cqd, cnm, chs, cno, kox, coy, cum, dat, yio, dgu, dso, dha, drr, elp, emo, eur, flm, ffi, fom, myq, fum, gav, gmo, ggh, gsc, gti, gio, gen, geg, guv, gok, goj, ggm, gli, blu, hrr, hva, hsf, iap, ibi, ids, ihi, vki, ime, paj, irr, itu, fiz, jai, jap, jbe, xbx, xah, slb, kbf, kxe, xba, kyp, kfi, cbm, ckd, cke, ckf, ckc, cki, ckk, ckj, ckw, kgm, kxg, knh, kyv, vky, kfj, kjf, xao, nky, llo, xhv, cka, qxi, cun, quu, qut, quj, xko, kqh, kso, kob, okg, dkl, kkn, kze, kym, xnh, kex, xmq, wkb, xuf, kvs, kwq, lau, ztc, kvt, kds, lay, lmm, lmh, dyk, yne, lnc, lbg, lso, lmt, lms, lii, lrk, lov, poj, prb, lba, luu, lsg, mqd, xkm, mja, mld, mly, mwj, sic, mvc, mms, mpf, mvj, myd, mhh, mzx, yus, mwx, miv, myi, zrg, mob, ymj, unx, muw, nxu, nts, stc, nbf, ned, njd, nlr, nmj, nnx, nad, dap, nom, noo, nrr, faz, tmk, ccx, krg, mbg, kav, npb, nxj, nfg, occ, oda, qmx, ope, otk, olk, mgx, ome, ont, ork, oun, plp, pbz, bcx, pcr, ppa, prp, prd, tot, phw, ppr, pod, pgy, pou, pob, poa, pry, prv, npu, puk, ypl, puc, puz, put, ypw, pxm, rjb, rae, rws, rie, rui, xsk, slq, slj, sxm, sap, myt, sca, koj, bsd, svr, skl, szd, nfk, sdt, sik, xst, sdi, sls, sgo, bsz, tsf, tlw, bjq, nsv, ysp, ccy, mdo, nhs, pec, tle, suh, suu, mtz, thc, tkk, tnf, tnj, tbb, tgr, suf, xtz, twm, teb, thx, thw, tyl, tgv, tie, nhj, tlz, toe, tmx, baz, ttx, tzb, tzs, tzu, tzc, tze, tzz, tzt, uok, kgh, ubm, urf, vlr, wgw, whu, dwl, wrd, weu, fri, wiw, ywm, ymg, yma, ynh, ybd, yri, yrs, yax, yen, yds, yib, yos, yym, yuu, zrp",book1242,"aari1240, achi1258, adab1235, adap1234, adug1238, adze1241, aghu1256, ahea1240, ahir1243, aiku1240, alag1249, amap1241, amer1256, amik1238, anas1239, anca1236, arak1254, arak1256, aram1252, assa1266, atue1238, auve1240, ayic1234, baba1273, baga1271, baga1274, baha1262, bain1260, baku1265, bala1306, bana1306, band1337, belg1241, bemb1258, beti1250, bhal1245, bhat1237, bika1251, bisu1247, born1252, bubi1249, buga1251, buma1247, bura1269, buso1242, buxi1237, buya1245, cagu1236, calo1235, caru1240, cata1284, cauc1241, chak1275, cham1329, chau1262, chet1237, chil1283, chip1236, chit1285, chol1285, chor1275, chua1256, chuj1251, chum1264, cona1234, coxi1236, coya1241, cume1234, dara1255, daya1245, dega1238, desi1235, dhan1267, doro1267, dume1236, elpa1240, emok1238, euro1250, fala1245, foia1236, foma1238, fore1268, fumm1238, gabu1248, gamo1244, garr1261, gasc1241, gbat1238, gela1261, gema1236, geng1243, geya1234, gowl1241, gowl1242, gugu1257, guli1244, hmon1338, horu1241, huas1255, huas1256, iapa1241, ibil1238, ides1238, ihie1238, ijaz1238, imer1236, ipek1240, irrr1240, itut1240, izer1243, jaka1246, jaru1257, jiar1242, jude1262, kabi1264, kaha1240, kahu1242, kaka1269, kaki1247, kamb1287, kang1282, kann1253, kaqc1271, kaqc1272, kaqc1273, kaqc1274, kaqc1275, kaqc1276, kaqc1277, kaqc1278, kaqc1279, kari1309, kati1278, kaya1334, kayo1247, kayu1244, kemi1240, khal1270, kham1280, khao1244, khia1237, khlo1239, khua1243, khua1244, khum1250, kich1263, kich1264, kich1265, kich1266, kich1267, kior1239, kisa1264, kofa1236, koho1245, koko1273, kolu1247, konk1268, kose1239, kpat1244, kuan1250, kukn1238, kuku1279, kuku1286, kumb1267, kunf1238, kung1262, kwak1264, laba1241, lach1251, laht1236, lahu1255, lama1289, lama1290, lamb1277, land1262, lang1333, lang1334, laop1234, laos1235, lema1244, limo1250, ling1261, ling1268, loar1234, lopi1243, lowe1441, luaa1235, luia1234, lumb1250, lyon1239, mada1299, maha1308, mahe1238, mala1431, mala1546, mali1287, mali1288, mamc1234, mams1234, mamt1234, mamt1235, mara1407, mask1241, mawa1268, mawa1271, maya1286, medi1249, mimi1246, mina1267, mirg1238, moin1242, muji1236, muna1238, mund1321, mund1339, nand1263, nara1265, nata1238, natu1249, naxi1246, ndeg1238, ndon1252, ngar1286, ngom1265, ngon1275, nija1242, nisi1239, noca1240, noot1239, norr1243, nort2640, nort3144, nort3249, nort3250, nort3251, nucl1668, nupb1238, nyad1241, nyen1255, occi1241, odut1238, oldi1244, oldp1255, oldt1247, olko1234, omat1240, omej1234, onte1239, orok1270, orop1234, oung1238, palp1242, palu1254, pamo1255, pana1292, paoo1245, pars1251, pars1252, patl1234, pend1244, phan1256, piru1241, pona1251, pong1252, poqo1255, poqo1256, poqo1257, pray1239, prov1247, puim1234, puko1234, pula1268, puna1274, puru1262, puto1237, puwa1234, quet1239, rajb1244, rana1249, rany1238, rawa1268, rien1238, rufi1234, saka1300, salc1238, salu1254, samr1245, sana1281, sang1338, sans1276, sara1320, sara1350, sava1244, sela1262, seru1247, shak1238, shua1252, siki1239, silt1241, sind1280, sing1237, song1304, soul1243, sout2718, sout2892, sout3125, sout3128, sout3129, sout3221, sout3222, sout3223, sout3224, sout3225, suba1254, sung1271, taca1258, taen1234, taih1245, takp1246, tand1259, tang1374, tanj1248, tape1236, tare1239, tarp1241, tasm1247, tawa1289, tete1252, thee1240, thud1238, thul1247, tiju1234, ting1238, ting1253, tlal1234, toal1234, tome1239, tomy1239, tune1241, tush1243, tuto1242, tzel1255, tzot1260, tzot1261, tzot1262, tzot1263, tzot1264, tzut1249, uokh1238, uppe1424, uppe1459, urad1239, vatr1237, waga1262, waha1239, walo1239, ward1243, wasu1256, wela1234, west2863, wira1260, wume1236, yamo1246, yamp1243, yang1292, yang1301, yari1235, yars1234, yaum1238, yend1240, yidd1241, ying1248, yosa1234, yuan1242, yugh1240, zarp1238"
Boon,,bnl,,boon1242,
Boor,,bvf,,boor1242,
Bo (Papua New Guinea),"Kaboru, Nikiyama, Umuruta",bpw,,bopa1235,"kabo1249, niki1238, umur1238"
Boran,"Bora, Muinane",,"boa, bmr",bora1262,"bora1263, muin1242"
Bora,"Miraña, Nuclear Bora",boa,,bora1263,"mira1254, nucl1660"
Borana-Arsi-Guji Oromo,"Arsi, Borana, Yaabelloo, Gabra, Guji, Kereyu, Sakuye, Salale",gax,,bora1271,"arsi1238, bora1272, yaab1234, gabr1255, guji1239, kere1294, saku1238, sala1277"
Border,"Bewani, Taikat-Awyi, Warisic",,,bord1247,"bewa1242, taik1254, wari1265"
Border Kuna,,kvn,,bord1248,
Borei,"Borewar, Boroi, Botbot",gai,,bore1247,"bore1248, boro1280, botb1238"
Borgu Fulfulde,"Atakora Fulfulde, Bakuure, Djougoure, Korakuure, Tchabankeere",fue,,borg1235,"atak1250, baku1260, djou1238, kora1290, tcha1240"
Borgarmalet,,,,borg1236,
Bori-Karko,"Bori (India), Karko (India), Komkar, Pasi (India), Shimong",adi,,bori1243,"bori1245, kark1255, komk1238, pasi1253, shim1250"
Borna (Democratic Republic of Congo),,bxx,,born1252,
Borneo Coast Bajaw,"Indonesian Bajau, Mapun, West Coast Bajau",,"bdl, sjm, bdr",born1254,"indo1317, mapu1244, west2560"
Boro (Ethiopia),"Amuru, Gamila, Guba (Ethiopia), Wembera",bwo,,boro1277,"amur1243, gami1244, guba1244, wemb1240"
Borong,"Kosorong, Yangeborong",ksr,,boro1279,"koso1245, yang1299"
Bororoan,"Bororo-Otuke, Umotína",,umo,boro1281,"boro1285, umot1240"
Bororo,,bor,,boro1282,
Boro,,xxb,,boro1283,
Boroic,"Dimasa-Kokborok, Tiwa-Boro",,,boro1284,"dima1253, tiwa1256"
Bororo-Otuke,"Bororo, Otuke",,"bor, otu",boro1285,"boro1282, otuk1240"
Bo-Rukul,"Bo, Rukul",mae,,boru1244,"booo1255, ruku1239"
Boruca,,brn,,boru1252,
Bosavi,"Bosavi Watershed, Etoro-Bedamini",,,bosa1245,"bosa1246, etor1234"
Bosavi Watershed,"Aimele, Kaluli-Sunia, Kasua, Onobasulu",,"ail, khs, onn",bosa1246,"aime1238, kalu1249, kasu1251, onob1238"
Boselewa,,bwf,,bose1237,
Boselewa-Galeya,"Boselewa, Galeya",,"bwf, gar",bose1238,"bose1237, gale1257"
Bosngun-Awar,"Awar, Bosngun",,"aya, bqs",bosn1247,"awar1249, bosn1248"
Bosngun,,bqs,,bosn1248,
Botatwe,"Greater Eastern Botatwe, Western Botatwe",,,bota1239,"lenj1247, west2834"
Bote,,bmj,,bote1238,
Botlikh,"Miarso, Nuclear Botlikh",bph,,botl1242,"miar1237, nucl1323"
Botlikh-Godoberi,"Botlikh, Godoberi",,"bph, gdo",botl1243,"botl1242, ghod1238"
Botolan Sambal,"Ayta Hambali, Sambali Botolan",sbl,,boto1242,"ayta1251, samb1320"
Botovro-Vovo-Vao,"Mpotovoro, Vao-Vovo",,"mvt, vao",boto1250,"mpot1241, vaoo1237"
Bouna Kulango,"Nabanj, Sekwa (Bouna Kulango)",nku,,boun1243,"naba1252, sekw1242"
Bo-Ung,"Mara-Gomu, Miyemu",mux,,boun1245,"mara1405, miye1238"
Bouni-Bobe,"Bouni, Bobe",suo,,boun1246,"boun1247, nori1242"
Bouyei,"Giay, Hezhang Buyi, Qianxi, Qiannan, Qianzhong",pcc,,bouy1240,"giay1234, hezh1245, qian1260, qian1265, qian1266"
Manus Koro,"Lopohan, Papitalai",kxr,pat,bowa1234,"koro1309, papi1254"
Boze-Loro,"Jere, Panawa",,"jer, pwb",boze1240,"jere1244, pana1298"
Bozo,"Hainyaxo Bozo, Nuclear Bozo",,bzx,bozo1252,"hain1253, nucl1444"
Bragat,,aof,,brag1240,
Bragat-Aruop-Amol,"Mol, Srenge, Bragat",,"alx, lsr, aof",brag1241,"amol1235, aruo1240, brag1240"
Brahui,"Jharawan, Kalat, Sarawan",brh,,brah1256,"jhar1241, kala1375, sara1314"
Brahmaputran,"Bodo-Garo, Jingpho-Luish, Patkaian, Unclassified Brahmaputran",,,brah1260,"bodo1279, jing1259, kony1246, unun9960"
Braj,"Antarbedi, Bhuksa, Braj Bhasha, Dangi, Jadobafi, Sikarwari",bra,,braj1242,"anta1252, bhuk1238, braj1243, dang1258, jado1238, sika1259"
Brazilian Sign Language,,bzs,,braz1236,
Brazil-Portugal Portuguese,"Cafundo, Portuguese",,"ccd, por",braz1247,"cafu1238, port1283"
Brek Karen,,kvl,,brek1238,
Barem,,buq,,brem1238,
Breri,,brq,,brer1240,
Breri-Romkun,"Breri, Romkun",,"brq, rmk",brer1241,"brer1240, romk1240"
Breton,"Cornouaillais, Leonais, Middle Breton, Old Breton, Tregorrois, Vannetais",bre,,bret1244,"corn1250, leon1251, midd1359, oldb1248, treg1244, vann1244"
Bribri,"Amubre-Katsi, Coroma, Salitre-Cabagra",bzd,,brib1243,"amub1238, coro1254, sali1302"
Bribri Sign Language,,rib,,brib1244,
Bringen,"Marimanindji, Maringarr-Matige, Marithielic",,zmm,brin1245,"mari1417, mari1418, mari1420"
British Sign Language,,bfi,,brit1235,
Brithenig,,bzt,,brit1244,
British Romani,"Archaic Angloromani, Welsh Romani",,"rme, rmw",brit1245,"angl1239, wels1246"
Brokskat,,bkk,,brok1247,
Brokpake,,sgt,,brok1248,
Dur Brokkat,,bro,,brok1249,
Broken Slavey,,,,brok1250,
Broken Oghibbeway,,,,brok1252,
Broome Pearling Lugger Pidgin,,bpl,,broo1238,
Brooke's Point Palawano,South Palawano,plw,,broo1239,sout2917
Brooke-Canipaan Palawan,"Brooke's Point Palawano, Southwest Palawano",,"plw, plv",broo1240,"broo1239, sout2916"
Brou-So,"Eastern Bru-Katang, Western Bru-So",,,brou1236,"east2783, west2870"
Bruny Island,,xpz,,brun1235,
Brunei,"Brunei Malay, Kampong Ayer, Kedayan",kxd,,brun1242,"brun1243, kamp1243, keda1250"
Brunei Bisaya-Dusun,"Brunei Dusun, Brunei Bisaya",bsb,,brun1245,"brun1250, brun1251"
Brunei-Bacan Malay,"Bacanese Malay, Brunei",,"btj, kxd",brun1246,"baca1243, brun1242"
Brunca Sign Language,,rnb,,brun1247,
Bruneic Malay,"Brunei-Bacan Malay, Sabah Malay",,msi,brun1252,"brun1246, saba1263"
Brythonic,"Old-Modern Welsh, Southwestern Brythonic",,,bryt1239,"oldm1247, sout3176"
BSLic,"BANZL, Maritime Sign Language, South African Sign, Sri Lankan Sign Language",,"nsr, sqs",bsli1234,"banz1243, mari1381, sout3228, sril1237"
Bua,,bub,,buaa1245,
Ba-Korom,"Bua, Kawaway",,bub,buai1235,"buaa1245, kawa1291"
Bua-Kim-Day,"Adamawa Bua, Day, Kim-Besme-Goundo",,dai,buak1234,"adam1257, dayy1236, kimb1240"
Bualkhaw Chin,,cbl,,bual1235,
Bua-Lua,"Ba-Korom, Niellim",,nie,bual1236,"buai1235, niel1243"
Buamu,Ouarkoye,box,,buam1238,ouar1238
Buang linkage,"Kapin, Mapos-Mangga-Wagau, Mumeng, Piu, Vehes",,"tbx, pix, val",buan1245,"kapi1250, mapo1247, mume1239, piuu1237, vehe1237"
Riverine Bua,"Bua-Lua, Tunia, Unclassified Riverine Bua",,tug,buan1246,"bual1236, tuni1251, uncl1505"
Bube,"North Bobe, Southwest Bobe, Southeast Bobe",bvb,,bube1242,"nort2804, sout2819, sout2820"
Bubia,,bbx,,bubi1249,
Bubi,,buw,,bubi1250,
Budeh Stieng,,stt,,bude1236,
Budibud,,btp,,budi1249,
Bujaic,"Budja (C.37), Egbuta",,,budj1234,"budj1235, egbu1235"
Budja (C.37),"Babango, Budza",,"bbm, bja",budj1235,"baba1263, budz1238"
Budong-Budong,,bdx,,budo1241,
Budukh,"Budukhi, Yergyuch",bdk,,budu1248,"budu1249, yerg1242"
Budu,"Bafwakoyi, East Bafwangada, Ineta, Mahaa, Makoda, Malamba, Wadimbisa, West Bafwangada",buu,,budu1250,"bafw1241, east2407, inet1238, maha1297, mako1252, mala1472, wadi1250, west2475"
Buduma,"Kuri (Buduma), Northern Buduma, Nuclear Buduma, Southern Buduma",bdm,,budu1265,"kuri1265, nort3049, nucl1686, sout3052"
Budu-Ndaka-Mbo,"Budu, Ndaka-Mbo",,buu,budu1266,"budu1250, ndak1244"
Budza,"Bosambi, Mbila, Monzamboli, Yaliambi",bja,,budz1238,"bosa1244, mbil1239, monz1250, yali1255"
Buena Vista Yokuts,"Hometwoli, Tulamni",,,buen1244,"home1246, tula1254"
Bugan,,bbh,,buga1247,
Bugawac,,buk,,buga1250,
Bugan (Retired),,bgh,,buga1251,
Bughotu,"Hageulu, Vulava",bgt,,bugh1239,"hage1247, vula1237"
Tamanic-Bugis,"Bugis, Tamanic",,,bugi1243,"bugi1245, tama1334"
Buginese,"Barru, Bone, Camba, Luwu, Pangkep, Pasangkayu, Sawitto, Sidrap, Sinjai, Soppeng, Wajo",bug,,bugi1244,"barr1249, bone1252, camb1243, luwu1237, pang1292, pasa1242, sawi1255, sidr1237, sinj1241, sopp1246, wajo1237"
Bugis,"Buginese, Campalagian",,"bug, cml",bugi1245,"bugi1244, camp1262"
Buglere,"Bokotá, Sabanero",sab,,bugl1243,"boko1272, saba1272"
Bugun,"Bichom, Dikhyang, Kaspi, Namphri, Singchung, Wangho",bgg,,bugu1246,"bich1234, dikh1234, kasp1234, namp1239, sing1271, wang1301"
Buhid-Taubuid,"Batangan, Buhid",,bku,buhi1244,"bata1318, buhi1245"
Buhid,,bku,,buhi1245,
Buhutu,,bxh,,buhu1237,
Buinic,"Buin, Siwai",,siw,buin1247,"buin1248, siwa1245"
Buin,"Terei, Uisai",,"buo, uis",buin1248,"tere1278, uisa1238"
Bujhyal,,byh,,bujh1238,
Bukar-Sadung Bidayuh,"Bukar Bidayuh, Bukar Sadong, Mentuh Tapuh",sdo,,buka1257,"buka1258, buka1259, ment1250"
Bukat,,bvk,,buka1261,
Buka,"Haliaic, Petats, Saposa-Tinputz",,pex,buka1262,"hali1243, peta1245, sapo1252"
Bukat-Ukit-Beketan-Lugat-Lisum,"Bukat, Bukitan, Ukit",,"bvk, bkn, umi",buka1263,"buka1261, buki1248, ukit1237"
Bukharic,,bhh,,bukh1238,
Bukit Malay,,bvu,,buki1247,
Bukitan,"Punan Busang, Punan Ukit",bkn,,buki1248,"puna1269, puna1270"
Bukiyip,"Coastal Arapesh, Nuclear Bukiyip",ape,,buki1249,"coas1296, nucl1592"
Bukiyip-Abu,"Abu' Arapesh, Bukiyip",,"aah, ape",buki1250,"abua1245, buki1249"
Bukidnon,"Talaandig-Binukid, Higaonon",,"bkd, mba",buki1251,"binu1244, higa1237"
Bukpic,"Alege, Ubang, Ukpe-Bayobiri",,"alf, uba, ukp",bukp1239,"aleg1238, uban1243, ukpe1247"
Buksa,,tkb,,buks1238,
Bukusu,,bxk,,buku1249,
Bukwen,,buz,,bukw1238,
Bularnu,,,,bula1255,
Bulaka River,"Jelmek, Maklew",,mgf,bula1259,"jelm1234, makl1246"
Bulangic,"Blang, Samtao",,"blr, stu",bula1260,"blan1242, samt1238"
Dana,,,,buld1238,
Bulgarian Sign Language,,bqn,,bulg1240,
Bulgarian,"Anatolian Bulgarian, Eastern Bulgarian, Balkan Bulgarian, Central Balkan Bulgarian, Eastern Balkan Bulgarian, Western Balkan Bulgarian, Bassarabian Bulgarian, Moesian, Rup, Central Rup, Eastern Rup, Banat Bulgarian, Paulician, Pomak, Western Rup, Transylvanian Bulgarian, Wallachian Bulgarian, Western Bulgarian, Northwestern Bulgarian, Pirin-Malashevo, Southwestern Bulgarian, Transitional Bulgarian",bul,,bulg1262,"anat1260, east2814, balk1260, cent2339, east2815, west2889, bass1265, moes1234, rupp1234, cent2340, east2816, bana1308, pali1272, poma1238, west2890, tran1293, wall1260, west2888, nort3294, piri1234, sout3276, tran1292"
Bulgebi,,bmp,,bulg1265,
Buli-Koma,"Buli (Ghana), Konni",,"bwu, kma",buli1253,"buli1254, konn1242"
Buli (Ghana),,bwu,,buli1254,
Buli (Indonesia),"Buli, Wayamli",bzq,,buli1255,"buli1256, waya1267"
Buli (Bauchi State),,uly,,buli1260,
Southern Mel,"Bullom, Kissi",,,bull1245,"bull1246, kiss1245"
Bullom,"Northern Bullom, Sherbro",,bun,bull1246,"nort3167, sher1258"
Bullom So,"Kafu, Mmani",buy,,bull1247,"kafu1238, mman1238"
Bulo Stieng,"Budip, Bulo",sti,,bulo1242,"budi1247, bulo1243"
Bulu (Cameroon),"Bene, Yelinda, Yembana, Yengono, Zaman",bum,,bulu1251,"bene1244, yeli1239, yemb1245, yeng1244, zama1238"
Bulu (Papua New Guinea),,bjl,,bulu1253,
Bumaji,,byp,,buma1244,
Bumang,,bvp,,buma1247,
Bumbita Arapesh,"Bonahoi, Timingir, Urita, Weril, Werir",aon,,bumb1241,"bona1254, timi1241, urit1239, weri1251, weri1252"
Bum,,bmv,,bumm1238,
Bumthangic,"Bumthangkha, Khengkha, Kurtokha",,"kjz, xkf, xkz",bumt1238,"bumt1240, khen1241, kurt1248"
Bumthangkha,"Chogor, Chunmat, Tang (Bhutan), Ura",kjz,,bumt1240,"chog1238, chun1246, tang1332, uraa1244"
Bunu,"Bunuo, Dongnu, Nunu",bwx,,buna1273,"bunu1265, dong1287, nunu1247"
Bunaban,"Bunaba, Gooniyandi",,"bck, gni",buna1274,"buna1275, goon1238"
Bunaba,,bck,,buna1275,
Bunama,"Barabara, Kasikasi, Kerorogea, Kumalahu, Lomitawa, Meudana, Nuclear Bunama, Sawabwala, Sawatupwa, Sipupu, Weyoko",bdd,,buna1276,"bara1366, kasi1254, kero1243, kuma1277, lomi1237, meud1237, nucl1504, sawa1248, sawa1249, sipu1240, weyo1238"
Buna,"Kasmin, Masan",bvn,,buna1277,"kasm1239, masa1310"
Bunak,,bfn,,buna1278,
Bunama-Mwatebu,"Bunama, Mwatebu",,"bdd, mwa",buna1279,"buna1276, mwat1237"
Bu-Nao-Bunu,"Bunu, Baonao, Numao",,bwx,buna1280,"buna1273, naog1238, numa1251"
Bundeli-Bharia,"Bhariati, Bundeli",,"bha, bns",bund1252,"bhar1241, bund1253"
Bundeli,"Aligarh, Banaphari, Bhadauri, Chhatapur, Chhindwara Bundeli, Gaoli, Khatola, Kirari, Kundri, Lodhanti, Nagpuri Hindi, Nibhatta, Pawari, Raghobansi, Southern Morena, Southern Bharatpur, Standard Braj of Bulandshahr, Standard Braj of Mathura, Standard Bundeli, Standard Braj of Eastern Agra, Tirhari (Bundeli), Western Agra",bns,,bund1253,"alig1238, bana1281, bhad1242, chha1248, chhi1243, gaol1242, khat1248, kira1246, kund1251, lodh1244, nagp1248, nibh1238, pawa1253, ragh1238, sout2659, sout2660, stan1297, stan1298, stan1299, stan1300, tirh1245, west2378"
Burui-Gaikundi,"Burui, Gaikundi",,"bry, gbf",bund1258,"buru1309, gaik1242"
Bung,,bqd,,bung1259,
Bunganditj,,xbg,,bung1264,
Bungu,,wun,,bung1265,
Bungku-Tolaki,"Eastern Bungku-Tolaki, Western Bungku-Tolaki",,,bung1268,"east2489, west2566"
Bungku,"Landawe, Nuclear Bungku, Routa, Torete, Tulambatu, Waia (Bungku)",bkz,,bung1269,"land1259, nucl1571, rout1237, tore1237, tula1253, waia1242"
Bungain,,but,,bung1270,
Bun-Mundukumo,"Biwat, Bun",,"bwm, buv",bunm1234,"biwa1243, bunn1240"
Bun,,buv,,bunn1240,
Bunoge Dogon,,dgb,,buno1241,
Bunun,"Central Bunun, Takivatan, Takbanuaz, North Bunun, Takibakha, Takituduh, Isbukun",bnn,,bunu1267,"cent2105, taki1251, tako1237, nort2902, taki1252, taki1253, sout2930"
Buol,,blf,,buol1237,
Burarra,"Gun-narta, Gun-narda, Gun-nartpa",bvr,,bura1267,"gunn1247, gunn1248, gunn1249"
Buraka,,bkg,,bura1269,
Burak-Loo,"Burak, Loo",,"bys, ldo",bura1270,"bura1271, looo1238"
Burak,,bys,,bura1271,
Buraadiga,,,,bura1273,
Burate,,bti,,bura1276,
Bura-Pabir,"Hyil Hawul, Pabir, Pela (Nigeria)",bwr,,bura1292,"hyil1238, pabi1240, pela1248"
Burate-Wate,"Burate, Tunggare",,"bti, trt",bura1294,"bura1276, tung1293"
Bura Sign Language,,,,bura1295,
Bura-Marghi,"Marghic, Buraic",,,bura1296,"bium1270, bura1297"
Buraic,"Bura-Pabir, Cibak, Nggwahyi, Putai",,"bwr, ckl, ngx, mfl",bura1297,"bura1292, ciba1236, nggw1242, puta1243"
Buram-Saraf,"Acheron-Tocho, Nding-Tasomi, Buram Hill Chain",,,bura1298,"ache1247, ndin1246, ngil1241"
Burduna,,bxn,,burd1238,
Bureran,"Burarra, Guragone",,"bvr, gge",bure1238,"bura1267, gura1252"
Bure,,bvh,,bure1242,
Buriat,"China Buriat, Mongolia Buriat, Russia Buriat",bua,"bxu, bxm, bxr",buri1258,"chin1476, mong1330, russ1264"
Burji,,bji,,burj1242,
Burkina Faso Sign Language,,,,burk1234,
Burma Pyu,,pyx,,burm1262,
Burmbar,,vrt,,burm1263,
Burmeso,,bzu,,burm1264,
Burmo-Qiangic,"Lolo-Burmese, Na-Qiangic, Tujia",,,burm1265,"lolo1265, naqi1236, tuji1244"
Burmish,"Northern Burmish, Southern Burmish",,,burm1266,"nort2720, sout3159"
Burma Tangkhul Naga,,ntx,,burm1267,
Burushaski,"Hunza, Nagar, Yasin",bsk,,buru1296,"hunz1248, naga1398, yasi1237"
Buru-Angwe,"Angwe (Batu), Buru (Nigeria)",bqw,,buru1299,"angw1241, buru1326"
Northern Burun,"Abuldugu, Mayak, Mufwa, Mughaja, Ragreig",bdi,,buru1301,"abul1238, maia1240, mufw1238, mugh1243, ragr1238"
Buru (Indonesia),"Central Buru, Fogi, Masarete, Wae Sama",mhs,,buru1303,"cent2076, fogi1237, masa1305, waes1237"
Burusu,,bqr,,buru1304,
Burum-Mindik,"Siawari, Somba",bmu,,buru1306,"siaw1242, somb1238"
Burumakok,,aip,,buru1307,
Buruwai,,asi,,buru1308,
Burui,,bry,,buru1309,
Burunge,,bds,,buru1320,
Buruic,"Buru (Indonesia), Hukumina, Lisela",,"mhs, huw, lcl",buru1322,"buru1303, huku1237, lise1239"
Burundi Pidgin French,,,,buru1323,
Burun,"Northern Burun, Southern Burun",,bdi,buru1328,"buru1301, maba1272"
Busam,,bxs,,busa1251,
Busan,"Boko-Busa, Kyenga-Shanga",,,busa1252,"boko1265, kyen1241"
Busa,"Illo, New Busa, Wawa (Nigeria)",bqp,,busa1253,"illo1238, newb1246, wawa1248"
Busami,,bsm,,busa1254,
Busang Kayan,"Belayan, Long Bleh, Mahakam Busang",bfg,,busa1255,"bela1259, long1414, maha1298"
Bushoong,"Batshwa-Bushoong, Djembe, Ngende, Ngombe, Ngongo (Buushong), Pianga",buf,,bush1247,"bats1243, djem1238, ngen1252, ngom1269, ngon1274, pian1241"
Kibosy Kiantalaotsy-Majunga,"Kiantalaotse, Majunga",buc,,bush1250,"kian1236, maju1234"
Bushoong-Wongo-Lele,"Bushoong, Lele (Democratic Republic of Congo), Wongo",,"buf, lel, won",bush1251,"bush1247, lele1265, wong1247"
Busoa,,bup,,buso1238,
Buso,,bso,,buso1242,
Bussa,,dox,,buss1239,
Busuu,,bju,,busu1244,
Busu,"Aribwaung, Aribwatsa, Duwet, Musom-Sirak",,"ylu, laz, gve",busu1245,"arib1240, arib1241, duwe1237, muso1239"
Butam,,,,buta1242,
Butbut Kalinga,,kyb,,butb1235,
Butler English,,,,butl1235,
Farafi,,bnr,,butm1237,
Butonic,"Cia-Cia, East Buton",,cia,buto1237,"ciac1237, east2751"
Butuan-Tausug,"Butuanon, Tausug",,"btw, tsg",butu1243,"butu1244, taus1251"
Butuanon,,btw,,butu1244,
Bu,"Ninkada, Nuclear Bu",jid,,buuu1244,"nink1238, nucl1374"
Buu,,,,buuu1246,
Buwal,,bhs,,buwa1243,
Buwal-Gavar,"Buwal, Gavar",,"bhs, gou",buwa1244,"buwa1243, gava1241"
Buxinhua,,bxt,,buxi1237,
Buyang,"Northern Buyang, Yerong-Southern Buyang",byu,yrn,buya1244,"nort2744, yero1238"
Buya,,byy,,buya1245,
Buyuan Jinuo,,jiy,,buyu1238,
Buyu,,byi,,buyu1239,
Bwa,"Bati, Benge (Congo), Kiba, Leboa-Le, Yewu",bww,,bwaa1238,"bati1250, beng1281, kiba1245, lebo1244, yewu1238"
Bwaidoga linkage,"Bwaidoka-Iduna, Diodio, Iamalelic, Koluwawa, Molima",,"ddi, klx, mox",bwai1241,"bwai1244, diod1237, iama1238, kolu1245, moli1248"
Bwaidoka,"Bebebele Ii, Belebele I, Bwaidoga, Faiyava, Kilia, Kiliva, Lauwela, Mataitai, Wagifa",bwd,,bwai1242,"bebe1251, bele1251, bwai1243, faiy1237, kili1263, kili1264, lauw1238, mata1284, wagi1248"
Bwaidoka-Iduna,"Bwaidoka, Iduna",,"bwd, viv",bwai1244,"bwai1242, idun1242"
Bwaka,"Gilima, Ngbaka Ma'bo",,"gix, nbm",bwak1244,"gili1241, ngba1284"
Bwamu,"Bomu, Nuclear Bwamu",,bmq,bwam1247,"bomu1247, nucl1742"
Bwamu-Oti-Volta,"Bwamu, Oti-Volta",,,bwam1248,"bwam1247, otiv1239"
Bwamba-Ngondi-Pande-Mbati-Aka,"Mbati, Ngundi, Pande, Yaka (Central African Republic)",,"mdn, ndn, bkj, axk",bwam1249,"mbat1248, ngun1270, pand1264, yaka1272"
Bwanabwana,"Kwalaiwa, Wale",tte,,bwan1241,"kwal1256, wale1245"
Bwana-Moam-Tapen,"Domung, Ma (Papua New Guinea)",,"dev, mjn",bwan1242,"domu1246, mapa1244"
Bwatoo,,bwa,,bwat1240,
Bwatooic,"Haeke-Bwatoo, Haveke",,hvk,bwat1242,"haek1241, have1241"
Bwe Karen,,bwe,,bwek1238,
Bwela,,bwl,,bwel1238,
Bwenelang,,,,bwen1239,
Bwile,,bwc,,bwil1245,
Bwisi,,bwz,,bwis1242,
Byangsi,"Dhuleli, Kuti, Pangjungkho Boli, Yerjungkhu Boli",bee,,byan1241,"dhul1234, kuti1243, pang1283, yerj1238"
Byep-Besep,"Besep, Byep",mkk,,byep1241,"bese1242, nucl1407"
Caac,"La Conception, Pouébo",msq,,caac1237,"laco1243, poue1237"
Cabécar,"Chirripó, Estrella, Telire, Ujarrás",cjp,,cabe1245,"chir1293, estr1249, teli1245, ujar1238"
Cabiyarí,,cbb,,cabi1241,
Cabixi-Natterer,,,,cabi1242,
Cacaopera,,ccr,,caca1247,
Cacaloxtepec Mixtec,,miu,,caca1250,
Cacgia Roglai,,roc,,cacg1235,
Kakua,"Macú-Paraná Cacua, Vaupés Cacua",cbv,,cacu1241,"macu1261, vaup1239"
Caddoan,"Caddo, Northern Caddoan",,cad,cadd1255,"cadd1256, nort2950"
Caddo,,cad,,cadd1256,
Cafundo,,ccd,,cafu1238,
Cagayan Valley,"Ibanagic, Isnag",,isd,caga1241,"iban1268, isna1241"
Cagayan-Baliwon Gaddang,"Ga'dang, Gaddang",,"gdg, gad",caga1242,"gada1258, gadd1244"
Cagua,,cbh,,cagu1236,
Cahitan,"Mayo, Yaqui",,"mfy, yaq",cahi1243,"mayo1264, yaqu1251"
Cahuilla-Cupeno,"Cahuilla, Cupeño",,"chl, cup",cahu1263,"cahu1264, cupe1243"
Cahuilla,"Desert Cahuilla, Mountain Cahuilla, Pass Cahuilla",chl,,cahu1264,"dese1235, moun1256, pass1251"
Cahuapanan,"Shawi, Jebero",,"cbt, jeb",cahu1265,"chay1248, jebe1250"
Cahuarano-Iquito,"Cahuarano, Iquito",,"cah, iqu",cahu1267,"cahu1268, iqui1243"
Cahuarano,,cah,,cahu1268,
Caijia,,,,caij1234,
Cajamarca Quechua,"Eastern Cajamarca, Western Cajamarca",qvc,,caja1238,"east2550, west2637"
Cajatambo North Lima Quechua,,qvl,,caja1239,
Cajamarca-Lambayeque Quechua,"Cajamarca Quechua, Lambayeque Quechua",,"qvc, quf",caja1240,"caja1238, lamb1276"
Cajonos Zapotec,"Nuclear Cajonos Zapotec, Yaganiza-Xagacía Zapotec",zad,,cajo1238,"nucl1670, yaga1261"
Cajonosic,"Cajonos Zapotec, Tabaa Zapotec, Yalálag Zapotec, Yatzachi Zapotec, Zoogocho Zapotec",,"zad, zat, zpu, zav, zpq",cajo1239,"cajo1238, taba1268, yala1267, yatz1235, zoog1238"
Cajun French,"Big Woods French, Marsh French, Prairie French",frc,,caju1236,"bigw1239, mars1252, prai1242"
Caka,"Assaka, Batanga (Caka)",ckx,,caka1240,"assa1268, bata1286"
Cakchiquel-Quiché Mixed Language,,ckz,,cakc1235,
Cakchiquel-Tzutujil,"Kaqchikelic, Tz'utujil",,tzj,cakc1244,"kaqc1280, tzut1248"
Cakfem-Mushere,"Chakfem, Mushere",cky,,cakf1236,"chak1276, mush1239"
Calamian Tagbanwa,Baras (Philipinnes),tbk,,cala1258,bara1368
Calchaqui,,,,calc1235,
Calderón Highland Quichua,"Cotopaxi Quichua, Pichincha Quichua",qud,,cald1236,"coto1253, pich1239"
California Athabaskan,"Hupa-Chilula, Kato, Mattole-Bear River, Eel River Athabaskan",,"hup, ktw, mvb, wlk",cali1245,"hupa1239, kato1244, matt1238, wail1244"
Californian Uto-Aztecan,"Cupan, Serran, Tübatulabal",,tub,cali1246,"cupa1239, serr1254, tuba1278"
Callawalla,,caw,,call1235,
Calo,,rmr,,calo1235,
Caló,"Galician Calo, Brazilian Calão, Catalonian Calo, Portuguese Calão, Spanish Caló",rmq,,calo1236,"basq1236, braz1238, cata1279, port1238, span1238"
Caluyanun,Semirara,clu,,calu1238,semi1263
Calusa,,,,calu1239,
Camarines Norte Agta,,abd,,cama1250,
Cambodian Sign Language,,csx,,camb1244,
Donga Mambila,"Kabri, Kara (Mambila), Ngubin, Maberem, Titong",mcu,,came1252,"kabr1241, kara1510, ngub1241, sunu1238, tito1234"
Cameroon Pidgin,,wes,,came1254,
Cameroun-Ubangian,"Bena-Mboi, Bikwin-Jen, Baa, Mbumic, Central Adamawa, Ubangi, Unclassified Cameroun-Ubangian",,kwb,came1255,"bena1258, bikw1235, kwaa1262, mbum1257, samb1322, uban1244, unun9906"
Camling,,rab,,caml1239,
Campidanese Sardinian,"Arborense, Central Campidanese, Campidanese Meridionale, Ogliastrino, Sarrabense, Sub-Barbaricino, Sulcitano, Western Campidanese",sro,,camp1261,"arbo1235, cent1961, meri1242, ogli1238, sarr1244, subb1238, sulc1238, west2345"
Campalagian,"Buku, Nuclear Campalagian",cml,,camp1262,"buku1250, nucl1566"
Camsá,,kbh,,cams1241,
Camtho,,cmt,,camt1236,
Camunic,,xcc,,camu1235,
Canari,,,,cana1260,
Cañar-Azuay-South Chimborazo Highland Quichua,"Azuay Highland Quichua, Cañar Highland Quichua, South Chimborazo Highland Quichua",qxr,,cana1262,"azua1234, cana1270, sout3334"
Canaanite,"Hebrewic, Ugarito-Phoenician",,,cana1267,"hebr1246, ugar1239"
Candoshi-Shapra,"Chirino, Huitoyacu Kandozi, Murato-Chapra, Chapra, Kandoshi",cbu,,cand1248,"chir1297, huit1253, mura1278, chap1270, kand1305"
Canela-Krahô,"Apanjekra, Krahô, Ramkokamekra",ram,xra,cane1242,"apan1243, krah1246, ramk1239"
Cangin,"Palor-Ndut, Saafi-Noon-Lehar",,,cang1245,"palo1244, saaf1239"
Canichana,,caz,,cani1243,
Cao Lan,,mlc,,caol1238,
Cao Miao,,cov,,caom1238,
Capanahua,Pahenbaquebo,kaq,,capa1241,pahe1238
Capiznon,,cps,,capi1239,
Capiznon-Ilonggo-Kawayan,"Capiznon, Hiligaynon",,"cps, hil",capi1240,"capi1239, hili1240"
Capoxo,,,,capo1236,
Cappadocian Greek,"Pharasa, Sille, Western Cappadocian",cpg,,capp1239,"phar1238, sill1239, west2337"
Caquinte,,cot,,caqu1242,
Carabayo,,cby,,cara1245,
Cara,,cfd,,cara1270,
Caramanta,,crf,,cara1271,
Carapana,,cbc,,cara1272,
Carari,,,,cara1273,
Carian,,xcr,,cari1274,
Caribbean Hindustani,"Sarnami Hindustani, Trinidad Bhojpuri",hns,,cari1275,"sarn1238, trin1268"
Caribbean Javanese,,jvn,,cari1276,
Carijona,,cbd,,cari1279,
Cariay,,,,cari1280,
Caribbean Arawakan,"Antillean Arawakan, Guajiro-Paraujano, Unclassified Caribbean Arawakan",,,cari1281,"anti1247, guaj1257, uncl1521"
Cariban,"Apalaí, Guianan, Kuikuroan, Parukotoan, Pekodian, Venezuelan Cariban, Yawaperi, Opon-Yukpan",,apy,cari1283,"apal1257, guia1242, kuik1245, paru1239, peko1235, vene1261, yawa1262, yukp1242"
Caribbean English Creole,"Eastern Caribbean Creole, Western Caribbean Creole",,,cari1284,"east2759, west2854"
Cariban (Unattested),Karahawyana,,xkh,cari1285,kara1475
Cariai-Manao,"Cariay, Manao",,,cari1286,"cari1280, mana1299"
Car Nicobarese,,caq,,carn1240,
Carolinian,,cal,,caro1242,
Carolina Algonquian,,crr,,caro1243,
Central Romani,"Gurvari, North Central Romani, Bohemian Romani, East Slovakian Romani, Galician Romani, Moravian Romani, North Transylvanian Romani, West Slovakian Romani, South Central Romani, Romungro, Vend, Burgenland Romani, Prekmurje Romani, Western Hungarian Vend",rmc,,carp1235,"gurv1234, nort3324, bohe1241, east2314, gali1259, mora1270, nort3372, west2376, sout3308, tran1280, vend1247, burg1246, prek1240, west2927"
Dakelh,"Central Carrier, Southern Carrier",,"crx, caf",carr1248,"carr1249, sout2958"
Central Carrier,"Nak'azdli, Tl'azt'en, Yekooche",crx,,carr1249,"naka1267, tlaz1236, yeko1241"
Carrieric,"Witsuwit'en-Babine, Dakelh",,bcr,carr1250,"babi1235, carr1248"
Carútana,,cru,,caru1240,
Cashibo-Cacataibo,"Cacataibo de Sinchi Roca, Cacataibo de Mariscal, Cashibo",cbr,,cash1251,"caca1248, caca1249, cash1252"
Cashinawa of the Tarauacá river,,,,cash1253,
Cashinahua,"Brazilian Kashinawa, Kapanawa of the Juruá River, Paranawa, Peruvian Kashinawa",cbs,,cash1254,"braz1248, kapa1256, para1325, peru1238"
Casiguran-Nagtipunan Agta,,dgc,,casi1235,
Caspian,"Gilaki-Rudbari, Gurgani, Mazanderani-Shahmirzadi",,,casp1236,"gila1242, gurg1241, maza1305"
Caspian and eastern Persia Gypsy,,,,casp1241,
Castilic,"Extremaduran, Old Spanish, South Castilic, Spanish",,"ext, osp, spa",cast1243,"extr1243, olds1249, sout3200, stan1288"
Casuarina Coast Asmat,"Matia, Sapan",asc,,casu1237,"mati1252, sapa1253"
Catalan Sign Language,,csc,,cata1241,
Cataelano Mandaya,,mst,,cata1284,
Catawban,"Catawba, Woccon",,"chc, xwc",cata1285,"cata1286, wocc1242"
Catawba,,chc,,cata1286,
Catuquinaru-Bach,,,,catu1242,
Cauca,,cca,,cauc1241,
Caucasian Tat,"Judeo-Tat, Muslim Tat",,"jdt, ttt",cauc1242,"jude1256, musl1236"
Cauho,,,,cauh1234,
Cauqui of Cachuy,,,,cauq1239,
Cavineña,,cav,,cavi1250,
Cayapa-Colorado,"Cha'palaa, Tsafiki",,"cbi, cof",caya1244,"chac1249, colo1256"
Cayuse,,xcy,,cayu1241,
Cayuga,,cay,,cayu1261,
Cayubaba,,cyb,,cayu1262,
Senari,"Central Senari, Kafire, Kasara, Kufuru, Nafara, Tagara, Tyebara, Far West Senari, Kandere, Nowulo, Tagbari, Fodonon, West Senari, Kulere (Cote d'Ivoire), Papara, Patara, Pogara, Messeni, Tenere",sef,,ceba1235,"cent2379, kafi1243, kasa1250, kufu1238, nafa1256, taga1266, tyeb1238, farw1240, kand1296, sout2796, tagb1256, foda1238, west2961, kule1242, papa1264, pata1259, poga1239, takp1245, tene1246"
Cebuano,"Boholano, Cebu, Leyte, Mindanao Visayan",ceb,,cebu1242,"boho1237, cebu1243, leyt1237, mind1257"
Celebic,"Greater Eastern Celebic, Kaili-Wolio",,,cele1242,"grea1299, kail1255"
Celtiberian,,xce,,celt1247,
Celtic,"Celtiberian, Nuclear Celtic",,xce,celt1248,"celt1247, nucl1715"
Cem-Pac,"Cemuhî, Paicî",,"cam, pri",cemp1235,"cemu1238, paic1239"
Cemuhî,,cam,,cemu1238,
Cena,,,,cena1234,
Cenderawasih Bay,"Biakic, Southwest Cenderawasih Bay, Yapen",,,cend1238,"biak1249, sout3230, yape1249"
Cen,,cen,,cenn1238,
Central Mashan Hmong,,hmm,,cent1394,
Central Totonacan,"Filomeno Mata Totonac, Lowland-Sierra Totonacan, Northern Totonacan, Ozumatlán Totonac",,"tlp, tqt",cent1397,"filo1235, lowl1271, nort3265, west1511"
Central Kurdish,"Mukri, Sine'i, Sanandaji, Southern Jafi, Warmawa, Sorani, Bingird, Garmiyani, Hewleri, Khanaquin, Pizhdar, Rewandiz, Suleimani",ckb,,cent1972,"mukr1239, sine1239, sana1277, sout2641, warm1239, sora1257, bing1247, garm1241, hewl1238, khan1280, pizh1238, rewa1238, sule1239"
Central Pashto,"Bannuchi, Waciri",pst,,cent1973,"bann1246, waci1238"
Central Pahari,"Garhwali, Kumaoni",,"gbm, kfy",cent1977,"garh1243, kuma1273"
Central-Northern Aslian,"Jah Hut, North Aslian, Senoic",,jah,cent1987,"jahh1242, nort2682, seno1278"
Central Khmer,"Middle Khmer, Nuclear Central Khmer, Southern Khmer",khm,xhm,cent1989,"midd1376, nucl1298, sout2688"
Central Nicobarese,"Camorta, Katchal, Nancowry, Trinkut",ncb,,cent1990,"camo1249, katc1248, nanc1247, trin1269"
Central Mnong,"Biat, Bu Dang, Bu Nar, Bu Rung, Dih Bri, Préh",cmo,,cent1992,"biat1244, buda1251, buna1272, buru1295, dihb1240, preh1242"
Central Karen,"Geba-Bwe, Kayaw-Manu, Kayah-Yintale, Mobwa Karen",,jkm,cent1999,"geba1236, kaya1316, kaya1337, mobw1234"
Central Bai,"Eryuan, Heqing, Jianchuan, Lanping, Yunlong",bca,,cent2004,"eryu1239, heqi1238, jian1239, lanp1241, yunl1238"
Core Central Kuki-Chin,"Lai Chin, Mizoic, Pangkhua, Laamtuk Thet",,"pkh, tcp",cent2005,"laic1236, mizo1244, pank1249, tawr1235"
Central Hongshuihe Zhuang,,zch,,cent2009,
Central Huishui Hmong,,hmc,,cent2013,
Central Karnic,"Mithaka-Karuwali, Western Central Karnic",,,cent2016,"mith1235, west2438"
Central-Eastern Niger Fulfulde,"Leetugal Niger Fulfulde, Wodaabe",fuq,,cent2018,"leet1234, woda1240"
Central Mbum,"Karangic, Kuo",,xuo,cent2020,"kara1477, kuoo1238"
Central Bandaic,"Banda-Yangere, Central Core Bandaic",,yaj,cent2021,"band1348, cent2022"
Central Core Bandaic,"Banda-Mbrès, Banda-Banda, Banda-Bambari, Banda-Ndélé, Mid-Southern Central Core Bandaic, Togbo-Vara Banda",,"bqk, bpd, liy, bfl, tor",cent2022,"band1342, band1343, band1344, band1345, mids1242, togb1241"
Central Upper Cross,"East-West Central Delta Cross, North-South Central Delta Cross",,,cent2027,"east2400, nort2790"
Central Delta,"Abua-Odual, Kugboic, Ogbronuagum, Unclassified Central Delta",,ogu,cent2028,"abua1243, kugb1242, ogbr1243, uncl1542"
Central Grebo,"Borobo, Dorobo (Central Grebo), Globo, Nyenebo, Trembo",grv,,cent2041,"boro1276, doro1261, glob1238, nyen1259, trem1243"
Central Moru-Madi,"Aringa, Avokaya, Kalikoic, Logo, Lugbara",,"luc, avu, log, lgg",cent2043,"arin1244, avok1242, kali1312, logo1259, lugb1240"
Sara Central,"Sara Central Chari, Sara Central Logone, Sara Central Logone-Chari",,,cent2044,"sara1344, sara1345, sara1346"
Jalaa,,cet,,cent2045,
Central Ometo,"Dawro-Gofa-Gamo, Dorze, Melo, Oyda, Wolaytta",,"doz, mfx, oyd, wal",cent2046,"dawr1235, dorz1235, melo1242, oyda1235, wola1242"
Central Mande,"Manding-Jogo, Susu-Yalunka",,,cent2047,"mand1432, susu1249"
Central Heibanic,"Ebang-Logol, Koalib-Rere",,kib,cent2049,"eban1241, koal1240"
Central Kanuri,"Fadawa, Guvja, Kabari, Kaga, Kwayam, Lare, Maiduguri, Mao (Nigeria), Movar, Mowor, Ngazar, Njesko, Temageri, Yerwa",knc,,cent2050,"fada1240, guvj1238, kaba1282, kaga1254, kway1242, lare1248, maid1261, maoo1245, mova1237, mowo1238, ngaz1239, njes1238, tema1238, yerw1238"
South Barisan Malay,"Bengkulu, Enim, Lintang, Ogan, Pasemah, Semendo, Serawai",pse,"bke, eni, lnt, ogn, sdd, srj",cent2053,"beng1290, enim1238, lint1237, ogan1237, pase1242, seme1248, sera1272"
Central Maewo,"Lotora, Peterara, Tanoriki",mwo,,cent2058,"loto1239, pete1237, tano1245"
Central Pacific linkage,"Tokalau Fijian, Rotuman, Western Fijian",,rtm,cent2060,"east2445, rotu1241, west2518"
Central Santa Isabel,"Kokota, Zazao-Blanga",,kkk,cent2063,"koko1269, zaza1247"
Central Papuan Oceanic,"Oumic, Sinagoro-Keapara, West Central Papuan linkage",,,cent2070,"oumi1237, sina1272, west2850"
Central Masela,,mxz,,cent2072,
Central Timoric A,"Habu, Tetunic",,hbu,cent2079,"habu1241, tetu1244"
Central Luzon,"Pampanga, Hatang Kayi, Sambalic",,"pam, agv",cent2080,"pamp1243, remo1247, samb1319"
Central Cagayan Agta,,agt,,cent2084,
Coastal-Naga Bikol,"Legaspi, Naga (Bikolano)",bcl,,cent2087,"lega1251, naga1402"
Central Manobo,"Ata Manobo, Matigsalug Manobo",,"atd, mbt",cent2088,"atam1240, mati1250"
Central Subanen,Eastern Kolibugan,syb,,cent2089,east2481
Central Tagbanwa,,tgt,,cent2090,
Central Palawano,,plc,,cent2091,
Central Sama,Dilaut-Badjao,sml,,cent2092,dila1238
Lower Baram,"Central Lower Baram A, Central Lower Baram B",,,cent2094,"cent2272, cent2273"
Central-East Berawan,"Central Berawan, East Berawan",,"zbc, zbe",cent2097,"cent2098, east2486"
Central Berawan,,zbc,,cent2098,
Kadazan Dusun,"Beaufort Dusun, Bundu (Taginambur), Coastal Kadazan, Dusun Sinulihan, Kadazan-Tagaro, Kiundu, Kota Marudu Tinagas, Kuriyou (Kuala Monsok Dusun), Luba, Menggatal, Pahu', Ranau, Sokid, Tambunan Dusun, Tempasuk Dusun",dtp,"kzj, ktr, kzt, tdu",cent2100,"beau1240, bund1257, coas1294, dusu1275, kada1288, kiun1242, kota1278, kual1253, luba1252, meng1270, pahu1240, rana1248, soki1240, tamb1254, temp1235"
Central Melanau,"Balingian, Bruit, Dalat, Igan, Mukah-Oya, Prehan, Sarikei, Segalang, Segahan, Siteng",mel,,cent2101,"bali1282, brui1237, dala1239, igan1242, muka1237, preh1243, sari1247, sega1245, sega1246, site1237"
Central East Formosan,"Amis, Sakizaya",,"ami, szy",cent2103,"amis1246, saki1247"
Central Western Plains,"Babuza, Papora-Hoanya",,"bzg, ppu",cent2106,"babu1240, papo1239"
Central Tariku,"Edopi, Iau",,"dbf, tmu",cent2110,"edop1238, iauu1242"
Asmat-Awyu-Ok,"Asmat-Kamoro, Awyu-Ok",,,cent2116,"asma1256, awyu1265"
Central Asmat,"Ajam, Misman, Simai",cns,,cent2117,"ajam1240, mism1239, sima1261"
Central Awyu,,awu,,cent2118,
Chimbu-Wahgi,"Hagen, Jimi, Simbu, Wahgic",,,cent2120,"hage1248, jimi1245, simb1258, wahg1249"
Central Okinawan,"Kudaka, Naha, Shuri, Torishima",ryu,,cent2126,"kuda1249, naha1264, shur1243, tori1242"
Central Alaskan Yupik,"Hooper Bay-Chevak, General Central Yup'ik, Nunivak, Unaliq",esu,,cent2127,"hoop1234, kusk1241, nuni1254, unal1234"
Central Siberian Yupik,,ess,,cent2128,
Central Salish,"Lushootseed-Puget, North Georgia Central Salish, South Georgia Central Salish, Straits Salish, Twana",,twa,cent2129,"lush1251, nort3421, sout3394, stra1246, twan1247"
Central Numic,"Comanche, Panamint, Shoshoni",,"com, par, shh",cent2130,"coma1245, pana1305, shos1248"
Central Tarahumara,,tar,,cent2131,
Tlaxcala-Puebla-Central Nahuatl,,nhn,,cent2132,
Central Puebla Nahuatl,,ncx,,cent2133,
Central Huasteca Nahuatl,,nch,,cent2134,
Central Ojibwa,,ojc,,cent2136,
Central Pomo,"Hopland, Point Arena, Ukiah",poo,,cent2138,"hopl1239, poin1246, ukia1238"
Central Chumashan,"Barbareño, Ineseño, Purisimeño, Ventureño",,"boi, inz, puy, veo",cent2139,"barb1263, ines1240, puri1259, vent1242"
Central Sierra Miwok,"Eastern Central Sierra Miwok, Western Central Sierra Miwok",csm,,cent2140,"east2547, west2634"
Central Quechua I,"AP-AM-AH, Huaylay, Jauja-Huanca, Yaru Quechua",,,cent2141,"apam1237, huay1239, jauj1237, yaru1256"
Central Aymara,,ayr,,cent2142,
Central Mazahua,"Atlacomulco-Temascalcingo, San Miguel Tenoxtitlán, Santa María Citendejé-Banos",maz,,cent2144,"atla1270, sanm1290, sant1435"
Central Pame,,pbs,,cent2145,
Central Core Zapotec,"Asunción Mixtepec Zapotec, Ayoquesco Zapotec, Mazaltepec Zapotec, Mitla Zapotec, San Pedro Quiatoni Zapotec, Santa Catarina Albarradas Zapotec, Santo Domingo Albarradas Zapotec, Cisyautepequeño, Tejalapan Zapotec, Transyautepecan, Western Valley Zapotec",,"zoo, zaf, zpy, zaw, zpf, ztn, zas, ztt",cent2146,"asun1236, ayoq1235, maza1294, mitl1236, sanp1261, sant1448, sant1450, sout3003, teja1235, tran1297, west2947"
Central Tunebo,,tuf,,cent2150,
Agaw,"Awngi, Northern-Eastern-Western Agaw",,awn,cent2193,"awng1244, nort3158"
Central Moroccan Berber,"Central Atlas, Standard Moroccan Tamazight",tzm,zgh,cent2194,"cent2195, stan1324"
Central Eastern Aramaic,"Bohtan, North-Eastern Neo-Aramaic, Turoyo-Mlahso",,,cent2217,"boht1239, nort3241, turo1240"
Central Sudanic,"Lenduic, Mangbetu-Asua, Membi-Mangbutu-Efe, Moru-Madi, Sara-Bongo-Bagirmi",,,cent2225,"lend1246, mang1393, memb1239, moru1252, sara1341"
Central Maipuran,"Xaray, Xinguan Arawak",,,cent2226,"pare1273, xing1249"
Central Dravidian,"Kolami-Naiki, Parji-Ollari-Gadaba",,,cent2227,"kola1242, parj1243"
Central Iwaidjic,"Garig-Ilgar, Iwaidja",,"ilg, ibd",cent2228,"gari1253, iwai1244"
Central-Western Kadugli-Krongo,"Krongo-Tumtum, Katcha-Kadugli-Miri-Kanga, Tulishi",,tey,cent2229,"east2424, katc1251, tuli1249"
Central Atlantic,"Bak, Bijogo",,,cent2230,"bakk1238, bijo1239"
Central Nubian,"Birked, Kordofan Nubian, Unclassified Central Nubian",,brk,cent2232,"birk1242, kord1246, unun9942"
Central Dani,"Grand Valley Dani, Western Dani",,dnw,cent2233,"gran1246, west2594"
Central Sepik Hill,"Bahinemic, Nuclear Central Sepik Hill",,,cent2234,"bahi1255, nucl1586"
Central-Eastern Tungusic,"Kilen, Oroch-Udihe",,,cent2235,"kile1243, oroc1249"
Central Semitic,"Arabian, Northwest Semitic, Sayhadic",,,cent2236,"arab1394, nort3165, sayh1236"
Central-Northern One,"Inebu One, Kabore One, Molmo One, Northern One",,"oin, onk, aun, onr",cent2238,"ineb1235, kabo1248, molm1235, nort2907"
Central Western Saami,"Lule-Pite Saami, North Saami",,sme,cent2240,"lule1256, nort2671"
Central Jukunoid,"Jukun-Mbembe-Wurbo, Kpan-Icen",,,cent2241,"juku1258, kpan1245"
Central Kainji,"Basa-Eastern Kainji, Northwestern Kainji, Kambari-Cicipu, Shiroro-Kamuku",,,cent2242,"basa1288, duka1247, kamb1317, shir1273"
Central Gur,"Northern Central Gur, Southern Central Gur, Tula-Longuda",,,cent2243,"nort2777, sout3164, tula1256"
Central Philippine,"Alabat-Manide Agta, Bikol, Bisayan, Mamanwa, Mansakan, Tagalogic",,mmn,cent2246,"alab1255, biko1240, bisa1268, mama1275, mans1261, taga1280"
Central-Yaosakor Asmat,"Central Asmat, Yaosakor Asmat",,"cns, asy",cent2247,"cent2117, yaos1235"
Central Ngayarda,"Martuthunira, Ngarluma-Kariyarra, Nyiyaparli-Palyku, Panytyima-Yinhawangka, Tjurruru, Yindjibarndi-Kurrama",,"vma, xny, tju",cent2248,"mart1255, ngar1293, nija1241, pany1247, tjur1240, yind1249"
Central Kiranti,"Khambu, Southern Central Kiranti",,,cent2250,"kham1300, sout2736"
Central-Southwestern Tai,"Debao-Jingxi-Nung, Wenma-Southwestern Tai",,,cent2251,"deba1238, wenm1239"
Central-Eastern-Southwestern Ojibwa,"Central Ojibwa, Chippewa, Eastern Ojibwa",,"ojc, ciw, ojg",cent2252,"cent2136, chip1241, east2542"
Central Lower Cross,"Efai, Efikic, Ekit-Etebi, Ibino-Iko, Ibuoroic",,efa,cent2253,"efai1241, efik1244, ekit1245, ibin1242, ibuo1241"
Central and Southern Manobo,"East-West-Central Manobo, South Manobo",,,cent2255,"east2778, sout2913"
Central Nahuatl,"Classical Nahuatl, Morelos Nahuatl, Northern Puebla Nahuatl, Pastoral Guerrero Nahuatl, Tetelcingo Nahuatl, Tlaxcala-Southeastern Puebla Nahuatl",,"nci, nhm, ncj, nhg",cent2258,"clas1250, more1259, nort2957, past1250, tete1251, tlax1234"
Central Plains Edoid,"Bini, Emaic, Esan",,"bin, ish",cent2259,"bini1246, emai1243, esan1238"
Central-Western Bantu,"Greater Luyana, Luban, Njila, North Zaire River, West-Coastal Bantu, Yeyi",,yey,cent2260,"grea1287, luba1253, njil1234, nort3376, west2968, yeyi1239"
Central Tivoid,"Central Tivoid A, Central Tivoid B",,,cent2261,"cent2267, cent2268"
Central Tano,"Akanic, Bia",,,cent2262,"akan1251, biaa1238"
Central Bisayan,"Peripheral Central Bisayan, Romblomanon, Warayan",,rol,cent2263,"peri1261, romb1245, wara1304"
Central Iran Kermanic,"Kavir, Nuclear Central Iran Kermanic, Sivandi",,siy,cent2264,"kavi1234, nucl1790, siva1239"
Central Tatic,"Khalkhalic, Kho'ini, Maraghei, North-Central Talysh, Taromic",,"xkc, vmh, tly",cent2265,"khal1276, khoi1250, mara1373, taly1247, taro1267"
Central-Western Baja Mixtec,"Northwest Oaxaca Mixtec, Silacayoapan Mixtec",,"mxa, mks",cent2266,"nort2986, sila1250"
Central Tivoid A,"Iceve-Maci, Tiv-Evand",,bec,cent2267,"icev1238, tive1237"
Central Tivoid B,"Caka, Eman, Ipulo-Olulu",,"ckx, emn, ass",cent2268,"caka1240, eman1238, ipul1238"
Central Vanuatu,"Ambrym, Epi-Efate, Malakula, Namakura, Paama, South Pentecost",,"nmk, pma",cent2269,"ambr1240, epie1239, mala1539, nama1268, paam1238, sout3188"
Central-Eastern South Halmahera,"Buli (Indonesia), Maba (Indonesia), Patani, Sawai",,"bzq, mqa, ptn, szw",cent2270,"buli1255, maba1278, pata1260, sawa1247"
Central Lower Baram A,"Lemeting, Kiput, Tutong",,"beg, kyi, ttg",cent2272,"bela1260, kipu1237, tuto1241"
Central Lower Baram B,"Lelak, Narom",,"llk, nrm",cent2273,"lela1246, naro1251"
Central Kenya Bantu,"Eastern Kirinyaga, Embu, Gikuyu-Temi, Kamba-Dhaisu",,ebu,cent2274,"east2901, embu1241, giku1234, kamb1323"
Center Ring,"Babanki, Komic, Kung, Mmen-Bum",,"bbk, kfl",cent2275,"baba1266, komk1239, kung1260, mmen1239"
Central Micronesian,"Gilbertese, Western Micronesian",,gil,cent2276,"gilb1244, west2844"
Central-Western Yapen,"Ansus-Ambai, Central Yapen",,,cent2277,"ansu1238, cent2308"
Central Eastern Botatwe,"Toka-Leya-Dombe, Kafue",,dov,cent2279,"domb1246, kafu1239"
Central and South Kalinga,"Lubuagan Kalinga, South Kalinga",,knb,cent2282,"lubu1243, sout3203"
Central Oil,"Cajun French, Macro-French, Picard",,"frc, pcd",cent2283,"caju1236, macr1273, pica1241"
Central Manenguba,"Akoose, Bakaka",,"bss, bqz",cent2284,"akoo1248, baka1273"
Central and Southern Nyika,"Mbozi-Malawi Nyika, Nyika (Malawi and Zambia)",,nkv,cent2285,"mboz1234, nyik1246"
Central Kilimanjaro,"Kahe, Mochi, Vunjo",,"hka, old, vun",cent2286,"kahe1238, moch1256, vunj1238"
Central East Ruvu,"Kami (Tanzania), Kutu-Zaramo, Kwere",,"kcu, cwe",cent2287,"kami1256, kutu1267, kwer1261"
Central-Eastern Luyia,"Kabarasi-Tachoni-Nyala East, Kisa-Marama-Tsotso, Nyore, Wanga",,"nyd, lwg",cent2288,"kaba1294, kisa1269, nyor1244, wang1294"
Central Ambon,"Laha (Indonesia), Seit-Kaitetu",,"lhh, hik",cent2289,"laha1251, seit1239"
Central Trukic,"Eastern Trukic, Satawalese-Carolinian",,,cent2290,"east2764, sata1238"
Central-South Dagaric,"Central Dagaare, South Dagaric",,dga,cent2291,"sout2789, sout3209"
Central Bontoc,"Bayyu, Guinaang Bontoc, Sadanga",lbk,,cent2292,"bayy1237, guin1256, sada1241"
Central Kalenjin,"Kipsigis, Plateau Central Kalenjin",,sgc,cent2293,"kips1239, plat1260"
Central Cordilleran,"Kalinga-Itneg, Nuclear Cordilleran",,,cent2296,"kali1310, nucl1754"
Central-Western Lalo,"Western Lalu, Xishanba Lalo",,"ywl, ywt",cent2297,"west1506, xish1235"
Central Northern Outlier Polynesian-East Polynesian,"Central Northern Outlier Polynesian, East Polynesian",,,cent2298,"cent2299, east2449"
Central Northern Outlier Polynesian,"Luangiua, Takuuic",,ojv,cent2299,"onto1237, taku1258"
Central Ju,,,,cent2300,
Central-Eastern Oromo,"Central Oromo, South-East-North Oromo",,,cent2302,"cent2303, sout3218"
Central Oromo,"Borana-Arsi-Guji Oromo, Orma",,"gax, orc",cent2303,"bora1271, orma1241"
Central-Southern Persian Gypsy,,,,cent2304,
Central Nicobar,"Central Nicobarese, Southern Nicobarese",,"ncb, nik",cent2305,"cent1990, sout2689"
Central European Sign,"Bulgarian Sign Language, Nuclear Central European Sign, Polish Sign Language, Romanian Sign Language",,"bqn, pso, rms",cent2306,"bulg1240, nucl1839, poli1259, roma1324"
Central Sumbanese,"Anakalangu, Baliledu-Buawa, Wanukaka",,"akg, wnk",cent2307,"anak1240, bali1287, wanu1241"
Central Yapen,"Munggui, Papuma, Pom, Serui-Busami",,"mth, ppm, pmo",cent2308,"mung1269, papu1251, pomm1237, seru1248"
Central Aru,"Dobel-Koba, Lola, Lorang, Manombai",,"lcd, lrn, woo",cent2309,"dobe1243, lola1248, lora1237, mano1275"
Central Shona,"Shona, Tawara",,"sna, twl",cent2310,"shon1251, tawa1270"
Central-Eastern West Himalayish,"Bunan, Rongpo, Sunam",,"bfu, rnp, ssk",cent2311,"gahr1239, rong1264, suna1241"
Central Mfumte,,,,cent2312,
Central-Southern Mfumte,"Central Mfumte, Southern Mfumte",,nfu,cent2313,"cent2312, mfum1238"
Central Chong,,,,cent2314,
Central-Southeast Malakula,"Aulua, Burmbar, Southeastern Malakula linkage, Unua-Pangkumu",,"aul, vrt",cent2315,"aulu1238, burm1263, sout3239, unua1238"
Central-Western Malakula,"Larevat, Neverver, Naman, Neve'ei",,"lrv, lgk, lzl, vnm",cent2316,"lare1249, ling1265, litz1237, vinm1237"
Central Iranian PBS,"Central Iranian PB, Sogdic-Ossetic",,,cent2317,"cent2318, sogd1247"
Central Iranian PB,"Bactrian, Northwestern Iranian",,xbc,cent2318,"bact1239, nort3177"
Central Taurus Sign Language,,,,cent2319,
Central Sabi,"Bemba (M.40), Bisa-Lamba (M.50)",,,cent2321,"bemb1256, bisa1262"
Central Mansi,"East Mansi, Jukonda, Lower Konda, Middle Konda, Upper Konda, West Mansi, Lower Lozva, Middle Lozva, North Vagil, Pelym, South Vagil",,,cent2322,"east2879, juko1234, lowe1460, midd1374, uppe1481, west2976, lowe1459, midd1373, nort3394, pely1234, sout3366"
Central Finnic,"Estonian, Votic",,"ekk, vot",cent2329,"esto1258, voti1245"
Central Kuki-Chin,"Core Central Kuki-Chin, Maraic",,,cent2330,"cent2005, mara1381"
Central Alaya-Athima,"Ikaranggal, Tagalaka",,"ikr, tgz",cent2337,"ikar1243, taga1279"
Central Tibetan,"South-Western Tibetic, Tibetan",,bod,cent2346,"sout3216, tibe1272"
Central-Eastern Chinantec,"Northwestern Chinantec, Southeastern Chinantec",,,cent2365,"nort3349, sout3333"
Central British Columbia Athabaskan,"Carrieric, Chilcotin-Nicola",,clc,cent2370,"carr1250, chil1280"
Central Alaska-Yukon Athabaskan,"Gwichin-Han, Koyukonic, Tanana-Tutchone",,,cent2371,"gwic1236, koyu1238, tana1299"
Central East Rote,"Southeast Rote, Termanu",,twu,cent2375,"east2859, term1237"
Central-Eastern Malagasic,"Plateau Malagasy, Southern Betsimisaraka Malagasy",,"plt, bzc",cent2382,"plat1254, sout2920"
Center-West Ring,"Center Ring, West Ring",,,cent2385,"cent2275, west2835"
Central Sumatran Malay,"Kubu, Music",,kvb,cent2391,"kubu1239, musi1243"
Central Nasioi,"Naasioi, Ounge",,"nas, oue",cent2394,"naas1242, oung1239"
Central Eastern Iranian,"Shughni-Yazgulami, Yidgha-Munji",,,cent2399,"shug1237, yidg1239"
Central Dagan,"Dima, Maiwa (Papua New Guinea), Southwest Dagan",,"jma, mti",cent2401,"dima1252, maiw1251, sout3381"
Central-Eastern Arrernte,"Andegerebinha, Eastern Arrernte",,"adg, aer",cent2403,"ande1247, east2379"
Central Greek,"Ionic-Attic Ancient Greek, Koineic Greek",,grc,cent2404,"anci1242, koin1234"
Central Sotho-Tswana,"Sesotho-Lozi, Tswana",,tsn,cent2406,"seso1234, tswa1253"
Central Torricelli,"Nuclear Palai, Wapeic",,,cent2407,"nucl1722, wape1250"
Central Asian Arabic,"Tajiki Arabic, Xorasan-Qashqa-Darya Arabic",,abh,cent2410,"taji1248, xora1234"
Central Old Kuki,"Aimol, Chiru, Purum",,"aim, cdf, pub",cent2411,"aimo1244, chir1283, puru1266"
Central-Eastern Maipuran,"Central Maipuran, Palikúr",,plu,cent2413,"cent2226, pali1279"
Central-Western Bidayuh,"Bau-Jagoi Bidayuh, Biatah Bidayuh",,"sne, bth",cent2415,"baub1235, biat1246"
Central-Northern Igbo,"Ika, Izi-Ezaa-Ikwo-Mgbo, Igbo, Ukwuani-Aboh-Ndoni",,"ikk, izi, ibo, ukw",cent2417,"ikaa1238, izie1238, nucl1417, ukwu1241"
Central RSLic,"Moldova Sign Language, Russian-Tajik Sign Language, Ukrainian Sign Language",,"vsi, rsl, ukl",cent2419,"mold1243, russ1255, ukra1235"
Cerma,"Banfora-Sienena, Gouindougouba, Niangoloko-Diarabakoko, Soubakanedougou",cme,,cerm1238,"banf1238, goui1239, nian1243, soub1241"
Cha'palaa,,cbi,,chac1249,
Chachapoyas Quechua,"Grenada-Mendoza, La Jalca, Lamud, Llakwash Chachapoyas",quk,,chac1250,"gren1245, laja1238, lamu1256, llak1238"
Chácobo,,cao,,chac1251,
Chacha,,,,chac1253,
Chadian Sign Language,,cds,,chad1238,
Chadong,,cdy,,chad1240,
Chadian Arabic,"Batha, Chari-Baguirmi",shu,,chad1249,"bath1248, char1283"
Chadic,"Biu-Mandara, East Chadic, Masa, West Chadic",,,chad1250,"bium1280, east2632, masa1323, west2785"
Chagatai,,chg,,chag1247,
Kilimanjaro Bantu,"Chaga, Gweno",,gwe,chag1248,"chag1250, gwen1239"
Chaga,"Central Kilimanjaro, Rombo, West Kilimanjaro",,rof,chag1250,"cent2286, romb1244, west2852"
Chaima,,ciy,,chai1253,
Chairel,,,,chai1254,
Chakma,,ccp,,chak1266,
Chak,"Cak, Baishari, Dochari, Naikhyongchari, Sak (Myanmar)",ckh,,chak1270,"cakk1238, bais1248, doch1234, naik1251, sakm1234"
Chakali,,cli,,chak1271,
Chakalic,"Chakali-Tamprusi-Vagala, Deg",,mzw,chak1272,"chak1273, degg1238"
Chakali-Tamprusi-Vagala,"Chakali-Tamprusi, Vagla",,vag,chak1273,"chak1274, vagl1239"
Chakali-Tamprusi,"Chakali, Tampulma",,"cli, tpm",chak1274,"chak1271, tamp1252"
Chakato,,,,chak1275,
Chakpa-Kadu-Ganan,"Chakpa, Kado",,kdv,chak1277,"andr1245, kado1242"
Chali-Bumthangic,"Bumthangic, Chalikha",,tgf,chal1266,"bumt1238, chal1267"
Chalikha,,tgf,,chal1267,
Chala,,cll,,chal1269,
Chalon,,,,chal1270,
Chaldean Neo-Aramaic,"Christian Neo-Aramaic West of Zab, Christian Zakho Neo-Aramaic, Christian Dihok Neo-Aramaic, Christian Mangesh Neo-Aramaic, Christian Shirnak-Chizre Neo-Aramaic, Christian Neo-Aramaic East of Zab, Erbil (Arbel) Christian Neo-Aramaic, Sulemaniyya-Sanandaj Christian Neo-Aramaic, Senaya, Sulemaniyya Christian Neo-Aramaic, Mosul Plain Christian Neo-Aramaic, Christian Alqosh, Christian Baretla, Christian Qaraqosh, Christian Telkepe, Christian Tisqopa",cld,,chal1275,"chri1235, chri1237, diho1238, mang1421, shir1272, chri1236, erbi1235, sule1246, sena1268, sule1247, mosu1234, alqo1238, bart1242, chri1238, telk1238, tisq1238"
Chalcatongic,"Atatlahuca-Monteverde, Itundujia Mixtec, San Miguel El Grande Mixtec, Sinicahua-Tijaltepec, Yosondúa Mixtec",,"mce, mig, mpm",chal1278,"atat1240, itun1239, sanm1295, sini1248, yoso1239"
Challow,,,,chal1279,
Chambeali,"Bansbali, Bansyari, Gadi Chameali",cdh,,cham1307,"bans1246, bans1247, gadi1238"
Chamalal,"Gakvarian-Gadirian, Gadyri, Gakvari, Gigatl",cji,,cham1309,"gakv1239, gady1241, gakv1238, giga1238"
Chamorro,"Nuclear Chamorro, Rotanese Chamorro",cha,,cham1312,"nucl1565, rota1237"
Chambri,,can,,cham1313,
Chama subgroup,"Panobo, Sensi, Shipibo-Konibo-Kapanawa",,"pno, sni",cham1314,"pano1255, sens1242, ship1253"
Chamacoco,"Tomaraho, Ebitoso",ceg,,cham1315,"cham1316, ebit1237"
Chamicuro-Morike,"Chamicuro, Morike",,ccc,cham1317,"cham1318, mori1273"
Chamicuro,,ccc,,cham1318,
Aceh-Chamic,"Acehnese, Chamic",,ace,cham1327,"achi1257, cham1330"
Cham,"Eastern Cham, Western Cham",,"cjm, cja",cham1328,"east2563, west2650"
Chamari,,cdg,,cham1329,
Chamic,"Coastal Chamic, Highlands Chamic",,,cham1330,"coas1305, high1280"
Chamealic,"Bhadrawahi-Bhalesi-Curahi, Bhattiyali, Bilaspuri, Chambeali, Gaddi, Pangwali",,"bht, kfs, cdh, gbk, pgg",cham1331,"bhad1243, bhat1263, bila1253, cham1307, gadd1242, pang1282"
Chamdoic,"Drag-yab, Lamo, Zlarong",,,cham1336,"drag1234, lamo1245, zlar1234"
Chaná,,,,chan1296,
Changthang,"Lalok, Nyoma Block, Upper Indus Changthang",cna,,chan1309,"lalo1241, nyom1234, uppe1470"
Chantyal,,chx,,chan1310,
Chang Naga,,nbc,,chan1313,
Changriwa,,cga,,chan1319,
Changuena,,,,chan1324,
Chang-Phom-Konyak,"Chang Naga, Konyak-Phom",,nbc,chan1331,"chan1313, kony1251"
Chapakura,,,,chap1269,
Chapacuran,"Moreic-Waric, Tapakuric, Unclassified Chapakura",,,chap1271,"more1263, tapa1264, unun9892"
Charruan,"Chaná, Charrúa, Güenoa",,,char1238,"chan1296, char1240, guen1235"
Charrúa,,,,char1240,
Chara,,cra,,char1269,
Chashan,,,,chas1234,
Chatino,"Core Chatino, Teojomulco Chatino",,,chat1268,"core1263, teoj1234"
San Juan Quiahije Chatino Sign Language,,,,chat1269,
Chaura,,crv,,chau1258,
Chaudangsi,,cdn,,chau1259,
Chaurasiya,"Jerung, Wambule",,"jee, wme",chau1260,"jeru1240, wamb1257"
Chaungtha,,ccq,,chau1262,
Chavacano,"Caviteño, Cotobato Chavacano, Davawenyo Zamboanguenyo, Ermitaño, Zamboangueño",cbk,,chav1241,"cavi1254, coto1252, dava1249, ermi1239, zamb1243"
Shawi,"Cahuapana, Jesuit-Maynas, Balsapuerto, Sillay",cbt,,chay1248,"cahu1266, jesu1239, nucl1664, sill1241"
Chayuco Mixtec,,mih,,chay1249,
Chazumba Mixtec,,xtb,,chaz1235,
Chechen-Ingush,"Chechen, Ingush",,"che, inh",chec1244,"chec1245, ingu1240"
Chechen,"Itumkala, Melkhin, Ploskost",che,,chec1245,"itum1244, melk1240, plos1238"
Che,,ruk,,chee1238,
Cheke Holo,"Hograno, Maringe",mrn,,chek1238,"hogr1237, mari1427"
Chenchu,,cde,,chen1255,
Chenapian,,cjn,,chen1259,
Western Algerian Berber,"Beni Snous, Metmata, Tachenwit, Tamezret",cnu,,chen1266,"beni1254, metm1234, tach1251, tame1243"
Chen Naga,,nqq,,chen1271,
Chepya,,ycp,,chep1243,
Chepangic,"Bujhyal, Chepang",,"byh, cdm",chep1244,"bujh1238, chep1245"
Chepang,"Eastern Chepang, Western Chepang",cdm,,chep1245,"east2353, west2419"
Cherepon,,cpn,,cher1271,
Cherokee,"Elati, Kituhwa, Otali, Overhill-Middle Cherokee",chr,,cher1273,"elat1241, kitu1247, otal1238, over1238"
Chesu,,ych,,ches1238,
Chetco,,ctc,,chet1237,
Chewong,,cwg,,chew1245,
Cheyenne,,chy,,chey1247,
Chhattisgarhi,"Baigani, Bhulia, Binjhwari, Chhattisgarhi Proper, Kalanga (Indo-European), Kavardi, Khairagarhi, Sadri Korwa, Surgujia",hne,sgj,chha1249,"baig1238, bhul1238, binj1247, chha1250, kala1371, kava1240, khai1247, sadr1249, surg1246"
Chintang,,ctn,,chhi1245,
Chholo,,,,chho1235,
Chhulung,,cur,,chhu1238,
Chiangmai Sign Language,,csd,,chia1237,
Chiapas-Jitotolteco Zoque,"Chiapas Zoque, Jitotolteco",,,chia1261,"chia1265, jito1235"
Chiapanec,,cip,,chia1262,
Chiang Saeng,"Black Tai, Red Tai, White Tai",,,chia1264,"blac1269, redt1235, whit1265"
Chiapas Zoque,"Central-South Chiapas Zoque, Northern Chiapas Zoque, Northeast Chiapas Zoque",,"zoc, zos, zor",chia1265,"copa1236, fran1266, rayo1235"
Chibchan,"Core Chibchan, Pech",,pay,chib1249,"core1252, pech1241"
Chibcha-Duit,"Chibcha, Duit",,chb,chib1269,"chib1270, duit1239"
Chibcha,,chb,,chib1270,
Chickasaw,,cic,,chic1270,
Chicomuceltec,,cob,,chic1271,
Chichimeca-Jonaz,,pei,,chic1272,
Chicahuaxtla Triqui,Laguna,trs,,chic1273,lagu1250
Chichicapan Zapotec,,zpv,,chic1274,
Chiga,,cgg,,chig1238,
Chigmecatitlán Mixtec,,mii,,chig1239,
Chilean Sign Language,,csg,,chil1264,
Chilisso,,clh,,chil1275,
Chilcotin-Nicola,"Nicola Valley Athabaskan, Tsilhqut'in",clc,,chil1280,"nico1265, tsil1234"
Chiltepec Chinantec,,csa,,chil1282,
Chilean Quechua,,cqu,,chil1283,
Chimalapa Zoque,,zoh,,chim1300,
Chimariko,,cid,,chim1301,
Bolivar-North Chimborazo Highland Quichua,"Bolivar Highland Quichua, North Chimborazo Highland Quichua",qug,,chim1302,"boli1264, nort3351"
Chimila,,cbg,,chim1309,
Chimakum,,xch,,chim1310,
Chimakuan,"Chimakum, Quileute",,"xch, qui",chim1311,"chim1310, quil1240"
Chimwiini,,,,chim1312,
Chinese Pidgin English,,cpi,,chin1253,
Creolized Grand Ronde Chinook Jargon,,chn,,chin1272,
Chinese Sign Language,"Northern Chinese Sign Language, Southern Chinese Sign Language",csl,,chin1283,"nort3338, shan1269"
Clatsop-Shoalwater Chinook,"Klatsop, Shoalwater",chh,,chin1286,"klat1237, shoa1234"
Chinali,,cih,,chin1475,
China Buriat,Bargu,bxu,,chin1476,barg1251
Chinbon Chin,,cnb,,chin1478,
Chincha Quechua,"Arma-Aurahuá-Chupamarca, Tantará, Topará",qxc,,chin1483,"arma1246, tant1234, topa1241"
Chinantecan,"Central-Eastern Chinantec, Chinantec Group V",,,chin1484,"cent2365, chin1488"
Chinantec Group III,"Ozumacín Chinantec, Valle Nacional Chinantec",,"chz, cvn",chin1485,"ozum1235, vall1253"
Chinantec Group I,"Ojitlán Chinantec, Sochiapam Chinantec, Tlacoatzintepec-Chiltepec, Usila Chinantec",,"chj, cso, cuc",chin1486,"ojit1237, soch1239, tlac1238, usil1237"
Chinantec Group II,"Palantla Chinantec, Tepetotutla Chinantec",,"cpa, cnt",chin1487,"pala1351, tepe1279"
Chinantec Group V,"Comaltepec Chinantec, Quiotepec Chinantec",,"cco, chq",chin1488,"coma1246, quio1240"
Chinantec Group IV,"Lalana Chinantec, Lealao Chinantec, Tepinapa Chinantec",,"cnl, cle, cte",chin1489,"lala1270, leal1235, tepi1241"
Chinookan,"Kathlamet, Lower Chinookan, Upper Chinook",,wac,chin1490,"kath1253, lowe1438, wasc1239"
Chinook-based pidgin,Pidgin Chinook Jargon,,,chin1492,pidg1254
Chinali-Lahul Lohar,"Chinali, Lahul Lohar",,"cih, lhl",chin1493,"chin1475, lahu1250"
Chipiajes,,cbe,,chip1236,
Chippewa,"Central Minnesota Chippewa, Minnesota Border Chippewa, Red Lake Chippewa, Turtle Mountain Chippewa, Upper Michigan-Wisconsin Chippewa",ciw,,chip1241,"cent2135, minn1250, redl1238, turt1236, uppe1274"
Chipewyan,"Eastern Chipewyan, Old Yellowknife Chipewyan, Western Chipewyan",chp,,chip1261,"east2857, oldy1234, west2954"
Chipaya,,cap,,chip1262,
Lomeriano-Ignaciano Chiquitano,"Concepción Chiquitano, Jesuit Chiquitano, San Ignacio de Velazco Chiquitano, San Javier Chiquitano, Santiago Chiquitano",cax,,chiq1248,"conc1244, jesu1240, sani1274, sanj1279, sant1429"
Chiquián Ancash Quechua,,qxa,,chiq1249,
Chiquihuitlán Mazatec,,maq,,chiq1250,
Chiquitano,"Lomeriano-Ignaciano Chiquitano, Migueleño Chiquitano",,cax,chiq1253,"chiq1248, sanm1288"
Chiru,,cdf,,chir1283,
Chirag,,,,chir1284,
Chiripá,Apapocuva,nhd,,chir1286,apap1240
Chiriva,,,,chir1294,
Chiriguanic,"Eastern Bolivian Guaraní, Tapieté",,"gui, tpj",chir1295,"east2555, tapi1253"
Chiriqui Sign Languages,,,,chir1296,
Chitimacha,,ctm,,chit1248,
Chitwania Tharu,,the,,chit1274,
Chittagonian,,ctg,,chit1275,
Chhitkul-Rakchham,,cik,,chit1279,
Chittagonian (Retired),,cit,,chit1285,
Choapan Zapotec,,zpc,,choa1237,
Chocangacakha,,cgk,,choc1275,
Choctaw,,cho,,choc1276,
Chocho-Popolocan,"Chochotec, Popolocan",,coz,choc1278,"choc1279, popo1294"
Chochotec,,coz,,choc1279,
Chocoan,"Embera, Unclassified Chocoan, Woun Meu",,noa,choc1280,"embe1258, unun9901, woun1238"
Choctaw-based pidgin,Mobilian,,mod,choc1282,mobi1236
Chocoan (Unattested),"Arma, Runa",,"aoh, rna",choc1284,"arma1244, runa1235"
Chodri,,cdi,,chod1238,
Choic,"Chinbon Chin, Daai-Nghmoye-Muun-Kaang, Nga La",,"cnb, hlt",choi1241,"chin1478, daai1235, ngal1291"
Choiseul,"East Choiseul, West Choiseul",,,choi1242,"east2760, west2856"
Chokri Naga,,nri,,chok1243,
Chokwe-Ngangela-Nyemba (K.20),"Chokwe-Lwena, Ngangela-Nyemba",,,chok1244,"chok1247, ngan1306"
Chokwe,"Minungo, Ulanda",cjk,,chok1245,"minu1238, ulan1239"
Chokwe-Lunda,"Chokwe-Ngangela-Nyemba (K.20), Ruund-Salampasu",,,chok1246,"chok1244, ruun1239"
Chokwe-Lwena,"Chokwe, Luvale",,"cjk, lue",chok1247,"chok1245, luva1239"
Chokobo-Lemoro-Sanga,"Izora, Lemoro-Sanga",,cbo,chok1248,"izor1238, lemo1244"
Chol-Chontal,"Chol, Tabasco Chontal",,"ctu, chf",chol1281,"chol1282, taba1266"
Chol,,ctu,,chol1282,
Cholti,,,,chol1283,
Cholón,,cht,,chol1284,
"Chol, Tila",,cti,,chol1285,
Cholan-Tzeltalan,"Cholan, Tzeltalan",,,chol1286,"chol1287, tzel1253"
Cholan,"Chol-Chontal, Chorti-Cholti, Epigraphic Mayan",,emy,chol1287,"chol1281, chor1272, epig1241"
Chono,,,,chon1248,
Chong of Chanthaburi,,cog,,chon1284,
Choni,"Khöpokhok, Palkyi, Sharkhok, Songpan, Thewo-stodic, Nyinpa, Thewo-stod, Thewo-smad, Byambab, gSerpo, Thewo-bar, Thewo-lho, Thromjekhok, Zhuoni, Eastern Zhuoni, Kluchu, Western Zhuoni",cda,,chon1285,"khop1234, palk1240, shar1252, song1310, thew1234, nyin1251, thew1236, thew1235, byam1234, gser1235, thew1237, thew1238, thro1235, zhuo1234, east2856, kluc1234, west2949"
Chonyi-Dzihana-Kauma,,coh,,chon1287,
Chonan,"Continental Chonan, Insular Chonan",,,chon1288,"cont1245, insu1253"
Chopi (S.60),"Chopi, Gitonga",,"cce, toh",chop1242,"chop1243, gito1238"
Chopi,"Copi, Khambani, Lambwe, Lengue, Ndonge, Tonga (Chopi)",cce,,chop1243,"copi1238, kham1292, lamb1270, leng1257, ndon1251, tong1315"
Chorti-Cholti,"Cholti, Chortí",,caa,chor1272,"chol1283, chor1273"
Chortí,,caa,,chor1273,
Chorote,"Iyojwa'ja Chorote, Iyo'wujwa Chorote",,"crt, crq",chor1274,"iyoj1235, iyow1239"
Chorotega,,cjr,,chor1275,
Chothe,,nct,,chot1239,
Chowra-Teressa,"Chaura, Teressa",,"crv, tef",chow1240,"chau1258, tere1272"
Chrau,"Chalun, Chalah, Dor (Chrau), Jro, Mro, Prang, Tamun, Vajieng, Voqtwaq",crw,,chra1242,"chal1264, chal1265, dorr1248, jroo1240, mroo1239, pran1244, tamu1245, vaji1239, voqt1239"
Chru-Northern Cham,"Chruic, Northern Cham",,,chru1238,"chru1240, nort3219"
Chru,"Noang, Rai",cje,,chru1239,"noan1238, raii1243"
Chruic,"Cacgia Roglai, Chru, Southern Roglai",,"roc, cje, rgs",chru1240,"cacg1235, chru1239, sout3010"
Chuanqiandian,"First Vernacular Hmong, Gha-mu",,sfm,chua1248,"firs1234, smal1236"
Chuave-Nomane,"Chuave, Nomane",,"cjv, nof",chua1249,"chua1250, noma1262"
Chuave,"Elimbari, Duom Kobu, Gomia, Kebai, Sua",cjv,,chua1250,"elim1239, nucl1615, gomi1239, keba1252, suaa1241"
Chuanqiandian Cluster Miao,,cqd,,chua1256,
Chug-Lish,"Duhumbi, Khispi",,"cvg, lsh",chug1251,"chug1252, lish1235"
Duhumbi,,cvg,,chug1252,
Chujean,"Chuj, Tojolabal",,"cac, toj",chuj1249,"chuj1250, tojo1241"
Chuj,,cac,,chuj1250,
"Chuj, Ixtatán",,cnm,,chuj1251,
Chukwa,,cuw,,chuk1270,
Chukotko-Kamchatkan,"Chukotian, Kamchatkan",,,chuk1271,"chuk1272, kamc1243"
Chukotian,"Chukchi, Koryakic",,ckt,chuk1272,"chuk1273, kory1247"
Chukchi,"Chaun, Enmylinskij, Enurmin, Nunligranskij, Pevekskij, Uellanskij, Xatyrskij, Yanrakinot",ckt,,chuk1273,"chau1261, enmy1238, enur1238, nunl1238, peve1239, uell1238, xaty1242, yanr1238"
Chuka,,cuh,,chuk1274,
Lower Chulym Turkic,"Chibi, Ketsik, Küärik, Yatsi, Yezhi",clw,,chul1246,"chib1271, kets1234, kuar1234, yats1234, yezh1234"
Chumburung,"Northern Chumburung, Southern Chumburung, Yeji",ncu,,chum1261,"nort2769, sout2780, yeji1238"
Chumashan,"Obispeño, Southern Chumashan",,obi,chum1262,"obis1242, sout3132"
Chumash,,chs,,chum1264,
Chumbuli,"Chumburung, Tchumbuli",,"ncu, bqa",chum1265,"chum1261, tchu1241"
Church Slavic,,chu,,chur1257,
Churahi,,cdj,,chur1258,
East Chutic,"Arem, Chut, Maleng",,"aem, scb, pkt",chut1246,"arem1240, chut1247, male1282"
Chut,"May, Ruc, Sach, Salang",scb,,chut1247,"mayy1239, rucc1239, sach1240, sala1283"
Chutic,"Thavung, East Chutic",,thm,chut1252,"aheu1239, chut1246"
Chuukese,"East Lagoon, Fayichuck",chk,,chuu1238,"east2441, fayi1237"
Chuvash,"Anatri, Viryal",chv,,chuv1255,"anat1247, viry1239"
Chuvantsy,,xcv,,chuv1256,
Chuwabu,"Central Chuwabo, Karungu, Marale, Nyaringa",chw,,chuw1238,"cent2034, karu1252, mara1390, nyar1246"
Chuwaboic,"Chuwabu, Lolo, Marenje, Takwane",,"chw, llb, vmr, tke",chuw1239,"chuw1238, lolo1261, mare1260, takw1238"
Cia-Cia,"Kaesabu, Masiri, Sampolawa, Wabula, Burangasi, Holimombo, Kondowa, Nuclear Wabula, Takimpo, Wali",cia,,ciac1237,"kaes1237, masi1269, samp1253, wabu1242, bura1274, holi1240, kond1301, nucl1575, taki1249, wali1265"
Cibak,,ckl,,ciba1236,
Cicipu,Cep,awc,,cici1237,cepp1238
Ci Gbe,,cib,,cigb1235,
Cimbrian,"Lusernese Cimbrian, Sette Comuni Cimbrian, Tredici Communi Cimbrian",cim,,cimb1238,"luse1250, sett1242, tred1238"
Cimbebasia,"Herero (R.30), Kuvale, Kwandu, Ndonga (R.20), Ngendelengo, Nyaneka-Nkhumbi",,"olu, xdo, nql",cimb1239,"here1252, kuva1244, kwan1289, ndon1253, ngen1257, nyan1320"
Cinamiguin Manobo,,mkx,,cina1236,
Yara,"Cinda, Regi, Tiyal",cdr,,cind1241,"cind1242, regi1238, tiya1238"
Cineni,,cie,,cine1238,
Cinta Larga,,cin,,cint1239,
Circassian,"West Circassian, Kabardian",,"ady, kbd",circ1239,"adyg1241, kaba1278"
Circum-Caribbean French,"Gulf Coast French, Guyanic Creole French, Haitian, Lesser Antillean French Creole, Louisiana Creole French",,"hat, lou",circ1240,"gulf1242, guya1252, hait1244, less1242, loui1240"
Cisalpine Gaulish,,xcg,,cisa1237,
Cisalpine Celtic,"Cisalpine Gaulish, Lepontic",,"xcg, xlp",cisa1238,"cisa1237, lepo1240"
Western-Kambari-Cishingini,Rofia,asg,,cish1238,rofi1238
Citak,"Bubis, Esaun, Komasma, Pirabanak, Senggo, Tiau, Vakam",txt,,cita1245,"bubi1251, esau1238, koma1270, pira1252, seng1282, tiau1238, vaka1238"
Citak Asmat,"Citak, Diuwe, Tamnim Citak",,"txt, diy, tml",cita1246,"cita1245, diuw1238, tamn1235"
Ciwogai,,tgd,,ciwo1236,
Clallam,"Becher Bay Klallam, Eastern Klallam, Western Klallam",clm,,clal1241,"bech1239, east2823, west2897"
Classical-Middle Armenian,"Classical Armenian, Middle Armenian",xcl,,clas1249,"clas1256, midd1364"
Classical Nahuatl,,nci,,clas1250,
Classical Quechua,,qwc,,clas1251,
Classical Syriac,"Eastern Syriac, Western Syriac",syc,,clas1252,"east2681, west2764"
Classical Mandaic,,myz,,clas1253,
Classical Tibetan,,xct,,clas1254,
Classical-Middle-Modern Sinitic,"Classical Chinese, Middle-Modern Sinitic",,lzh,clas1255,"lite1248, midd1354"
Classical Indo-European,"Albanian, Armenic, Balto-Slavic, Celtic, Germanic, Graeco-Phrygian, Indo-Iranian, Italic, Tokharian",,sqi,clas1257,"alba1267, arme1241, balt1263, celt1248, germ1287, grae1234, indo1320, ital1284, tokh1241"
C'lela,"Adoma, Dabai, Lila, Ribah",dri,,clel1238,"adom1238, daba1244, lila1245, riba1245"
Clela-Damakawa,"C'lela, Damakawa",,"dri, dam",clel1239,"clel1238, dama1268"
Coahuilteco,,xcw,,coah1252,
Coahuitlán Totonac,,,,coah1253,
Coastal Konjo,"Bantaeng, Konjo Pesisir, Tana Toa",kjc,,coas1295,"bant1292, konj1249, tana1286"
Coastal Binanderean,"Baruga-Doghoro, Ewage-Notu, Gaena-Korafe",,nou,coas1297,"baru1268, ewag1241, gaen1235"
Coast Miwok,"Bodega, Huimen, Marin Miwok",csi,,coas1301,"bode1246, huim1238, mari1441"
Cumana,"Chaima, Cumanagoto",,"ciy, cuo",coas1302,"chai1253, cuma1240"
Coastal Chamic,"Cham, Haroi",,hro,coas1305,"cham1328, haro1237"
Coastal Tsamosan,"Lower Chehalis, Quinault",,"cea, qun",coas1311,"lowe1427, quin1251"
Coastal Tor,"Betaf-Vitou, Bonerif, Dabe, Jofotek-Bromnya, Keder, Kwinsu",,"bnv, dbe, jbr, kdy, kuc",coas1312,"beta1259, bone1255, dabe1239, jofo1235, kede1239, kwin1242"
Coastal Southwest Paman,"Dhawa-Kaber, Yir-Yoront",,yiy,coas1313,"dhaw1234, yiry1245"
Coastal Chatino,"Eastern Chatino, Tataltepec Chatino",,cta,coas1314,"east2736, tata1258"
Coastal Bikol,"Coastal-Naga Bikol, Coastal-Virac Bikol",,"bcl, bln",coas1315,"cent2087, sout2912"
Coast Mixtec,"East Coast Mixtec, Ixtayutla Mixtec, West Coast Mixtec",,vmj,coas1316,"east2746, ixta1235, west2832"
Coastal NEC Bantu,"Mijikenda-Pokomo-Comorian, Sabaki-Swahili",,,coas1317,"miji1240, saba1282"
Coastal Min,"Min Dong Chinese, Min Nan Chinese, Pu-Xian Chinese",,"cdo, cpx",coas1318,"mind1253, minn1241, puxi1243"
Coastal Finnic,"Liv, Neva",,liv,coas1319,"livv1244, neva1234"
Coastal Bandjalang,"Lower Richmond, Tweed-Albert",,xjb,coas1320,"lowe1444, twee1234"
Coastal Lamalamic,"Lamalama, Umbuygamu",,"lby, umg",coas1321,"lamu1254, umbu1256"
Coast Salish,"Central Salish, Tillamook, Tsamosan",,til,coas1325,"cent2129, till1254, tsam1241"
Coastal Nigerian Krio,"Ghanaian Pidgin English, Nigeria-Cameroon Creole English",,gpe,coas1331,"ghan1244, nige1258"
Coastal Minjim,"Anjam, Bongu",,"boj, bpu",coas1332,"anja1238, bong1291"
Coatlán Mixe,"Camotlín Mixe, Coatlín Mixe",mco,,coat1238,"camo1252, coat1239"
Coatepec Nahuatl,,naz,,coat1240,
Coatzospan Mixtec,,miz,,coat1241,
Coatlan-Loxicha Zapotec,"Coatlán Zapotec, San Baltazar Loxicha Zapotec",,"zps, zpx",coat1242,"coat1243, sanb1241"
Coatlán Zapotec,,zps,,coat1243,
Coatecas Altas Zapotec,,zca,,coat1244,
Coatecano,"Coatlan-Loxicha Zapotec, San Vicente Coatlán Zapotec",,zpt,coat1245,"coat1242, sanv1242"
Cocama-Cocamilla,"Cocama, Cocamilla",cod,,coca1259,"coca1260, coca1261"
Coca,,,,coca1262,
Cochimi-Yuman,"Cochimic, Yuman",,,coch1271,"coch1276, yuma1250"
Cochimi,,coj,,coch1272,
Cochimic,"Cochimi, Robinia",,coj,coch1276,"coch1272, robi1235"
Cocos Islands Malay,,coa,,coco1260,
Cocopa,,coc,,coco1261,
Coconucan,"Guambiano, Totoro",,"gum, ttk",coco1262,"guam1248, toto1306"
Coeruna,,,,coer1236,
Coeur d'Alene,,crd,,coeu1236,
Cofán,"Aguarico, Santa Rosa",con,,cofa1242,"agua1254, sant1434"
Cogui,,kog,,cogu1240,
Coicoyan-Metlatonoc,"Metlatónoc Mixtec, Western Juxtlahuaca Mixtec",,"mxv, jmx",coic1240,"metl1238, west2643"
Colac,,,,cola1237,
Colima,,,,coli1235,
Col,"Lembak Bliti, Lembak Sindang",liw,,coll1240,"lemb1263, lemb1264"
Colombian Sign Language,,csn,,colo1249,
Colonia Tovar German,,gct,,colo1254,
Tsafiki,,cof,,colo1256,
Colombia-Ecuador Quechua,"Ecuadorian Quechua A, Ecuadorian Quechua B",,,colo1257,"ecua1248, ecua1249"
Colombia-Oriente Quechua,"Colombian Inga, Oriente Quechua",,inb,colo1258,"inga1252, orie1242"
Columbia-Wenatchi,"Columbia, Wenatchi",col,,colu1241,"colu1250, wena1241"
Comanche,,com,,coma1245,
Comaltepec Chinantec,,cco,,coma1246,
Comecrudan,"Comecrudo, Garza, Mamulique",xcm,"xgr, emm",come1251,"come1253, garz1234, mamu1257"
Common Turkic,"Kipchak-Turkestan, Sakha-Dolgan, Oghuz, Old Turkic, South Siberian Turkic, Khalaj Turkic, West Yugur",,"oui, klj, ybe",comm1245,"kipc1240, nort2688, oghu1243, oldu1238, sout2693, turk1303, west2402"
Common Delaware,"Munsee, Unami",del,"umu, unm",comm1246,"muns1251, unam1242"
Common Kaili,"Baras, Da'a Kaili, Ledo Kaili, Unde Kaili",,"brs, kzf, lew, unz",comm1248,"bara1371, daak1235, ledo1238, unde1235"
Como Karim,,cfg,,como1258,
Comox,"Island Comox, Sliammon",coo,,como1259,"isla1276, slia1241"
Comorian Bantu,"Mwali Comorian, Ngazidja Comorian, Shindzwani-Shimaore",,"wlc, zdj",como1260,"mwal1237, ngaz1238, shin1269"
Compromise Middle Pama,"Northeastern Pama, Wik, Wikngenchera",,wua,comp1236,"nort3256, wika1239, wikn1246"
Con,,cno,,cona1234,
Concho,,,,conc1237,
Conchucos,"Northern Conchucos Ancash Quechua, Southern Conchucos Ancash Quechua",,"qxn, qxo",conc1245,"nort2979, sout2992"
Condamine-Upper Clarence Bandjalang,"Dinggabal, Galibal, Gidabal, Warwick",gih,,cond1242,"ding1241, gali1267, gida1240, warw1234"
Congo Swahili,"Ituri Kingwana, Katanga Swahili, Kivu Swahili, Lualaba Kingwana",swc,,cong1236,"itur1238, kata1266, kivu1238, lual1238"
Continental Chonan,"Tehuelche, Teushen",,teh,cont1245,"tehu1242, teus1236"
Continental Indo-Aryan,"Indo-Aryan Eastern zone, Indo-Aryan Northwestern zone, Indo-Aryan Southern zone, Midlands Indo-Aryan",,,cont1248,"indo1323, indo1324, indo1325, midl1245"
Continental Transalpine Celtic,"Transalpine Gaulish, Unclassified Continental Transalpine Celtic",,xtg,cont1249,"tran1282, uncl1538"
Côông,,cnc,,coon1239,
Coosan,"Hanis, Miluk",,"csz, iml",coos1248,"coos1249, milu1241"
Hanis,,csz,,coos1249,
Central-South Chiapas Zoque,"Central Chiapas Zoque, Coapila Zoque, Copainalá Zoque, Tecpatán Zoque, Southern Chiapas Zoque",zoc,,copa1236,"cent2418, coap1234, copa1239, tecp1236, sout3409"
Copala Triqui,,trc,,copa1237,
Copallen,,,,copa1238,
Coptic,"Bohairic, Middle Egypt, Fayyumic, Oxyrhynchite, Old Coptic, Upper Egyptian, Akhmimic, Lycopolitan, Sahidic",cop,,copt1239,"boha1242, midd1332, fayy1237, oxyr1237, oldc1247, uppe1445, akhm1237, lyco1237, sahi1241"
Coquille,,coq,,coqu1236,
Corachol,"Coran, Huichol",,hch,cora1259,"cora1260, huic1243"
Coran,"El Nayar Cora, Santa Teresa Cora",,"crn, cok",cora1260,"elna1235, sant1424"
Corachol-Aztecan,"Aztec, Corachol",,,cora1261,"azte1234, cora1259"
Cordillera Athabaskan,"Beaver-Sekani, Nahanni",,,cord1235,"beav1237, tahl1238"
Core Muji,"Nuclear Core Muji, Qila Muji",,ymq,core1246,"nucl1309, qila1235"
Core Siouan,"Mandan, Missouri River Siouan, Mississippi Valley, Ohio Valley Siouan",,mhq,core1249,"mand1446, miss1252, miss1254, ohio1234"
Core Quichean,"Cakchiquel-Tzutujil, Quiche-Achi, Sacapulteco, Sipacapense",,"quv, qum",core1251,"cakc1244, quic1275, saca1238, sipa1247"
Core Chibchan,"Isthmic Chibchan, Magdalenic, Unclassified Chibchan, Votic Chibchan",,,core1252,"isth1243, magd1236, unun9943, voti1248"
Core Mayan,"Quichean-Mamean, Western Mayan, Yucatecan",,,core1254,"quic1274, west2865, yuca1252"
Core Shona,"Ndau, Plateau Shona",,ndc,core1255,"ndau1241, plat1259"
Core Lalo,"Central-Western Lalo, Dongshanba Lalo, Unclassified Core Lalu",,yik,core1258,"cent2297, dong1286, uncl1503"
Narrow Core Zapotec,"Central Core Zapotec, Miahuatecano, Northern Core Zapotec",,,core1259,"cent2146, miah1236, nort2987"
Core Thura Yura,"Northern Thura-Yura, Southern Thura-Yura, Unclassified Core Thura-Yura",,,core1260,"nort2752, sout2760, unun9967"
Core Gyalrong,"Northern Gyalrong, Situ",,jya,core1262,"jiar1240, situ1238"
Core Chatino,"Coastal Chatino, Zenzontepec Chatino",,czn,core1263,"coas1314, zenz1235"
Core Northern Je,"Apinayé, Kayapó, Suyá, Eastern Timbira",,"apn, txu, suy",core1264,"apin1244, kaya1330, suya1243, timb1253"
Kyoli,,cry,,cori1240,
Cornish,"Middle Cornish, Modern Cornish",cor,,corn1251,"midd1380, mode1263"
Corongo Ancash Quechua,,qwa,,coro1247,
Koropó,,xxr,,coro1248,
Coroado-Puri,,,,coro1249,
Corongo-Sihuas,"Corongo Ancash Quechua, Sihuas Ancash Quechua",,"qwa, qws",coro1255,"coro1247, sihu1235"
Corridor Bantu,"Mbozi, Nyakyusa-Ndali",,,corr1234,"mboz1235, nyak1264"
Corsican,"Northern Corsican, Sartenais, Venaco, Vico-Ajaccio",cos,,cors1241,"nort2611, sart1246, vena1238, vico1238"
Corsic,"Corsican, Gallurese Sardinian",,"cos, sdn",cors1242,"cors1241, gall1276"
Cosao,,,,cosa1234,
Costa Rican Sign Language,,csr,,cost1249,
Costanoan,"Karkin, San Francisco Bay Ohlone, Awaswas, Southern Costanoan",,"krb, cst",cost1250,"kark1259, nort2969, sant1428, sout2986"
Honduras-Panama Sign,"Chiriqui Sign Languages, Honduras Sign Language, Panamanian Sign Language",,"hds, lsp",cost1251,"chir1296, hond1239, pana1308"
Cotabato Manobo,"Blit, Tasaday",mta,,cota1241,"blit1237, tasa1241"
Cotoxo,,,,coto1237,
Cotoname,,xcn,,coto1248,
Cowlitz,,cow,,cowl1242,
Coxima,,kox,,coxi1236,
Coyaima,,coy,,coya1241,
Coyotepec Popoloca,"San Mateo Zoyamazalco Popoloca, San Vicente Coyotepec Popoloca",pbf,,coyo1236,"sanm1302, sanv1243"
Coyutla Totonac,"Cerro Grande Totonac, Las Lomas, Mecatlán, Progreso de Zaragoza, Sabaneta",toc,,coyu1235,"cerr1235, lasl1234, meca1234, prog1234, saba1283"
Creek,"Nuclear Creek, Seminole",mus,,cree1270,"nucl1645, semi1265"
Cree-Montagnais-Naskapi,"Atikamekw, Cree, Montagnais, Naskapi",,"atj, cre, moe, nsk",cree1271,"atik1240, cree1272, mont1268, nask1242"
Cree,"Moose Cree, Northern East Cree, Plains Creeic, Southern East Cree, Swampy Cree, Woods Cree",cre,"crm, crl, crj, csw, cwd",cree1272,"moos1236, nort1552, plai1264, sout2978, swam1239, wood1236"
Guyanese Creole English,,gyn,,creo1235,
Crimean Gothic,,,,crim1255,
Crimean Tatar-Urum,"Crimeaic, Kipchak Urum",,uum,crim1256,"crim1259, urum1249"
Crimean Tatar,"Central Crimean, Cuman, Şöl Dobruja Tatar",crh,qwm,crim1257,"cent1995, cuma1241, dobr1234"
Crimeaic,"Crimean Tatar, Krymchak",,"crh, jct",crim1259,"crim1257, krym1236"
Croatian Sign Language,,csq,,croa1242,
Croisilles,"Amaimon, Bargam, Greater Northern Adelbert, Mabuso, Omosan, Yamben",,"ali, mlp",croi1234,"amai1246, barg1252, grea1298, mabu1247, omos1240, yamb1257"
Cromwell,"Dallman, Kabwum",,,crom1234,"dall1240, timb1264"
Cross River Mbembe,"Adun, Apiapum, Ekama, Oferikpe, Ofombonga, Ofonokpan, Okom, Osopong",mfn,,cros1244,"adun1238, apia1246, ekam1238, ofer1238, ofom1238, ofon1238, okom1241, osop1238"
Crow,,cro,,crow1244,
Cruzeño,,crz,,cruz1243,
Cua,"Kol (Vietnam), Traw",cua,,cuaa1241,"koll1253, traw1239"
Cuba Sign Language,,csf,,cuba1235,
Cuba,,cbq,,cuba1236,
Cubeo,,cub,,cube1242,
Cubeo-Desano,"Cubeo, Yupua-Siriano-Desano",,cub,cube1243,"cube1242, yupu1234"
Cueva,,,,cuev1238,
Cuiba,"Siripu, Chiricoa, Maibén, Mochuelo-Casanare-Cuiba, Iguanito, Yarahuuraxi-Capanapara",cui,,cuib1242,"chir1287, chir1288, masi1272, moch1258, tamp1255, yara1251"
Cuicatec,"Tepeuxila Cuicatec, Teutila Cuicatec",,"cux, cut",cuic1234,"tepe1280, teut1235"
Cuitlatec,,cuy,,cuit1236,
Culina,"Juruá-Jutaí, Purus-Envira",cul,,culi1244,"juru1257, tuku1255"
Culli,,,,cull1235,
Cumanagoto,,cuo,,cuma1240,
Cumeral,,cum,,cume1234,
Cuneiform Luwian,,xlu,,cune1239,
Chung,,cnq,,cung1238,
Cung-Mbuk,"Chung, Mbuk",,"cnq, bpc",cung1239,"cung1238, mbuk1244"
Cun-Nadou,"Fawn, Nadou",cuq,,cunn1236,"fawn1234, nado1234"
Cuoi,"Hung, Tho",,"hnu, tou",cuoi1242,"hung1275, thoo1240"
Cupan,"Cahuilla-Cupeno, Luiseno-Juaneño, Unclassified Cupan",,lui,cupa1239,"cahu1263, luis1253, unun9949"
Cupeño,,cup,,cupe1243,
Cur-Bok-Cotier,"Mandjak, Papel",,"mfv, pbo",curb1234,"mand1419, pape1239"
Kueretu,,,,cure1236,
Curripaco,"Korripako, Unhun",kpc,,curr1243,"korr1239, unhu1238"
Cusabo,,,,cusa1237,
Cuscan Quechua,"Cusco Quechua, Eastern Apurímac Quechua, Puno Quechua",,"quz, qve, qxp",cusc1235,"cusc1236, east2551, puno1238"
Cusco Quechua,Caylloma Quechua,quz,,cusc1236,cayl1238
Cushitic,"Beja, Agaw, East Cushitic, South Cushitic",,bej,cush1243,"beja1238, cent2193, east2699, sout3054"
Cutchi-Swahili,,ccl,,cutc1238,
Cuvok,,cuv,,cuvo1236,
Cuyamecalco Mixtec,,xtu,,cuya1240,
Cuyonon,,cyo,,cuyo1237,
Cwi Bwamu,,bwy,,cwib1235,
Cypriot Arabic,,acy,,cypr1248,
Cypriot Greek,,,,cypr1249,
Czech Sign Language,,cse,,czec1253,
Czech,"Bohemia-West Moravia, Central Bohemian, Northeast Bohemian, Southwest Bohemian, Czecho-Moravian, Hanak, Lach, Old Czech, West Judeo-Slavic, Zaolzie",ces,czk,czec1258,"bohe1242, cent1953, nort2596, sout1722, czec1259, hana1242, lach1246, oldc1253, west3000, zaol1234"
Czech-Slovak,"Czech, Slovak",,"ces, slk",czec1260,"czec1258, slov1269"
Daai-Nghmoye-Muun-Kaang,"Daai Chin, Kaang Chin, Mün Chin",,"dao, ckn, mwq",daai1235,"daai1236, kaan1248, munc1235"
Daai Chin,"Kanpetiet Daai, Matupi Daai, Paletwa Daai",dao,,daai1236,"kanp1238, matu1256, pale1252"
Da'a Kaili,"Da'a, Inde",kzf,,daak1235,"daaa1238, inde1241"
Daantanai',,lni,,daan1235,
Daasanach,,dsh,,daas1238,
Daats'iin,,dtn,,daat1234,
Daats'iin-Southern Gumuz,"Daats'iin, Southern Gumuz",,dtn,daat1235,"daat1234, sout3236"
Dabarre,"Iroole, Nuclear Dabarre",dbr,,daba1260,"iroo1238, nucl1703"
Dabarre-Tunni,"Dabarre, Tunni",,"dbr, tqq",daba1261,"daba1260, tunn1238"
Daba-Mazagway-Kola,"Mazagway, Daba",,"dkx, dbq",daba1262,"maza1304, nucl1683"
Dabe,,dbe,,dabe1239,
Dacian,,xdc,,daci1234,
Dadhkai Village Sign Language,,,,dadh1234,
Dadiya,"Kookwila, Loofiyo, Loofaa, Tunga",dbd,,dadi1249,"kook1241, loof1241, loof1242, tung1285"
Dadibi,Erave River,mps,,dadi1250,erav1243
Dagaari Dioula,,dgd,,daga1272,
Dagan,"Central Dagan, Onjob, Southeast Dagan, Turaka, Umanakaina",,"onj, trh, gdn",daga1274,"cent2401, onjo1240, sout3380, tura1265, uman1240"
Daga,,dgz,,daga1275,
Dagaaric,"Central-South Dagaric, North-West Dagaric",,,daga1276,"cent2291, nort3237"
Dagang-Baoshan-Liangcun,,,,daga1277,
Dagbani,Nanuni,dag,,dagb1246,nanu1239
Dagba,,dgk,,dagb1248,
Daghestanian,"Avar-Andic-Tsezic, Dargwic, Khinalug, Lak, Lezgic",,"kjj, lbe",dagh1238,"avar1255, darg1242, khin1240, lakk1252, lezg1248"
Dagik,,dec,,dagi1241,
Dagoman,,dgn,,dago1245,
Dahalo,,dal,,daha1245,
Dahalik,,dlk,,daha1247,
Daho-Doo,,das,,daho1238,
Daic,"Central-Southwestern Tai, Northern Daic-Sek",,,daic1237,"cent2251, nort3326"
Daic-Beic,"Beic, Daic",,,daic1238,"beic1239, daic1237"
Dai,,dij,,daii1240,
Dair,,drb,,dair1239,
Dai Zhuang,,zhd,,daiz1235,
Dajuic,"Eastern Dajuic, Western Dajuic",,,daju1249,"east2428, west2501"
Dakaka,Sesivi,bpa,,daka1243,sesi1237
Dakka,,dkk,,dakk1238,
Dakoid,"Taram-Dirim-Nnakenyare, Tiba-Dong",,,dako1256,"tara1325, tiba1234"
Dakotan,"Nakoda, Sioux",,,dako1257,"nako1241, siou1253"
Dakota,"Santee-Sisseton, Yankton-Yanktonai",dak,,dako1258,"dako1259, nako1239"
Dakpa-Dzala,"Dakpakha, Dzalakha",,"dka, dzl",dakp1241,"dakp1242, dzal1238"
Dakpakha,,dka,,dakp1242,
Dalecarlian,"Österdalarna, Nedansiljan, Ål, Bingsjö, Bjursås, Boda, Djura, Gagnef, Leksand, Mockfjärd, Rättvik, Siljansnäs, Ovansiljan, Elfdalian, Åsen, Blyberg, Evetsberg, Moramål, Bonäs, Färnäs, Norra Venjan, Ore, Östnor, Södra Venjan, Sollerömål, Vika, Orsamål, Hansjö, Skattungbyn, Våmhus, Västerdalarna, Nedre Västerdalmål, Äppelbo, Floda, Järna, Nås, Övre Västerdalmål, Lima (Västerdalmål), Malung, Transtrand",qer,,dale1238,"oste1242, neda1234, alll1234, bing1249, bjur1234, boda1234, djur1234, gagn1236, leks1234, mock1234, ratt1234, silj1234, ovan1234, elfd1234, asen1244, blyb1234, evet1234, mora1274, bona1257, farn1235, norr1245, oree1239, ostn1234, sodr1234, soll1234, vika1234, orsa1234, hans1244, skat1234, vamh1234, vast1234, nedr1234, appe1239, flod1234, jarn1234, nass1234, ovre1234, lima1249, malu1253, tran1291"
Dalkalaen,,,,dalk1234,
Dallman,"Kinalakna-Kumukio, Nomu",,noh,dall1240,"kina1253, nomu1240"
Dalmatian,,dlm,,dalm1243,
Dalmatian Romance,"Dalmatian, Istriot",,"dlm, ist",dalm1244,"dalm1243, istr1244"
Daloa Bété,,bev,,dalo1238,
Dama (Sierra Leone),,,,dama1262,
Dama-Galke,"Dama (Cameroon), Ndai",,"dmm, gke",dama1266,"dama1267, ndai1238"
Dama (Cameroon),,dmm,,dama1267,
Damakawa,,dam,,dama1268,
Damal,"Amongme, Amung, Enggipilu, Nuclear Damal",uhn,,dama1272,"amon1239, amun1245, engg1246, nucl1638"
Daman-Diu Portuguese,,idb,,dama1278,
Dambi,,dac,,damb1246,
Dambi-Kumaru,"Dambi, Kumalu",,"dac, ksl",damb1252,"damb1246, kuma1278"
Dameli,,dml,,dame1241,
Dampelas,,dms,,damp1237,
Damu,Pangi,,,damu1236,pang1285
Damu-Tangam,"Damu, Tangam",,,damu1237,"damu1236, tang1377"
Danau,,dnu,,dana1252,
Danaw,"Iranun, Maguindanao, Maranao",,"ill, mdh, mrw",dana1253,"iran1262, magu1243, mara1404"
Danaru,,dnr,,dana1254,
Dana-Opo,"Dana, Opo",,lgn,dana1255,"buld1238, opuu1239"
Dandami Maria,"Geedam, Sukma",daq,,dand1238,"geed1237, sukm1237"
Dangaura Tharu,"Banke, Bardiya, Dang, Deokhuri, Kailali, Kanchanpur, Surkhet",thl,,dang1260,"bank1239, bard1252, dang1261, deok1238, kail1251, kanc1244, surk1238"
Dangaleat,"Central Dangaleat, East Dangaleat, West Dangaléat",daa,,dang1274,"cent2187, east2637, west2704"
Dangla-Mabire-Birgit,"Birgit-Mogum-Toram, Dangla, Mabire",,muj,dang1275,"birg1240, dang1276, mabi1242"
Dangla,"Bidiyo, Dangaleat, Migaama, Unclassified Dangla",,"bid, daa, mmy",dang1276,"bidi1241, dang1274, miga1249, unun9877"
Dangaura-Khuna-Sonaha,"Dangaura Tharu, Sonha",,"thl, soi",dang1277,"dang1260, sonh1238"
Danish Sign Language,,dsl,,dani1246,
Danish,"Eastern Zealand, Eastern Funen, Old Danish, Southern Zealand, Southern Islands Danish, Southern Funen Islands, Western Zealand, Western Funen",dan,,dani1285,"east2841, east2842, oldd1239, sout3310, sout3311, sout3312, west2929, west2930"
Dani,"Central Dani, Ngalik-Nduga, Nggem, Wano",,"nbq, wno",dani1287,"cent2233, ngal1299, ngge1241, wano1243"
Danish Sign,"Danish Sign Language, Icelandic Sign Language",,"dsl, icl",dani1289,"dani1246, icel1236"
Dan,"Kla-Dan, Nuclear Dan, Eastern Dan, Bia Dan, Blong Dan, Gaan Dan, Gama Dan, Gbapen, Gblee Dan, Gwaan Dan, Gweetaawu, Kaa Dan, Saan Dan, Sleng Dan, Tee Dan, Yii Dan, Yoon Dan, Western Dan, Blowo, Dhoo Dan, Ka Dan, Loo Dan, Lower Gio, River Cess Gio, Upper Gio, Vain Dan, Wao Dan, West Yacouba Dan, Yizue",daf,"lda, dnj",dann1241,"klad1234, nucl1770, east2794, biad1234, blon1234, gaan1244, gama1259, gbap1234, gble1234, gwaa1240, gwee1242, kaad1239, saan1247, slen1234, teed1234, yiid1234, yoon1234, west2877, blow1238, dhoo1234, kada1293, lood1234, lowe1406, rive1259, uppe1420, vain1234, waod1234, west2878, yizu1234"
Dano,"Amaizuho, Bohena, Kongi, Lunube Mado, Upper Asaro",aso,,dano1240,"amai1247, bohe1240, kong1293, lunu1238, uppe1433"
Chaari,,cxh,,dans1239,
Danster !Ui,"||Kã, /=Ungkue",gku,,dans1240,"kaaa1239, kxau1242"
Dan-Toura,"Dan, Toura-Goo",,daf,dant1235,"dann1241, tour1245"
Daohua,,,,daoh1239,
Daonda,,dnd,,daon1243,
Dao,,daz,,daoo1238,
Darai,,dry,,dara1250,
Darang Deng,,dat,,dara1255,
Dar Daju Daju,"Bardangal, Eref, Gadjira",djc,,dard1243,"bard1256, eref1238, gadj1244"
Eastern Dardic,"Gandhari, Himachali, Kashmiric, Nuclear Eastern Dardic",,pgd,dard1244,"gand1259, hima1250, kash1285, nucl1819"
Dar Fur Daju,"Lagowa, Nyala (Dar Fur Dajo)",daj,,darf1239,"lago1242, nyal1253"
North-Central Dargwa,"Megeb, North Dargwa, Cudaxar, Gapshin-Butrin, Kadarskij, Muirin, Dejbuk, Xarbuk, Nuclear North Dargwa, Aqusha-Uraxi, Akusha, Uraxa, Mugin, Murego-Gubden, Upper Mulebki",dar,,darg1241,"mege1234, nort3280, cuda1238, gaps1234, kada1294, muir1238, dejb1238, xarb1238, nucl1774, aqus1234, akus1238, urax1238, mugi1235, mure1236, uppe1462"
Dargwic,"Chirag, North-Central Dargwa, Kubachi, South Dargwa",,"dar, ugh",darg1242,"chir1284, darg1241, kuba1248, sout3260"
Dari,"Nuclear Dari, Parsiwan",prs,,dari1249,"nucl1275, pars1250"
Darlong,,dln,,darl1242,
Paakantyi,"Bagundji, Kula (Australia), Wiljakali",drl,,darl1243,"bagu1250, kula1275, wilj1239"
Darma-Byangsi-Chaudangsi,"Chaudangsi, Darma-Byangsi",,cdn,darm1241,"chau1259, darm1242"
Darma-Byangsi,"Byangsi, Zhangzhungic",,bee,darm1242,"byan1241, zhan1241"
Darma,,drd,,darm1243,
Daro-Matu Melanau,"Daro Melanau, Matu Melanau",dro,,daro1239,"daro1240, matu1262"
Dar Sila Daju,"Mongo (Daju), Sila (Daju)",dau,,dars1235,"mong1340, sila1248"
Dass,"Durr-Baraza, Wandi, Zodi, Zumbul",dot,,dass1243,"durr1240, wand1279, zodi1234, zumb1241"
Datagnon-Santa Teresa-Semirara,"Caluyanun, Ratagnon",,"clu, btn",data1234,"calu1238, rata1245"
Barabayiiga-Gisamjanga,"Bajuta of the Eyassi, Barabayiiga, Gidang'oodiga of Simhha, Gisamjanga",tcc,,dato1239,"baju1246, bara1363, gida1248, gisa1238"
Dagur,"Haila'er Dagur, Ili Dagur, Middle Amur Dagur, Nonni basin Dagur, Buteha, Morin Daba Dagur, Nenjiang Dagur, Tsitsikar",dta,,daur1238,"hail1246, ilid1234, midd1365, nonn1234, bute1242, mori1279, nenj1234, qiqi1238"
Davawenyo,,daw,,dava1245,
Dawawa,,dww,,dawa1242,
Dawera-Daweloor,,ddw,,dawe1237,
Dawik Kui,,dwk,,dawi1234,
Dawro-Gofa-Gamo,"Dawro, Gamo, Gofa",,"dwr, gmv, gof",dawr1235,"dawr1236, gamo1243, gofa1235"
Dawro,,dwr,,dawr1236,
Dâw,,kwa,,daww1239,
Dayao Yi,,yio,,daya1245,
Dayi,"Dhalwangu, Djarrwark",dax,,dayi1244,"dhal1246, djar1245"
Day,"Bangoul, Bouna, Ngalo, Takawa-Béngoro",dai,,dayy1236,"bang1342, boun1242, ngal1295, taka1262"
Dazaga,"Azzaga, Nuclear Dazaga",dzg,,daza1242,"azza1238, nucl1450"
Daza,"Bara, Fika",dzd,,daza1244,"bara1395, fika1238"
L1 Sign Language,"Adamorobe Sign Language, Afghan Sign Language, Albanian Sign Language, Albarradas Sign Language, Alipur Sign Language, Al-Sayyid Bedouin Sign Language, Amami O Shima Sign Language, Angami Naga Sign Language, Arab Sign, Arab El-Naim Sign Language, Argentine Sign Language, Langue de Signes Malienne, Ban Khor Sign Language, Kata Kolok, Berbey Sign Language, Bhutanese Sign Language, Bribri Sign Language, Brunca Sign Language, BSLic, Bura Sign Language, Cambodian Sign Language, Cena, Central Taurus Sign Language, San Juan Quiahije Chatino Sign Language, Chilean Sign Language, Cuba Sign Language, Dadhkai Village Sign Language, DGSic, Douentza Sign Language, Douz Sign Language, Ein Mahal Sign Language, Enga Sign Language, Extreme North Cameroon Sign Language, Far North Queensland Indigenous Sign Language, Bay Islands Sign Language, Ghandruk Sign Language, Ghardaia Sign Language, Guatemalan Sign Language, Guinea-Bissau Sign Language, Hausa Sign Language, Hawai'i Sign Language, Ibokun Sign Language, Indo-Pakistani-Nepalese Sign, Inuit Sign Language, Isyarat Lama Asli Bali, Isyarat Lama Cicendo, Jamaican Country Sign Language, Jhyankot Sign Language, JSLic, Jumla Sign Language, Kafr Qasem Sign Language, Kailge Sign Language, Kajana Sign Language, Kenya-Somali Sign Language, Keresan Pueblo Indian Sign Language, Langue des Signes Zairoise, Langue des Signes de Bouakako, Latvian Sign Language, Língua de sinais Fortalezinha, Língua de sinais de Caiçara, Língua de sinais do Uiramutã, LSFic, Macushi Sign Language, Magajingari Sign Language, Malawian Sign Language, Maltese Sign Language, Marajo Sign Language, Mardin Sign Language, Maunabudhuk and Bodhe Local Sign, Mauritian Sign Language, Mavea Sign Language, Maxakali Sign Language, Mbour Sign Language, Meemul-Tziij, Mehek Sign Language, Miriwoong Sign Language, Miyakubo Sign Language, Mofu-Gudur Sign Language, Mount Avejaha Sign Language, Mozambican Sign Language, Myanmar Sign, Nanabin Sign Language, Nebaj Shared Homesign Systems, Nicaraguan Sign Language, CSLic, Nueva Vida Maijuna Sign Language, OKSLic, Old Chiangmai-Bangkok Sign, Original Costa Rican Sign Language, Papiu Yanomama Sign Language, Paraguayan Sign Language, Penang Sign Language, Zaban Eshareh Irani, Providencia-Cayman Sign, Qahvehkhaneh Sign Language, RSLic, Salvadoran Sign Language, Sao Tome and Principe Sign Language, Seychelles Sign Language, Sinasina Sign Language, Sivia Sign Language, South Rupununi Sign, South Sudanese Sign Language, Spanish Sign, Swedish Sign, Tanzanian Sign Language, Tebul Sign Language, Terena Sign Language, Tibetan Sign Language, Turkish Sign Language, Unclassified L1 Sign Language, Urubú-Kaapor Sign Language, Uruguayan Sign Language, Vietnamese Sign, Wanib Sign Language, Wimbum Sign Language, Yolngu Sign Language, Yoruba Sign Language, Zambian Sign Language, Zimbabwe Sign Language, Zinacantec family homesign",,"ads, afg, sqk, lsc, syy, jks, aed, bog, bfk, bqy, rib, rnb, csx, csg, csf, gds, ajs, gsm, lgs, hsl, hps, iks, jcs, jhs, jus, sqx, xki, lsl, lws, mdl, dsz, lsy, rsm, ehs, mzy, ncs, pys, psg, psc, esn, lsw, lsv, tza, tsy, lsn, tsm, uks, ugy, ygs, zsl, zib",deaf1237,"adam1238, afgh1239, alba1271, alba1273, alip1234, alsa1242, amam1247, anga1315, arab1398, arab1399, arge1236, bama1249, bank1251, beng1239, berb1261, bhut1234, brib1244, brun1247, bsli1234, bura1295, camb1244, cena1234, cent2319, chat1269, chil1264, cuba1235, dadh1234, dgsi1234, doue1234, douz1234, einm1234, enga1253, extr1248, fnqi1234, fren1280, ghan1245, ghar1240, guat1249, guin1260, haus1246, hawa1235, ibok1234, indo1331, inui1247, isya1234, isya1235, jama1256, jhan1234, jsli1234, juml1239, kafr1234, kail1256, kaja1257, keny1241, kere1299, lang1335, lang1336, latv1245, ling1271, ling1272, ling1273, lsfi1234, macu1262, maga1273, mala1549, malt1238, mara1418, mard1245, maun1242, maur1240, mave1234, maxa1248, mbou1245, meem1234, mehe1245, miri1273, miya1268, mofu1251, moun1255, moza1235, myan1234, nana1261, neba1243, nica1238, nucl1761, nuev1238, oksl1234, oldc1250, orig1234, papi1256, para1318, pena1248, pers1244, prov1248, qahv1234, russ1270, salv1237, saot1241, seyc1234, sina1273, sivi1235, sout3305, sout3410, span1269, swed1257, tanz1238, tebu1240, tere1282, tibe1277, turk1288, unun9986, urub1243, urug1238, viet1253, wani1243, wimb1234, yoln1234, yoru1246, zamb1239, zimb1247, zina1239"
Debao-Jingxi-Nung,"Minz Zhuang, Nong Zhuang, Nung (Viet Nam), Yang Zhuang",,"zgm, zhn, nut, zyg",deba1238,"minz1236, nong1247, nung1283, yang1286"
Dedua,"Dzeigoc, Fanic",ded,,dedu1240,"dzei1238, fani1246"
Defaka,,afn,,defa1248,
Defi Gbe,,gbh,,defi1235,
Defoid,"Arigidi, Ayere-Ahan, Yoruboid",,aqg,defo1239,"arig1246, ayer1244, yoru1244"
Degaru,,dgu,,dega1238,
Degere,,,,dege1245,
Degema,"Atala, Usokun",deg,,dege1246,"atal1239, usok1238"
Degenan,"Degenang, Sidbi",dge,,dege1247,"dege1252, sidb1235"
Degexit'an,"Lower Yukon Ingalik, Middle Kuskokwim Ingalik",ing,,dege1248,"lowe1452, midd1368"
Degema-Engenni,"Degema, Egene",,"deg, enn",dege1249,"dege1246, enge1239"
Degenanic,"Degenan, Tanda-Yagomi",,"dge, ygm",dege1250,"dege1247, yago1240"
Deg,"Boe, Longoro, Mangum",mzw,,degg1238,"boee1238, long1388, mang1388"
Dehu,"Losi, Wete",dhv,,dehu1237,"losi1239, wete1237"
Dehwari,,deh,,dehw1238,
Dek,,dek,,dekk1240,
Dela-Oenale,"Dela, Oenale",row,,dela1251,"dela1252, oena1237"
Delawaran,"Common Delaware, Mahican-Woronoco-Pojassick",,del,dela1253,"comm1246, mahi1250"
Delo,,ntr,,delo1240,
Delo-Cala,"Chala, Delo",,"cll, ntr",delo1241,"chal1269, delo1240"
Delta Cross,"Central Delta, Lower Cross, Ogonoid, Upper Cross",,,delt1251,"cent2028, obol1242, ogon1240, uppe1418"
Delta Edoid,"Degema-Engenni, Epie",,epi,delt1252,"dege1249, epie1238"
Delta-Californian Yuman,"Cocopa, Diegueno, Kwatl",,coc,delt1253,"coco1261, dieg1234, kwat1246"
Delaware-based pidgin,Pidgin Delaware,,dep,delw1234,pidg1246
Dema,,dmx,,dema1235,
Demisa,,dei,,demi1242,
Dem,,dem,,demm1245,
Demta,,dmy,,demt1241,
Demushbo,,,,demu1235,
Dendi (Central African Republic),,deq,,dend1242,
Dendi (Benin),,ddn,,dend1243,
Dengese,,dez,,deng1250,
Dengka,"Eastern Dengka, Lelain, Western Dengka",dnk,,deng1253,"east2474, lela1245, west2546"
Dengka-Meto,"Dengka, Meto",,dnk,deng1254,"deng1253, uabm1238"
Deni,"Nuclear Deni, Xeruã, Cuniuá, Western Jamamadi",dny,,deni1241,"mamo1239, bomf1238, inau1238, paui1240"
Deno,,dbb,,deno1239,
Denya,"Bajwo, Basho, Bitieku, Takamanda",anv,,deny1238,"bajw1238, bash1265, biti1245, taka1264"
Deori,,der,,deor1238,
Dera (Indonesia),"Duka-Ekor, Lihen, Mengau, North Kamberataro, South Kamberataro",kbv,,dera1245,"duka1248, lihe1238, meng1271, nort2927, sout2947"
Dera (Nigeria),"Gasi, Shani, Shellen",kna,,dera1248,"gasi1239, shan1290, shel1247"
Desano,,des,,desa1247,
Desert Nyungic,"Marrngu, Ngumpin-Yapa, Warumungu, Wati",,wrm,dese1234,"marr1265, ngum1251, waru1265, wati1241"
Desiya,,dso,,desi1235,
Dewoin,,dee,,dewo1238,
Dezfuli-Shushtari,"Dezfuli, Shushtari",def,,dezf1238,"dezf1239, shus1253"
Dghwede,,dgh,,dghw1239,
Dghwedeic,"Dghwede, Gudufic, Gvoko",,"dgh, ngs",dghw1240,"dghw1239, gudu1253, gvok1239"
DGSic,"German Sign Language, Israeli Sign Language, Swiss-German Sign Language",,"gsg, isr, sgg",dgsi1234,"germ1281, isra1236, swis1240"
Dhaiso,,dhs,,dhai1238,
Dhalandji,,dhl,,dhal1245,
Dhanki,,dhn,,dhan1264,
Dewas-Done Danuwar,"Dewas Rai, Done Danuwar",dwz,,dhan1265,"dewa1234, done1239"
Dhanwar (India),,dha,,dhan1267,
Dhangu,"Dhangu-Djangu, Gaalpu, Golumala, Ngaymil, Rirratjingu, Wangurri",dhg,,dhan1270,"dhan1271, gaal1238, golu1238, ngay1242, rirr1238, wang1293"
Dhao,,nfa,,dhao1237,
Dhargari,,dhr,,dhar1247,
Dharumbal,,xgm,,dhar1248,
Dhatki,"Barage, Central Dhatki, Eastern Dhatki, Malhi, Southern Dhatki",mki,,dhat1238,"bara1353, cent1979, east2310, malh1242, sout2654"
Dhawa-Kaber,"Gugubera, Koko Dhawa",,kkp,dhaw1234,"gugu1254, koko1272"
Dhegiha,"Omaha-Ponca, Osage-Kansa, Quapaw",,"oma, qua",dheg1241,"omah1247, osag1244, quap1242"
Dhimal,"Eastern Dhimal, Western Dhimal",dhi,,dhim1246,"east2362, west2036"
Dhimal-Lhokpu-Toto,"Dhimal, Lhokpu, Toto",,"dhi, lhp, txo",dhim1247,"dhim1246, lhok1238, toto1302"
Dhivehi,,div,,dhiv1236,
Dhodia-Kukna,,dho,,dhod1238,
Dhofari Arabic,,adf,,dhof1235,
Dhofaric,"Dhofari Arabic, Ru'us al-Jibal",,"adf, ssh",dhof1236,"dhof1235, shih1239"
Dhudhuroa,,ddr,,dhud1236,
Dhudhuroa-Pallanganmiddang,"Dhudhuroa, Pallanganmiddang",,"ddr, pmd",dhud1237,"dhud1236, pall1243"
Dhundari,,dhd,,dhun1238,
Dhurga,,dhu,,dhur1239,
Dhuwal-Dhuwala,"Eastern Dhuwal-Dhuwala, Western Dhuwal-Dhuwala",,,dhuw1248,"east2378, west2439"
Dhuwal,"Dhuwaya, Nuclear Dhuwal, Datiwuy, Djapu, Liyagalawumirr, Liyagawumirr, Marrakulu, Marrangu",duj,"dwy, dwu",dhuw1249,"dhuw1250, nucl1333, dati1238, djap1238, liya1241, liya1242, marr1258, marr1259"
Alu-Sinagen,,dia,,diaa1238,
Dibabawon Manobo,,mbd,,diba1242,
Dibiyaso,,dby,,dibi1240,
Dibole,"Central Dibole, Northern Dibole, Southern Dibole",bvx,,dibo1245,"cent2035, nort2801, sout2816"
Dibo,,dio,,dibo1247,
Dibo-Kupa,"Abawa, Kakanda, Kupa",,"kka, kug",dibo1249,"dibo1250, kaka1264, kupa1238"
Abawa,"Dibo, Kami-Gupa",,dio,dibo1250,"dibo1247, kami1263"
Dicamay Agta,,duy,,dica1235,
Neyo-Dida,"Dida, Neyo",,ney,dida1244,"dida1245, neyo1238"
Dida,"Guebie-Lakota Dida, Yocoboué Dida",,gud,dida1245,"gueb1239, yoco1235"
Didinga-Murle,"Didinga-Longarim, Murle, Tennet",,"mur, tex",didi1256,"didi1257, murl1244, tenn1246"
Didinga-Longarim,"Didinga, Narim",,"did, loh",didi1257,"didi1258, nari1240"
Didinga,,did,,didi1258,
Tsez,"Nuclear Tsez, Asakh, Elbok, Kidero-Mokok, Kidero, Mokok, Shapikh, Shaytl, Sagadin",ddo,,dido1241,"nucl1785, asak1234, elbo1234, kide1234, kide1235, moko1257, shap1241, shay1234, saga1261"
Diegueno,"Ipai, Tipai",,dih,dieg1234,"ipai1240, kumi1248"
Dieric,"Dieri, Ngamini-Yarluyandi-Karangura",,"dif, nmv",dier1240,"dier1241, ngam1265"
Dieri,"Dirari, Diyeri",dif,dit,dier1241,"dira1238, diye1234"
Tawra,,mhu,,diga1241,
Digor Ossetian,"Chikola-Lesken, Digora, Jassic, Ursdon-Sindziqaw, Wallagkom",,ysc,digo1242,"chik1256, digo1244, jass1238, ursd1234, wall1261"
Digo,,dig,,digo1243,
Diic,"Dii, Dugun, Duupa",,"dur, ndu, dae",diic1235,"diii1241, dugu1248, duup1238"
Dii,"Boow, Goom, Home, Mambe', Mamna'a, Ngbang, Nyok, Sagzee, Vaazin",dur,,diii1241,"boow1238, goom1239, home1245, mamb1293, mamn1243, ngba1279, nyok1241, sagz1238, vaaz1238"
Dijim-Bwilim,"Bwilim, Dijim",cfa,,diji1241,"bwil1244, diji1242"
Dilling,"Debri, Nuclear Dilling",dil,,dill1242,"debr1242, nucl1344"
Dima-Bottego,,,,dima1246,
Dimasa,"Hariamba, Nuclear Dimasa",dis,,dima1251,"hari1249, nucl1318"
Dima,,jma,,dima1252,
Dimasa-Kokborok,"Dimasa, Tipperic",,dis,dima1253,"dima1251, tipp1238"
Dimbong,,dii,,dimb1238,
Dime,,dim,,dime1235,
Gavak,,dmc,,dimi1244,
Dimli,"Dumbuli, Hazzu, Kori, Motki, Sivereki",diq,,diml1238,"dumb1240, hazz1238, kori1257, motk1236, sive1238"
Dimsuffix Southern Bantu,"Nguni-Tsonga-Copi, Sotho-Tswana (S.30)",,,dims1234,"ngun1280, soth1248"
Ding,"Dzing Kamtsha, Dzing Munkene",diz,,ding1239,"dzin1234, dzin1235"
Dingic,"Ding, Loange-Atlantic",,diz,ding1244,"ding1239, loan1238"
Dinka-Nuer,"Dinka, Nuer-Reel",,din,dink1261,"dink1262, nuer1245"
Dinka,"Northeastern Dinka, Northwestern Dinka, Southwestern Dinka, South Central Dinka, Southeastern Dinka",din,"dip, diw, dik, dib, dks",dink1262,"nort2815, nort2816, sout2832, sout2833, sout2834"
Diodio,"Awale, Central Diodio, Iauiaula, Utalo",ddi,,diod1237,"awal1237, cent2065, iaui1237, utal1237"
Dirasha,,gdl,,dira1242,
Diriku-Shambyu,"Gciriku, Sambyu",diu,,diri1252,"gcir1234, samb1310"
Jirim,,dir,,diri1253,
Diri,,dwa,,diri1259,
Dirim-Nnakenyare,"Jirim, Lamja-Dengsa-Tola",,"dir, ldh",diri1260,"diri1253, lamj1245"
Dir-Swat Kohistani,"Gawri, Torwali",,"gwc, trw",dirs1236,"kala1373, torw1241"
Dissa-Canton Mufa,,dsi,,disa1239,
Ditammari,"Eastern Ditammari, Western Ditammari",tbz,,dita1238,"east2394, west2460"
Ditammaric,"Ditammari, Mbelime",,"tbz, mql",dita1239,"dita1238, mbel1240"
Ditidaht,,dtd,,diti1235,
Diuwe,,diy,,diuw1238,
Diuxi-Tilantongo Mixtec,,xtd,,diux1235,
Division A Lowland Ok,"North Muyu, South Muyu, Yonggom",,"kti, kts, yon",divi1234,"nort2916, sout2940, yong1280"
Division A Mountain Ok,"Bimin, Tifal-Telefol",,bhl,divi1235,"bimi1240, tifa1246"
Dixon Reef,,dix,,dixo1238,
Dizin,,mdx,,dizi1235,
Dizoid,"Dizin, Nayi, Sheko",,"mdx, noz, she",dizo1235,"dizi1235, nayi1243, shek1245"
Yirram,"Jaminjung-Ngaliwurru, Nungali",,"djd, nug",djam1254,"djam1255, nung1291"
Jaminjung-Ngaliwurru,"Jaminjung, Ngaliwurru",djd,,djam1255,"jami1236, ngal1294"
Djambarrpuyngu,,djr,,djam1256,
Djangun,,djf,,djan1238,
Jawoyn,,djn,,djau1244,
Djawi,,djw,,djaw1238,
Djeebbana,,djj,,djee1236,
Djeoromitxí,,jbt,,djeo1235,
Djimini Senoufo,"Diamala, Djafolo, Dofana, Foolo, Singala",dyi,,djim1235,"diam1238, djaf1238, dofa1238, fool1238, sing1265"
Jingulu,,jig,,djin1251,
Djinba,"Dabi, Ganalbingu, Mandjalpingu",djb,,djin1252,"dabi1239, gana1269, mand1418"
Djinang,"Balurbi, Djadiwitjibi, Manyarring, Mildjingi, Murrungun, Wulaki",dji,,djin1253,"balu1254, djad1244, many1257, mild1238, murr1257, wula1244"
Djiwarli-Thiin,"Djiwarli, Thiin",djl,"dze, iin",djiw1240,"djiw1241, thii1234"
Djiwarli,,dze,,djiw1241,
Dobel,"Northern Dobel, Southeast Dobel, Straits Dobel",kvo,,dobe1238,"nort2862, sout2888, stra1243"
Dobel-Koba,"Dobel, Koba",,"kvo, kpd",dobe1243,"dobe1238, koba1240"
Dobu-Duau linkage,"Boselewa-Galeya, Bunama-Mwatebu, Dobu, Duau, Sewa Bay",,"dob, dva, sew",dobu1240,"bose1238, buna1279, dobu1241, duau1237, sewa1251"
Dobu,"Central Dobu, Galubwa, Loboda, Sanaroa, Ubuia",dob,,dobu1241,"cent2069, galu1239, lobo1241, sana1279, ubui1237"
Doe,,doe,,doee1238,
Doga,,dgg,,doga1238,
Doghoro,,dgx,,dogh1241,
Dogoso-Khe,"Dogoso, Khe",,"dgs, kqg",dogo1293,"dogo1294, khee1238"
Dogoso,,dgs,,dogo1294,
Dogosé,"Gbeyãse, Gbogorose, Klamaasise, Lutise, Mesise, Sukurase",dos,,dogo1295,"gbey1245, gbog1238, klam1253, luti1242, mesi1242, suku1258"
Dogon,"Escarpment Dogon, Nangan Dogon, North Plateau Dogon, Plains Dogon, West Dogon",,,dogo1299,"esca1235, nang1263, nort2824, plai1257, west2779"
Dogose-Khisa,"Dogosé, Khisa",,"dos, kqm",dogo1300,"dogo1295, khis1238"
Dogri,"Bhatbali, East Dogri, Kandiali, North Dogri, Nuclear Dogri",dgo,,dogr1250,"bhat1262, east2309, kand1292, nort1624, nucl1279"
Dogrib,,dgr,,dogr1252,
Dogul Dom Dogon,,dbg,,dogu1235,
Ejuele,,dbi,,doka1242,
Deko-Dusanga,,uya,,doko1243,
Dolgan,,dlg,,dolg1241,
Dolpo-Tichurong,"Dolpo, Tichurong",,"dre, tcn",dolp1238,"dolp1239, tich1238"
Dolpo,,dre,,dolp1239,
Domari,"Northern Domari, Dom of Syria, Dom of Beirut, Karachi, Kurbat of Western Iran, Marashi, Southern Domari, Jerusalem Domari, Jordanian Domari",rmt,,doma1258,"nort3360, bara1354, beir1242, kara1460, kurb1242, mara1375, sout3344, nabl1238, nawa1257"
Domaaki,"Hunza Domaaki, Nager Domaaki",dmk,,doma1260,"hunz1249, nage1239"
Toka-Leya-Dombe,"Dombe, Leya, Toka, Musukotwani, Sekute",dov,,domb1246,"domb1247, leya1238, toka1243, musu1242, seku1239"
Dominican Sign Language,,doq,,domi1236,
Dom,"Era, Nuclear Dom",doa,,domm1246,"eraa1239, nucl1817"
Dompo,,doy,,domp1238,
Domu,,dof,,domu1245,
Domung,,dev,,domu1246,
Dondo,,dok,,dond1249,
Dongxiang,"Sijiaji, Suonanba, Wangjiaji",sce,,dong1285,"siji1238, suon1238, wang1256"
Dongshanba Lalo,,yik,,dong1286,
Dongo,,doo,,dong1290,
Dong,,doh,,dong1293,
Dongotono,,ddd,,dong1294,
Dongo Kresh,,,,dong1296,
Dongotonic,"Dongotono, Okolie",,"ddd, oie",dong1301,"dong1294, okol1243"
Dongna,"Dungnak, rTarmnyik",,,dong1304,"dung1257, rtar1234"
Donno So Dogon,,dds,,donn1239,
Doondo,,dde,,doon1238,
Doracic,"Changuena, Dorasque",,,dora1241,"chan1324, dora1242"
Dorasque,,,,dora1242,
Dori'o,,dor,,dori1246,
Doriri-Abia,"Aneme Wake, Moikodi",,"aby, mkp",dori1247,"anem1248, moik1239"
Doromu-Koki,"Kokila, Koki, Koriko",kqc,,doro1266,"koki1243, koki1244, kori1263"
Dororo,,drr,,doro1267,
Dorze,,doz,,dorz1235,
Doso-Turumsa,"Doso, Turumsa",,"dol, tqm",doso1238,"doso1239, turu1250"
Doso,,dol,,doso1239,
Doso-Dza,"Dza, Mingang Doso",,"jen, mko",doso1240,"dzaa1238, ming1254"
Dotyali,,dty,,doty1234,
Douentza Sign Language,,,,doue1234,
Doutai-Kai-Waritai,"Doutai, Kaiy, Kwerisa, Papasena, Waritai",,"tds, tcq, kkb, pas, wbe",dout1239,"dout1240, kaiy1239, kwer1264, papa1269, wari1264"
Doutai,,tds,,dout1240,
Douz Sign Language,,,,douz1234,
Downriver Riverine Phula,"Phupha-Alugu, Phupa-Phuza",,,down1239,"phup1236, phup1238"
Doyayo,"Marke, South Teere, Teere-Poli",dow,,doya1240,"mark1254, sout3345, teer1238"
Drag-yab,,,,drag1234,
Dravidian,"Central Dravidian, North Dravidian, South Dravidian, Unclassified Dravidian",,,drav1251,"cent2227, nort2698, sout3133, unun9890"
Dravidian (Unattested),"Agariya, Nagarchal, Pardhan",,"agi, nbg, pch",drav1252,"agar1251, naga1399, pard1245"
Dre,,,,dree1234,
Drung,"Dulong River, Nu River",duu,,drun1238,"dulo1243, nuri1244"
Duala,"Bodiman, Mungo, Oli, Pongo",dua,,dual1243,"bodi1252, mung1265, olii1238, pong1251"
Dualaic,"Duala-Malimba, Kole-Isubu, Oli-Bidiman",,,dual1244,"dual1245, kole1239, olib1234"
Duala-Malimba,"Duala, Malimba",,"dua, mzd",dual1245,"dual1243, mali1280"
Duano,,dup,,duan1242,
Duau,"Dawada, Guleguleu, Mwalukwasia, Siausi, Somwadina",dva,,duau1237,"dawa1243, gule1242, mwal1238, siau1242, somw1237"
Dubli,,dub,,dubl1239,
Dubu,,dmu,,dubu1240,
Duduela,,duk,,dudu1240,
Dugun,"Naan, Saan",ndu,,dugu1248,"naan1239, saan1245"
Duguri,"Badara Duguri, Gar Duguri, Northeast Duguri, Southwest Duguri",dbm,,dugu1249,"bada1259, gard1242, nort2805, sout2821"
Dugwor,Mikere,dme,,dugw1239,mike1242
Duhwa,,kbz,,duhw1236,
Duit,,,,duit1239,
Northwestern Kainji,"Clela-Damakawa, Dukaic",,,duka1247,"clel1239, duka1250"
Dukaic,"Hun-Saare, Main-Gwamhi",,dud,duka1250,"huns1239, main1281"
Duke,,nke,,duke1237,
Dulbu,,dbo,,dulb1238,
Duli-Gewe,,duz,,duli1241,
Dullay,"Ale-Gawwada, Tsamai",,"gwd, tsb",dull1239,"gaww1239, tsam1247"
Duma,,dma,,duma1253,
Dumbea,"Nrumee, Paita-Unya, Wenyii",duf,,dumb1241,"nrum1234, pait1249, weny1239"
Dume,,,,dume1236,
Dumi,"Brasmi, Kharbari, Lamdija, Makpa",dus,,dumi1241,"bras1238, khar1291, lamd1238, makp1238"
Dumpas,,dmv,,dump1242,
Dumpu,,wtf,,dump1243,
Dumpas-Sukang,"Dumpas, Labuk-Kinabatangan Kadazan",,"dmv, dtb",dump1244,"dump1242, labu1249"
Dumun,,dui,,dumu1246,
Dumut,"Ketum-Wambon, Mandobo",,,dumu1247,"ketu1239, mand1473"
Duna,,duc,,duna1248,
Dungra Bhil,,duh,,dung1251,
Dungmali,Khesang,raa,,dung1252,khes1241
Dungan,"Ganzu, Shaanxi, Yage",dng,,dung1253,"ganz1245, shaa1242, yage1238"
Dungu,,dbv,,dung1254,
Dupaninan Agta,"Barongagunay, Bolos Point, Camonayan, Palaui Island, Peñablanca, Roso, Santa Margarita, Santa Ana-Gonzaga, Tanglagan, Valley Cove, Yaga",duo,,dupa1235,"baro1254, bolo1267, camo1251, pala1346, pena1263, roso1237, sant1418, sant1419, tang1350, vall1250, yaga1257"
Dura,,drq,,dura1244,
Durango Nahuatl,"Eastern Durango Nahuatl, Western Durango Nahuatl",nln,"azd, azn",dura1246,"east2695, west2778"
Duri,"Cakke, Kalosi",mvp,,duri1242,"cakk1237, kalo1260"
Duriankere,,dbn,,duri1243,
Duruwa,"Dharba, Kukanar, Nethanar, Tiriya",pci,,duru1236,"dhar1246, kuka1245, neth1239, tiri1256"
Duruma,,dug,,duru1249,
Dusner,,dsn,,dusn1237,
Dusun Witu,"Dusun Pepas, Nuclear Dusun Witu",duw,,dusu1267,"dusu1268, nucl1553"
Dusun Malang,"Bayan, Nuclear Dusun Malang",duq,,dusu1269,"baya1259, nucl1554"
Dusun Deyah,,dun,,dusu1271,
Dusunic,"Kadazan-Sugut-Minokok, Kimaragang, Klias River Kadazan, Kota Marudu Talantang, Kuijau, Rungus-Mangkaak-Labuk, Tobilung",,"kqr, kqt, grm, dkr, tgb",dusu1277,"kada1292, kima1244, klia1235, kota1279, kuij1237, rung1260, tobi1239"
Dutch Sign Language,,dse,,dutc1253,
Dutch,"Central Northern Dutch, South Guelderish, South Hollandish, Bildts, Nuclear South Hollandish, Town Frisian, Utrechts, Central Southern Dutch, Antwerps, Brabants, East Brabants, South Brabants, Antwerp Brabants, Brusseleir, West Brabants, Oost-Vlaams, North Hollandish",nld,,dutc1256,"cent2352, sout2637, sout3293, bild1234, nucl1781, town1239, utre1235, cent2353, antw1238, brab1243, east2876, sout3365, antw1239, brus1234, west2974, oost1241, nort2636"
Dutch-based pidgin,Hottentot Dutch,,,dutc1258,hott1234
Dutch-Belgian Sign,"Belgian Sign, Dutch Sign Language",,dse,dutc1259,"belg1242, dutc1253"
Dutton World Speedwords,,dws,,dutt1234,
Duungooma,,dux,,duun1242,
Duun-Bobo,"Bobo, Duun-Jo",,,duun1243,"bobo1253, duun1244"
Duun-Jo,"Jowulu, Duun-Seenku",,jow,duun1244,"jowu1238, samo1309"
Duun,"Bankagooma, Duungooma, Dzùùngoo, Kpeego",,"bxw, dux, dnn, cpo",duun1245,"bank1258, duun1242, dzuu1241, kpee1234"
Duupa,,dae,,duup1238,
Duvle-Wano-Pidgin,,,,duvl1238,
Duvle,"Eastern Duvle, Western Duvle",duv,,duvl1242,"east2501, west2583"
Duvle-based pidgin,Duvle-Wano-Pidgin,,,duvl1243,duvl1238
Duwai,,dbp,,duwa1244,
Duwet,,gve,,duwe1237,
Duyaic,"Gwara, Dũya",,ldb,duya1234,"gwar1240, idun1241"
Dwang,"Bekye, Kenyen, Wiase",nnu,,dwan1238,"beky1238, keny1276, wias1238"
Dyaabugay,"Gulay (Dyaabugay), Njakali, Nuclear Dyaabugay",dyy,,dyaa1242,"gula1264, njak1238, nucl1336"
Dyaberdyaber,,dyb,,dyab1238,
Dyangadi,,dyn,,dyan1250,
Dyan,Zanga,dya,,dyan1251,zang1250
Dyarim,,dyr,,dyar1234,
Dyirbal,"Dyiru, Girramy, Gulnguy, Mamu, Ngadjan",dbl,,dyir1250,"dyir1251, girr1240, guln1239, mamu1253, ngad1260"
Dyugun,,dyd,,dyug1238,
Dyula,"Dioula Véhiculaire, Kong Jula, Tagboussikan",dyu,,dyul1238,"diou1238, kong1292, tagb1257"
Dza,"Jaule, Kaigama, Laredo",jen,,dzaa1238,"jaul1239, kaig1239, lare1247"
Dzalakha,Khomakha,dzl,,dzal1238,khom1239
Dzando,"Lokay, Maboko, Moliba, Molunga",dzn,,dzan1238,"loka1254, mabo1238, moli1246, molu1244"
Dzao Min,,bpn,,dzao1238,
Dzodinka,,add,,dzod1238,
Dzongkhic,"Chocangacakha, Groma, Nuclear Dzongkhic, Sikkimese",,"cgk, gro, sip",dzon1238,"choc1275, grom1238, nucl1307, sikk1242"
Dzongkha,"Ha (Bhutan), Northern Thimphu, Wang-The",dzo,,dzon1239,"haaa1251, nort2708, wang1287"
Dzùùngoo,"Nuclear Dzùùngoo, Kpango",dnn,,dzuu1241,"dzuu1242, kpan1247"
Early Melanesian Pidgin,"Bislama, Pijin, Tok Pisin, Torres Strait-Lockhart River Creole",,"bis, pis, tpi, tcs",earl1243,"bisl1239, piji1239, tokp1240, torr1261"
Early East African Pidgin Arabic,,,,earl1245,
Eastern Katu,,ktv,,east1236,
East Slavic,"Belarusian, Old Russian, Russian, Ukrainian-Rusyn",,"bel, orv, rus",east1426,"bela1254, oldr1238, russ1263, ukra1257"
Eastern Pahari,"Dotyali, Jumli, Nepali",nep,"dty, jml, npi",east1436,"doty1234, juml1238, nepa1254"
East South Bird's Head,"Kemberanic, Kokoda",,xod,east1439,"kemb1251, koko1265"
East Bird's Head,"Sougb, Meax",,mnx,east1459,"mani1235, meax1236"
Eastern Keres,"Cochiti, San Felipe, Santo Domingo, Santa Ana, Zia (United States)",kee,,east1472,"coch1273, sanf1260, sant1425, sant1426, ziaa1251"
Eastern South Slavic,"Church Slavic, Macedo-Bulgarian",,chu,east2269,"chur1257, mace1252"
Eastern Baltic,"Latvian, Lithuanian",,"lav, lit",east2280,"latv1249, lith1251"
Eastphalian,"Elbeostfälisch, Göttingen-Grubenhagensch, Heideostfälisch, Kernostfälisch",,,east2290,"elbe1234, gott1235, heid1234, kern1234"
Greater East Low German,"Eastern Low German, Plautdietsch",,"nds, pdt",east2291,"nort2627, plau1238"
Eastern Yiddish,"Czech Yiddish, Nuclear Eastern Yiddish, Mideastern Yiddish, Lodz Yiddish, Poylish, Western Galician Yiddish, Northeastern Yiddish, Litvish, Northern Ukraine Yiddish, Southeastern Yiddish, Bessarabian Yiddish, Ukrainish",ydd,,east2295,"czec1262, nucl1822, mide1238, lodz1235, poyl1235, west2899, nort2632, litv1235, nort3297, sout2630, bess1237, ukra1254"
Archaic Finnish Swedish,"Åland Islands Swedish, Nyland Swedish, Österbotten, Southwest Finland Swedish",,,east2303,"alan1247, nyla1238, oste1241, sout2638"
Eastern Balochi,"Bugti, Kasrani, Leghari, Marri, Mazari, Upper Sindhi Balochi",bgp,,east2304,"bugt1234, kasr1234, legh1239, marr1268, maza1310, uppe1469"
Eastern Tharu,"Chitwania Tharu, Dangaura-Khuna-Sonaha, Kathoriya Tharu, Kochila Tharu",,"the, tkt, thq",east2316,"chit1274, dang1277, kath1250, koch1247"
Eastern Pashayi,"Northeast Pashayi, Southeast Pashayi",,"aee, psi",east2322,"nort2666, sout2672"
Eastern Saami,"Mainland Eastern Saami, Peninsular Eastern Saami",,,east2324,"main1280, peni1240"
Eastern Mari,Grassland Mari,mhr,,east2328,gras1239
Eastern Lawa,Phalo,lwl,,east2330,phal1255
East Palaungic,"Angkuic, Khao-Bit, Lamet, Waic",,lbn,east2331,"angk1246, khao1243, lame1256, waic1245"
Eastern Bru,"Bru Dong Sen Keo, Bru Kok Sa-At, Mangkong, Tri",bru,,east2332,"brud1238, bruk1238, mang1379, trii1240"
Eastern Mnong,"Chil, Mnong Kwanh, Mnong Gar, Mnong Rolom",mng,,east2333,"chil1278, mnon1260, mnon1261, mnon1262"
East Oghuz,"Khorasan Turkic, Turkmen",,"kmz, tuk",east2334,"khor1269, turk1304"
East Yugur,,yuy,,east2337,
Eastern Muria,"Lanjoda, Raigarh",emu,,east2340,"lanj1237, raig1237"
Eastern-Western Pwo Karen,"Pwo Eastern Karen, Pwo Western Karen",,"kjp, pwo",east2341,"pwoe1235, pwow1235"
Eastern Kayah,,eky,,east2342,
Eastern Gorkha Tamang,"Kasigaon, Kerounja",tge,,east2346,"kasi1252, kero1242"
Eastern Tamang,"Central-Eastern Tamang, Outer-Eastern Tamang",taj,,east2347,"cent2001, oute1247"
North-Central Nisu,,nos,,east2349,
Eastern Muya,,emq,,east2351,
Eastern Magar,,mgp,,east2352,
Eastern Parbate Kham,Bhujel Kham,kif,,east2354,bhuj1238
Eastern Meohang,"Dibum, Mulgaon-Wangtang, Sunsari",emg,,east2357,"dibu1238, mulg1243, suns1242"
Eastern Tani,"Bori-Karko, Mising-Padam-Miri-Minyong",,"adi, mrg",east2361,"bori1243, misi1242"
Eastern Hongshuihe Zhuang,,zeh,,east2363,
Eastern Kra,"Buyang, Pubiao-Qabiao",,"byu, laq",east2365,"buya1244, qabi1235"
Tabasaran-Aghul-Lezgi,"Aghul-Lezgi, Tabasaran",,tab,east2367,"aghu1259, taba1259"
East Tsezic,"Bezhta, Hunzib",,"kap, huz",east2368,"bezh1248, hunz1247"
East Hmongic,"Northeastern Qiandongic Miao, South Qiandongic Miao",,,east2369,"nort3428, sout3405"
Eastern Qiandong Miao,,hmq,,east2370,
Eastern Xiangxi Miao,,muq,,east2371,
Eastern Huishui Hmong,,hme,,east2372,
Eastern Daly,"Kamu, Madngele",,"xmu, zml",east2374,"kamu1258, madn1237"
Eastern Dhuwal-Dhuwala,"Djambarrpuyngu, Gupapuyngu",,"djr, guf",east2378,"djam1256, gupa1247"
Eastern Arrernte,"Akarre, Ikngerripenhe, Mparntwe Arrernte, Northern Arrernte",aer,,east2379,"akar1244, ikng1238, mpar1238, nort3403"
Eastern Nyulnyulan,"Nyikinic, Unclassified Eastern Nyulnyulan, Yawuric",,,east2381,"nyik1244, unun9988, yawu1243"
Eastern Ijo,"Nikio, Southeast Ijo",,ijs,east2383,"kaki1245, sout2774"
Eastern Jebel,"Aka-Kelo-Molo, Gaam",,tbi,east2386,"akak1254, gaam1241"
East Limba,"Northern Limba, Southern Limba",lma,,east2387,"nort2763, sout2776"
Eastern Xwla Gbe,,gbx,,east2390,
Eastern Mundu-Baka,"Mayogo-Bangba, Mündü",,muh,east2391,"mayo1260, mund1326"
Eastern Grusi,"Kabiyeic, Tem-Chala",,,east2397,"kabi1265, temc1234"
Eastern Karaboro,,xrb,,east2398,
East-West Central Delta Cross,"Lokoic, Mbembe-Legbo, Olulumo-Ikom",,iko,east2400,"loko1252, mbem1251, olul1245"
East Ogonoid,"Gokana, Tai-Kana",,gkn,east2401,"goka1239, taik1252"
Eastern Acipa,Boroma,acp,,east2403,boro1275
Eastern Kainji,"Jos, Piti-Atsam",,,east2404,"josa1234, piti1242"
East Nyala,,nle,,east2409,
Konobo-Eastern Krahn,"Gorbo, Kanneh, Konobo, Tchien",kqo,,east2414,"gorb1238, kann1256, kono1266, tchi1246"
Eastern Kru,"Bakwe-Wane, Beteic, Neyo-Dida, Unclassified Eastern Kru",,,east2415,"bakw1242, bete1265, dida1244, unun9909"
Eastern Bete,"Gagnoa Bété, Kouya",,"btg, kyf",east2416,"gagn1235, kouy1238"
Eastern Nilotic,"Barian, Teso-Lotuxo-Maa",,,east2418,"bari1283, teso1247"
East Ometo,"Kachama-Ganjule-Haro, Koorete, Zayse-Zergulla",,"kcx, kqy, zay",east2423,"kach1284, koor1239, zays1235"
Krongo-Tumtum,"Krongo, Tumtum",,"kgo, tbr",east2424,"kron1241, tumt1243"
East Manding,"Bambara, Bolon, Dyula, Manenkan, Maninka-Mori, Marka",,"bam, bof, dyu, rkm",east2425,"bamb1269, bolo1266, dyul1238, mane1267, mani1303, mark1256"
Eastern Maninkakan,"Amana, Bö, Koulounkalan, Wasulu",emk,,east2426,"aman1263, booo1256, koul1238, wasu1254"
Eastern Dajuic,"Logorik, Shatt",,"liu, shj",east2428,"logo1261, shat1244"
Eastern Heibanic,"Ko, Warnang",,"fuj, wrn",east2429,"kooo1244, warn1244"
Eastern Songhay,"Humburi Senni Songhay, Koyraboro Senni Songhai, Tondi Songway Kiini, Zarma-Kaado-Dendi",,"hmb, ses, tst",east2431,"humb1243, koyr1242, tond1249, zarm1240"
Eastern Saharan,"Berti, Beria",,"byt, zag",east2432,"bert1249, zagh1240"
East Strickland,"Fembe, Konai, Kubo-Samo-Bibo, Odoodee",,"agl, kxw, kkc",east2433,"femb1238, kona1242, kubo1241, odoo1238"
Eastern Yapen,"Kurudu, Wabo",,"kjr, wbb",east2438,"kuru1305, wabo1240"
East Makian-Gane,"East Makian, Gane",,"mky, gzn",east2439,"east2440, gane1237"
East Makian,"Kayoa, Nuclear East Makian",mky,,east2440,"kayo1246, nucl1468"
East Ambae,"Lolokaro, Lombaha, Longana",omb,,east2443,"lolo1262, lomb1262, long1396"
Tokalau Fijian,"Eastern Fijian, Polynesian",,,east2445,"east2446, poly1242"
Eastern Fijian,"Lauan, Nuclear Eastern Fijian",,llx,east2446,"laua1243, nucl1823"
East Futuna,,fud,,east2447,
East Polynesian,"East Polynesian Distal, East Polynesian Proximal",,,east2449,"east2895, east2896"
East Santa Isabel,"Cheke Holo, Gao",,"mrn, gga",east2452,"chek1238, gaoo1237"
Eastern Admiralty Islands,"Manus, South-East Admiralty",,,east2459,"manu1262, sout2879"
East Manus,"Andra-Hus, Koro-Lele-Nali-Titan, Kurti-Kele-Ere, Leipon, Ponam",,"anx, lek, ncc",east2460,"andr1248, koro1314, kurt1251, leip1237, pona1250"
East Masela,,vme,,east2462,
East Tarangan,,tre,,east2465,
East Hoamoal,"Boano (Maluku), Larike-Wakasihu",,"bzn, alo",east2468,"boan1242, lari1255"
East Damar,,dmr,,east2472,
Eastern Mansakan,"Mandaya, Mansaka",,"mry, msk",east2477,"kara1489, mans1262"
East Manobo,"Agusan Manobo, Dibabawon Manobo, Rajah Kabunsuwan Manobo",,"msm, mbd, mqk",east2478,"agus1235, diba1242, raja1254"
Eastern Tawbuid,,bnj,,east2482,
Eastern Penan,Penan Apoh,pez,,east2485,pena1269
East Berawan,,zbe,,east2486,
Eastern Celebic,"Saluan-Banggai, Southeastern Celebic",,,east2488,"salu1251, sout2928"
Eastern Bungku-Tolaki,"East Coast Bungku-Tolaki, Moronene",,mqn,east2489,"east2490, moro1287"
East Coast Bungku-Tolaki,"Bahonsuai, Bungku, Koroni, Kulisusu, Mori Bawah, Taloki, Wawonii",,"bsu, bkz, xkq, vkl, xmz, tlk, wow",east2490,"baho1237, bung1269, koro1311, kuli1254, mori1268, talo1252, wawo1239"
Eastern Saluan-Banggai,"Balantak, Banggai",,"blz, bgz",east2491,"bala1315, bang1368"
East Formosan,"Central East Formosan, Northern East Formosan, Sirayaic",,fos,east2493,"cent2103, nort2900, sira1267"
Eastern Eleman,"Tairuma, Toaripi",,"uar, tqo",east2494,"tair1256, toar1246"
Eastern Sepik Hill,"Alamblak, Kaningra",,"amp, knr",east2496,"alam1246, kani1285"
East Kutubu,"Fiwaga, Foi",,"fiw, foi",east2499,"fiwa1240, foii1241"
East Lakes Plain,"Abawiri, Taworta",,"flh, tbp",east2500,"foau1240, tawo1244"
East Tariku,"Doutai-Kai-Waritai, Eritai-Obokuitai-Biritai, Sikaritai",,tty,east2502,"dout1239, erit1238, sika1263"
Eastern Trans-Fly,"Bine, Gizrra, Meriam, Wipi",,"bon, tof, ulk, gdr",east2503,"bine1240, gizr1240, meri1244, wipi1242"
Eastern Mek,"Eipomek, Ketengban, Una",,"eip, xte, mtg",east2504,"eipo1242, kete1254, unaa1239"
East Kewa,,kjs,,east2516,
East Timor,"Fataluku-Oirata, Makasae-Makalero",,mkz,east2520,"fata1246, maka1316"
Eastern Pauwasi,"Emumu, Karkar-Yuri, Yafi",,"enr, yuj, wfg",east2530,"emum1240, kark1258, yafi1240"
Eastern Canadian Inuktitut,"Baffin Inuktitut, North Baffin Inuktitut, Iglulingmiut, Polar Eskimo, Tununitmiut, South Baffin Inuktitut, Kivalliq, Quebec-Labrador Inuktitut, Nunatsiavut, North Labrador Eskimo, Rigolet Inuktitut, Nunavik",ike,,east2534,"baff1241, baff1240, iglu1234, pola1254, tunu1235, sout3269, cari1277, queb1249, nuna1235, labr1244, rigo1234, queb1248"
Eastern Huasteca Nahuatl,Southeastern Huasteca Nahuatl,nhe,,east2538,sout2974
Eastern Ojibwa,,ojg,,east2542,
Eastern Abenaki,Penobscot,aaq,,east2544,peno1243
Eastern Pomo,,peb,,east2545,
Eastern Miwokan,"Bay Miwok, Plains Miwok, Sierra Miwokan",,"mkq, pmw",east2546,"baym1241, plai1259, sier1249"
Eastern Naduhup,"Dâw, Hup-Yuhup",,kwa,east2549,"daww1239, hupy1235"
Eastern Apurímac Quechua,"Abancay, Antabamba, Cotabambas",qve,,east2551,"aban1243, anta1256, cota1242"
Eastern Bolivian Guaraní,"Ava, Izoceño, Simba Guarani",gui,,east2555,"avaa1240, izoc1240, simb1261"
Eastern Highland Otomi,,otm,,east2556,
Eastern Otomanguean,"Amuzgo-Mixtecan, Popoloca-Zapotecan",,,east2557,"amuz1253, popo1292"
Eastern Highland Chatino,,cly,,east2558,
Eastern Cham,,cjm,,east2563,
Eastern Isthmic Chibchan,"Guaymiic, Kuna",,,east2569,"guay1266, kuna1280"
Eastern-Southern Arhuacic,"Arhuaco, Eastern Arhuacic",,arh,east2571,"arhu1242, east2572"
Eastern Arhuacic,"Kankuamo, Malayo",,mbp,east2572,"kank1244, mala1522"
East Chadic,"East Chadic B, East Chadic A",,,east2632,"east2633, east2640"
East Chadic B,"Barainic, East Chadic B.1, East Chadic B.3, Mukulu",,moz,east2633,"bara1406, east2709, east2710, muku1242"
East Chadic A,"East Chadic A.3, East Chadic A.2, East Chadic A.1",,,east2640,"east2641, east2645, east2775"
East Chadic A.3,"Kera, Kwang",,"ker, kvi",east2641,"kera1255, kwan1285"
Sumrayic,"Ndam-Tumak, Sarwa-Sumray",,,east2643,"ndam1255, sarw1240"
East Chadic A.2,"East Chadic A.2 1, East Chadic A.2 2",,,east2645,"east2721, east2722"
Eastern Tera,"Boga, Ga'anda, Hwana",,"bvw, gqa, hwo",east2649,"boga1251, gaan1243, hwan1240"
Eastern Oromo,"Barentu, Northern Oromo, Raya, Wolo",hae,,east2652,"bare1280, nort3272, raya1242, well1239"
Eastern Omo-Tana,"Baiso-Jiiddu, Dabarre-Tunni, Girirra, Karre-Boni, Maay, Rendille, Somali",,"gii, ymm, rel, som",east2653,"bais1247, daba1261, giri1245, karr1237, maay1238, rend1243, soma1255"
East Semitic,"Akkadian, Eblaite",,"akk, xeb",east2678,"akka1240, ebla1238"
Eastern Aramaic,"Central Eastern Aramaic, Classical Syriac, Macro-Mandaic",,syc,east2680,"cent2217, clas1252, mand1468"
Eastern Egyptian Bedawi Arabic,"North Levantine Bedawi Arabic, Northeast Egyptian Bedawi Arabic, Nuclear Eastern Egyptian Bedawi Arabic, South Levantine Bedawi Arabic",avl,,east2690,"nort3130, nort3131, nucl1707, sout3112"
Eastern Subanen,,sfe,,east2694,
Eastern Durango Nahuatl,,azd,,east2695,
Eastern Lalu,,yit,,east2696,
Eastern Mande,"Bisa-Busa, Southeastern Mande",,,east2697,"bisa1265, sout3140"
Eastern Tucanoan,"Eastern Eastern Tucanoan, South Eastern Tucanoan, Western Eastern Tucanoan",,,east2698,"east2702, sout3144, west2789"
East Cushitic,"Dahalo, Highland East Cushitic, Lowland East Cushitic, Unclassified East Cushitic",,dal,east2699,"daha1245, high1285, lowl1267, unun9873"
Eastern Algonquian,"Carolina Algonquian, Delawaran, Maritimes-Southern New England Algonquian, Nanticoke-Conoy, Powhatan",,"crr, pim",east2700,"caro1243, dela1253, mari1452, nant1248, powh1243"
Eastern Gunwinyguan,"Ngandi, Wubuy-Anindilyakwa",,nid,east2701,"ngan1295, wubu1239"
Eastern Eastern Tucanoan,"Eastern Eastern Tucanoan I, Eastern Eastern Tucanoan II",,,east2702,"east2707, east2708"
Nyun,"Bainounk, Buy",,,east2703,"bain1264, kobi1240"
Eastern Huon,"Kalasa, Trans Vitiaz",,,east2705,"kala1410, tran1296"
Eastern Victoria,"Dhudhuroa-Pallanganmiddang, Yorta Yorta",,xyy,east2706,"dhud1237, yort1237"
Eastern Eastern Tucanoan I,"Bara-Tatuyo, Tucano",,tuo,east2707,"bara1401, tuca1252"
Eastern Eastern Tucanoan II,"Pisamira-Yuruti, Kotiria-Piratapuyo",,,east2708,"pisa1246, wana1272"
East Chadic B.1,"Dangla-Mabire-Birgit, Mubic",,,east2709,"dang1275, mubi1247"
East Chadic B.3,"Mawa (Chad), Sokoroic, Ubi",,"mcw, ubi",east2710,"mawa1270, soko1265, ubii1238"
Eastern Gbe,"Eastern Phla-Phera, Fongbeic, Western Phla-Phera",,,east2711,"east2845, fong1244, west2934"
Eastern Malayo-Polynesian,"Oceanic, South Halmahera-West New Guinea",,,east2712,"ocea1241, sout3229"
Eastern Romance,"Aromanian, Northern Romanian",,rup,east2714,"arom1237, nort3361"
Eastern Kordofan Nubian,"Dair, Uncunwee, Kadaru",,"drb, ghl, kdu",east2715,"dair1239, ghul1238, kada1282"
Eastern Maric,"Biri, Gangulu, Giya",,"bzr, gnl",east2716,"biri1256, gang1268, giya1234"
Eastern Waka-Kabic,"Gureng Gureng, Kabikabi",,"gnr, gbw",east2717,"gure1255, kabi1260"
East Kanuri,"Bilma Kanuri, Manga Kanuri",,"bms, kby",east2718,"bilm1238, mang1399"
Eastern Kiranti,"Greater Yakkha, Upper Arun",,,east2719,"grea1285, uppe1412"
Eastern Nahuatl,"Central Puebla Nahuatl, Huasteca Nahuatl, Isthmus-Pipil Nahuatl, Ometepec Nahuatl, Orizaba Nahuatl, Sierra de Puebla Nahuatl",,"ncx, nht, nlv",east2720,"cent2133, huas1257, isth1246, omet1237, oriz1235, sier1253"
East Chadic A.2 1,"Lele (Chad), Nancere",,"lln, nnc",east2721,"lele1276, nanc1253"
East Chadic A.2 2,"Gabri-Kimre, Kabalai, Tobanga",,"kvf, tng",east2722,"gabr1256, kaba1292, toba1280"
Eastern Southwestern Apachean,"Jicarilla Apache, Lipan Apache",,"apj, apl",east2723,"jica1244, lipa1241"
Eastern Murutic,"Kalabakan, Okolod, Selungai-Sembakung Murut",,"kve, kqv",east2724,"kala1391, okol1241, selu1244"
Eastern Hindi,"Awadhic, Chhattisgarhi, Powari",,"hne, pwr",east2726,"awad1245, chha1249, powa1246"
Eastern Panjabic,"Eastern Panjabi, Sansi",,"pan, ssi",east2727,"panj1256, sans1271"
Eastern Arabic,"Central Asian Arabic, Gilit Mesopotamian Arabic, Qeltu",,acm,east2729,"cent2410, meso1252, qelt1235"
Eastern Beboid,"Bebe-Kemezung, Nsari-Nooni-Ncane, Unclassified Eastern Beboid",,,east2730,"bebe1253, nsar1239, uncl1497"
East Bantu,"Botatwe, Corridor Bantu, North Mozambique Bantu, Mbugwe-Langi, Northeast Savanna Bantu, Greater Lega, Nyaturu-Nilamba, Kilombero, Rufiji-Ruvuma, Sabi, Southern Bantu, Tumbuka-Sena-Nyanja",,,east2731,"bota1239, corr1234, maku1247, mbug1243, nort3203, nyan1317, nyat1247, pogo1242, rufi1235, sabi1248, sout3387, tumb1253"
Lakalei-Idate,"Idaté, Lakalei",,"idt, lka",east2733,"idat1237, laka1255"
Eastern Goidelic,"Manx, Scottish Gaelic",,"glv, gla",east2734,"manx1243, scot1245"
Eastern Alta Mixtec,"Diuxi-Tilantongo Mixtec, Southeastern Alta Mixtec, Tidaá Mixtec",,"xtd, mtx",east2735,"diux1235, sout3400, tida1235"
Eastern Chatino,"Eastern Highland Chatino, Nopala Chatino, Western Highland Chatino, Zacatepec Chatino",,"cly, cya, ctp, ctz",east2736,"east2558, nopa1235, west2644, zaca1242"
Eastern Otomi,"Eastern Highland Otomi, Tenango Otomi, Texcatepec Otomi",,"otm, otn, otx",east2737,"east2556, tena1241, texc1235"
Eastern Ede,"Ede Cabe, Southeastern Ede",,cbj,east2738,"edec1238, sout3186"
East Kambaric,"Baangi, Salka-Tsishingini, Tsuvadi",,"bqx, tsw, tvd",east2739,"baan1242, tsis1238, tsuv1239"
East-West Grusi,"Eastern Grusi, Western Grusi",,,east2740,"east2397, west2837"
East Seram,"East Rivers Seram, Setic",,,east2741,"east2748, seti1249"
East and Central Manobo,"Central Manobo, East Manobo",,,east2742,"cent2088, east2478"
Eastern Indonesia Trade Malay,"Ambonic Malay, Kupang Malay, Larantuka Malay, Manadoic Malay, Papuan Malay",,"mkn, lrt, pmy",east2743,"ambo1253, kupa1239, lara1260, mana1300, papu1250"
Eastern Bengali,"Hajong, Sylheti",,"haj, syl",east2744,"hajo1238, sylh1242"
Eastern Farsic,"Aimaq, Dari, Dehwari, Hazaragi, Pahlavani, Tajikic",,"aiq, prs, deh, haz, phv",east2745,"aima1241, dari1249, dehw1238, haza1239, pahl1240, taji1250"
East Coast Mixtec,"Chayuco Mixtec, Jamiltepec Mixtec, Tututepec Mixtec",,"mih, mxt, mtu",east2746,"chay1249, jami1235, tutu1243"
Eastern Greater Luyana,"Luyi, Mbowe",,"lyn, mxo",east2747,"luya1241, mbow1246"
East Rivers Seram,"Bobot, Masiwang",,"bty, bnf",east2748,"bobo1254, masi1266"
East Nyanza,"Nyanza Mara, Suguti",,,east2750,"nyan1318, sugu1245"
East Buton,"Kumbewaha, Lasalimu",,"xks, llm",east2751,"kumb1274, lasa1237"
East Piru Bay,"Eastern Littoral Piru Bay, Solehua",,,east2752,"east2757, sole1243"
Eastern Malakula linkage,"Central-Southeast Malakula, Uripiv-Wala-Rano-Atchin",,upv,east2753,"cent2315, urip1239"
East Santo,"Mafea-Tutuba, Southeast Santo",,,east2754,"mafe1238, sout3220"
East Borneo Malay,"Banjar-Berau-Brunei Malay, Kota Bangun Kutai Malay",,mqg,east2755,"banj1240, kota1275"
East Ruvu,"Central East Ruvu, Doe, Luguru",,"doe, ruf",east2756,"cent2287, doee1238, lugu1238"
Eastern Littoral Piru Bay,"Sepa (Indonesia), Teluti",,"spb, tlt",east2757,"sepa1242, telu1263"
East Uvean-Niuafo'ou,"Niuafo'ou, Niuatoputapu, East Uvean",,"num, nkp, wls",east2758,"niua1240, niua1241, wall1257"
Eastern Caribbean Creole,"Barbados-Eustatius, Gullah-Nevis-Antigua, Vincent-Grenadian Creole",,,east2759,"barb1266, gull1242, vinc1244"
East Choiseul,"Ririo, Southeast Choiseul",,rri,east2760,"riri1237, sout3208"
East New Georgia,"Marovo-Vangunu, Rovianic, Ughele",,uge,east2761,"maro1247, rovi1239, ughe1237"
Eastern Taupota,"Gweda, Haigwai, Maiwala, Taupota-Waiema",,"grw, hgw, mum",east2762,"gwed1239, haig1237, maiw1249, taup1244"
East Arawe,"Akolet, Avau, Lesing-Gelimi",,"akt, avb, let",east2763,"akol1237, avau1237, lesi1239"
Eastern Trukic,"Mortlockese-Trukese, Puluwatese-Pollapese",,,east2764,"mort1238, pulu1244"
Eastern Great Lakes Algonquian,"Fox, Miami, Ojibwa-Potawatomi, Shawnee",,"mia, sjw",east2765,"foxx1245, miam1252, ojib1240, shaw1249"
Eastern MSA,"Jibbali, Soqotri",,"shv, sqt",east2766,"sheh1240, soqo1240"
East Sogeram,"Aisian, Kulsab, Gants",,"faj, gao",east2767,"aisi1234, fait1240, gant1244"
Eastern-Western Armenian,"Western Armenian, Eastern Armenian",,"hyw, hye",east2768,"homs1234, nucl1235"
East Nuclear Subanen,"Central Subanen, Eastern Subanen, Northern Subanen",,"syb, sfe, stb",east2769,"cent2089, east2694, nort2885"
East Queensland Border Pama Nyungan,"Yagara-Jandai, Yugambalic",,,east2770,"yaga1256, yuga1242"
Eastern Tibetic,"Baima, Choni, Drugchu, Zhongu",,"bqh, cda",east2771,"baim1244, chon1285, hbru1241, zhon1235"
Eastern Ngero,"Bariai, Kaliai-Kove",,bch,east2772,"bari1286, kali1298"
Eastern Newari,"Badikhel Pahari, Dolakha-Tauthali-Jethal-Listi-Doti, Dolakha, Doti, Jethal, Listi, Tauthali",,,east2773,"badi1252, dola1240, dolk1238, doti1235, jeth1235, sind1275, tota1238"
East Khanty,"Vach-Vasjugan, Surgut Khanty",,,east2774,"fare1244, surg1248"
East Chadic A.1,"Sumrayic, Gadang",,gdk,east2775,"east2643, gada1262"
Eastern Angkuic,,,,east2776,
Eastern West Himalayish,"Central-Eastern West Himalayish, Pithauragarh",,,east2777,"cent2311, pith1234"
East-West-Central Manobo,"East and Central Manobo, West Manobo",,,east2778,"east2742, west2829"
Eastern Khumi Chin,,cek,,east2779,
East-Central Swedic,"Dalecarlian, East Swedic",,qer,east2780,"dale1238, east2781"
East Swedic,"Archaic Finnish Swedish, Estonian Swedish, Swedish",,swe,east2781,"east2303, esto1259, swed1254"
Eastern Kikongo,"Kintandu, Kimpangu, Kinkanu, Kimbata, Kimbeko",,,east2782,"east2405, kimp1234, kink1239, nzam1238, sout2810"
Eastern Bru-Katang,"Eastern Bru, Katang",,"bru, kgd",east2783,"east2332, kata1264"
Eastern Samur,"Tabasaran-Aghul-Lezgi, Udi-Aghwan",,,east2790,"east2367, udia1235"
East Kipchak,"Kirghiz, Southern Altai",,"kir, alt",east2791,"kirg1245, sout2694"
East Ladoga,"Livvi, Ludian, Veps",,"olo, lud, vep",east2796,"livv1243, ludi1246, veps1250"
South Greek,"Central Greek, Achaean Greek",,gmy,east2798,"cent2404, myce1241"
East Germanic,"Crimean Gothic, Gothic",,got,east2805,"crim1255, goth1244"
Eastern Mambila,"Donga Mambila, Cambap-Langa",,"mcu, twn",east2806,"came1252, twen1242"
Northeast Itelmen,"East Itelmen, Uka",,,east2812,"east2813, ukaa1244"
East Middle German,"Schlesisch-Wilmesau, Central East Middle German",,sxu,east2832,"schl1237, uppe1400"
Irish Anglo-Norman,"Fingallian, Yola",yol,,east2834,"fing1234, yola1237"
Eastern Phla-Phera,"Eastern Xwla Gbe, Tofin Gbe",,"gbx, tfi",east2845,"east2390, tofi1235"
Eastern Enlhet-Enenlhet,"Angaité, Guaná (Paraguay), Sanapaná, Toba-Enenlhet",,"aqt, gva, spn, tmf",east2852,"anga1316, guan1268, sana1298, toba1268"
Nuclear Rote,"Central East Rote, Lole, Tii",,"llg, txq",east2858,"cent2375, lole1239, tiii1241"
Southeast Rote,"Bilba, Ringgou",,"bpz, rgu",east2859,"bilb1242, ring1244"
East Bamileke,"Fe'fe', Ghomálá', Kwa', Medumba, Nda'nda'",,"fmp, bbj, bko, byv, nnz",east2862,"fefe1239, ghom1247, kwaa1265, medu1238, ndan1241"
East Keram,"Ambakich, Ap Ma",,"aew, kbx",east2864,"amba1269, apma1241"
Eastern Romanian,"Megleno-Romanian, Romanian",,"ruq, ron",east2865,"megl1237, roma1327"
Eastern !Ui,"!Gã!ne, Vaal-Orange, //Xegwi",,"kqu, xeg",east2867,"gane1238, vaal1235, xegw1238"
Eastern Karnic,"Bulloo River, Wilson River (Grey Range)",,"gll, nbx",east2872,"kala1380, ngur1261"
Eastern Tequistlatecan,"Lowland Oaxaca Chontal, Tequistlateco Chontal",,clo,east2878,"lowl1260, tequ1245"
Eastern Gondi,"Aheri Gondi, Far Western Muria",,"esg, fmu",east2880,"aher1237, farw1235"
Eastern Rajasthani,"Dhundari, Hadothi",,"dhd, hoj",east2890,"dhun1238, hado1235"
Eastern Skouic,"Leitre, West Coast Skouic",,,east2892,"leit1234, west2992"
Eastern Timor,"Central Timoric A, Kawaimina",,,east2894,"cent2079, kawa1289"
East Polynesian Distal,"Far East Polynesian, Marquesan",,,east2895,"fare1245, marq1246"
East Polynesian Proximal,"Hawaiian, Southern East Polynesian Proximal",,haw,east2896,"hawa1245, sout3383"
East Sudanic Arabic,"Nubi, Sudanese Arabic, South Sudanese Creole Arabic",,"kcn, apd, pga",east2897,"nubi1253, suda1236, suda1237"
Eastern Bomberai,"Nuta, Nabi-Irarutu",,,east2900,"bomb1263, nabi1238"
Eastern Kirinyaga,"Chuka, Northern Kirinyaga",,cuh,east2901,"chuk1274, nort3413"
East Tusom,,,,east2902,
Eastern Tupian,"Maweti-Guarani, Mundurukuic, Yuruna",,,east2909,"mawe1252, mund1329, yuru1262"
Ebang-Logol,"Ebang-Laru, Logol, Otoro",,"lof, otr",eban1241,"eban1242, logo1262, otor1240"
Ebang-Laru,"Ebang, Laru (North Sudan)",,"hbn, lro",eban1242,"heib1243, laro1243"
Ebira,"Igara, Koto, Okene",igb,,ebir1243,"igar1238, koto1250, oken1238"
Ebira-Nupoid,"Ebira, Macro-Nupoid",,igb,ebir1244,"ebir1243, nupe1252"
Eblaite,,xeb,,ebla1238,
Ebrié,,ebr,,ebri1238,
Ebughu,,ebg,,ebug1241,
Ebughu-Oro,"Ebughu, Oro",,"ebg, orx",ebug1242,"ebug1241, oroo1241"
Ecuadorian Sign Language,,ecs,,ecua1243,
Ecuadorian Quechua A,"Calderón Highland Quichua, Bolivar-North Chimborazo Highland Quichua, Tungurahua Highland Quichua",,"qud, qug, qxl",ecua1248,"cald1236, chim1302, sala1272"
Ecuadorian Quechua B,"Cañar-Azuay-South Chimborazo Highland Quichua, Imbabura-Colombia-Oriente Quechua, Loja Highland Quichua",,"qxr, qvj",ecua1249,"cana1262, imba1241, loja1235"
Ede,"Eastern Ede, Mokole, Western Ede",,mkl,edea1234,"east2738, moko1243, west2827"
Ede Cabe,,cbj,,edec1238,
Ede Idaca,,idd,,edei1244,
Ede Ije,,ijj,,edei1245,
Ede Ica,"Nca, Ilodji",ica,,edei1246,"icaa1240, ilod1238"
Edekiri,"Ede, Isekiri",,its,edek1238,"edea1234, isek1239"
Ede Nago,,nqg,,eden1244,
Edera Awyu,,awy,,eder1237,
Edoid,"Delta Edoid, North-Central Edoid, Northwestern Edoid, Southwestern Edoid",,,edoi1239,"delt1252, nort3182, nort3183, sout2805"
Edolo,"Eastern Edolo, Western Edolo",etr,,edol1239,"east2495, west2574"
Edopi,,dbf,,edop1238,
E,,eee,,eeee1240,
Efai,,efa,,efai1241,
Efatese,,,,efat1235,
Efate,"North Efatic, South Efatic",,,efat1236,"nort3222, sout3196"
Efate-group-based Artificial Language,Efatese,,,efat1240,efat1235
Efe,,efe,,efee1239,
Efikic,"Okop Usem, Ukwa, Unclassified Efikic",,ukq,efik1244,"okop1234, ukwa1238, uncl1543"
Efik,,efi,,efik1245,
Efik-Ibibio,"Efik, Ibibio",,"efi, ibb",efik1246,"efik1245, ibib1240"
Efutop,,ofu,,efut1242,
Ega,,ega,,egaa1242,
Egbuta,,,,egbu1235,
Eggon,,ego,,eggo1239,
Eggon-Ake,"Akye, Eggon",,"aik, ego",eggo1240,"akee1238, eggo1239"
Egypt Sign Language,,esl,,egyp1238,
Egyptian,"Coptic, Egyptian (Ancient)",,"cop, egy",egyp1245,"copt1239, egyp1246"
Egyptian (Ancient),"Archaic Egyptian, Demotic Egyptian, Late Egyptian, Middle Egyptian, Old Egyptian",egy,,egyp1246,"arch1248, demo1234, late1256, midd1369, olde1242"
Egyptic Arabic,"Eastern Egyptian Bedawi Arabic, Egypto-Sudanic Arabic",,avl,egyp1251,"east2690, egyp1254"
Egyptian Arabic,"Cairene Arabic, Eastern Egyptian Arabic, Central-Northern-Eastern Šarqiyya, Northern frontier ilŠarqiyya-Parts of idDaqahliyya, Southwestern frontier ilŠarqiyya-Southern parts of idDaqahliyya-Southeastern parts of the centre of the Delta, Helebi, Northeast Nile Delta Arabic, Daqahliyya-Eastern Kr. išŠēx-Parts of Ġarbiyya, Manzala, Central Delta Nile Arabic, Western Nile Delta Arabic, Biḥēra-Western Minufiyya-Western Ġarbiyya-Parts of Gīze, Burullus, Eastern Biḥēra-Kafr išŠēx-Parts of Ġarbiyya, Far Western Minufiyya",arz,,egyp1253,"cair1238, east2848, cent2361, nort3335, sout3322, hele1238, nort3132, daqa1234, manz1244, sout3113, west2938, bihe1234, buru1324, east2849, farw1237"
Egypto-Sudanic Arabic,"Egyptian Arabic, Saidi Arabic, Sudanese-Chadian Arabic",,"arz, aec",egyp1254,"egyp1253, said1239, suda1235"
Ehueun,,ehu,,ehue1238,
Ein Mahal Sign Language,,,,einm1234,
Eipomek,,eip,,eipo1242,
Eitiep,,eit,,eiti1240,
Ejagham,"Eastern Ejagham, Keaka, Obang, Southern Ejagham, Western Ejagham, Akamkpa-Ejagham, Bendeghe Etung, Ekwe, Northern Etung, Southern Etung",etu,,ejag1239,"east2411, keak1238, oban1246, sout2823, west2482, akam1238, bend1259, ekwe1238, nort2807, sout2824"
Bakor-Ejagham,"Bakor, Ejagham",,etu,ejag1240,"bako1254, ejag1239"
Ejamat,,eja,,ejam1238,
Eka,,,,ekaa1234,
Ekai Chin,,cey,,ekai1234,
Ekajuk,,eka,,ekaj1238,
Ekari,"Mapiya-Kegata, Mee, Simori, Yabi",ekg,,ekar1243,"mapi1251, meee1238, simo1241, yabi1243"
Eki,,eki,,ekii1241,
Ekit-Etebi,"Ekit, Etebi",,"eke, etb",ekit1245,"ekit1246, eteb1238"
Ekit,,eke,,ekit1246,
Ekoid,"Bakor-Ejagham, Ndoe",,nbb,ekoi1236,"ejag1240, ndoe1238"
Ekoid-Mbe,"Ekoid, Mbe",,mfo,ekoi1237,"ekoi1236, mbee1249"
Ekpeye,"Ako (Atlantic-Congo), Igbuduya, Ubye, Upata",ekp,,ekpe1253,"akoo1249, igbu1241, ubye1238, upat1238"
El Alto Zapotec,,zpp,,elal1235,
Elamite,,elx,,elam1244,
Eleme,,elm,,elem1253,
Elepi,,ele,,elep1240,
Elepi-Kamasau-Marienberg,"Elepi, Kamasau, Urimo",,"ele, kms, urx",elep1241,"elep1240, kama1367, urim1251"
Elgon-Mau Kalenjin,"Kupsabiny, Sabaot",,"kpz, spy",elgo1240,"kups1238, saba1262"
El Hugeirat,,elh,,elhu1238,
Elip,"Nukanya, Nulamba, Nuyambassa",ekm,,elip1238,"nuka1243, nula1234, nuya1234"
Elip-Gunu,"Elip, Nugunu (Cameroon)",,"ekm, yas",elip1240,"elip1238, nugu1242"
Elkei,,elk,,elke1240,
Ellicean,"Pukapukic, Tuvalu",,tvl,elli1239,"puka1245, tuva1244"
El Molo,,elo,,elmo1238,
El Nayar Cora,"Jesús María Cora, La Mesa del Nayar Cora, Presidio de los Reyes Cora, San Francisco Cora",crn,,elna1235,"jesu1238, lame1261, pres1239, sanf1259"
Elotepec Zapotec,,zte,,elot1235,
Ajiri,"Ambu Ajiri, Mbeki Ajiri, Riverside Ajiri",afo,,eloy1241,"mbam1247, mbec1238, mbej1238"
Elpaputi,"Amahai, Nusa Laut",,"amq, nul",elpa1239,"amah1245, nusa1245"
Elpaputih,,elp,,elpa1240,
Elseng,,mrf,,else1239,
Elu,,elu,,eluu1241,
Elymian,,xly,,elym1237,
E'ma Buyang,,yzg,,emab1235,
Emae,,mmw,,emae1237,
Emai-Iuleha-Ora,"Emai, Iuleha, Ivhimion, Ora",ema,,emai1241,"emai1242, iule1238, ivhi1242, oraa1239"
Emaic,"Emai-Iuleha-Ora, Ikhin-Arokho",,"ema, ikh",emai1243,"emai1241, ikhi1234"
Eman,"Amanavil, Amayo",emn,,eman1238,"aman1262, amay1238"
Embaloh,Kalis,emb,,emba1238,kali1304
Embera,"Atrato, San Juan",,,embe1258,"atra1235, sanj1278"
Emberá-Baudó,,bdc,,embe1259,
Emberá-Catío,,cto,,embe1260,
Emberá-Tadó,,tdc,,embe1261,
Emberá-Chamí,,cmi,,embe1262,
Embu,"Mbeere, Nuclear Embu",ebu,,embu1241,"mbee1248, nucl1389"
Teko,,eme,,emer1243,
Emiliano,"Bologna Emiliano, Central Emiliano, Eastern Emiliano, Lunigiano, Vogherese-Pavese, Western Emiliano",egl,,emil1241,"bolo1260, cent1959, east2275, luni1238, vogh1238, west2342"
Emiliano-Romagnolo,"Emiliano, Romagnol",eml,"egl, rgn",emil1243,"emil1241, roma1328"
Emok,,emo,,emok1238,
Emplawas,,emw,,empl1237,
Emumu,,enr,,emum1240,
Panare,,pbh,,enap1235,
Enawené-Nawé,,unk,,enaw1238,
Eastern Central Flores,"Ende-Lio, Nage-Keo",,,ende1245,"ende1247, nage1238"
Ende,"Maukauro, Nangapanda",end,,ende1246,"mauk1239, nang1264"
Ende-Lio,"Ende, Li'o",,"end, ljl",ende1247,"ende1246, lioo1240"
Enets,"Forest Enets, Tundra Enets",,"enf, enh",enet1250,"fore1265, tund1254"
Enets-Nenets,"Enets, Nenets",,,enet1251,"enet1250, nene1251"
Engan,"Enga, Ipili, Kyaka, Lembena, Outer Enga",,"enq, ipi, kyc, leq",enga1251,"enga1252, ipil1240, kyak1244, lemb1266, oute1259"
Enga,"Kaina, Kandepe, Kapona, Laiagam, Lapalama 1, Lapalama 2, Layapo, Mae, Maramuni, Sari, Sau, Tayato, Yandapo",enq,,enga1252,"kain1269, kand1304, kapo1249, laia1242, lapa1247, lapa1248, laya1255, maee1242, mara1406, sari1248, sauu1244, taya1255, yand1259"
Enga Sign Language,,,,enga1253,
Enga-Kewa-Huli,"Engan, Kewa-Huli",,,enga1254,"enga1251, kewa1249"
Enga-based pidgin,Arafundi-Enga Pidgin,,,enga1255,araf1245
Egene,"Ediro, Inedua, Ogua, Zarama",enn,,enge1239,"edir1242, ined1238, ogua1239, zara1246"
Enggano,,eno,,engg1245,
English-based pidgin,"American Indian Pidgin English, Bonin English Pidgin, Butler English, Chinese Pidgin English, Kru Pidgin English, New South Wales Pidgin, Papuan Pidgin English, Queensland Kanaka English, Samoan Plantation Pidgin, Solombala English, South Australian Pidgin English",,"cpi, lir",engl1287,"amer1255, boni1239, butl1235, chin1253, libe1240, news1234, papu1254, quee1234, samo1307, solo1261, sout3227"
En,,enc,,ennn1243,
Enrekang,"Nuclear Enrekang, Pattinjo, Ranga",ptt,,enre1239,"nucl1568, patt1251, rang1270"
Enu,,enu,,enuu1235,
Envuelto,,,,envu1234,
Enwang-Uda,"Enwan (Akwa Ibom State), Uda",,"enw, uda",enwa1244,"enwa1245, udaa1238"
Enwan (Akwa Ibom State),,enw,,enwa1245,
Enwan (Edo State),,env,,enwa1246,
Enya-Kisangani,,gey,,enya1247,
Enya-Kindu,,,,enya1249,
Epena,Basurudó,sja,,epen1239,basu1242
Epie,Atisa,epi,,epie1238,atis1238
Epi-Efate,"Efate, Epi",,,epie1239,"efat1236, epii1237"
Epigraphic Mayan,,emy,,epig1241,
Epi,"Baki-Bierebo, Bieria-Maii, Lamenu-Lewo",,,epii1237,"baki1243, bier1245, lame1259"
Ep-Meanha-Keyenganh,"Wik-Epa, Wik-Me'anha",,"wie, wih",epme1234,"wike1239, wikm1246"
Erap,"Boana, Finungwan-Mamaa-Gusan, Sauk-Nimi, Uri",,uvh,erap1240,"boan1245, finu1234, sauk1253, urii1240"
Eravallan,,era,,erav1242,
Erave,,kjy,,erav1244,
Ere,,twp,,eree1241,
Erie,,,,erie1238,
Eritai-Obokuitai-Biritai,"Biritai, Eritai, Obokuitai",,"bqq, ert, afz",erit1238,"biri1259, erit1239, obok1239"
Eritai,,ert,,erit1239,
Erokwanas,"Darembang, Goras",erw,,erok1237,"dare1243, gora1269"
Erre,,err,,erre1238,
Erromanga,"Ifo, Sie, Ura (Vanuatu)",,"iff, erg, uur",erro1239,"ifoo1237, siee1239, urav1235"
Erromintxela,,emx,,erro1240,
Ersu,"Hanyuan Ersu, Zeluo Ersu, Qingshui Ersu",ers,,ersu1241,"hany1234, nucl1312, qing1242"
Ersuic,"Ersu, Lizu, Tosu",,ers,ersu1242,"ersu1241, lizu1234, tosu1234"
Eruwa,,erh,,eruw1238,
Erzya,,myv,,erzy1239,
Esan,"Ekpon, Igueben",ish,,esan1238,"ekpo1238, igue1238"
Escarpment Dogon,"Donno So Dogon, Tommo So Dogon, Toro So Dogon",,"dds, dto, dts",esca1235,"donn1239, tomm1242, toro1252"
Ese,"Afore, Akabafa, Averi, Chimona, Dea (Ese), Jimuni, Karira, Mesari, Minjori, Muaturaina, Nami, Numba, Oko (Papua New Guinea), Wakue",mcq,,esee1247,"afor1239, akab1250, aver1239, chim1299, deaa1243, jimu1237, kari1308, mesa1247, minj1241, muat1238, nami1257, numb1248, okoo1246, waku1239"
Ese Ejja,"Baawaja, Sonene",ese,,esee1248,"baaw1234, sone1234"
Eshtehardi,,esh,,esht1238,
Esimbi,,ags,,esim1238,
Eskayan,,esy,,eska1234,
Eskimo-Aleut,"Aleutic, Eskimo",,,eski1264,"aleu1261, eski1265"
Eskimo,"Inuit, Old Sirenik, Yupik",,ysr,eski1265,"inui1246, sire1246, yupi1267"
Herschel Island Eskimo Trade Jargon,,,,eski1266,
Eskimo-based pidgin,"Herschel Island Eskimo Trade Jargon, West Greenlandic Eskimo Pidgin",,,eski1267,"eski1266, west2864"
Esperanto,,epo,,espe1235,
Esperantic,"Esperanto, Ido",,"epo, ido",espe1236,"espe1235, idoo1234"
Espiritu Santo,"Nuclear Santo, West Santo",,,espi1234,"nucl1793, west2956"
Esselen,,esq,,esse1238,
Estado de México Otomi,San Felipe Santiago Otomí,ots,,esta1236,sanf1263
Estonian Sign Language,,eso,,esto1238,
Estonian,"Middle Estonian, Ida Estonian, Kesk Estonian, Lääne, Saarte, North Estonian",ekk,,esto1258,"midd1322, idae1234, kesk1234, laan1234, sart1250, nort2674"
Estonian Swedish,,,,esto1259,
Esuma,,esm,,esum1241,
Etebi,,etb,,eteb1238,
Eten,,etx,,eten1239,
Eteocretan,,ecr,,eteo1236,
Eteocypriot,,ecy,,eteo1240,
Ethiopian Sign Language,"Addis Ababa Ethiopian Sign Language, Hosaena Ethiopian Sign Language",eth,,ethi1238,"addi1234, hosa1234"
Ethiosemitic,"Geez, South Ethiopic, Tigrinya, Tigre-Dahalik",,"gez, tir",ethi1244,"geez1241, sout3078, tigr1271, tigr1277"
Etkywan,,ich,,etky1238,
Eton-Mengisa,"Iton Ngke, Iton Ekwe, Mengisa",eto,mct,eton1253,"iton1251, iton1252, meng1263"
Eton (Vanuatu),"Eton, Pang Pang",etn,,eton1255,"eton1256, pang1289"
Etoro-Bedamini,"Beami, Edolo",,"beo, etr",etor1234,"beam1240, edol1239"
Etp-Ti Kalam,"Kalam, Tai",,"kmh, taw",etpt1234,"kala1397, taii1241"
Etruscan,,ett,,etru1241,
Akweya,"Etulo-Idoma, Igede",,ige,etul1244,"etul1246, iged1239"
Etulo,,utr,,etul1245,
Etulo-Idoma,"Etulo, Nuclear Idoma",,utr,etul1246,"etul1245, nucl1732"
Eudeve,,eud,,eude1234,
Europanto,,eur,,euro1250,
Evant,,bzz,,evan1238,
Evapia,"Dumpu, Kesawai-Sausi, Kou",,"wtf, snz",evap1240,"dump1243, kesa1245, sins1241"
Evenki,"Manchurian Evenki, Aoluguya, Borzya Khamnigan Evenki, Urulyungui Khamnigan Evenki, Solon, Amur basin Solon, Hulun Buir Solon, Morigele, Nonni basin Solon, Ongkor Solon, Siberian Evenki, Eastern Evenki, Bareya-Amgun', Barguzin Evenki, Chul'man-Gilyui, Sakhalin Evenki, Uchur-Zeya, Vitim-Olyokma, Northern Evenki, Ilimpeya, Yerbogachon, Southern Evenki, Hissing Evenki, Hushing Evenki",evn,,even1259,"manc1253, aolu1238, chen1257, hail1248, solo1263, amur1244, huih1238, mori1265, nonn1235, ongk1234, sibe1251, east2846, bare1281, barg1253, chul1247, sakh1246, uchu1234, viti1244, nort3334, ilim1234, yerb1234, sout3321, hiss1234, hush1235"
Even,"Eastern Even, Berjozovka, Kamchatka, Kolyma-Omolon, Okhotsk, Ola, Sakkyryr, Upper Kolyma, Middle Even, Allaikha, Moma Even, Tompon, Western Even, Indigirka, Lamunkhin, Tjugasjir",eve,,even1260,"east2811, berj1234, kamc1242, koly1246, okho1239, olaa1239, sakk1240, uppe1414, midd1358, alla1250, moma1245, tomp1241, west2887, indi1257, lamu1253, tjug1234"
Viya,,gev,,eviy1235,
Ewage-Notu,"Nuclear Ewage-Notu, Yega",nou,,ewag1241,"nucl1606, yega1243"
Ewe,"Adan, Agu (Ewe), Anlo, Aveno, Be, Northwestern Gbe, Gbin (Ewe), Ho (Ghana), Kpelen, Vhlin, Togo (Ewe)",ewe,,ewee1241,"adan1249, aguu1242, angl1262, aven1238, beee1241, nort3331, gbin1238, hooo1250, kpel1251, vlin1238, togo1251"
Eweic,"Adangbe, Aguna, Ewe",,"adq, aug, ewe",ewei1234,"adan1248, agun1238, ewee1241"
Ewenic,"Arman, Even",,eve,ewen1234,"arma1243, even1260"
Ewondo,"Badjia, Bafeuk, Bamvele, Bane, Beti, Enoah, Evouzok, Fong, Mbida-Bani, Mvete, Mvog-Niengue, Omvang, Yabekanga, Yabeka, Yabekolo",ewo,,ewon1239,"badj1245, bafe1238, bamv1238, bane1246, beti1249, enoa1238, evou1238, fong1242, mbid1238, mvet1238, mvog1242, omva1238, yabe1251, yabe1252, yabe1253"
Ewondo Populaire,,,,ewon1240,
Ewondo-Bebele,"Bebele, Bebil, Ewondo",,"beb, bxp, ewo",ewon1241,"bebe1248, bebi1242, ewon1239"
Ewondo-based pidgin,Ewondo Populaire,,,ewon1242,ewon1240
Extended Ocotepec Zapotec,"Isthmus Zapotec, Ocotlán Zapotec, Tilquiapanic, Zaachila Zapotec",,"zai, zac, ztx",exte1234,"isth1244, ocot1244, tilq1236, zaac1239"
Extremaduran,"Central Extremaduran, Northern Extremaduran, Southern Extremaduran",ext,,extr1243,"cent1957, nort2604, sout2610"
Extreme Northern New Caledonian,"Kum-Nel-Yua-Cac, Nyalayu",,,extr1244,"kumn1236, nyal1256"
Extreme Southern New Caledonian,"Dumbea, Numee",,"duf, kdk",extr1245,"dumb1241, nume1242"
Extreme North Vestigial Suffixes Bantu,"Kari, Ngbee, Nyanga-li",,"kbj, jgb, nyc",extr1247,"kari1306, ngbe1238, nyan1303"
Extreme North Cameroon Sign Language,,,,extr1248,
Eyak,,eya,,eyak1241,
Annobonese,,fab,,fada1250,
Faeto and Celle San Vito Francoprovencal,"Celle San Vito, Faeto",,,faet1240,"cell1238, faet1239"
Fagani,"Agufi, Nuclear Fagani, Rihu'a",faf,,faga1239,"aguf1237, nucl1474, rihu1237"
Faifi,,fif,,faif1234,
Faire Atta,,azt,,fair1238,
Kulsab,,faj,,fait1240,
Faiwol,"Angkiyakmin, Faiwolmin, Wopkeimin",fai,,faiw1243,"angk1247, faiw1244, wopk1238"
Faiwol-Seltaman,"Faiwol, Setaman",,"fai, stm",faiw1245,"faiw1243, seta1246"
Fala,"Lagarteiru, Mañegu, Valvideiru",fax,,fala1241,"laga1241, mane1261, valv1238"
Falamic,"Bawm Chin, Bualkhaw Chin, Falam Chin",,"bgr, cbl, cfm",fala1242,"bawm1236, bual1235, fala1243"
Falam Chin,,cfm,,fala1243,
Falam Chin (Retired),,flm,,fala1245,
Fali,,fli,,fali1285,
Fali-Gude,"Fali, Gude",,"fli, gde",fali1290,"fali1285, gude1246"
Faliscan,,xfa,,fali1291,
Fam,,fam,,famm1241,
Fanagalo,"Chilapalapa, Cikabanga",fng,,fana1235,"chil1261, cika1238"
Fang (Equatorial Guinea),"Fang, Make, Mvae, Ntum, Ogowe",fan,,fang1246,"fang1247, make1249, mvae1238, ntum1238, ogow1238"
Fang (Cameroon),,fak,,fang1248,
Fania,"Northern Fania, Southern Fania",fni,,fani1244,"nort2772, sout2783"
Farefare,"Booni, Frafra, Gudeni, Gurune, Nankani, Nankana, Talni",gur,,fare1241,"boon1238, fraf1238, gude1239, guru1262, nank1248, nank1249, taln1239"
Vach-Vasjugan,"Vach Khanty, Vasjugan Khanty",,,fare1244,"vach1239, vasj1234"
Far East Polynesian,"Mangareva, Rapanui",,"mrv, rap",fare1245,"mang1401, rapa1244"
Far Northwestern Nisu,,nsf,,farn1234,
Faroese,,fao,,faro1244,
Farsic-Caucasian Tat,"Caucasian Tat, Farsic",,,fars1254,"cauc1242, fars1255"
Farsic,"Eastern Farsic, Judeo-Persian, Western Farsi",,"jpr, pes",fars1255,"east2745, jude1257, west2369"
Far Western Muria,,fmu,,farw1235,
Far West Lakes Plain,"Awera, Rasawa-Saponi",,awr,farw1236,"awer1241, rasa1242"
Momu-Fas,"Eastern Fas, Western Fas",fqs,,fass1245,"east2524, west2605"
Fasu,"Kaibu, Namome, Some",faa,,fasu1242,"kaib1243, namo1245, some1244"
Fataleka,,far,,fata1245,
Fataluku-Oirata,"Fataluku, Oirata",,"ddg, oia",fata1246,"fata1247, oira1263"
Fataluku,,ddg,,fata1247,
Fayjatases,,,,fayj1234,
Fayu,,fau,,fayu1238,
Fayu-Kirikiri,"Fayu, Kirikiri",,"fau, kiy",fayu1239,"fayu1238, kiri1256"
Fe'fe',"Ca', Central Fe'Fe', Fa', Nee, Njee-Poantu, Nka', North Fe'Fe', La'fi, Mkwet, Ngam (Cameroon), Ntii, Tungi'",fmp,,fefe1239,"caaa1238, cent2037, faaa1239, neee1239, njee1238, nkaa1238, nort2806, lafi1238, mkwe1238, ngam1266, ntii1238, tung1287"
Fembe,,agl,,femb1238,
Fer-Gula,"Gula (Central African Republic), Kara (Central African Republic)",,"kcm, kah",ferg1237,"gula1266, kara1482"
Pichi,,fpe,,fern1234,
Feroge-Mangaya,"Feroge, Mangayat",,"fer, myj",fero1243,"fero1244, mang1387"
Feroge,,fer,,fero1244,
FH-Jola,"Jola-Esulalu, PF-Jola",,csk,fhjo1234,"jola1262, pfjo1234"
Fiji Hindi,,hif,,fiji1242,
Fijian,"East Viti Levu, Northeast Viti Levu, Southeast Viti Levu, Bau (Fijian), Lutu, Nadrau, Naimasimasi, Namosi, Waidina, Kadavu, Nuclear Vanua Levu, Central Vanua Levu, Northeast Vanua Levu, West Vanua Levu, Southeast Vanua Levu",fij,,fiji1243,"east2898, nort2842, sout2864, bauu1243, lutu1234, nadr1234, naim1234, namo1250, waid1240, kada1285, nucl1825, cent2061, nort2843, west2514, sout2863"
Fijian-based pidgin,Pidgin Fijian,,,fiji1244,pidg1237
Fiji Sign Language,,,,fiji1246,
Filipino,,fil,,fili1244,
Filomeno Mata Totonac,,tlp,,filo1235,
Finasleigh Pama,"Mbabaram, Wamin",,"vmb, wmi",fina1240,"mbab1239, wami1239"
Eastern-Southern Bontok,"Eastern Bontok, Barlig, Kadaklan, Lias, Southern Bontok",bkb,"ebk, obk",fina1242,"east2881, barl1240, kada1287, lias1237, sout3368"
Finisterre-Huon,"Finisterre-Saruwaged, Huon",,,fini1244,"fini1245, huon1246"
Finisterre-Saruwaged,"Erap, Gusap-Mot, Uruwa, Wantoatic, Warup, Yupna",,,fini1245,"erap1240, gusa1245, uruw1240, want1251, waru1269, yupn1242"
Finland-Swedish Sign Language,,fss,,finl1235,
Finnish Sign Language,,fse,,finn1310,
Finnic,"Coastal Finnic, South Estonian",,vro,finn1317,"coas1319, sout2679"
Finnish,"Central and North Pohjanmaa, Häme, Peräpohja, Savo, Southeastern Finnish, Southwestern Finnish, South Pohjanmaa",fin,,finn1318,"cent1985, hame1240, pera1253, savo1254, sout1743, sout2677, sout2678"
Finnish Sign,"Finland-Swedish Sign Language, Finnish Sign Language",,"fss, fse",finn1319,"finl1235, finn1310"
Finongan,,fag,,fino1238,
Finungwan-Mamaa-Gusan,"Finongan, Gusan, Mamaa",,"fag, gsn, mhf",finu1234,"fino1238, gusa1246, mama1277"
Fio,,,,fioo1234,
Fipa,"Kandaasi, Kwaafi, Kwa (Fipa), Nkwaamba, Ntili, Peemba, Siiwa, Sukuuma",fip,,fipa1238,"kand1298, kwaa1263, kwaa1264, nkwa1238, ntil1238, peem1238, siiw1238, suku1262"
Fipaic,"Fipa, Maluwawaru",,fip,fipa1240,"fipa1238, malu1251"
Firan,,fir,,fira1238,
First Vernacular Hmong,"Sinicized Miao, Hmong Daw, Horned Miao, Hua Miao, Unclassified First Vernacular Hmong",,"hmz, mww, hrm",firs1234,"hmon1331, hmon1333, horn1235, huam1250, unun9990"
Fiwaga,,fiw,,fiwa1240,
Flecheiros,,,,flec1235,
Flinders Island,,fln,,flin1247,
Flinders-Barrow,"Barrow Point, Flinders Island",,"bpt, fln",flin1248,"barr1247, flin1247"
Flores-Lembata,"Kedang, Lamaholot Barat, Lamaholot Tengah, Lamaholot Timur, Sika",,"ksx, ski",flor1239,"keda1252, lama1293, lama1294, lama1297, sika1262"
Flores-Sumba-Hawu,"Flores Barat, Sumba-Hawu",,,flor1240,"flor1241, sumb1242"
Flores Barat,"Manggaraiic, Central Flores-Paluqe",,,flor1241,"mang1430, ngad1265"
Flores Lamaholot,"Lamaholot, Lewotobi, Pukaunu",,"slp, lwt",flor1242,"lama1277, lewo1244, puka1244"
Far North Queensland Indigenous Sign Language,,,,fnqi1234,
Abawiri,,flh,,foau1240,
Foia Foia,,ffi,,foia1236,
Foi,"Ifigi, Kafa (Papua New Guinea), Kutubu, Mubi (Foi)",foi,,foii1241,"ifig1238, kafa1243, kutu1266, mubi1239"
Folopa,"Aurei, Bara (Papua New Guinea), Boro (Papua New Guinea), Keba-Wopasali, Kewah, Pupitau, Ro, Sesa, Siligi, Sopese, Suri (Papua New Guinea), Tebera, Waraga",ppo,,folo1238,"aure1239, bara1374, boro1278, keba1251, kewa1247, pupi1239, rooo1240, sesa1245, sili1248, sope1239, suri1271, tebe1252, wara1301"
Foma,,fom,,foma1238,
Fongbeic,"Ci Gbe, Defi Gbe, Fon, Gun, Maxi Gbe, Weme Gbe, Wudu",,"cib, gbh, fon, guw, mxl, wem, wud",fong1244,"cigb1235, defi1235, fonn1241, gunn1250, maxi1236, weme1239, wudu1238"
Fon,"Agbome, Arohun, Kpase",fon,,fonn1241,"agbo1241, aroh1238, kpas1241"
Foodo,,fod,,food1238,
Forak,,frq,,fora1245,
Fordata,"Fordata-Larat I, Fordata-Larat II, Molo (Indonesia), Sera (Indonesia)",frd,,ford1242,"ford1243, ford1244, molo1261, sera1262"
Forest Enets,,enf,,fore1265,
Forest Maninka,,myq,,fore1268,
Fore,"North Central Fore, Pamusa",for,,fore1270,"nort2922, pamu1239"
Forest Kivu,"Fuliiric, Hunde-Havu, Shi, Tembo (Kitembo)",,"shr, tbt",fore1272,"fuli1241, hund1240, shii1238, temb1270"
Fore-Gimi,"Fore, Gimi (Eastern Highlands)",,"for, gim",fore1273,"fore1270, gimi1243"
Forest Nenets,"Agan Nenets, Pur Nenets, Lyamin Nenets, Nadym Nenets",,,fore1274,"agan1235, fore1266, lyam1234, nady1234"
Forrest River,"Gambera, Kwini, Miwa",,"gma, gww, vmi",forr1234,"gamb1251, kwin1241, miwa1242"
Kiai,,frt,,fort1240,
Fox,"Kickapoo, Meskwaki",,"kic, sac",foxx1245,"kick1244, mesk1242"
Farefareic,"Farefare, Nabit",,gur,fraf1239,"fare1241, nabi1240"
Arpitan,"Dauphinois (Arpitan), Franche-Comtois, Lyonnais, Neuch-Telois, Neuchatelais, Savoyard, Valaisan, Valle D'aosta, Vaudois",frp,,fran1260,"daup1247, fran1262, lyon1243, neuc1242, neuc1243, savo1253, vala1242, vall1249, vaud1238"
Northern Chiapas Zoque,"Franciso León, Ostuacín, San Pedro Yaspac",zos,,fran1266,"fran1272, ostu1241, sanp1256"
Francais Tirailleur,,,,fran1267,
Middle German,"East Middle German, West Middle German",,,fran1268,"east2832, high1287"
Francoprovencalic,"Faeto and Celle San Vito Francoprovencal, Arpitan",,frp,fran1269,"faet1240, fran1260"
French Sign Language,Marseille Sign Language,fsl,,fren1243,mars1235
French-based pidgin,"Bauxite Pidgin, Belle-Isle Pidgin, Burundi Pidgin French, Francais Tirailleur, New Caledonian Pidgin French, Slavey-French-based pidgin, Tay Boi",,tas,fren1279,"baux1234, bell1264, buru1323, fran1267, newc1245, slav1256, tayb1240"
Bay Islands Sign Language,,,,fren1280,
Frisian,"Modern West Frisian, Northern Frisian, Old Frisian, Ems-Weser Frisian",,"frr, ofs, stq",fris1239,"mode1264, nort2626, oldf1241, sate1242"
Friulian,"Carnico, East Central Friulian, Western Friulian",fur,,friu1240,"carn1239, east2271, west2338"
Fula,"Borgu Fulfulde, Eastern Fula, Maasina Fulfulde, Pular, Pulaar, Western Niger Fulfulde",ful,"fue, ffm, fuf, fuc, fuh",fula1264,"borg1235, fula1265, maas1239, pula1262, pula1263, west2454"
Eastern Fula,"Adamawa-Bagirmi Fulfulde, Central-Eastern Niger Fulfulde, Hausa States Fulfulde",,"fuq, fuv",fula1265,"adam1260, cent2018, nige1253"
Fuliiru,,flr,,fuli1240,
Fuliiric,"Fuliiru-Vira, Nyindu",,nyg,fuli1241,"fuli1242, nyin1248"
Fuliiru-Vira,"Fuliiru, Joba",,"flr, job",fuli1242,"fuli1240, joba1238"
Fulniô,"Fulniô Proper, Yatê",fun,,fuln1247,"fuln1248, yate1241"
Fum,,fum,,fumm1238,
Fungwa,,ula,,fung1245,
Furan,"Amdang, Fur",,"amj, fvr",fura1235,"amda1238, furr1244"
Fur,,fvr,,furr1244,
Furu,,fuu,,furu1242,
Futuna-Aniwa,"Aniwa, West Futuna",fut,,futu1245,"aniw1237, west2515"
Fuyug,"Central Udab, North-South Udab, Northeast Fuyug, West Fuyug",fuy,,fuyu1242,"cent2124, nort2928, nort2929, west2603"
Fwâi,,fwa,,fwai1237,
Fwe,,fwe,,fwee1238,
Fyam,,pym,,fyam1238,
Fyer-Tambas,"Fyer, Tambas",,"fie, tdk",fyer1240,"fyer1241, tamb1267"
Fyer,,fie,,fyer1241,
Ga,,gaa,,gaaa1244,
Gaa,,ttb,,gaaa1245,
Gaam,"Buwag-Jog Tao, Buwag, Jog Tao, Kulag-Jog Goor, Jog Goor, Kulag",tbi,,gaam1241,"buwa1245, buwa1239, soda1238, kula1286, kuku1284, kula1276"
Ga'anda,"Gabin, Nuclear Ga'anda",gqa,,gaan1243,"gabi1247, nucl1684"
Gabogbo,,gie,,gabo1234,
Gabri,,gab,,gabr1253,
Gabri-Kimre,"Gabri, Kimre",,"gab, kqp",gabr1256,"gabr1253, kimr1241"
Gabutamon,,gav,,gabu1248,
Ga-Dangme,"Adangme, Ga",,"ada, gaa",gada1257,"adan1247, gaaa1244"
Ga'dang,,gdg,,gada1258,
Gadang,,gdk,,gada1262,
Gaddi,"Bharmauri, Macleod Ganj",gbk,,gadd1242,"bhar1240, macl1238"
Gaddang,,gad,,gadd1244,
Gaddangic,"Cagayan-Baliwon Gaddang, Central Cagayan Agta, Itawit, Yogad",,"agt, itv, yog",gadd1245,"caga1242, cent2084, itaw1240, yoga1237"
Gade Lohar,,gda,,gade1236,
Gade,,ged,,gade1242,
Gajirrabeng,,gdh,,gadj1243,
Gadsup,"Nuclear Gadsup, Oyana",gaj,,gads1258,"nucl1614, oyan1240"
Gadsup-Agarabi,"Agarabi, Gadsup",,"agd, gaj",gads1260,"agar1252, gads1258"
Gaena-Korafe,"Gaina, Korafe-Yegha",,"gcn, kpr",gaen1235,"gain1243, kora1294"
Gafat,,gft,,gafa1240,
Gagauz,"Bulgar Gagauz, Maritime Gagauzi",gag,,gaga1249,"bulg1263, mari1413"
Gaagudju,,gbu,,gaga1251,
Gagnoa Bété,"Gbadi, Kpakolo, Nekedi, Niabre, Zadie, Zebie",btg,,gagn1235,"gbad1242, kpak1238, neke1238, niab1238, zadi1238, zebi1238"
Gban,"Bokabo, Bokwa (Mande), N'da, Tuka",ggu,,gagu1242,"boka1250, bokw1238, ndaa1238, tuka1245"
Bunan,,bfu,,gahr1239,
Gahuku,"Alekano, Dano, Tokano",,"gah, aso, zuh",gahu1246,"alek1238, dano1240, toka1244"
Gaikundi,,gbf,,gaik1242,
Gail,,gic,,gail1235,
Gaina,"Bareji (Gaina), Nuclear Gaina",gcn,,gain1243,"bare1275, nucl1605"
Galatian,,xga,,gala1252,
Galambu,,glo,,gala1264,
Galambu-Bele,"Galambu, Kirfi-Bele",,glo,gala1265,"gala1264, kirf1234"
Galeya,"Basima, Gameta, Garea, Sebutuia, Urua, Wadalei",gar,,gale1257,"basi1247, game1243, gare1237, sebu1244, urua1243, wada1262"
Galela,"Kadai (Galela), Kadina, Morotai, Sopi",gbi,,gale1259,"kada1290, kadi1247, moro1290, sopi1242"
Galela-Loloda,"Galela, Loloda-Laba",,"gbi, loa",gale1261,"gale1259, lolo1264"
Kalkatungic,"Kalkatungu, Yalarnnga",,"ktg, ylr",galg1238,"kalk1246, yala1262"
Galician,,glg,,gali1258,
Galice,,gce,,gali1261,
Galibi Carib,"Murato, Tabajari, Tyrewuju",car,,gali1262,"mura1272, taba1267, tyre1237"
Galician Romance,"Fala, Galician, Macro-Portuguese, Minderico",,"fax, glg, drc",gali1263,"fala1241, gali1258, macr1272, mind1263"
Galibi-based pidgin,"Joeka-Oajana Pidgin, Pidgin Carib",,,gali1266,"joek1234, pidg1256"
Gallurese Sardinian,,sdn,,gall1276,
Gal,,gap,,gall1278,
Gallo-Italian,"Emiliano-Romagnolo, Judeo-Italian, Ligurian, Piemontese-Lombard, Sassarese Sardinian, Venetian",,"eml, itk, lij, sdc, vec",gall1279,"emil1243, jude1255, ligu1248, piem1239, sass1235, vene1258"
Gallo-Rhaetian,"Friulian, Ladin, Oil, Romansh",,"fur, lld, roh",gall1280,"friu1240, ladi1250, oila1234, roma1326"
Galo,,adl,,galo1242,
Galoli-Talur,"Baba (East Timor), Edi, Hahak, Na Nahek, Nuclear Galoli, Talur, Hiay, Ilputih (Talur), Ilwaki",gal,ilw,galo1243,"baba1272, edii1237, haha1243, nana1259, nucl1541, talu1239, hiay1237, ilpu1240, ilwa1238"
Galu-Alu,"Alu-Sinagen, Galu",,"dia, siu",galu1240,"diaa1238, sina1269"
Gamale Kham,"Ghusbanggi, Tamali",kgj,,gama1251,"ghus1238, tama1326"
Gambera,,gma,,gamb1251,
Gambian Wolof,,wof,,gamb1252,
Gambian Sign Language,,,,gamb1259,
Gamela of Viana,,,,game1240,
Gamit,,gbl,,gami1242,
Yuwaalaraay-Gamilaraay,"Gawambaraay, Guyinbaraay, Waalaraay, Wirriyaraay, Yuwaalaraay, Yuwaalayaay",kld,,gami1243,"gawa1249, guyi1237, waal1237, wirr1237, yuwa1242, yuwa1243"
Gamkonora,,gak,,gamk1238,
Gamo-Ningi,"Gamo (Nigeria), Ningi",bte,,gamo1241,"gamo1242, ning1272"
Gamo,,gmv,,gamo1243,
Gamo-Gofa-Dawro,,gmo,,gamo1244,
Birrdhawal,,ihw,,gana1268,
Ganang,,gne,,gana1270,
//Gana,"Domkhoe, G||aakhwe, G||anakhwe, |Khessákhoe",gnk,,gana1274,"domk1238, gaak1238, gana1275, khes1242"
Gana,,gnq,,gana1277,
Ganai,,unn,,gana1278,
Ganaic,"Birrdhawal, Ganai",,"ihw, unn",gana1279,"gana1268, gana1278"
Gan Chinese,"Chang-Jing, Anyi, Nanchang, Pingjiang, Fu-Guang, Ji-Cha, Yi-Liu, Ying-Yi",gan,,ganc1239,"chan1317, anyi1247, nanc1254, ping1246, fugu1238, jich1238, yili1247, ying1246"
Kaansa-Dogose,"Dogose-Khisa, Kaansa",,gna,gand1254,"dogo1300, kaan1246"
Ganda,"Kooki, Ludiopa, Luvuma, Sese",lug,,gand1255,"kook1242, ludi1247, luvu1238, sese1244"
Gandhari,,pgd,,gand1259,
Gane,,gzn,,gane1237,
!Gã!ne,,,,gane1238,
Gangte,,gnb,,gang1266,
Ganggalida,"Kangkalita, Nguburindi",gcd,,gang1267,"kang1283, ngub1238"
Gangulu,,gnl,,gang1268,
Ganglau,,ggl,,gang1270,
Gangte-Vaiphei,"Gangte, Vaiphei",,"gnb, vap",gang1271,"gang1266, vaip1239"
Gangou,,,,gang1272,
Gants,,gao,,gant1244,
Ganza,,gza,,ganz1246,
Ganzi,,gnz,,ganz1247,
Gao,,gga,,gaoo1237,
Gapapaiwa,,pwg,,gapa1238,
Garasia Bhil,"Adiwasi Garasia, Rajput Garasia",,"gas, gra",gara1268,"adiw1235, rajp1235"
Garrwa,"Kunindirri, Western Garrwa",wrk,,gara1269,"kuni1269, west2904"
Gardiol,,,,gard1245,
Garhwali,"Badhani, Bangani, Bhattiani, Chandpuri, Dessaulya, Gangadi, Jaunpuri, Lohbya, Majh-Kumaiya, Nagpuriya, Parvati, Rathi, Ravai, Salani, Srinagaria, Tehri",gbm,,garh1243,"badh1238, bang1335, bhat1261, chan1306, dess1238, gang1264, jaun1244, lohb1238, majh1251, nagp1247, parv1238, rath1241, rava1238, sala1263, srin1238, tehr1243"
Garig-Ilgar,"Garig, Ilgar",ilg,,gari1253,"gari1254, ilga1238"
Garifuna,"Eastern Garifuna, Western Garifuna",cab,,gari1256,"east2562, west2649"
Garo,"Abeng, A'beng, Achik, A'chick, A'we, Chisak, Dacca, Ganching, Kamrup, Matchi",grt,,garo1247,"aben1247, aben1248, achi1247, achi1255, awee1241, chis1241, dacc1238, ganc1238, kamr1239, matc1241"
Garre,,gex,,garr1259,
Garrwan,"Garrwa, Wanyi",gbc,"wrk, wny",garr1260,"gara1269, wany1247"
Garreh-Ajuran,,ggh,,garr1261,
Garus,,gyb,,garu1246,
Garuh-Foran,"Baimak, Gal, Nobonob, Wagi (Papua New Guinea)",,"bmx, gap, gaw, fad",garu1247,"baim1245, gall1278, nobo1238, wagi1249"
Gascon (Retired),,gsc,,gasc1241,
Gata',"Hill Geta', Plains Geta'",gaq,,gata1239,"hill1251, plai1256"
Gauda-Kamrupa,"Gauda-Banga, Kamrupa",,,gaud1237,"gaud1238, kamt1240"
Gauda-Banga,"Bengali, Bishnupriya Manipuri, Eastern Bengali, Kharia Thar, Lodhi, Mar Paharia of Dumka, Rohingya, Southeastern Bengali, Unclassified Gauda-Banga",,"ben, bpy, ksy, lbm, mkb, rhg",gaud1238,"beng1280, bish1244, east2744, khar1283, lodh1246, malp1246, rohi1238, sout3182, uncl1515"
Gauic,"Gau, Gelaoic",,,gaui1234,"gauu1234, gela1265"
Gau,,,,gauu1234,
Gauwa,"Auyana, Awa-Oweina, Gadsup-Agarabi",,,gauw1235,"auya1234, awao1234, gads1260"
Gavar,,gou,,gava1241,
Gavião Do Jiparaná,"Gavião, Zoró",gvo,,gavi1246,"gavi1247, zoro1244"
Nuclear Gavianic,"Aruá (Rondonia State), Cinta Larga, Gavião Do Jiparaná",,"arx, cin, gvo",gavi1248,"arua1261, cint1239, gavi1246"
Gavianic,"Nuclear Gavianic, Salamãi",,mnd,gavi1250,"gavi1248, sala1273"
Gawarbatic,"Gawar-Bati, Shumashtic",,gwt,gawa1246,"gawa1247, shum1244"
Gawar-Bati,,gwt,,gawa1247,
Ale-Gawwada,"Dihina, Gergere, Gobeze, Gollango, Gorose, Harso",gwd,,gaww1239,"dihi1238, gerg1238, gobe1239, goll1242, goro1271, hars1238"
Gayil,,gyl,,gayi1237,
Gayo,"Bobasan, Dorot, Serbodjadi, Tampur",gay,,gayo1244,"boba1247, doro1264, serb1268, tamp1253"
Gazic,"Ardestani, Gazi, Jarquya'i, Judeo-Isfahani, Kafrudi, Kuhpa'i, Nohuji, Rudashti, Sedehi, Zefra'i",gzi,,gazi1243,"arde1234, gazi1245, jarq1234, jude1276, kafr1235, kuhp1234, nohu1234, ruda1235, sede1245, zefr1234"
Gbagyi-Gbari,"Gbagyi, Gbari",,"gbr, gby",gbag1256,"gbag1258, gbar1246"
Gbagyi,"Diko, Kaduna, Karu, Kuta, Louome, Ngenge, Tawari, Vwezhi",gbr,,gbag1258,"diko1242, kadu1255, karu1253, kuta1242, louo1238, ngen1253, tawa1273, vwez1238"
Gbanziri-Boraka,,gbg,,gban1258,
Gbanu-Manza-Ngbaka,"Gbanu, Manza-Ngbaka",,gbv,gban1259,"gban1260, manz1241"
Gbanu,"Budigri, Gbagiri, Nuclear Gbanu",gbv,,gban1260,"budi1248, gbag1253, nucl1363"
Gbari,"Botai, Gayegi, Gbagyi Nkwa, Izem, Jezhu, Kong, Kwali, Kwange (Nigeria), Paiko, Wahe",gby,,gbar1246,"bota1238, gaye1238, gbag1257, izem1238, jezh1238, kong1290, kwal1255, kwan1277, paik1238, wahe1238"
Gbati-ri,,gti,,gbat1238,
Gbayi,,gyg,,gbay1278,
Gbaya-Manza-Ngbaka,"Gbaya Oriental, Gbaya Meridional-Occidental",,,gbay1279,"gbay1280, gbay1282"
Gbaya Oriental,"Gbanu-Manza-Ngbaka, Mbodomo-Bofi",,,gbay1280,"gban1259, mbod1237"
Gbaya-Mbodomo,,gmm,,gbay1281,
Gbaya Meridional-Occidental,"Bokoto-Gbeya, Gbaya Meridional, Northwest Gbaya",,gya,gbay1282,"boko1260, gbay1284, nort2775"
Gbaya Meridional,"Ngombe-Bangandu, Southwest Gbaya",,"bgf, gso",gbay1284,"bang1347, sout2785"
Gbaya-Bozoum,"Boyali, Bozom, Diabe",gbq,,gbay1286,"boya1242, bozo1251, diab1238"
Gbaya-Bossangoa,"Bossangoa, Gbabana",gbp,,gbay1287,"boss1242, gbab1238"
Kresh-Woro,"Kresh, Kresh Ndogo, Kresh Hofra, Ngbongbo, Kpara-Naka, Goro-Golo, Woro (South Sudan)",krs,,gbay1288,"gbay1292, gbay1289, gbay1290, gbay1291, naka1261, orlo1238, woro1259"
Gbe,"Aja (Benin), Eastern Gbe, Western Gbe",,ajg,gbee1241,"ajab1235, east2711, west2802"
Gberi-Morokodo-Mittu,"Mittu, Mo'da, Morokodo",,"mwu, gbn, mgc",gber1234,"mitt1253, moda1242, moro1284"
Gbesi Gbe,"Gbesi, Gbokpa",gbs,,gbes1238,"gbes1239, gbok1238"
Gbeya,"Gbaya-Bozoum, Gbeya-Suma",,gbq,gbey1243,"gbay1286, gbey1244"
Gbeya-Suma,"Gbaya-Bossangoa, Suma",,"gbp, sqm",gbey1244,"gbay1287, suma1264"
Gbii,"Dorbor, Kplor",ggb,,gbii1242,"dorb1243, kplo1238"
Gbin,,xgb,,gbin1239,
Gbiri-Niragu,"Gbiri, Niragu",grh,,gbir1241,"gbir1242, nira1238"
Gboloo Grebo,"Biabo, Dediebo, Gederobo, Nyanoun",gec,,gbol1235,"biab1239, dedi1238, gede1242, nyan1312"
Gboloo-Central Grebo,"Central Grebo, Gboloo Grebo",,"grv, gec",gbol1236,"cent2041, gbol1235"
Geba-Bwe,"Bwe Karen, Geba Karen",,"bwe, kvq",geba1236,"bwek1238, geba1237"
Geba Karen,,kvq,,geba1237,
Gebe,Umera,gei,,gebe1237,umer1237
Gedaged,,gdd,,geda1237,
Gedeo,,drs,,gede1246,
Ge,Gejiahua,hmj,,geee1239,geji1239
Geelvink Bay,"Barapasi-Sauri-Kofei, Bauzi, Burate-Wate, Demisa, Nisa-Anasi, Tefaro, Woria",,"bvz, dei, njs, tfo, wor",geel1240,"bara1399, bauz1241, bura1294, demi1242, nisa1239, tefa1238, wori1246"
Geez,,gez,,geez1241,
Geico,,,,geic1236,
Gejic,"Gyaazi, Bu (Zaranda)",,"gyz, zbu",geji1246,"nucl1692, zara1252"
Geko Karen,,ghk,,geko1235,
Gelao,,gio,,gela1261,
Gela,,nlg,,gela1263,
Gelao Mulao,,giu,,gela1264,
Gelaoic,"Northern Gelao, Central Gelao-Qau, Southwestern Gelao",,gqu,gela1265,"nort3188, qaua1234, sout2749"
Kman-Meyor,"Kman, Zakhring",,"mxj, zkr",gema1234,"miju1243, zakh1243"
Geman Deng,,gen,,gema1236,
Geme,"Geme Kulagbolu, Geme Tulu",geq,,geme1244,"geme1245, geme1246"
Gemein Datooga,"Biyanjiida, North-Central Datooga",,,geme1247,"bian1249, nort3277"
Gende,,gaf,,gend1249,
General Yokuts,"Buena Vista Yokuts, Nim Yokuts",,,gene1243,"buen1244, nimy1236"
General Yuman,"Delta-Californian Yuman, Pai, River Yuman",,,gene1244,"delt1253, paii1252, rive1260"
Gengle,,geg,,geng1243,
Gen,"Agoi (Gen), Anexo, Gliji, Nuclear Gen",gej,,genn1243,"agoi1244, anex1238, glij1238, nucl1353"
Georgian-Zan,"Georgic, Zan",,,geor1252,"geor1253, zann1245"
Georgic,"Georgian, Old Georgian",,"kat, oge",geor1253,"nucl1302, oldg1234"
Georgian Sign Language,,,,geor1254,
Gepo,,ygp,,gepo1234,
Gera,,gew,,gera1246,
Gera-Geruma-Kubi-Deno,"Gera-Geruma, Kubi-Deno",,,gera1247,"gera1248, kubi1240"
Gera-Geruma,"Gera, Geruma",,"gew, gea",gera1248,"gera1246, geru1240"
German Sign Language,,gsg,,germ1281,
Germanic,"East Germanic, Northwest Germanic",,,germ1287,"east2805, nort3152"
German-Yiddish-Romani-Rotwelsch,Yeniche,,yec,germ1288,yeni1236
German-based pidgin,"Kiautschou Pidgin German, WW2 Pidgin German",,,germ1289,"kiau1234, ww2p1234"
Geruma,"Duurum, Gamsawa, Sum",gea,,geru1240,"duur1238, gams1239, summ1239"
Seran Laut,"Geser-Gorom-Bati, Watubela",,wah,gese1239,"gese1241, watu1247"
Geser-Gorom,"Goram Laut, Kelimuri, Mina Mina Gorong",ges,,gese1240,"gora1263, keli1251, mina1270"
Geser-Gorom-Bati,"Bati (Indonesia), Geser-Gorom, Kowiai",,"bvt, ges, kwh",gese1241,"bati1253, gese1240, kowi1239"
Gey,,guv,,geya1234,
Ghadames,"Ayt Waziten, Elt Ulid",gha,,ghad1239,"aytw1238, eltu1238"
Ghale,"Kutang Ghale, Nuclear Ghale",,ght,ghal1246,"kuta1241, nucl1818"
Ghale-Tamangic,"Ghale, Tamangic",,,ghal1247,"ghal1246, tama1367"
Ghanaian Sign Language,,gse,,ghan1235,
Ghanongga,"Ganoqa, Kubokota",ghn,,ghan1242,"gano1234, kubo1244"
Ghanaian Pidgin English,,gpe,,ghan1244,
Ghandruk Sign Language,,gds,,ghan1245,
Ghanongga-Lungga,"Ghanongga, Lungga",,"ghn, lga",ghan1246,"ghan1242, lung1249"
Ghari,"Gae, Geri, Ndi (Solomon Islands), Nginia, Nuclear Ghari, Tandai-Nggaria",gri,,ghar1239,"gaee1238, geri1237, ndii1241, ngin1246, nucl1471, tand1254"
Ghardaia Sign Language,,ajs,,ghar1240,
Ghayavi,,bmk,,ghay1237,
Gheg Albanian,"Central Gheg, Northwest Gheg, Arbanasi, Istra Albanian, Srem, Northeast Gheg, Southern Gheg",aln,,gheg1238,"cent2342, nort3295, arba1240, istr1247, srem1242, nort3296, sout3280"
Ghera,,ghr,,gher1238,
Ghera-Gurgula,"Ghera, Gurgula",,"ghr, ggg",gher1240,"gher1238, gurg1240"
Godoberi,"Zibirkhalin, Ziloj",gdo,,ghod1238,"zibi1241, zilo1241"
Ghomálá',"Ghomálá North, Ghomálá South, Balessing, Bameka, Bansoa, Ghomálá Central, Ngemba (Ghomala')",bbj,,ghom1247,"ghom1248, ghom1249, bale1252, bame1261, bans1248, ghom1250, ngem1253"
Ghomara,,gho,,ghom1257,
Ghotuo,,aaa,,ghot1243,
Uncunwee,,ghl,,ghul1238,
Giangan,,bgi,,gian1241,
Gibanawa,,gib,,giba1240,
Gidar,Lam,gid,,gida1247,lamm1244
Gidole-Bussa,"Bussa, Dirasha",,"dox, gdl",gido1236,"buss1239, dira1242"
Giimbiyu,"Mangerr, Urninganggic",,zme,giim1238,"mang1382, urni1238"
Giiwo,,kks,,giiw1236,
Giiwo-Daza,"Daza, Giiwo",,"dzd, kks",giiw1237,"daza1244, giiw1236"
Gikuyu-Temi,"Kikuyu, Temi",,"kik, soz",giku1234,"kiku1240, temi1247"
Gikyode,,acd,,giky1238,
Gikyode-Ginyanga,"Gikyode-Foodo, Ginyanga",,ayg,giky1239,"giky1241, giny1241"
Gikyode-Foodo,"Foodo, Gikyode",,"fod, acd",giky1241,"food1238, giky1238"
Gilaki,"Eastern Gilaki, Lahijani, Langerudi, Machiani, Western Gilaki, Anzali, Fumani, Rashti",glk,,gila1241,"east2843, lahi1234, lang1338, mach1270, west2931, anza1234, fuma1234, rash1246"
Gilaki-Rudbari,"Gilaki, Rudbari",,"glk, rdb",gila1242,"gila1241, rudb1238"
Gilbertese,"Banaban, Nui",gil,,gilb1244,"bana1287, nuii1237"
Gilima,,gix,,gili1241,
Amur Nivkh,"Amur-West Sakhalin Nivkh, North Sakhalin Nivkh",niv,,gily1242,"amur1242, nort2750"
Gimi (West New Britain),,gip,,gimi1242,
Gimi (Eastern Highlands),"East Gimi, West Gimi",gim,,gimi1243,"east2515, west2597"
Gimme,"Baanma, Gemme of Gimuru-Dehnime, Kompana",kmp,,gimm1241,"baan1243, gemm1234, gomm1238"
Gimnime,"Gindoo, Beiya, Ritime",gmn,,gimn1238,"gind1234, gomn1238, riti1238"
Ginuman,,gnm,,ginu1240,
Ginyanga,,ayg,,giny1241,
Girawa,,bbr,,gira1247,
Gira-Neko-Nekgini,"Madi (Papua New Guinea), Nekgini, Neko",,"grg, nkg, nej",gira1248,"madi1261, nekg1240, neko1240"
Girirra,,gii,,giri1245,
Giryama,"Chwaka, Jibana, Kambe, Kauma, Nuclear Giryama, Rabai, Ribe",nyf,,giry1241,"chwa1242, jiba1245, kamb1298, kaum1238, nucl1390, raba1248, ribe1238"
Gitonga,"Gitonga Gy Khogani, Nyambe, Sewi",toh,,gito1238,"gito1239, nyam1272, sewi1238"
Gitua,,ggt,,gitu1237,
Gitxsan,"Gitsken, Nuclear Gitxsan",git,,gitx1241,"gits1238, nucl1650"
Giya,,,,giya1234,
Giyug,,giy,,giyu1238,
Gizey,,,,gize1234,
Giziga,"North Giziga, South Giziga",,"gis, giz",gizi1243,"nort3047, sout3051"
Gizrra,"Waidoro, Western Gizra",tof,,gizr1240,"waid1239, west2584"
Glaro-Twabo,"Glaro, Twabo",glr,,glar1241,"glar1242, twab1238"
Glavda,"Bokwa, Ngoshie (Glavda), Nuclear Glavda",glw,,glav1244,"bokw1242, ngos1242, nucl1680"
Glio-Oubi,,oub,,glio1241,
Global French,"Nouchi, French",,fra,glob1239,"nouc1234, stan1290"
Global Dutch,"Afrikaansic, Dutch, Javindo, Petjo",,"nld, jvd, pey",glob1241,"afri1273, dutc1256, javi1237, petj1238"
Global South Bavarian,"Cimbrian, Hutterite German, Mòcheno",,"cim, geh, mhn",glob1242,"cimb1238, hutt1235, moch1255"
Global German,"German, Unserdeutsch",,"deu, uln",glob1243,"stan1295, unse1236"
Global Javanese,"Caribbean Javanese, Javanese, New Caledonian Javanese",,"jvn, jav, jas",glob1245,"cari1276, java1254, newc1244"
Gnau,,gnu,,gnau1240,
Goam,"Tamolan, Ataitan",,,goam1234,"tamo1242, tang1354"
Goan Konkani,"Northern Konkani, Bardes-Tiswadi Christian Konkani, Goa Hindu Konkani, Gaudde Goa Hindu Konkani, Brahman Goa Hindu Konkani, Karnataka Christian Konkani, Southern Konkani, Southern Saraswat Brahman Konkani, Saxtti-Murmugao Christian Konkani",gom,,goan1235,"nort3364, bard1253, goah1234, gawd1238, stan1303, mang1376, sout3347, sara1313, saxt1234"
Goaria,,gig,,goar1239,
Gobasi,"Honibo, Nuclear Gobasi, Oiba",goi,,goba1246,"honi1245, nucl1451, oiba1238"
Gobu,,gox,,gobu1238,
Godié,"Dagli, Dlogo, Glibe, Jluko, Kagbo, Koyo (Cote d'Ivoire), Nugbo, Nyago, Tiglu",god,,godi1239,"dagl1238, dlog1238, glib1238, jluk1238, kagb1242, koyo1243, nugb1238, nyag1246, tigl1238"
Godwari,"Balvi, Khuni, Madahaddi, Sirohi",gdx,,godw1241,"balv1238, khun1256, mada1244, siro1247"
Goemai,,ank,,goem1240,
Gofa,,gof,,gofa1235,
Gogo,"Nyambwa, Nyaugogo",gog,,gogo1263,"nyam1274, nyau1243"
Gogodalic,"Ari-Waruna, Gogodala",,ggw,gogo1264,"ariw1234, gogo1265"
Gogodala,,ggw,,gogo1265,
Goidelic,"Modern Goidelic, Early Irish",,sga,goid1240,"mode1265, oldi1245"
Gokana,"Bodo (Gokana), Bomu (Gokana), Dere, Kibangha",gkn,,goka1239,"bodo1271, bomu1248, dere1242, kiba1244"
Gola,"De, Deng, Kongbaa, Kongba, Kpo, Managobla, Senje, Tee (Gola), Toldil",gol,,gola1255,"deee1239, deng1249, kong1285, kong1286, kpoo1238, mana1289, senj1238, teee1241, told1238"
Golinic,"Golin, Salt-Yui, Sinasina",,"gvf, sll, sst",goli1246,"goli1247, salt1242, sina1271"
Golin,"Kia, Marigl, Nuclear Golin, Yuri",gvf,,goli1247,"kiaa1241, mari1436, nucl1619, yuri1250"
Golo,,,,golo1234,
Gondi,"Northwest Gondi, Southeast Gondi",,gon,gond1265,"nort3258, sout3234"
Gone Dau,,goo,,gone1237,
Gongduk,,goe,,gong1251,
Ta-Ne-Omotic,"Bench, Kefoid, Ometo, Yemsa",,"bcq, jnj",gong1255,"benc1235, gong1256, omet1238, yems1235"
Kefoid,"Anfillo, Boro (Ethiopia), South Gonga",,"myo, bwo",gong1256,"anfi1235, boro1277, sout2835"
Gonja,"Choruba, Nuclear Gonja",gjn,,gonj1241,"chor1271, nucl1350"
Gonja-Dompo,"Dompo, Gonja",,"doy, gjn",gonj1242,"domp1238, gonj1241"
Goo,,gov,,gooa1234,
Gooniyandi,,gni,,goon1238,
Gorap,,goq,,gora1261,
Gorakor,Yanta,goc,,gora1262,yant1237
Gorani,"Gurani, Shabak-Bajalani",,hac,gora1267,"gura1251, shab1250"
Gore,"Kaba, Laka (Chad)",,"ksp, lap",gore1234,"kaba1281, laka1254"
Gorontalo-Mongondow,"Gorontalic, Mongondowic",,,goro1257,"goro1273, mong1346"
Gorontalo,"East Gorontalo, Gorontalo Kota, Limboto, Tilamuta, West Gorontalo",gor,,goro1259,"east2479, goro1260, limb1269, tila1238, west2556"
Gorovu,,grq,,goro1261,
Gorowa,,gow,,goro1270,
Goroka,"Gende, Nuclear Goroka, Unclassified Goroka",,gaf,goro1272,"gend1249, nucl1760, unun9977"
Gorontalic,"Bintauna, Bolango, Buol, Gorontalo, Kaidipang, Lolak, Suwawa",,"bne, bld, blf, gor, kzp, llq, swu",goro1273,"bint1245, bola1252, buol1237, goro1259, kaid1239, lola1250, suwa1241"
Gor,"Bodo (Gor), Yamod",gqr,,gorr1238,"bodo1273, yamo1247"
Gothic,"Ostrogoth, Vandal, Visigoth",got,,goth1244,"ostr1239, vand1245, visi1239"
Inland Bua,"Goulaic, Bolgo-Koke",,,goul1243,"goul1244, uncl1499"
Goulaic,"Bon Gula, Zan-Kulaalic",,glc,goul1244,"bong1282, zank1234"
Goundo,,goy,,goun1238,
Gourmanchéma,"Central Gourmanchema, Northern Gourmanchema, Southern Gourmanchema",gux,,gour1243,"cent2024, nort2778, sout2788"
Gourmantche-Moba,"Gourmanchéma, Moba-Bimoba",,gux,gour1248,"gour1243, moba1243"
Gowli,,gok,,gowl1241,
Gowlan,,goj,,gowl1242,
Gowro,,gwf,,gowr1239,
Alamuti,,goz,,goza1238,
Graeco-Phrygian,"Greek, Phrygian",,xpg,grae1234,"gree1276, phry1239"
Grangali-Ningalami,"Ningalami, Grangali",nli,,gran1245,"nang1256, nucl1285"
Grand Valley Dani,"Mid Grand Valley Dani, Southeast Grand Valley Dani, Walakic",,dnt,gran1246,"midg1235, sout3374, wala1275"
Grass Koiari,"Hogeri, Lahada, Omani",kbk,,gras1249,"hoge1238, laha1254, oman1238"
Great Andamanese,"Middle Great Andamanese, North Andamanese-Akakede, South Great Andamanese",,,grea1241,"midd1323, nort3276, sout2683"
Greater Awyu,"Awyu-Dumut, Becking-Dawi",,,grea1275,"awyu1263, beck1235"
Greater Quichean,"Core Quichean, Kekchí, Poqom, Uspanteco",,"kek, usp",grea1276,"core1251, kekc1242, poco1241, uspa1245"
Greater Mamean,"Ixilan, Mamean",,,grea1277,"ixil1250, mame1240"
Greater Maric,"Guwa-Maric, Unclassified Greater Maric",,,grea1282,"guwa1245, unun9965"
Greater Barito linkage,"Barito-Mahakam, Dusun Malang, Dusun Deyah, North East Greater Barito, North West Greater Barito, Sama-Bajaw, Southeast Barito, South West Greater Barito",,"duq, dun",grea1283,"bari1287, dusu1269, dusu1271, nort2888, nort2891, sama1302, sout2919, sout2921"
Greater Central Philippine,"Central Philippine, Danaw, Gorontalo-Mongondow, Manobo, Palawanic, South Mangyan, Subanen, Umiray Dumaget Agta",,due,grea1284,"cent2246, dana1253, goro1257, mano1276, pala1354, sout2915, suba1253, umir1236"
Greater Yakkha,"Athpariyic, Chintang, Chhulung, Yakkha",,"ctn, cur, ybh",grea1285,"athp1240, chhi1245, chhu1238, yakk1236"
Greater Luyana,"Eastern Greater Luyana, Western Greater Luyana",,,grea1287,"east2747, west2833"
Ndasaic,"Kota-Mahongwe, Samayic",,,grea1288,"kota1281, ndas1239"
Great Lakes Bantu,"East Nyanza, Greater Luyia, Gungu, West Nyanza, Western Lakes Bantu",,rub,grea1289,"east2750, grea1291, gung1250, west2841, west2842"
Greater Luyia,"Logooli, Luyia, Unclassified Greater Luyia",,rag,grea1291,"logo1258, luyi1234, unun9919"
Greater Lalo,"Core Lalo, Xuzhang Lalo",,,grea1292,"core1258, xuzh1234"
Greater Dusunic,"Bisaya-Lotud, Dusunic, Paitanic",,,grea1293,"bisa1270, dusu1277, pait1248"
Greater Murutic,"Murutic, Papar, Tatana",,"dpp, txx",grea1294,"muru1275, papa1268, tata1257"
Greater Chuanqiandian,"Chuanqiandian, Ge, Guiyang, Huishui, Diandongbei-Large Flowery Miao, Luopohe Hmong, Mashan",,"hmj, hmd, hml",grea1295,"chua1248, geee1239, guiy1235, huis1239, larg1235, luop1235, mash1238"
Greater Zenatic,"Libyan-Egyptian Oases Berber, Zenatic",,,grea1296,"siwi1238, zena1250"
Greater West Sogeram,"West Sogeram, Manat",,pmr,grea1297,"atan1241, payn1244"
Greater Northern Adelbert,"Kowan, Northern Adelbert",,,grea1298,"kowa1247, nort3379"
Greater Eastern Celebic,"Eastern Celebic, Tominic",,,grea1299,"east2488, tomi1242"
Greater Western Kru,"Kuwaa, Western Kru",,blh,grea1300,"kuwa1247, west2485"
Greater East Franconian,"Ostfränkisch, Western Yiddish",,"vmf, yih",grea1301,"main1267, west2361"
Greater Seram Laut,"Banda-Geser, East Seram",,,grea1302,"band1354, east2741"
Liberian Grebo,"North-Central Liberian Grebo, Southern Grebo",grb,grj,greb1256,"nort3193, sout2826"
Grebo,"Liberian Grebo, Ivorian Grebo",,grb,greb1257,"greb1256, ivor1240"
Grebo-Aizi,"Aizi, Grebo",,,greb1258,"aizi1248, greb1257"
Greek Sign Language,,gss,,gree1271,
Greek,"South Greek, North Greek",,,gree1276,"east2798, nort3405"
Hagei Gelao,"Sanchong Gelao, Wuchuan Gelao, Zhenfeng Gelao",giq,,gree1278,"sanc1245, wuch1237, zhen1240"
Greenlandic Inuit,"Kalaallisut, Tunumiisiut",,kal,gree1280,"kala1399, tunu1234"
Grenadian Creole English,,gcl,,gren1247,
Grenada-Tobago Creole,"Grenadian Creole English, Tobagonian Creole English",,"gcl, tgh",gren1248,"gren1247, toba1282"
Gresi,,grs,,gres1240,
Gresi-Kemtuik,"Gresi, Kemtuik",,"grs, kmt",gres1241,"gres1240, kemt1242"
Groma,"Lower Groma, Upper Groma",gro,,grom1238,"lowe1398, uppe1409"
Gronings,"Groningen-East Frisian, Veenkoloniaals, Westerwolds, West Groningen",gos,,gron1242,"gron1243, veen1238, west2359, west2360"
Gros Ventre,,ats,,gros1243,
Grusi,"East-West Grusi, Northern Grusi",,,grus1239,"east2740, nort2782"
Gser-Rdo,"Gserpa, Rdo",,,gser1236,"gser1237, rdoo1234"
Gua,"Anu (Ghana), Boso",gwx,,guaa1238,"anuu1242, boso1244"
Guachi,,,,guac1239,
Guachipas,,,,guac1240,
Gua-Cherepon,"Cherepon, Gua",,"cpn, gwx",guac1241,"cher1271, guaa1238"
Guadalcanal-Nggelic,"Nuclear Guadalcanal-Nggelic, Southeast Guadalcanal",,,guad1241,"nucl1470, sout2854"
Guadeloupe-Martinique Creole French,"Guadeloupean Creole French, Marie Galante Creole French, Martinique Creole French, St. Barth Creole French",gcf,,guad1242,"guad1243, mari1444, mart1259, stba1239"
Guahiboan,"Guayabero, Nuclear Guahiboan",,guo,guah1252,"guay1257, nucl1828"
Central Guahibo,"Cuiba, Guahibo-Playero",,cui,guah1253,"cuib1242, guah1254"
Guahibo-Playero,"Sikuani, Playero",,"guh, gob",guah1254,"guah1255, play1240"
Sikuani,"Hamorúa, Yamoti, Sikuani Parawá, Sikuani Waü, Tigrero, Xuraxura",guh,,guah1255,"amar1275, amor1238, nucl1665, siku1244, tigr1254, xura1234"
Guaicurian,,,,guai1237,
Guaicaro,,,,guai1246,
Guaicuruan,"Guaicuru del Sur, Kadiwéu",,kbc,guai1249,"guai1250, kadi1248"
Guaicuru del Sur,"Abipon, Qom",,axb,guai1250,"abip1241, qomm1235"
Guajá,"Anambe of Ehrenreich, Awá (Guajá)",gvj,,guaj1256,"anam1251, awag1234"
Guajiro-Paraujano,"Paraujano, Wayuu",,"pbg, guc",guaj1257,"para1316, wayu1243"
Guaja-Kaapor-Ava,"Avá-Canoeiro, Guaja-Aure-Aura, Unclassified Guaja-Kaapor-Ava, Urubú-Kaapor",,"avv, urb",guaj1258,"avac1239, guaj1260, unun9936, urub1250"
Guaja-Aure-Aura,"Aurê y Aurá, Guajá",,"aux, gvj",guaj1260,"aura1243, guaj1256"
Guale,,,,gual1239,
Guamo,"San José Guamo, Santa Rosa Guamo",,,guam1236,"sanj1287, sant1461"
Guambiano,,gum,,guam1248,
Khroskyabs,"Ere (China), Ergali, Guanyingqiao, Muerzong, Siyaowu, Taiyanghe, Xiaoyili, Yelong",jiq,,guan1266,"eree1240, erga1238, guan1252, muer1238, siya1242, taiy1241, xiao1245, yelo1242"
Guaná (Paraguay),"Echoladi, Layana",gva,,guan1268,"echo1239, laya1256"
Kotiria,,gvc,,guan1269,
Guanche,,gnc,,guan1277,
Guang,"North Guang, South Guang",,,guan1278,"nort3204, sout2781"
Guarayu,,gyr,,guar1292,
Baniva de Maroa,"Baniva de Guainia, Warekéna do Xiê",gae,,guar1293,"bani1260, ware1257"
Guatemalan Sign Language,,gsm,,guat1249,
Guató,,gta,,guat1253,
Guayabero,,guo,,guay1257,
Guaymiic,"Buglere, Ngäbere",,"sab, gym",guay1266,"bugl1243, ngab1239"
Gubeeher-Gufangor-Gubelor,,,,gube1234,
Gudang,,xgd,,guda1244,
Ngurlun,"Ngarnka, Wambayan",,"nji, wmb",guda1245,"ngar1283, wamb1258"
Gudang-Northeast Paman,"Gudang, Northeast Paman",,xgd,guda1246,"guda1244, nort3278"
Gude,"Fali of Mubi, Fali of Mucella, Fali of Vimtim, Fali of Jilvu",gde,,gude1246,"fali1286, fali1287, fali1288, fali1289"
Gudeic,"Gude-Jimi-Zizilivakan, Nzanyic, Sharwa-Tsuvan",,,gude1247,"gude1248, nzan1241, shar1250"
Gude-Jimi-Zizilivakan,"Fali-Gude, Jimi (Cameroon), Zizilivakan",,"jim, ziz",gude1248,"fali1290, jimi1254, zizi1238"
Gudjal,,,,gudj1237,
Gudu,Kumbi,gdu,,gudu1250,kumb1278
Guduf-Gava,"Chena, Chikide, Gava",gdf,,gudu1252,"chen1265, chik1255, gava1240"
Gudufic,"Cineni, Guduf-Gava",,"cie, gdf",gudu1253,"cine1238, gudu1252"
Guebie-Lakota Dida,"Gabogbo, Lakota Dida",,"gie, dic",gueb1239,"gabo1234, lako1244"
Güenoa,,,,guen1235,
Guere,"Wè Southern, Wè Western",,"gxx, wec",guer1240,"weso1238, wewe1238"
Central Guerrero Nahuatl,"Oapanic, Ameyaltepec-Xalitla, San Marcos Oacacingo, Tonogenetic Balsas Nahuatl, Ahuelicán, San Agustín Oapan-Analco-Tula del Rio, Ostotipan-San Francisco Ozomatlán, San Juan Tetelcingo-Tlamamacán, San Juan Totolcintla-Ahuetlixpa, San Miguel Tecuiciapan",ngu,,guer1241,"oapa1234, amey1234, sanm1308, tono1234, ahue1234, sana1300, osto1234, sanj1293, sanj1294, sanm1307"
Guerrero Amuzgo,,amu,,guer1243,
Guere-Krahn,"Daho-Doo, Glaro-Twabo, Glio-Oubi, Guere, Sapo, Western Krahn",,"das, glr, oub, krn, krw",guer1244,"daho1238, glar1241, glio1241, guer1240, sapo1251, west2488"
Guerrero Mixtec,"Coicoyan-Metlatonoc, Nuclear Guerrero Mixtec",,,guer1245,"coic1240, nucl1835"
Guevea De Humboldt Zapotec,"Guevea de Humboldt, Santa María Guenagati",zpg,,guev1238,"guev1240, sant1463"
Gugadj,,ggd,,guga1239,
Gugu Badhun,,gdc,,gugu1253,
Gugubera,,kkp,,gugu1254,
Guugu Yimidhirr,,kky,,gugu1255,
Roth's Gugu Warra,,wrw,,gugu1256,
Gugu Mini,,ggm,,gugu1257,
Guhu-Samane,Sekare,ghs,,guhu1244,seka1249
Guianan,"Galibi Carib, Maquiritari-Wayumara, Palmela, Taranoan, Unclassified Guianan, Wayanaic",,car,guia1242,"gali1262, maqu1239, palm1241, tara1324, uncl1520, waya1272"
Guianese Creole French,,gcr,,guia1246,
Guibian Zhuang,,zgn,,guib1244,
Guibei Zhuang,,zgb,,guib1245,
Guiberoua Béte,"Guiberoua, Soubré",bet,,guib1246,"guib1247, soub1242"
Güilá Zapotec,,ztu,,guil1236,
Guinean Sign Language,,gus,,guin1250,
Guinea Kpelle,,gkp,,guin1254,
Guinau,,,,guin1258,
Guinea Coast Creole English,"Caribbean English Creole, Surinamese Creole English, West African Creole English",,,guin1259,"cari1284, suri1275, west2851"
Guinea-Bissau Sign Language,,lgs,,guin1260,
Guiqiong,,gqi,,guiq1238,
Guiyang,"Northern Guiyang Hmong, Southern Guiyang Hmong, Southwestern Guiyang Hmong",,"huj, hmy, hmg",guiy1235,"nort1545, sout1555, sout2756"
Gujarati,"Gamadia, Kakari, Kathiyawadi, Kharwa, Standard Gujarati, Tarimuki",guj,,guja1252,"gama1250, kaka1263, kath1249, khar1282, stan1296, tari1254"
Gujari,"Ajiri of Hazara, Bakarwali, Eastern Gujari, Gujjari, Western Gujari",gju,,guja1253,"ajir1238, baka1270, east2311, gujj1234, west2375"
Gujarati-Rajasthani,"Gujaratic, Rajasthani",,,guja1255,"guja1256, raja1256"
Gujaratic,"Dubli, Gujarati, Saurashtra, Western Gujaratic",,"dub, guj, saz",guja1256,"dubl1239, guja1252, saur1248, west2830"
Gula Iro,"Korintal, Patool, Pongaal, Tiaala, Tiitaal",glj,,gula1265,"kori1258, pato1242, pong1244, tiaa1238, tiit1238"
Gula (Central African Republic),"Kotoic Gula, Bubu Gula, Koto Gula, Koyo Gula, Ngulu Gula, Zura, Mereic Gula, Gélé (Dar Fongoro), Mèlè (Central African Republic), Méré, Malu (Central African Republic), Moto-Mar, Sar Gula",kcm,,gula1266,"gula1267, bubu1235, koto1271, koyo1246, ngur1264, zura1238, mere1247, fong1243, mele1249, mere1241, molo1258, motm1238, sarr1245"
Gulay,"Nuclear Gulay, Pen",gvl,,gula1268,"nucl1424, penn1241"
Gula (Chad),,glu,,gula1269,
Gula'alaa,,gmb,,gula1270,
Gule,,gly,,gule1241,
Gulf Zoque,"Highland Popoluca, Texistepec-Ayapa Zoque",,poi,gulf1238,"high1276, texi1238"
Gulf Arabic,"Al-Hasaa, Al-Hasâ, Bahraini Gulf Arabic, Khamseh, Kuwaiti Hadari Arabic, North Qatari Arabic, South Qatari Arabic, Zubair-Faau Arabic",afb,,gulf1241,"alha1241, alha1242, bahr1247, kham1298, kuwa1251, nort3138, sout3120, zuba1242"
Gulf Coast French,,,,gulf1242,
Guliguli,,gli,,guli1244,
Sea Island Creole English,,gul,,gull1241,
Gullah-Nevis-Antigua,"Antigua and Barbuda Creole English, Gullah",,aig,gull1242,"anti1245, gull1243"
Gullah,"Afro-Seminole Creole, Bahamian Gullah, Sea Island Creole English",,"afs, gul",gull1243,"afro1254, baha1261, gull1241"
Gulunggulu,,,,gulu1236,
Gumatj,Mangalili,gnn,,guma1253,mang1384
Gumawana,,gvs,,guma1254,
Gumalu,,gmu,,guma1255,
Gumbaynggiric,"Kumbainggar, Yaygir",,"kgs, xya",gumb1242,"kumb1268, yayg1236"
Gum,"Amele, Gumalu, Panim-Isebe-Bau, Sihan (Gum)",,"aey, gmu, snr",gumm1240,"amel1241, guma1255, pani1263, siha1245"
Gumna-Kontagora,"Basa-Gumna, Bassa-Kontagora",,"bsl, bsr",gumn1234,"basa1280, bass1259"
Northern Gumuz,"Agalo, Dakunza, Dekoka, Dewiya, Disoha, Gombo, Guba, Jemhwa, Kukwaya, Mandura-Dibate-Metemma, Dibate, Mandura, Metemma, Modea, Sai, Sese (Gumuz), Sirba, Wenbera, Yaso",guk,,gumu1244,"agal1241, daku1239, deko1238, dewi1238, diso1238, gomb1250, guba1245, jemh1238, kukw1235, mand1426, diba1240, mand1427, mete1238, mode1250, saii1240, sese1245, sirb1238, wenb1238, yaso1238"
Gumuz,"Daats'iin-Southern Gumuz, Northern Gumuz",,guk,gumu1250,"daat1235, gumu1244"
Gundi,,gdi,,gund1247,
Gungabula,,gyf,,gung1248,
Gungu,,rub,,gung1250,
Gun,,guw,,gunn1250,
Gunong,"Drung, Nung (Myanmar)",,"duu, nun",guno1235,"drun1238, nung1282"
Warta Thuntai,"Balamuk, Bensbach, Wando (Kan), Korombo 1, Korombo 2",gnt,,gunt1241,"bala1317, bens1234, kann1258, koro1319, koro1320"
Gunwinyguan,"Eastern Gunwinyguan, Bininj Kun-Wok, Jala, Kunbarlang, Ngalkbun, Western Gunwinyguan",,"gup, wlg, ngk",gunw1250,"east2701, gunw1252, jala1236, kunb1251, ngal1292, west2432"
Bininj Kun-Wok,"Kunwinjku, Kundjeyhmi, Kune, Kune Dulerayek, Kune Narayek, Kundedjnjenghmi, Kuninjku, Manyallaluk Mayali",gup,,gunw1252,"guma1252, gund1246, gune1238, kune1235, kune1236, kund1258, mura1269, naia1238"
Gunya,,gyy,,guny1241,
Gupapuyngu,"Madarrpa, Manggalili, Munyuku, Nuclear Gupapuyngu, Walangu, Wubulkarra",guf,,gupa1247,"mada1281, mang1385, muny1238, nucl1334, wala1264, wubu1238"
Gupa,,gpa,,gupa1248,
Gurani,"Hawraman-I Luhon, Hawraman-I Taxt, Kakai, Nuclear Gurani, Gawhara, Kandula, Zardayana",hac,,gura1251,"hawr1242, hawr1243, kaka1262, nucl1271, gawh1238, kand1290, zard1234"
Guragone,,gge,,gura1252,
Guramalum,,grz,,gura1254,
Gur,"Central Gur, Kulango-Lorom, Samu, Tiefoic, Tusia, Viemo",,vig,gura1261,"cent2243, kula1283, samu1243, tief1243, tusi1238, viem1243"
Gurdjar,,gdj,,gurd1238,
Gureng Gureng,Dhungaloo,gnr,dhx,gure1255,dhun1239
Gurgula,,ggg,,gurg1240,
Gurgani,,,,gurg1241,
Gurindji,"Koorinyji, Malngin",gue,,guri1247,"koor1240, maln1239"
Guriaso,,grx,,guri1248,
Gurindji Kriol,,gjr,,guri1249,
Eastern Ngumpin,"Mudburra, Ngumpit",,dmw,guri1250,"mudb1240, ngum1257"
Gurindji-Kriol,Gurindji Kriol,,gjr,guri1251,guri1249
Gurmana,,gvm,,gurm1246,
Gurma-Yom-Oti-Volta Occidental,"Gurma-Yom-Naudem, Oti-Volta Occidental",,,gurm1247,"gurm1248, west2461"
Gurma-Yom-Naudem,"Gurma, Yom-Nawdm",,,gurm1248,"gurm1249, yomn1239"
Gurma,"Gurma B, Gurma A",,,gurm1249,"gurm1250, ntch1241"
Gurma B,"Gourmantche-Moba, Konkomba-Gangam",,,gurm1250,"gour1248, konk1271"
Mano-Dan,"Guro-Dan, Mann",,mev,guro1245,"guro1246, mann1248"
Guro-Dan,"Dan-Toura, Guro-Yaoure",,,guro1246,"dant1235, guro1247"
Guro-Yaoure,"Guro, Yaouré",,"goa, yre",guro1247,"guro1248, yaou1238"
Guro,,goa,,guro1248,
Gurungic,"Gurung, Manangba-Nar-Phu, Thakali-Chantyal",,gvr,guru1260,"guru1261, mana1287, thak1244"
Gurung,"Eastern Gurung, Gorkha Gurung, Lamjung Gurung, Tamu Kyi, Western Gurung, Northwestern Gurung, Southern Gurung",gvr,ggn,guru1261,"east2345, gork1242, lamj1244, tamu1246, west2414, nort2710, sout2716"
Guruntum-Mbaaru,"Dooka, Gar, Gayar, Karakara, Kuuku, Lungu, Mbaaru",grd,,guru1271,"dook1241, garr1238, gaya1251, kara1505, kuuk1242, lung1252, mbaa1250"
Guruntumic,"Guruntum-Mbaaru, Jimi (Nigeria), Tala-Sho-Zangwal",,"grd, jmi",guru1272,"guru1271, jimi1255, tala1296"
Gusap-Mot,"Gira-Neko-Nekgini, Ufim-Rawa-Nahu, Unclassified Gusap-Mot",,,gusa1245,"gira1248, ufim1241, unun9980"
Gusan,,gsn,,gusa1246,
Gusilay-Bandial,"Bandial, Gusilay",,"bqj, gsl",gusi1245,"band1340, gusi1246"
Gusilay,,gsl,,gusi1246,
Gusii,,guz,,gusi1247,
Gutian,,,,guti1235,
Archaic Gutnish,"Färömål, Laumål",,,gutn1238,"faro1245, laum1238"
Gutob-Remo,"Bodo Gadaba, Bondo",,"gbj, bfw",guto1244,"bodo1267, bond1245"
Guwa-Yanda,"Guwa, Yanda",,"xgw, yda",guwa1241,"guwa1242, yand1251"
Guwa,,xgw,,guwa1242,
Guwamu,,gwu,,guwa1243,
Guwar,,,,guwa1244,
Guwa-Maric,"Guwa-Yanda, Maric",,,guwa1245,"guwa1241, mari1445"
Guyani,,gvy,,guya1249,
Guyambal,,,,guya1250,
Guya,,gka,,guya1251,
Guyanic Creole French,"Guianese Creole French, Uaçá Creole French",,"gcr, kmv",guya1252,"guia1246, kari1301"
Guyana Sign Language,,,,guya1253,
Gvoko,,ngs,,gvok1239,
Gwa,,gwb,,gwaa1239,
Gwahatike,"Gohing, Gora, Gwahamere, Dahating, Nuclear Gwahatike",dah,,gwah1244,"gohi1234, gora1264, gwah1245, gwap1238, nucl1608"
Gwamhi-Wuri,"Gwamhi, Wuri",bga,,gwam1244,"gwam1245, wuri1238"
Gwandara,"Gwandara Southern, Gwandara Karashi, Gwandara Eastern, Gwandara Gitata, Gwandara Koro, Nimbia",gwn,,gwan1268,"gwan1269, gwan1270, gwan1271, gwan1272, gwan1273, nimb1261"
Gwara,,,,gwar1240,
Gweda,,grw,,gwed1239,
Gweno,,gwe,,gwen1239,
Gwere,,gwr,,gwer1238,
Gwich'in,"Alaskan Kutchin, Canadian Kutchin",gwi,,gwic1235,"alas1257, cana1271"
Gwichin-Han,"Gwich'in, Han",,"gwi, haa",gwic1236,"gwic1235, hann1241"
/Gwi,Khute,gwj,,gwii1239,khut1242
Gyalsumdo-Nubri-Kyirong,"Kyerung, Gyalsumdo-Nubri",,"kgy, kte",gyal1235,"kyer1238, nubr1241"
Gyele,,gyi,,gyel1242,
Gyem,,gye,,gyem1238,
Gyong-Kamantan,"Kagoma, Kamantan",,"kdm, kci",gyon1234,"kago1247, kama1358"
Ha,,haq,,haaa1252,
Habu,,hbu,,habu1241,
Hachijo,,,,hach1239,
Hadiyya,"Leemo, Soro",hdy,,hadi1240,"leem1242, soro1243"
Hadiyya-Kambaata,"Hadiyyaic, Kambaataic",,,hadi1241,"hadi1242, kamb1318"
Hadiyyaic,"Hadiyya, Libido",,"hdy, liq",hadi1242,"hadi1240, libi1250"
Hadothi,"Harauti, Sipari",hoj,,hado1235,"hara1256, sipa1246"
Hadrami,,xhd,,hadr1235,
Hadrami Arabic,,ayh,,hadr1236,
Hadza,,hts,,hadz1240,
Haeke,,aek,,haek1239,
Haeke-Bwatoo,"Bwatoo, Haeke",,"bwa, aek",haek1241,"bwat1240, haek1239"
Hagen,"Aua-Gawil, Melpa-Tembagla",,,hage1248,"auag1234, melp1239"
Hahon,"Aravia, Kurur, Ratsua",hah,,haho1237,"arav1240, kuru1306, rats1237"
Haida,"Northern Haida, Southern Haida",hai,"hdn, hax",haid1248,"nort2938, sout2956"
Haigwai,"Kapulika, Naura",hgw,,haig1237,"kapu1244, naur1244"
Hainyaxo Bozo,,bzx,,hain1253,
Hai//om-Akhoe,"Akhoe, Hai||um, Kede",hgm,,haio1238,"akho1238, hain1254, kedi1239"
Haiphong Sign Language,,haf,,haip1238,
Haisla,"Henaksiala, Kitimat",has,,hais1244,"hena1234, kiti1241"
Haitian Vodoun Culture Language,,hvc,,hait1241,
Haitian,"Fablas, Plateau Haitian Creole",hat,,hait1244,"fabl1238, plat1258"
Haitian Sign Language,,,,hait1245,
Haji,,hji,,haji1235,
Hajong,,haj,,hajo1238,
Haka Chin,"Klangklang, Shonshe, Zokhua",cnh,,haka1240,"klan1242, shon1249, zokh1239"
Hakka Chinese,"Hailu, Huizhou, Ning-Long, Raoping, Sixian, Liudui-Pingtung, Taoyuan-Miaoli, Tingzhou, Changting, Liancheng, Mingxi, Ninghua, Qingliu, Shanghang, Wuping, Yongding, Tonggu, Yuebei, Meixian, Yuezhong, Yugui",hak,,hakk1236,"hail1247, huiz1243, ning1269, raop1234, sanh1239, liud1234, taoy1234, ting1250, chan1325, lian1259, ming1255, ning1278, qing1239, shan1292, wupi1239, yong1284, tong1314, yueb1238, yuet1238, yuez1238, yugu1248"
Hakö,Lontes,hao,,hako1237,lont1237
Halang,,hal,,hala1252,
Halang Doan,,hld,,hala1253,
Halbi,"Adkuri, Bastari, Bhunjia (Halbi), Chandari, Gachikolo, Kawari, Mehari, Muri, Sundi",hlb,,halb1244,"adku1239, bast1246, bhun1241, chan1307, gach1239, kawa1275, meha1241, muri1258, sund1250"
Halbic,"Bhatri, Bhunjia, Halbi, Kamar, Nahari",,"bgw, bhu, hlb, keq, nhh",halb1246,"bhat1265, bhun1242, halb1244, kama1350, naha1262"
Halh Mongolian,"Dariganga, Halh, Khotogoit, Sartul, Tsongol",khk,,halh1238,"dari1250, halh1239, khot1253, sart1248, tson1247"
Haliaic,"Hakö, Halia",,"hao, hla",hali1243,"hako1237, hali1244"
Halia,"Hanahan, Hangan, Selau, Touloun",hla,,hali1244,"hana1243, hang1262, sela1258, toul1237"
Halkomelem,"Downriver Halkomelem, Katzie, Kwantlen, Kwikwetlem, Musqueam, Qayqayt, Tsawwassen, Tsleil-Waututh, Island Halkomelem, Cowichan, Halalt, Lake Cowichan, Lamalchi, Lyackson, Nanaimo, Nanoose, Penelakut, Stz'uminus, Upriver Halkomelem, Chehalis, Chiliwack, Pilaltxw, Sumas, Tait",hur,,halk1245,"down1241, katz1234, kwan1290, kwik1234, musq1240, qayq1234, tsaw1234, tsle1234, isla1280, cowi1241, hala1255, lake1261, lama1301, lyac1234, nana1260, nano1241, pene1238, stzu1234, upri1241, cheh1245, chil1281, pila1248, suma1276, tait1251"
Hamap,,hmu,,hama1240,
Ham,,,,hama1241,
Hamar-based pidgin,Pidgin Hamer,,,hama1242,pidg1260
Hamba NW of Nachingwea south of Mbemkuru River,,,,hamb1239,
Hamba de Lomela,,hba,,hamb1245,
Hamer-Karo,"Hamer-Banna, Karo (Ethiopia)",,"amf, kxh",hame1241,"hame1242, karo1297"
Hamer-Banna,,amf,,hame1242,
Hamtai,"Howi, Kaintiba, Nuclear Hamtai, Pmasa'a, Wenta",hmt,,hamt1247,"howi1238, kain1268, nucl1456, pmas1239, went1242"
Hanga,"Northern Hanga, Bowena, Yazori, Southern Hanga, Damongo, Langantere, Murugu",hag,,hang1258,"nort2781, bowe1238, yazo1238, sout2792, damo1238, lang1319, muru1267"
Hangaza,,han,,hang1260,
Hanga Hundi,,wos,,hang1263,
Hangaza-Shubi,"Hangaza, Shubi",,"han, suj",hang1264,"hang1260, shub1238"
Hani,"Angluo, Dazhai, Gehuo, Guohue, Guozuo, Khabi, Lami, Luobi, Luomian",hni,,hani1248,"angl1266, dazh1234, gehu1234, guoh1234, guoz1234, khab1234, lami1239, luob1237, luom1234"
Hani-Jino,"Bisoid-Hanic, Jino",,,hani1249,"biso1244, jino1236"
Hanic,"Bi-Ka, Ha-Ya, Honi",,how,hani1250,"bika1252, haya1251, honi1244"
Han,"Dawson Han, Eagle Han",haa,,hann1241,"daws1234, eagl1234"
Hanoi Sign Language,,hab,,hano1243,
Hano,,lml,,hano1246,
Hanseman,"Garuh-Foran, Rempic, Silopic, Unclassified Hanseman, Wamas-Samosa-Murupi-Mosimo",,,hans1243,"garu1247, remp1242, silo1242, uncl1506, wama1249"
Hanunoo,"Binli, Kagankan, Waigan, Wawan",hnn,,hanu1241,"binl1237, kaga1257, waig1245, wawa1249"
Haraza,,,,hara1258,
Harakmbut,"Amarakaeri, Huachipaeri",,"amr, hug",hara1260,"amar1274, huac1244"
Harari-East Gurage,"Harari, Silte-Wolane, Zay",,"har, zwa",hara1270,"hara1271, silt1239, zayy1238"
Harari,,har,,hara1271,
Harappan,,xiv,,hara1272,
Slaveyic,"Dogrib, Slave",,"dgr, den",hare1243,"dogr1252, slav1253"
Indo-Aryan Kinnauri,,kjo,,hari1246,
Haroi,,hro,,haro1237,
Harsusi,,hss,,hars1241,
Haruku,"Hulaliu, Kailolo, Pelauw, Rohomoni",hrk,,haru1244,"hula1240, kail1252, pela1244, roho1238"
Haruai,"Central Waibuk, North Waibuk, South Waibuk",tmd,,haru1245,"cent2122, nort2926, sout2946"
Haryanvi,"Bangru (Haryanvi), Deswali, Kauravi, Mewati (Haryanvi)",bgc,,hary1238,"bang1336, desw1238, kaur1275, mewa1251"
Harzani-Kilit,"Harzani, Kilit",hrz,,harz1239,"harz1240, kili1273"
Hasha,,ybj,,hash1238,
Hasha-Sambe,"Hasha, Sambe",,"ybj, xab",hash1239,"hash1238, samb1307"
Hassaniyya,,mey,,hass1238,
Hatam-Mansim,"Hatam, Mansim",,had,hata1242,"hata1243, mans1260"
Hatam,"Adihup, Miriei, Moi, Tinam, Uran",had,,hata1243,"adih1238, miri1268, moii1254, tina1247, uran1238"
Hattic,,xht,,hatt1246,
Saparuan,"Elpaputi, Saparua-Latu",,,hatu1244,"elpa1239, sapa1250"
Hatuhaha,"Haruku, Saparuan",,hrk,hatu1247,"haru1244, hatu1244"
Hauna Trade Language,,,,haun1238,
Haush,,,,haus1240,
Hausa Sign Language,,hsl,,haus1246,
Hausa,"Aderawa, Damagaram, Dawra, Eastern Hausa, Hadejiya, Kano, Katagum, Gaya, Kurfey, North Hausa, Arawa, Arewa, Western Hausa, Adarawa, Gobirawa, Katsina, Kebbawa, Sokoto (Hausa), Zamfarawa",hau,,haus1257,"ader1239, dama1277, dawr1243, east2650, hade1247, kano1249, kata1274, gaya1252, kurf1238, nort3050, araw1280, arew1238, west2719, adar1242, gobi1238, kats1239, kebb1238, soko1264, zamf1238"
Hausa-based pidgin,"Barikanchi, Gibanawa",,"bxo, gib",haus1258,"bari1241, giba1240"
Havasupai-Walapai-Yavapai,"Havasupai, Walapai, Yavapai",yuf,,hava1248,"hava1249, wala1270, yava1252"
Haveke,,hvk,,have1241,
Havu,,hav,,havu1238,
Hawai'i Sign Language,,hps,,hawa1235,
Hawaiian,,haw,,hawa1245,
Hawai'i Creole English,,hwc,,hawa1247,
Hawaiian-based pidgin,Pidgin Hawaiian,,,hawa1248,pidg1249
Hawkesbury,,xda,,hawk1239,
Hawu-Dhao,"Dhao, Hawu",,"nfa, hvn",hawu1234,"dhao1237, sabu1255"
Haya,"Bumbira, Edangabo, Ekiziba, Ganda-Kiaka, Hamba (Haya), Hangiro, Mwani (Haya), Nyakisisa, Yoza",hay,,haya1250,"bumb1240, edan1238, ekiz1238, gand1256, hamb1246, hang1259, mwan1249, nyak1262, yoza1238"
Ha-Ya,"Akhaic, Hani",,hni,haya1251,"akha1246, hani1248"
Hazaragi,,haz,,haza1239,
Drugchu,"dGonpa, Koban, Thergyud",,,hbru1241,"dgon1234, koba1241, ther1234"
Hdi,Tur,xed,,hdii1240,turr1244
Headwaters Pano,"Amahuaca, Cashinahua, Remo of the Moa river, Yaminawa Complex",,"amc, cbs, rem",head1239,"amah1246, cash1254, remo1248, yami1255"
Modern Hebrew,"Oriental Hebrew, Standard Hebrew",heb,,hebr1245,"orie1241, stan1314"
Hebrewic,"Ancient Hebrew, Modern Hebrew, Samaritan",,"hbo, heb, smp",hebr1246,"anci1244, hebr1245, sama1313"
Hehe,,heh,,hehe1240,
Heibanic,"Eastern Heibanic, West-Central Heibanic",,,heib1242,"east2429, west2502"
Ebang,,hbn,,heib1243,
Heiltsuk-Oowekyala,"Heiltsuk, Bella Bella, Klemtu, Ooweekeeno",hei,,heil1246,"heil1247, bell1263, klem1234, oowe1239"
Heimic,"Kaisanic, Nahenic",,,heim1234,"kais1245, nahe1238"
Lamjung-Melamchi Yolmo,"Melamchi Yolmo, Ilam Yolmo, Lamjung Yolmo, Langdang Yolmo",scp,,hela1238,"east2343, ilam1239, lamj1247, west2411"
Helong,"Funai, Helong Darat, Helong Pulau",heg,,helo1243,"funa1237, helo1244, helo1245"
Hema,,nix,,hema1238,
Hemba-Yazi,,hem,,hemb1242,
Herde,,hed,,herd1236,
Her-Ejamat,"Ejamat, Keerak",,"eja, hhr",here1250,"ejam1238, kera1248"
Herero (R.30),"Herero, Zemba",,"her, dhm",here1252,"here1253, zemb1238"
Herero,Mbandieru,her,,here1253,mban1265
Hermit,,llf,,herm1237,
Hertevin,"Hértevin Proper, Jinet, Umraya",hrt,,hert1241,"hert1242, jine1238, umra1238"
Hewa-April River,"Hewa, Niksek, Piame",,"ham, gbe, pin",hewa1240,"hewa1241, niks1238, piam1243"
Hewa,"Central Lagaip, Lower Lagaip, North Hewa, Upper Lagaip",ham,,hewa1241,"cent2108, lowe1414, nort2904, uppe1428"
Heyo,,auk,,heyo1240,
Heyo-Yahang,"Heyo, Yahang",,"auk, rhp",heyo1241,"heyo1240, yaha1247"
Hezhou,,,,hezh1244,
Hibito-Cholon,"Cholón, Hibito",,"cht, hib",hibi1242,"chol1284, hibi1243"
Hibito,,hib,,hibi1243,
Hidatsa,,hid,,hida1246,
Hieroglyphic Luwian,,hlu,,hier1240,
Higaonon,,mba,,higa1237,
Highland Oaxaca Chontal,,chd,,high1242,
Highland Totonac,"Coatepec, Huehuetla Totonac, Olintla, Ozelonacaxtla, Zapotitlán, Zongozotl",tos,,high1243,"coat1246, hueh1237, olin1234, ozel1234, zapo1438, zong1243"
Highland Phula,"Muji, Phowa",,,high1272,"muji1235, phow1235"
Highland Konjo,,kjk,,high1275,
Highland Popoluca,,poi,,high1276,
Highland Puebla Nahuatl,,azz,,high1278,
Highlands Chamic,"Chru-Northern Cham, Rade-Jarai",,,high1280,"chru1238, rade1241"
Highland East Cushitic,"Burji, Sidaama-Hadiyya-Kambaata",,bji,high1285,"burj1242, sida1247"
Upper German,"Middle-Modern High German, Old High German (ca. 750-1050)",,goh,high1286,"midd1349, oldh1241"
West Middle German,"Middle Franconian, Rhenish Franconian",,,high1287,"midd1319, rhin1244"
Highland Kenyah,"Usun Apau Kenyah, Upper Pujungan",,xkl,high1288,"main1275, uppe1425"
High German,"Middle German, Upper German",,,high1289,"fran1268, high1286"
South Sumatra Malay,"South Barisan Malay, Kaur",,"pse, vkk",high1292,"cent2053, kaur1269"
Higic,"Hya, Nkafa-Kirya-Bana, Psikye",,"hya, kvj",higi1241,"hyaa1239, nkaf1238, psik1239"
Nkafa-Kirya,"Kamwe, Kirya-Konzel",,"hig, fkk",higi1242,"kamw1239, kiry1234"
Hijazi Arabic,"Coastal Tihaamah, North Hijazi, South Hijazi, Valley Tihaamah",acw,,hija1235,"coas1310, nort3136, sout3118, vall1257"
Hijuk,,hij,,hiju1238,
Hiligaynon,"Bantayan, Kari (Austronesian), Kawayan, Nuclear Hiligaynon",hil,,hili1240,"bant1287, kari1307, kawa1279, nucl1546"
Hill South Guang,"Gua-Cherepon, Larteh",,lar,hill1256,"guac1241, lart1238"
South Bastar Gondi-Koya,"Dandami Maria, Koya",,"daq, kff",hill1257,"dand1238, koya1251"
Himarimã,,hir,,hima1247,
Himalayish,"Lepcha, Mahakiranti",,lep,hima1249,"lepc1244, maha1306"
Himachali,"Jaunsari, Kangric-Chamealic-Bhattiyali, Mandeali, Nuclear Himachali",,"jns, mjl",hima1250,"jaun1243, kang1292, mand1409, nucl1728"
Himba-Pinji,"Pinji, Simba",,"pic, sbw",himb1234,"pinj1243, simb1254"
Hinduri,,hii,,hind1267,
Hindi,"Dakhini, Khari Boli, Literary Hindi, Nuclear Hindi, Rekhta",hin,,hind1269,"dakh1243, khad1239, lite1247, nucl1281, rekh1239"
Hindustani,"Andaman Creole Hindi, Fiji Hindi, Hindi, Urdu",,"hca, hif, hin, urd",hind1270,"anda1280, fiji1242, hind1269, urdu1245"
Hindko,"Northern Hindko, Southern Hindko",,"hno, hnd",hind1271,"nort2662, sout2668"
Hindustani-based pidgin,Pidgin Hindustani,,,hind1272,pidg1251
Hindeloopen-Molkwerum Frisian,,,,hind1273,
Hindko-Siraiki,"Hindko, Siraikic",,,hind1274,"hind1271, sira1271"
Hinuq,,gin,,hinu1240,
Trading Eleman,,,,hiri1235,
Trading Koriki,,,,hiri1236,
Hiri Motu,"Austronesian Hiri Motu, Papuan Hiri Motu",hmo,,hiri1237,"aust1242, papu1235"
Hittite,,hit,,hitt1242,
Hitu,"Hila, Mamala, Morela, Nuclear Hitu, Wakal",htu,,hitu1239,"hila1237, mama1274, more1257, nucl1529, waka1276"
Hiw-Lo-Toga,"Hiw, Lo-Toga",,"hiw, lht",hiwl1234,"hiww1237, loto1240"
Hiw,,hiw,,hiww1237,
Hixkaryána,"Hixkariana, Xerew",hix,,hixk1239,"hixk1240, xere1241"
Hlaic,"Jiamao, Nuclear Hlaic",,jio,hlai1238,"jiam1236, nucl1241"
Hlai,"Bendi (China), Ha (China), Meifu, Qi",lic,,hlai1239,"bend1238, haaa1237, meif1236, qiii1237"
Hlepho-Phukha,"Hlepho Phowa, Khlula-Zokhuo, Phukha",,"yhl, phh",hlep1235,"hlep1236, khlu1235, phuk1235"
Hlepho Phowa,,yhl,,hlep1236,
Hlersu,,hle,,hler1235,
Hmaric,"Biete, Hmar-Saihriem, Hrangkhol, Sakachep-Chorei",,"biu, hra, sch",hmar1240,"biet1238, hmar1242, hran1239, saka1283"
Hmar,"Khawsak, Thiek",hmr,,hmar1241,"khaw1234, thie1234"
Hmar-Saihriem,"Hmar, Syriem",,hmr,hmar1242,"hmar1241, syri1242"
Hmong Don,,hmf,,hmon1263,
Hmong Njua,,hnj,,hmon1264,
Sinicized Miao,,hmz,,hmon1331,
Hmong Dô,,hmv,,hmon1332,
Hmong Daw,"Hmong Gu Mba, Hmong Xi, Mong Leng, Petchabun Miao",mww,,hmon1333,"hmon1334, hmon1335, mong1333, petc1238"
Hmong-Mien,"Hmongic, Mienic",,,hmon1336,"hmon1337, mien1242"
Hmongic,"Nuclear Hmongic-Ho Ne, Paheng-Younuo",,,hmon1337,"nucl1714, pahe1239"
Hmong Njua (Retired),,blu,,hmon1338,
Hmwaveke,,mrk,,hmwa1243,
Amkoe,"ǂHua, N!aqriaxe, Sasi",huc,,hoaa1235,"huaa1249, naqr1234, sasi1238"
Hoamoal,"East Hoamoal, West Hoamoal",,,hoam1238,"east2468, west2853"
Hoava,,hoa,,hoav1238,
Hoava-Kusaghe,"Hoava, Kusaghe-Njela",,"hoa, ksg",hoav1239,"hoav1238, kusa1251"
Hobyót,,hoh,,hoby1242,
Hobyot-Western MSA,"Hobyót, Western MSA",,hoh,hoby1243,"hoby1242, west2859"
Ho Chi Minh City Sign Language,,hos,,hoch1237,
Ho-Chunk,"Nebraska, Wisconsin",win,,hoch1243,"nebr1238, wisc1238"
Hoia Hoia-Ukusi-Koperami,,hhi,,hoia1235,
Hokkaido-Kuril Ainu,"Hokkaido Ainu, Kuril Ainu",,ain,hokk1250,"ainu1240, kuri1271"
Holiya,,hoy,,holi1239,
Holikachuk,,hoi,,holi1241,
Holma,,hod,,holm1250,
Holoholo,,hoo,,holo1240,
Holu,"Nuclear Holu, Yeci",hol,,holu1245,"nucl1393, yeci1238"
Holu (K.10),"Holu, Pheende-Kwezo",,hol,holu1246,"holu1245, phee1234"
Homa,,hom,,homa1239,
Western Armenian,"Antioch, Beylan, Kesab-Svedia, Artial, Asia Minor, Akn, Arabkir, Aslanbeck, Ayntab, Constantinople Armenian, Crimea-Nor-Nakhichevan, Eudokia, Karin, Kesaria, Kharberd-Erznkad, Kyurin, Malatya, Marzvan-Amasia, North Komedia, Rodosto, Sebastia, Shapin-Karahisar, Sivrihisar, Smyrna Armenian, Syolyoz, Kessab-Latakia-Jisr-al-Shughur, Trabzon, Bolu (Armenian), Hamshenic, Edesa Armenian, Hamshen, Kilikien, Hajin, Marash-Zeytun, Mush-Tigranakert, Mush, Sasun, Talverik-Motkan, Tigranakert, Stanoz, Vanic, Diadin, Van, Yozgat",hyw,,homs1234,"anti1246, beyl1234, kesa1246, arti1237, asia1266, aknn1239, arab1265, asla1234, aynt1234, cons1241, crim1254, ewdo1239, kari1302, kesa1247, khar1280, kyur1235, mala1453, marz1234, nort2614, rodo1240, seba1246, shab1249, sivr1234, smyr1241, syol1234, syri1241, trab1239, bolu1245, hams1240, edes1234, hams1239, kili1262, haji1236, mara1419, mush1240, muss1244, sasu1234, talv1234, tigr1251, stan1326, vani1249, diad1234, vann1243, yozg1234"
Ho-Mundari,"Ho, Mundari",,"hoc, unr",homu1234,"hooo1248, mund1320"
Honduras Sign Language,,hds,,hond1239,
Hõne,"Gwana, Pindiga",juh,,hone1235,"gwan1242, pind1243"
Ho Neic,"Pa Na, She",,shx,hone1239,"pana1310, shee1238"
Hong Kong-Macau Sign Language,,hks,,hong1241,
Hongshui He,"Liuqian Zhuang, Western Hongshui He",,zlq,hong1247,"liuq1235, west3011"
Honi,Baihong,how,,honi1244,baih1238
Ho,"Chaibasa-Thakurmunda, Lohara",hoc,,hooo1248,"chai1235, loha1251"
Hopi,"First Mesa, Second Mesa, Third Mesa",hop,,hopi1249,"firs1235, seco1242, thir1234"
Horace Holden's Pidgin Tobi,,,,hora1238,
Horned Miao,,hrm,,horn1235,
Horom,,hoe,,horo1245,
Horo,,hor,,horo1247,
Horom-Fyem,"Fyam, Horom",,"pym, hoe",horo1248,"fyam1238, horo1245"
Stau-Dgebshes,"Rtau, Dgebshes, Geshiza, Eastern Geshiza, Western Geshiza, Phosul",ero,,horp1239,"daof1238, dgeb1234, gesh1238, east2851, west2941, phos1234"
Horpa,"Stau-Dgebshes, Stodsde",,"ero, jih",horp1240,"horp1239, shan1274"
Horuru,,hrr,,horu1241,
Misim-Yamap,"Hote, Yamap",,"hot, ymp",hote1244,"hote1245, yama1260"
Hote,"Misim, Nuclear Hote",hot,,hote1245,"misi1244, nucl1515"
Hoti of East Seram,,hti,,hoti1237,
Hottentot Dutch,,,,hott1234,
Houailou,"Ajië, Arhâ, Arhö",,"aji, aqr, aok",houa1234,"ajie1238, arha1237, arho1237"
Hobongan,"Nuclear Hovongan, Semukung Uheng",hov,,hovo1239,"nucl1559, semu1241"
Hovongan-Kereho,"Hobongan, Kereho",,"hov, xke",hovo1240,"hovo1239, kere1285"
Hoxa,,,,hoxa1234,
Hoyahoya-Matakaia,,hhy,,hoya1235,
Hoyaic,"Hoia Hoia-Ukusi-Koperami, Hoyahoya-Matakaia",,"hhi, hhy",hoya1236,"hoia1235, hoya1235"
Hozo-Seze,"Hozo, Seze",,"hoz, sze",hozo1235,"hozo1236, seze1235"
Hozo,,hoz,,hozo1236,
Hpon,"North Hpon, South Hpon",hpo,,hpon1238,"nort2721, sout2727"
Hrangkhol,Hadem,hra,,hran1239,hade1238
Hre,"Creq, Nuclear Hre, Rabah",hre,,hree1244,"creq1239, nucl1300, raba1247"
Hre-Sedang-Todrah-Monam,"Hre-Sedang, Monom, Todrah",,"moo, tdr",hres1236,"hres1237, mono1268, todr1244"
Hre-Sedang,"Hre, Rengao, Sedang",,"hre, ren, sed",hres1237,"hree1244, reng1252, seda1262"
Hruso,"Hushüñ, Ĝusso",hru,,hrus1242,"hush1234, nucl1287"
Hua,"Lower-Nosop, Taa",,nsb,huaa1247,"lowe1407, taaa1242"
East Taa,,nmn,,huaa1248,
Huachipaeri,"Arasairi, Huachipaire, Sapiteri, Toyeri",hug,,huac1244,"aras1241, huac1245, sapi1239, toye1240"
Huallaga Huánuco Quechua,,qub,,hual1241,
Huambisa,,hub,,huam1247,
Huamalíes-Dos de Mayo Huánuco Quechua,"Huamalíes, Monzón, Northern Dos de Mayo",qvh,,huam1248,"huam1249, monz1251, nort2978"
Hua Miao,"Hmong Njua, Northern Hmong",,hnj,huam1250,"hmon1264, nort3244"
Huambisa-Shuar,"Huambisa, Shuar",,"hub, jiv",huam1251,"huam1247, shua1257"
Yauyosic,"Chincha Quechua, Yauyos Quechua",,"qxc, qux",huan1255,"chin1483, yauy1235"
Huarpean,"Allentiac, Millcayac",,,huar1251,"alle1238, mill1237"
Huarijio,"Highland Huarijío, Lowland Huarijío",var,,huar1255,"high1277, lowl1264"
Huastecan Mayan,"Chicomuceltec, Huastec",,"cob, hus",huas1241,"chic1271, huas1242"
Huastec,,hus,,huas1242,
"Huastec, San Luís Potosí",,hva,,huas1255,
"Huastec, Southeastern",,hsf,,huas1256,
Huasteca Nahuatl,"Central Huasteca Nahuatl, Eastern Huasteca Nahuatl, Western Huasteca Nahuatl",,"nch, nhe, nhw",huas1257,"cent2134, east2538, west2624"
Huaulu,,hud,,huau1237,
Huautla Mazatec,"San Mateo, San Miguel",mau,,huau1238,"sanm1303, sanm1304"
Huavean,"San Dionisio-San Mateo Huave, San Francisco-Santa María Huave",,,huav1256,"sand1283, sanf1267"
Huaxcaleca Nahuatl,,nhq,,huax1236,
Huaylay,"Conchucos, Corongo-Sihuas, Huamalíes-Dos de Mayo Huánuco Quechua, Huaylas Ancash Quechua",,"qvh, qwh",huay1239,"conc1245, coro1255, huam1248, huay1240"
Huaylas Ancash Quechua,"Huailas, Huaraz, Yungay",qwh,,huay1240,"huai1241, huar1256, yung1256"
Huaylla Wanca Quechua,"East Waylla, Waycha, West Waylla",qvw,,huay1241,"east2553, wayc1238, west2638"
Huba,Luwa,hbb,,huba1236,luwa1242
Huehuetla Tepehua,,tee,,hueh1236,
Huetar,,,,huet1235,
Huichol,"Coyultita, San Andrés Cohamiata, San Sebastián-Santa Catarina",hch,,huic1243,"coyu1239, sana1280, sans1273"
Huilliche,Tsesungún,huh,,huil1244,tses1238
Huishui,"Central Huishui Hmong, Eastern Huishui Hmong, Northern Huishui Hmong, Southwestern Huishui Hmong",,"hmc, hme, hmi, hmh",huis1239,"cent2013, east2372, nort2749, sout2755"
Huitotoan,"Nonuya-Ocaina, Nuclear Witotoan, Unclassified Huitotoan",,,huit1251,"nonu1240, nucl1659, unun9983"
Huitepec Mixtec,,mxs,,huit1252,
Hui Chinese,"Jingzhan, Jixi, Hongchuan, Hongmen, Shexian, Tangcun, Qide, Xiuyi, Huangshan, Southeastern Qimen, Tunxi, Wuyuan, Xiuning, Yixian, Yanzhou",czh,,huiz1242,"jing1261, jixi1238, hong1243, hong1244, shex1234, tang1380, qide1238, xiuy1238, huan1251, sout3255, tunx1234, wuyu1234, xiun1234, yixi1234, yanz1241"
Hukumina,,huw,,huku1237,
Hula,"Alewai, Irupara, Kaporoko, Vula",hul,,hula1239,"alew1234, irup1240, kapo1252, vula1238"
Hulaulá,"Kerend, Jewish Sanandaj, Saqiz, Suleimaniya Jewish Neo-Aramaic",huy,,hula1244,"kere1298, sana1291, saqi1238, sule1243"
Hula-Keapara,"Hula, Keapara",,"hul, khz",hula1245,"hula1239, keap1239"
Huli,,hui,,huli1244,
Hulung,,huk,,hulu1246,
Humburi Senni Songhay,"Djenne Chiini, Marensé",hmb,,humb1243,"djen1243, mare1257"
Humene-Kwale,"Humene, Uare",,"huf, ksj",hume1245,"hume1246, uare1241"
Humene,"Lagume, Nuclear Humene",huf,,hume1246,"lagu1249, nucl1625"
Humla,,hut,,huml1238,
Hunde,,hke,,hund1239,
Hunde-Havu,"Havu, Hunde",,"hav, hke",hund1240,"havu1238, hund1239"
Hungarian Sign Language,"Budapest, Debrecen, Eger, Miskolc, Sopron, Szeged",hsh,,hung1263,"buda1244, debr1240, eger1238, misk1242, sopr1238, szeg1238"
Hungarian,"Alföld, Csángó, Danube-Tisza, King's Pass Hungarian, Northeast Hungarian, Northwest Hungarian, Oberwart, Székely, West Hungarian, West Danube",hun,,hung1274,"alfo1240, csan1238, danu1247, king1257, nort2669, nort2670, ober1242, szek1241, west2388, west2389"
Hung,"Dan Lai, Ly Ha, Phong, Toum",hnu,,hung1275,"danl1238, lyha1238, phon1243, toum1239"
Hungworo,,nat,,hung1276,
Hungan,"Hungan Kwango, Hungan Kwenge, Hungan Vanga, Hungan Kipuka",hum,,hung1278,"hung1283, hung1284, hung1285, hung1286"
Hungu-Pombo,"Hungu, Pombo",hng,,hung1280,"hung1282, pomb1234"
Hungan-Samba,"Hungan, Samba",,"hum, smx",hung1281,"hung1278, samb1309"
Hungaric,"Hungarian, Old Hungarian",,"hun, ohu",hung1287,"hung1274, oldh1242"
Hunjara-Kaina Ke,,hkk,,hunj1241,
Hun-Saare,"Eastern Duka, Western Duka",dud,"uth, uss",huns1239,"east2402, west2471"
Hunter-Hastings,"Awabakal, Worimi",,"awk, kda",hunt1235,"awab1243, wori1245"
Hunzib,,huz,,hunz1247,
Huon Gulf,"Markham, North Huon Gulf linkage, Numbami, South Huon Gulf linkage",,sij,huon1245,"mark1257, nort2858, numb1247, sout2878"
Huon,"Eastern Huon, Western Huon",,,huon1246,"east2705, west2795"
Huon Tip,"Kate-Mape, Sopac, Sene",,sej,huon1247,"kate1254, moma1244, sene1263"
Hupa-Chilula,"Chilula-Whilkut, Hupa",hup,,hupa1239,"chil1285, hupa1240"
Hup,"Western Hup, Central Hup, Eastern Hup",jup,,hupd1244,"hupd1245, nehu1238, tuhu1238"
Hupla,,hap,,hupl1238,
Hup-Yuhup,"Hup, Yuhup",,"jup, yab",hupy1235,"hupd1244, yuhu1238"
Hurro-Urartian,"Hurrian, Urartian",,"xhu, xur",hurr1239,"hurr1240, urar1245"
Hurrian,,xhu,,hurr1240,
Hurza,"Mbuko, Vame",,"mqb, mlr",hurz1242,"mbuk1243, vame1236"
Hutterite German,,geh,,hutt1235,
Hu,,huo,,huuu1240,
Mongghul,,mjg,,huzh1238,
Hwana,,hwo,,hwan1240,
Hya,,hya,,hyaa1239,
Hyam,"Hyam Taa Ham, Kwyeny, Saik",jab,,hyam1245,"hyam1247, kwye1234, saik1234"
Hyamic,"Kyoli, Hyam, Kurmin Dangana, Shamang, Zhiric",,"cry, jab, xsh",hyam1246,"cori1240, hyam1245, kurm1245, sham1277, zhir1241"
Hyenghene,"Fwâi, Nemi",,"fwa, nem",hyen1234,"fwai1237, nemi1240"
Iaai,,iai,,iaai1238,
Iamalele,"Central Yamalele, Didigavu, Gwabegwabe, Masimasi (Yamalele), Southern Yamalele",yml,,iama1237,"cent2067, didi1259, gwab1237, masi1264, sout2873"
Iamalelic,"Iamalele, Maiadomu",,"yml, mzz",iama1238,"iama1237, maia1251"
Iapama,,iap,,iapa1241,
Iatmul,"Nyaura, Palimbei",ian,,iatm1242,"nyau1244, pali1278"
Iau,"Foi (Iau), Nuclear Iau, Turu",tmu,,iauu1242,"foii1242, nucl1600, turu1251"
Kwa South,"Ibali Teke, Bibaana, Ngee, South Boma",tek,,ibal1241,"bali1275, biba1234, ngee1239, sout3357"
Ibaloi,"Bokod, Daklan, Kabayan",ibl,,ibal1244,"boko1268, dakl1237, kaba1284"
Ibani,,iby,,iban1261,
Ibanic,"Iban-Mualang-Seberuang, Keninjal",,knl,iban1263,"iban1269, keni1248"
Iban,"Batang Lupar, Bugau, Dau, Lemanak, Sebuyau, Skrang, Ulu Ai, Undup",iba,snb,iban1264,"bata1287, buga1249, dauu1237, lema1243, sebu1243, skra1237, ulua1242, undu1241"
Ibanag,"North Ibanag, South Ibanag",ibg,,iban1267,"nort2880, sout2909"
Ibanagic,"Adasen, Atta, Gaddangic, Ibanag, Malaweg",,"tiu, ibg",iban1268,"adas1235, atta1244, gadd1245, iban1267, mala1534"
Iban-Mualang-Seberuang,"Iban-Seberuang, Mualang",,mtd,iban1269,"iban1270, mual1241"
Iban-Seberuang,"Northern Iban, Seberuang",,sbx,iban1270,"nort3387, sebe1242"
Ibatan,"Babuyan, Basco Ivatan, Southern Ivatan",ivb,,ibat1238,"babu1242, basc1238, sout2903"
Iberian,,xib,,iber1250,
Ibibio,"Central Ibibio, Enyong, Itak, Nsit",ibb,,ibib1240,"cent2030, enyo1238, itak1238, nsit1238"
Ibilo,,ibi,,ibil1238,
Ibino,,ibn,,ibin1241,
Ibino-Iko,"Ibino, Iko",,"ibn, iki",ibin1242,"ibin1241, ikoo1245"
Ibokun Sign Language,,,,ibok1234,
Ibuoroic,"Ibuoro-ItuMbuso-Nkari, Ito",,itw,ibuo1241,"ibuo1243, itoo1242"
Ibuoro,,ibr,,ibuo1242,
Ibuoro-ItuMbuso-Nkari,"Ibuoro-ItuMbuso, Nkari",,nkz,ibuo1243,"ibuo1244, nkar1238"
Ibuoro-ItuMbuso,"Ibuoro, Itu Mbon Uzo",,"ibr, itm",ibuo1244,"ibuo1242, itum1245"
Ibu,,ibu,,ibuu1240,
Ica,"Japura-Ica, Kaishana",,,icaa1241,"japu1237, kais1242"
Icelandic Sign Language,,icl,,icel1236,
Icelandic-Faroese,"Faroese, Icelandic",,"fao, isl",icel1246,"faro1244, icel1247"
Icelandic,,isl,,icel1247,
Icelandic-Basque Pidgin,,,,icel1248,
Icelandic-based pidgin,Icelandic-Basque Pidgin,,,icel1249,icel1248
Iceve-Maci,"Icheve, Oliti",bec,,icev1238,"iche1238, olit1238"
Ida'an,"Begak, Nuclear Ida'an, Subpan",dbj,,idaa1241,"bega1240, nucl1564, subp1237"
Idabaez,,,,idab1234,
Idakho-Isukha-Tiriki,"Idakho, Isukha, Tiriki",ida,,idak1243,"idak1244, isuk1238, tiri1257"
Idaté,,idt,,idat1237,
Idere,,ide,,ider1238,
Idesa,,ids,,ides1238,
Idi-Taeme,"Idi, Taeme",idi,,idii1243,"nucl1597, tame1238"
Idoma,"Idoma South, Idoma West, Idoma Central, Okpogu",idu,,idom1241,"idom1259, idom1260, idom1261, okpo1242"
Idomoid,"Akweya, Yatye-Akpa",,,idom1262,"etul1244, yaty1238"
Idon,,idc,,idon1238,
Ido,,ido,,idoo1234,
Idu,"Midu, Mithu",clk,,idum1241,"midu1234, mith1237"
Dũya,,ldb,,idun1241,
Iduna,"Belebele, Central Vivigani, Goiala, Idakamenai, Kalauna, Ufaufa, Ufufu, Waibula",viv,,idun1242,"bele1252, cent2066, goia1237, idak1245, kala1387, ufau1237, ufuf1237, waib1244"
Ifè,"Dadja, Djama, Tschetti",ife,,ifee1241,"dadj1238, djam1257, tsch1248"
Ifo,,iff,,ifoo1237,
Ifugaw,"Amganad Ifugao, Batad-Mayoyao, Tuwali Ifugao",,"ifa, ifk",ifug1247,"amga1235, bata1319, tuwa1243"
Igala,"Ankpa, Anyugba, Ebu, Ibaji, Idah, Ife (Nigeria), Ogugu",igl,,igal1242,"ankp1238, anyu1238, ebuu1238, ibaj1238, idah1238, ifee1242, ogug1241"
Igana,,igg,,igan1243,
Igboid,"Ekpeye, Nuclear Igboid",,ekp,igbo1258,"ekpe1253, igbo1259"
Nuclear Igboid,"Central-Northern Igbo, Ikwere, Ogbah",,"ikw, ogc",igbo1259,"cent2417, ikwe1242, ogba1241"
Igede,"Gabu, Ito (Igede), Oju, Worku",ige,,iged1239,"gabu1246, itoo1241, ojuu1238, work1238"
Ignaciano,,ign,,igna1246,
Igo,,ahl,,igoo1238,
Iguta,,nar,,igut1238,
Igwe,,igw,,igwe1238,
Igwic,"Ikpeshic, Ososo, Sasaru-Igwe",,oso,igwi1234,"ikpe1246, osos1238, sasa1252"
Iha,,ihp,,ihaa1241,
Iha-based Pidgin,,ihb,,ihab1241,
Iha-based pidgin,Iha-based Pidgin,,ihb,ihab1242,ihab1241
Ihievbe,,ihi,,ihie1238,
Ija-Zuba,,vki,,ijaz1238,
Ijoid,"Defaka, Ijo",,afn,ijoi1239,"defa1248, ijoo1239"
Ijo,"Eastern Ijo, Western Ijo",,,ijoo1239,"east2383, west2446"
Ika,,ikk,,ikaa1238,
Ikaranggal,,ikr,,ikar1243,
Ikhin-Arokho,,ikh,,ikhi1234,
Ikizu,"Nuclear Ikizu, Sizaki",ikz,szk,ikiz1238,"nucl1788, siza1240"
Ik,,ikx,,ikkk1242,
Ikobi,"Gorau, Mena, Meni, Pimuru, Utabi",meb,,ikob1240,"gora1265, mena1240, meni1246, pimu1238, utab1238"
Ikoma-Nata,"Ikoma, Nata",ntk,,ikom1245,"ikom1246, nata1256"
Southeast Mara,"Ikoma-Nata, Isenye",,ntk,ikom1247,"ikom1245, isse1238"
Iko,,iki,,ikoo1245,
Ikpeshi,,ikp,,ikpe1243,
Ikpeng,,txi,,ikpe1245,
Ikpeshic,"Enwan (Edo State), Ikpeshi, Ivbie North-Okpela-Arhe",,"env, ikp, atg",ikpe1246,"enwa1246, ikpe1243, ivbi1241"
Ikposo,"Amou Oblou, Ikponu, Iwi, Litime, Logbo, Uma (Ikposo)",kpo,,ikpo1238,"amou1238, ikpo1239, iwii1238, liti1241, logb1246, umaa1241"
Iku-Gora-Ankwa,,ikv,,ikug1238,
Ikulu,,ikl,,ikul1238,
Ikwere,"Akpo-Mgbu-Tolu, Aluu, Apani, Egbedna, Elele, Emowhua, Ibaa, Igwuruta, Ipo, Isiokpo, Ndele, Obio, Ogbakiri, Omagwna, Omerelu, Omudioga, Rumuji, Ubima",ikw,,ikwe1242,"akpo1242, aluu1242, apan1242, egbe1245, elel1238, emow1238, ibaa1240, igwu1238, ipoo1238, isio1238, ndel1238, obio1238, ogba1242, omag1246, omer1238, omud1238, rumu1242, ubim1238"
Ila,"Lumbu (Ila), Lundwe, Nuclear Ila, Twa of the Kafue",ilb,,ilaa1246,"lumb1248, lund1265, nucl1382, twao1243"
Ile Ape,"North Ile Ape, South Ile Ape",ila,,ilea1237,"nort2868, sout2897"
Ilianen Manobo,"Arkan Valley, Livunganen, Puleniyan",mbi,,ilia1236,"arka1238, livu1240, pule1237"
Ili Turki,,ili,,ilit1241,
Ili'uun,"Dadu'a, Eray, Esulit, Ilmaumau, Karbubu, Klishatu, Nabar, Telemar, Ustutun",ilu,,iliu1237,"dadu1237, eray1237, esul1241, ilma1240, karb1242, klis1237, naba1254, tele1255, ustu1237"
Illyrian,,xil,,illy1234,
Iloko,,ilo,,ilok1237,
Ilongot,"Abaka, Egongot, Ibalao, Italon, Iyongut",ilk,,ilon1239,"abak1243, egon1237, ibal1242, ital1283, iyon1237"
Ilue,,ilv,,ilue1241,
Ilwana,,mlk,,ilwa1237,
Imbabura,,,,imba1237,
Imbabura Highland Quichua,,qvi,,imba1240,
Imbabura-Colombia-Oriente Quechua,"Colombia-Oriente Quechua, Imbabura Highland Quichua",,qvi,imba1241,"colo1258, imba1240"
Imbongu,Awa,imo,,imbo1238,awaa1246
Imeraguen,,ime,,imer1236,
Imonda,,imn,,imon1245,
Imperial Latin,"Latin, Romance",,lat,impe1234,"lati1261, roma1334"
Imperial Aramaic (700-300 BCE),,arc,,impe1235,
Imperial-Middle-Modern Aramaic,"Imperial Aramaic (700-300 BCE), Middle-Modern Aramaic",,arc,impe1236,"impe1235, midd1367"
Impfondoic,"Bomitaba, Impfondo",,"zmx, bok",impf1234,"bomi1238, bonj1234"
Imroing,,imr,,imro1237,
Imunga Trade Language,,,,imun1234,
Inabaknon,,abx,,inab1237,
Inagta Bikol,"Isarog Agta, Mt. Iriga Agta, Mt. Iraya Agta",,"agk, agz, atl",inag1234,"isar1235, mtir1235, mtir1236"
Inanwatan,"Duriankere, Suabo",,"dbn, szp",inan1242,"duri1243, suab1238"
Itutang-Inapang,,mzu,,inap1241,
Iñapari,"Modern Iñapari, Pacaguara-Mercier",inp,,inap1242,"inap1243, paca1247"
Inari Saami,,smn,,inar1241,
Indian Sign Language,"Bangalore-Madras Indian Sign Language, Bombay Indian Sign Language, Calcutta Indian Sign Language, Delhi Indian Sign Language, Kolkata Indian Sign Language, Shillong Indian Sign Language",ins,wbs,indi1237,"bang1373, bomb1264, calc1236, delh1234, kolk1234, shil1266"
Jakartan Sign Language,,inl,,indo1291,
Indo-Aryan Northern zone,"Central Pahari, Eastern Pahari",,nep,indo1310,"cent1977, east1436"
Kangri-Dogri,"Dogri, Kangri",doi,"dgo, xnr",indo1311,"dogr1250, kang1280"
Standard Indonesian,"Acrolectal Colloquial Jakarta Indonesian, Riau Indonesian, Bahasa Indonesia",ind,,indo1316,"acro1241, riau1236, stin1234"
Indonesian Bajau,"Jampea, Jaya Bakti, Kajoa, Matalaang, Poso, Roti, Same', Sulamu, Togian 2, Togian 1, Wallace",bdl,,indo1317,"jamp1237, jaya1244, kajo1241, mata1285, poso1238, roti1238, same1241, sula1246, tong1327, tong1328, wall1258"
Indo-European,"Anatolian, Classical Indo-European, Unclassified Indo-European",,,indo1319,"anat1257, clas1257, uncl1527"
Indo-Iranian,"Indo-Aryan, Iranian, Nuristani",,,indo1320,"indo1321, iran1269, nuri1243"
Indo-Aryan,"Dameli, Gawarbatic, Chitral Kalasha, Khowar, Middle-Modern Indo-Aryan, Pashayi, Sanskrit",,"dml, kls, khw, san",indo1321,"dame1241, gawa1246, kala1372, khow1242, midd1375, pash1270, sans1269"
Indo-Aryan Central zone,"Domari, Domaaki, Romani, Western Hindi",,"rmt, dmk, rom",indo1322,"doma1258, doma1260, roma1329, west2812"
Indo-Aryan Eastern zone,"Halbic, Oriya-Gauda-Kamrupa",,,indo1323,"halb1246, oriy1254"
Indo-Aryan Northwestern zone,"Paisaci Prakrit, Sindhi-Lahnda",,qpp,indo1324,"pais1238, sind1278"
Indo-Aryan Southern zone,"Maharastri Prakrit, Marathic",,pmh,indo1325,"maha1305, mara1416"
Indo-Portuguesic,"Malabar-Sri Lanka Portuguese, Northern Indo-Portuguesic",,,indo1327,"mala1544, nort3243"
Indo-European (Unattested),Badeshi,,bdz,indo1329,bade1240
Indo-Pakistani-Nepalese Sign,"Indo-Pakistani Sign, Nepalese Sign Language",,nsp,indo1331,"indo1332, nepa1250"
Indo-Pakistani Sign,"Indian Sign Language, Pakistan Sign Language",,"ins, pks",indo1332,"indi1237, paki1242"
Indonesian Sign,"Jakartan Sign Language, Yogyakarta Sign Language",,inl,indo1333,"indo1291, yogy1234"
Indo-European Speech Register,"Adurgari, Lomavren, Ngatik Men's Creole, Scandinavian Romani, Seb Seliyer, Traveller Danish, Tsotsitaal",,"rmi, ngm, rmd, fly",indo1335,"adur1234, loma1235, ngat1248, scan1239, sebs1234, trav1237, tsot1242"
Indri-Togoyo,"Indri, Togoyo",,"idr, tgy",indr1246,"indr1247, togo1252"
Indri,,idr,,indr1247,
Indus Kohistanic,"Indus Kohistani, Outer Indus Kohistani",,mvy,indu1240,"indu1241, oute1238"
Indus Kohistani,"Duber-Kandia, Indus",mvy,,indu1241,"dube1239, indu1242"
Indus Rajasthani,"Dhatki, Marwari (Pakistan), Od, Parkari Koli",,"mki, mve, odk, kvx",indu1243,"dhat1238, marw1256, oddd1238, park1237"
Inebu One,,oin,,ineb1235,
Ineric,"Lokono, Island Carib-Garifuna",,arw,iner1234,"araw1276, isla1279"
Ineseño,,inz,,ines1240,
Colombian Inga,"Aponte-Santiago Inga, Aponte Inga, Santiago Inga, San Andrés-Lowland Inga, Guayuyaco, San Andrés Inga, Yunguillo-Condagua",inb,inj,inga1252,"apon1239, apon1238, sant1431, jung1240, guay1256, sana1282, yung1255"
Ingain-Kimda,"Ingain, Kimda",,,inga1253,"inga1254, kimd1235"
Ingain,,,,inga1254,
Ingrian,"Hevaha, Kukkuzi, Lower Luga, Lower Luga Ingrian, Siberian Ingrian Finnish, Oredezhi, Soikkola",izh,,ingr1248,"khav1238, kukk1240, lowe1392, lowe1463, sibe1253, ored1238, soyk1238"
Ingush,,inh,,ingu1240,
Inland Ijo,"Biseni-Okordia, Oruma",,orr,inla1259,"bise1239, orum1241"
Inlaod Itneg,,iti,,inla1260,
Inland Gulf of Papua,"Ipiko, West Inland Gulf of Papua",,ipo,inla1262,"ipik1244, west2867"
Inland Tsamosan,"Cowlitz, Upper Chehalis",,"cow, cjh",inla1265,"cowl1242, uppe1439"
Inland Bikol,"Inland-Buhi-Daraga Bikol, Iriga Bicolano",,"bhk, bto",inla1266,"alba1269, irig1242"
Inland Min,"Min Bei Chinese, Min Zhong Chinese",,"mnp, czo",inla1267,"minb1244, minz1235"
Inland Bandjalang,"Condamine-Upper Clarence Bandjalang, Middle Clarence Bandjalang",,"gih, bdy",inla1268,"cond1242, midd1357"
Inland-Western Malagasic,"Bara-Tanosy, Western Malagasic",,,inla1273,"bara1407, saka1299"
Inland Minjim,"Male (Papua New Guinea), Sam",,"mdc, snx",inla1274,"male1291, samm1244"
Inmaculada Sign Language,,,,inma1234,
Inner Sulu Sama,"Balangingi, Central Sama, Southern Sama",,"sse, sml, ssb",inne1244,"bala1311, cent2092, sout2918"
Inner Basin Bantu,"Keleic, Unclassified Inner Basin Bantu, Cuvette",,,inne1246,"kele1261, unun9927, vieu1234"
Inoke-Yate,,ino,,inok1238,
Inonhan,"Alcantaranon, Bulalakaw, Dispoholnon, Looknon",loc,,inon1237,"alca1237, bula1256, disp1238, look1237"
Inoric,"Endegegny, Ener, Gyeta, Inor",ior,,inor1238,"eneg1238, ener1234, gyet1241, inor1240"
Peripheral Western Gurage,"Inoric, Mesmes",,"ior, mys",inor1239,"inor1238, mesm1243"
Inpui Naga,,nkf,,inpu1234,
Insular Chonan,"Haush, Selk'nam",,ona,insu1253,"haus1240, onaa1245"
Insular Celtic,"Brythonic, Goidelic",,,insu1254,"bryt1239, goid1240"
Interlingua (International Auxiliary Language Association),,ina,,inte1239,
Interior Salish,"Northern Interior Salish, Southern Interior Salish",,,inte1241,"nort2948, sout1559"
Interior Bungku-Tolaki,"Mori Atas, Padoe, Tomadino",,"mzq, pdo, tdi",inte1258,"mori1269, pado1242, toma1248"
International Sign,,ils,,inte1259,
Interlingue (Occidental),,ile,,inte1260,
Interglossa,,igs,,inte1261,
Interlingue,,,,inte1262,
Interslavic zonal constructed language,,,,inte1263,
Interior Kasai-Ngounie,"Teke-Fuumu, Teke-Tyee, Teke-Kukuya, West Kasai-Ngounie",,"ifm, tyx, kkw",inte1264,"teke1274, teke1276, teke1280, west2969"
Intha-Danu,"Danu, Intha",int,dnv,inth1238,"danu1251, inth1239"
Inuit,"Eastern Canadian Inuktitut, Greenlandic Inuit, Alaskan Inupiaq, Western Canadian Inuktitut",,"ike, ipk, ikt",inui1246,"east2534, gree1280, inup1234, west2618"
Inuit Sign Language,,iks,,inui1247,
Alaskan Inupiaq,"North Alaskan Inupiatun, Seward Alaska Inupiatun",ipk,"esi, esk",inup1234,"nort2943, nort2945"
Ioi Trade Jargon,,,,ioit1234,
Iowa-Oto,"Iowa, Missouria, Oto",iow,,iowa1245,"iowa1246, miss1249, otoo1241"
Ipai,,,,ipai1240,
Ipalapa Amuzgo,,azm,,ipal1235,
Ipeka-Tapuia,,paj,,ipek1240,
Ipiko,,ipo,,ipik1244,
Ipili,"Paiela, Porgera, Tipinini",ipi,,ipil1240,"paie1238, porg1242, tipi1239"
Ipulo-Olulu,"Etongo, Olulu, Tinta",ass,,ipul1238,"eton1254, olul1247, tint1242"
Iquito,Pintuyacu,iqu,,iqui1243,pint1253
Iquito-Arabela,"Arabela-Andoa, Cahuarano-Iquito",,,iqui1244,"arab1396, cahu1267"
Iranun,"Philippines Iranun, Sabah Iranun, Kota Belud Iranun, Lahad Datu Iranun",ill,"ilp, ilm",iran1262,"phil1247, saba1284, kota1282, laha1256"
Irántxe-Münkü,"Manoki, Münkü",irn,,iran1263,"iran1264, munk1243"
Iranian,"Avestan, Central Iranian PBS, Central Eastern Iranian, Ormuri-Parachi, Pashto, Saka-Wakhi, Sanglechi-Ishkashimi, Southwestern Iranian",,"ave, sgl",iran1269,"aves1237, cent2317, cent2399, ormu1249, pash1269, saka1303, sang1343, sout3157"
Iraqwoid,"Gorowa, Iraqw",,"gow, irk",iraq1240,"goro1270, iraq1241"
Iraqw,Asa,irk,,iraq1241,asaa1238
Iraqi Sign Language,,,,iraq1246,
Irarutu,,irh,,irar1238,
Iraya,"Abra-De-Ilog, Alag-Bako, Pagbahan, Palauan-Calavite, Pambuhan, Santa Cruz (Iraya)",iry,,iray1237,"abra1237, alag1243, pagb1237, pala1345, pamb1244, sant1417"
Yerisiam,,ire,,ires1239,
Irigwe,,iri,,irig1241,
Iriga Bicolano,,bto,,irig1242,
Irish Sign Language,,isg,,iris1235,
Irish,"Connacht, Donegal, Munster-Leinster",gle,,iris1253,"conn1243, done1238, muns1250"
Irish-English,Shelta,,sth,iris1254,shel1236
Iron Ossetian,"Allagir, Kudar, Kurtat, Tagaur, Tual",oss,,iron1242,"alla1246, kuda1250, kurt1247, taga1264, tual1241"
Iroquoian,"Cherokee, Northern Iroquoian",,chr,iroq1247,"cher1273, nort2947"
Ir,,irr,,irrr1240,
Irula of the Nilgiri,"Urali Irula, North-South Irula, Kasaba, South Irula, Mele Nadu Irula, Vette Kada Irula",iru,,irul1243,"irul1244, nort3279, nort2701, sout3259, mele1247, vett1240"
Irula-Muduga,"Irula of the Nilgiri, Muduga-Palu",,iru,irul1245,"irul1243, mudu1245"
Isabi,,isa,,isab1240,
Isanzu,,isn,,isan1243,
Isarog Agta,,agk,,isar1235,
Isconahua,,isc,,isco1239,
Isebe,"Mirkuk, Nuclear Isebe, Urukun",igo,,iseb1246,"mirk1238, nucl1607, uruk1240"
Isekiri,,its,,isek1239,
Ishkashimi,"Nuclear Ishkashimi, Zebak",isk,,ishk1246,"ishk1244, zeba1237"
Isimjeega-Rootigaanga,"Rootigaanga, Isimjeega",,,isim1234,"root1238, tsim1256"
Isinai,,inn,,isin1239,
Isirawa,"Eastern Isirawa, Western Isirawa",srl,,isir1237,"east1857, west1399"
Island Takic,,,,isla1277,
Island Carib,Vincentian,crb,,isla1278,vinc1241
Island Carib-Garifuna,"Garifuna, Island Carib",,"cab, crb",isla1279,"gari1256, isla1278"
Island Kaili-Wolio,"Kalao-Laiyolo, Wolio-Kamaru",,,isla1281,"kala1393, woli1240"
Isle-de-France Creole,"Morisyen, Seselwa Creole French",,"mfe, crs",isle1246,"mori1278, sese1246"
Isnag,"Bayag, Calanasan, Dibagat-Kabugao, Karagawan, Talifugu-Ripang",isd,,isna1241,"baya1258, cala1256, diba1241, kara1488, tali1263"
Isoko,"Aviara, Elu (Atlantic-Congo), Emede, Enhwe, Ibiede, Imiv, Irri, Itebiege, Iwire, Iyede-Ami, Iyede, Iyowo, Ofagbe, Ole, Olomoro, Owe (Isoko), Oyede, Ozoro, Ume, Unogboko, Uti, Uzere",iso,,isok1239,"avia1242, eluu1240, emed1238, enhw1238, ibie1238, imiv1238, irri1238, iteb1238, iwir1238, iyed1241, iyed1242, iyow1238, ofag1238, olee1238, olom1242, owee1242, oyed1238, ozor1238, umee1242, unog1238, utii1238, uzer1238"
Isolado do Tanaru,,,,isol1239,
Israeli Sign Language,,isr,,isra1236,
Isenye,,,,isse1238,
Isthmus Mixe,,mir,,isth1238,
Isthmus-Cosoleacaque Nahuatl,,nhk,,isth1240,
Isthmus-Pajapan Nahuatl,,nhp,,isth1241,
Isthmus-Mecayapan Nahuatl,,nhx,,isth1242,
Isthmic Chibchan,"Doracic, Eastern Isthmic Chibchan, Western Isthmic Chibchan",,,isth1243,"dora1241, east2569, west2641"
Isthmus Zapotec,,zai,,isth1244,
Isthmus Nahuatl,"Isthmus-Cosoleacaque Nahuatl, Isthmus-Pajapan Nahuatl, Isthmus-Mecayapan Nahuatl, Tabasco Nahuatl",,"nhk, nhp, nhx, nhc",isth1245,"isth1240, isth1241, isth1242, taba1265"
Isthmus-Pipil Nahuatl,"Isthmus Nahuatl, Pipil",,ppl,isth1246,"isth1245, pipi1250"
Istriot,,ist,,istr1244,
Istro-Romanian,,ruo,,istr1245,
Isu (Fako Division),,szv,,isuf1235,
Isu (Menchum Division),,isu,,isum1240,
Isyarat Lama Asli Bali,,,,isya1234,
Isyarat Lama Cicendo,,,,isya1235,
Italian Sign Language,,ise,,ital1275,
Italian,"Cicolano-Reatino-Aquilano, Fiorentino, Old Italian, Laziale",ita,,ital1282,"cico1238, fior1235, fior1236, lazi1238"
Italic,"Latino-Faliscan, Sabellic, Unclassified Italic, Venetic",,xve,ital1284,"lati1262, sabe1249, uncl1536, vene1257"
Italo-Western Romance,"Italo-Dalmatian, Western Romance",,,ital1285,"ital1286, west2813"
Italo-Dalmatian,"Dalmatian Romance, Italian Romance",,,ital1286,"dalm1244, ital1287"
Italian Romance,"Italian, Continental Southern Italian, Sicilian",,"ita, nap, scn",ital1287,"ital1282, neap1235, sici1248"
Italian Sign,"Italian Sign Language, Swiss-Italian Sign Language, Tunisian Sign Language",,"ise, slf, tse",ital1288,"ital1275, swis1235, tuni1249"
Itawit,,itv,,itaw1240,
West Itelmen,"Sedanka, Xajrjuzovskij",itl,,itel1242,"seda1263, xajr1238"
Itene,Itoreauhip,ite,,iten1243,itor1239
Beromic,"Berom, Eten",,"bom, etx",iten1244,"bero1242, eten1239"
Iteri-Bo,"Bo (Papua New Guinea), Iteri",,"bpw, itr",iter1240,"bopa1235, iter1241"
Iteri,,itr,,iter1241,
Itik,"Ittik, Ittik-Tor",itx,,itik1240,"itti1241, itti1242"
Itneg,"Binongan Itneg, Inlaod Itneg",,"itb, iti",itne1252,"bino1237, inla1260"
Itonama,,ito,,iton1250,
Ito,,itw,,itoo1242,
Itu Mbon Uzo,,itm,,itum1245,
Itundujia Mixtec,,mce,,itun1239,
Itutang,,itu,,itut1240,
Itzá,,itz,,itza1241,
Iu Mien,"Cham (Hmong-Mien), Chiangrai, Dao Do, Dao Lan Tien, Dao Lo Gang, Deo Tien, Quan Chet, Quan Trang",ium,,iumi1238,"cham1310, chia1260, daod1238, daol1241, daol1242, deot1238, quan1241, quan1242"
Itbayat,,ivv,,ivat1242,
Ivbie North-Okpela-Arhe,"Arhe, Ivbie North, Okpela",atg,,ivbi1241,"arhe1238, ivbi1242, okpe1248"
Ivorian Grebo,"Pye Krumen, Tepo-Plapo",,pye,ivor1240,"pyek1235, tepo1241"
Iwaidja,Iwaydja,ibd,,iwai1244,iway1238
Iwaidjan Proper,"Amurdak, Central Iwaidjic, Mawng",,"amg, mph",iwai1246,"amar1271, cent2228, maun1240"
Iwaidjan Proper (Unattested),Manangkari,,znk,iwai1249,mana1248
I-Wak,,iwk,,iwak1237,
Iwal,,kbm,,iwal1237,
Iwam,,iwm,,iwam1256,
Iwam-Wogamus,"Iwamic, Wogamusin-Chenapian",,,iwam1259,"iwam1260, woga1248"
Iwamic,"Iwam, Sepik Iwam",,"iwm, iws",iwam1260,"iwam1256, sepi1255"
Morop-Dintere,,iwo,,iwur1240,
Ixcatec,,ixc,,ixca1245,
Ixcatlán Mazatec,,mzi,,ixca1246,
Ixcatec-Chocho-Popolocan,"Chocho-Popolocan, Ixcatec",,ixc,ixca1247,"choc1278, ixca1245"
Ixilan,"Aguacateco, Ixil",,"agu, ixl",ixil1250,"agua1252, ixil1251"
Ixil,"Ixil Chajul, Ixil Nebaj, Ixil Cotzal",ixl,"ixj, ixi",ixil1251,"ixil1252, ixil1253, ixil1258"
Ixtayutla Mixtec,,vmj,,ixta1235,
Ixtenco Otomi,,otz,,ixte1237,
Iyayu,,iya,,iyay1238,
Iyive,,uiv,,iyiv1238,
Iyojwa'ja Chorote,,crt,,iyoj1235,
Iyo,,nca,,iyoo1238,
Iyo'wujwa Chorote,,crq,,iyow1239,
Izere,,izr,,izer1241,
Izeric,"Cen, Firan, Ganang, Izere",,"cen, fir, gne, izr",izer1242,"cenn1238, fira1238, gana1270, izer1241"
Izere (Retired),,fiz,,izer1243,
Izi-Ezaa-Ikwo-Mgbo,"Ezaa, Ikwo, Izi, Mgbo",izi,"eza, iqw, izz, gmz",izie1238,"ezaa1238, ikwo1238, izii1239, mgbo1238"
Izon,"Apoi, Arogbo, Basan, Bumo, East Olodiama, East Tarakiri, Egbema (Ijoid), Ekpetiama, Furupagha, Gbarain, Iduwini, Ikibiri, Kabo, Kolokuma-Opokuma, Koluama, Kumbo (Ijoid), Mein, Ogbe Ijo, Ogboin, Ogulagha, Operemo, Oporoza, Oporomo, Oyiakiri, Tuomo, West Olodiama, West Tarakiri",ijc,,izon1238,"apoi1238, arog1238, basa1277, bumo1235, east2384, east2385, egbe1244, ekpe1250, furu1238, gbar1235, iduw1238, ikib1238, kabo1240, kolo1262, kolu1244, kumb1269, mein1238, ogbe1244, ogbo1241, ogul1238, oper1238, opor1245, opor1246, oyia1238, tuom1235, west2447, west2448"
Izora,,cbo,,izor1238,
Jaad,"Jaad-Badyara, Biafada",,"pbp, bif",jaad1234,"bady1239, biaf1240"
Jabal Razih,,rzh,,jaba1234,
Jabuti,"Arikapú, Djeoromitxí",,"ark, jbt",jabu1249,"arik1265, djeo1235"
Jad,"Jadthang, Nilang",jda,,jadd1243,"jadd1242, nila1245"
Jadgali,,jdg,,jadg1238,
Jahanka,,jad,,jaha1245,
Jah Hut,"Kerdau, Ketiar Krau, Krau, Kuala Tembeling, Pulau Guai, Ulu Ceres, Ulu Tembeling",jah,,jahh1242,"kerd1240, keti1244, krau1243, kual1251, pula1260, uluc1240, ulut1240"
Kia River Awyu,,awv,,jair1235,
Inku,,jat,,jaka1245,
"Jakalteko, Western",,jai,,jaka1246,
Jakun,,jak,,jaku1244,
Jaku-Gubi,"Dulbu, Labir, Shiki",,"dbo, jku, gua",jaku1245,"dulb1238, labi1245, shik1242"
Jala,"Ngalakgan, Rembarrnga",,"nig, rmb",jala1236,"ngal1293, remb1249"
Jalapa De Díaz Mazatec,,maj,,jala1237,
Jalkunan,,bxl,,jalk1242,
Jamaican Country Sign Language,,jcs,,jama1256,
Madi,"Banawa, Eastern Jamamadi, Jarawara",jaa,,jama1261,"bana1307, east2800, jara1276"
Jamaican Creole English,"Basilectal Jamaican Creole, British Creole",jam,,jama1262,"basi1249, brit1243"
Jamaican Sign Language,,jls,,jama1263,
Jamaicanic,"Jamaican Creole English, Limonese Creole",,"jam, qlm",jama1264,"jama1262, limo1249"
Jambi Malay,"Jambi Ilir, Jambi Ulu",jax,,jamb1236,"ilir1237, uluu1245"
Jamiltepec Mixtec,,mxt,,jami1235,
Jamsay Dogon,"Bama, Domno, Gono, Guru (Mali), Perge Tegu",djm,,jams1239,"bama1252, domn1238, gono1238, guru1265, perg1234"
Jamtska,,,,jamt1238,
Jan-Awei,,,,jana1236,
Jandavra,,jnd,,jand1246,
Jangshung,,jna,,jang1254,
Jangkang,,djo,,jang1257,
Janji,,jni,,janj1240,
Japanese Sign Language,"Osakaic Sign Language, Hakudate Sign Language, Osaka Sign Language, Tokyo Sign Language",jsl,,japa1238,"osak1240, haku1235, osak1241, toky1240"
Japanesic,"Japan-Taiwan Japanese, Old Japanese, Kagoshima, Tsugaru",,ojp,japa1256,"japa1258, oldj1239, sats1241, tsug1237"
Japanese-based pidgin,Yokohama Pidgin,,,japa1257,yoko1234
Japan-Taiwan Japanese,"Japanese, Vernacular Atayalic Japanese",,"jpn, ycr",japa1258,"nucl1643, yila1234"
Japhug,"Datshang, Gdongbrgyad-Kamnyu",,,japh1234,"dats1234, gdon1234"
Japonic,"Hachijo, Japanesic, Ryukyuan",,,japo1237,"hach1239, japa1256, ryuk1243"
Japrería,,jru,,japr1238,
Japura-Colombia,"Ica, Mepuri, Nuclear Japura-Colombia",,,japu1236,"icaa1241, mepu1234, nucl1764"
Japura-Ica,"Jumana, Passe",,,japu1237,"juma1250, pass1250"
Jaqaru,,jqr,,jaqa1244,
Jarawa-Onge,"Jarawa (India), Önge",,"anq, oon",jara1244,"jara1245, onge1236"
Jarawa (India),,anq,,jara1245,
Jarawan,"Mbonga, Nagumi, Nigerian Jarawan",,"xmb, ngv",jara1262,"mbon1252, nagu1244, nige1254"
Jarawa (Nigeria),"Bankal, Bobar, Gingwak, Kanam, Ligri",jar,"jjr, jgk",jara1263,"bank1257, boba1246, ging1241, kana1285, ligr1238"
Jarai,"Aráp, Chuty, Golar, Habau, Hodrung, Jhue, Pleikly, Puan, Sesan, To-Buan",jra,,jara1266,"arap1278, chut1251, gola1259, haba1238, hodr1237, jhue1237, plei1237, puan1237, sesa1248, tobu1241"
Jara,,jaf,,jara1274,
Jarawaic,"Bada (Nigeria), Duguri, Jarawa (Nigeria)",,"bau, dbm, jar",jara1275,"bada1258, dugu1249, jara1263"
Jargon Loucheux,,,,jarg1234,
Jarrakan,"Kitja, Miriwunic",,gia,jarr1235,"kitj1240, miri1274"
Jaru,"Wawarl, Kartangarurru, Nyininy, Wanyjirra",ddj,,jaru1254,"djar1244, kart1251, nyin1247, wany1244"
Jaruára,,jap,,jaru1257,
Jauja-Huanca,"Huaylla Wanca Quechua, Jauja Wanca Quechua",,"qvw, qxw",jauj1237,"huay1241, jauj1238"
Jauja Wanca Quechua,,qxw,,jauj1238,
Jaunsari,,jns,,jaun1243,
Javanesic,"Kawi, Modern Javanese",,kaw,java1253,"kawi1241, mode1251"
Javanese,"Central Javanese, Blora, Madiunan, Semarang-Demak-Kudus-Jepara, Kudus, Semarang (Central Javanese), Mataraman, Bagelen, Kedu, Solo, East Javanese, Arekan, Malang-Pasuruan, Surabaya, Jombang, Jawa Halus, West Javanese, Banten (West Javanese), Banyumas, Cirebon Javanese, Indramayu, Pesisir Lor, Pekalongan, Pemalang, Tegal",jav,,java1254,"cent2331, blor1234, madi1264, sema1271, east2801, sema1270, temb1273, bage1239, kedu1234, solo1259, east2487, arek1234, mala1493, sura1245, jomb1234, jawa1239, west2565, bant1291, bany1247, cire1240, indr1248, pasi1258, peka1244, pema1234, tega1246"
Javindo,,jvd,,javi1237,
Jawe,,jaz,,jawe1237,
Jaya,,jyy,,jaya1242,
Jayapura Bay,"Kayupulau, Ormu, Tobati",,"kzu, orz, tti",jaya1243,"kayu1243, ormu1248, toba1266"
Jebero,,jeb,,jebe1250,
Je Central,"Acroá, Xakriabá, Xavánte, Xerénte",,"acs, xkr, xav, xer",jece1235,"acro1239, xakr1238, xava1240, xere1240"
Jedek,,,,jede1239,
Je,"Geico, Je Central, Je Meridional, Je Setentrional",,,jeee1236,"geic1236, jece1235, jeme1246, jese1235"
Jehai,"Batek The, Nuclear Jehai",jhi,,jeha1242,"bate1267, nucl1294"
Kayong-Jeh-Halang,"Jeh-Halang, Kayong, Unclassified Kayong-Jeh-Halang",,kxy,jehh1244,"jehh1246, kayo1245, unun9941"
Jeh,"Jeh Bri La, Jeh Mang Ram",jeh,,jehh1245,"jehb1240, jehm1239"
Jeh-Halang,"Halang, Jeh",,"hal, jeh",jehh1246,"hala1252, jehh1245"
Jejueo,,jje,,jeju1234,
Jelmek,"Wanam Yelmek, Southern Yelmek",,jel,jelm1234,"wana1273, yelm1242"
Towa,,tow,,jeme1245,
Je Meridional,"Ingain-Kimda, Kaingang-Xokleng",,,jeme1246,"inga1253, kain1270"
Jenaama Bozo,"Débo, Korondougou, Kotya, Pondori",bze,,jena1242,"debo1238, koro1305, koty1238, pond1250"
Jenipapo-Kanindé,,,,jeni1237,
Jennu Kurumba,"Ane Kuruba, Jeinu Kuruba",xuj,,jenn1240,"aine1237, jein1237"
Jen,"Doso-Dza, Tha",,thy,jenn1241,"doso1240, thaa1239"
Jere,"Buji, Gusu, Nuclear Jere, Ribina",jer,,jere1244,"buji1242, gusu1242, nucl1376, ribi1243"
Jeri,"Jalkunan, Jeli",,"bxl, jek",jeri1241,"jalk1242, jeri1242"
Jeli,,jek,,jeri1242,
Jeru-Kora,"Akajeru, Akakora",,"akj, ack",jeru1239,"akaj1239, akak1251"
Jerung,"Balkhu-Sisneri, Madhavpur, Ratnawati",jee,,jeru1240,"balk1255, madh1243, ratn1236"
Je Setentrional,"Core Northern Je, Panará",,kre,jese1235,"core1264, pana1307"
Jewish Babylonian Aramaic (ca. 200-1200 CE),,tmr,,jewi1240,
Jhyankot Sign Language,,jhs,,jhan1234,
Jiamao,,jio,,jiam1236,
Northern Gyalrong,"Japhug, Tshobdun, Zbu",jya,,jiar1240,"japh1234, tsho1240, zbua1234"
Jiarong,,,,jiar1242,
Jiba,,juo,,jiba1237,
Jibu,"Galamjina, Garbabi, Gayam",jib,,jibu1239,"gala1254, garb1238, gaya1240"
Jibu-Wase,"Jibuic, Wãpha",,juw,jibu1240,"jibu1241, waph1238"
Jibuic,"Jibu, Jukun Takum",,"jib, jbu",jibu1241,"jibu1239, juku1254"
Jicarilla Apache,,apj,,jica1244,
Jicaquean,"Tol, Western Jicaque",,jic,jica1245,"toll1241, west2777"
Jiiddu,,jii,,jiid1238,
Ji,"Buu, Mundabli-Mufu",,boe,jiii1234,"buuu1246, mund1328"
Jilbe,,jie,,jilb1238,
Sgi Bara,,jil,,jili1241,
Jilic-Eggonic,"Eggon-Ake, Jilic",,,jili1242,"eggo1240, jili1243"
Jilic,"Lijili, Rjili",,"mgi, uji",jili1243,"liji1238, tanj1247"
Jimi,"Kandawo-Narak, Maring",,mbw,jimi1245,"kand1306, mari1435"
Jimi (Cameroon),"Djimi, Jimo, Malabu, Wadi, Zumo (Cameroon)",jim,,jimi1254,"djim1239, jimo1235, mala1532, wadi1259, zumo1247"
Jimi (Nigeria),Zumo,jmi,,jimi1255,zumo1248
Kotoko Meridional,"Jina, Majera",,"jia, xmj",jina1243,"jina1244, maje1243"
Jina,"Mo'e, Muhulu, Zina",jia,,jina1244,"moee1234, muhu1242, zina1234"
Jingpho-Luish,"Jingpho, Luish",,,jing1259,"jing1260, sakk1239"
Jingpho,"Southern Jinghpaw, Northern Jinghpaw",,"kac, sgp",jing1260,"kach1280, sing1264"
Jino,"Buyuan Jinuo, Youle Jinuo",,"jiy, jiu",jino1236,"buyu1238, youl1235"
Jinyu Chinese,"Huhehaote, Pingyao, Taiyuan",cjy,,jiny1235,"huhe1234, ping1247, taiy1243"
Jiongnai-Ho Ne,"Ho Neic, Jiongnai Bunu",,pnu,jion1235,"hone1239, jion1236"
Jiongnai Bunu,,pnu,,jion1236,
Jirajaran,"Ayomán, Gayón, Jirajara",,,jira1235,"ayom1234, gayo1245, jira1249"
Jirel,,jul,,jire1238,
Jiru,,jrr,,jiru1238,
Jita,,jit,,jita1239,
Jitotolteco,,,,jito1235,
Chicham,"Aguaruna, Shuaric",,agr,jiva1245,"agua1253, shua1256"
Jizhao,,,,jizh1234,
Jju,,kaj,,jjuu1238,
J-Koryakic,"Kerek, Koryak",,"krk, kpy",jkor1234,"kere1280, kory1246"
Joba,,job,,joba1238,
Joeka-Oajana Pidgin,,,,joek1234,
Jofotek-Bromnya,,jbr,,jofo1235,
Jogi in the Sindh area,,jog,,jogi1234,
Jogo-Jeri,"Jeri, Jogo",,,jogo1241,"jeri1241, jogo1242"
Jogo,"Ligbi, Tonjon",,"lig, tjn",jogo1242,"ligb1244, tonj1246"
Jola-Esulalu,"Ayun, Bliss, Esulalu, Elinkine-Kasa (Fluvial), Huluf, Selek",csk,,jola1262,"ayun1238, blis1238, esul1240, fluv1238, hulu1244, sele1248"
Jola-Fonyi,"Buluf, Fonyi, Kalounaye, Kombo, Narang",dyo,,jola1263,"bulu1250, fony1238, kalo1258, komb1268, nara1261"
Jola,"Bayot, FH-Jola, Gusilay-Bandial, Jola-Fonyi",,dyo,jola1264,"bayo1262, fhjo1234, gusi1245, jola1263"
Jonkor Bourmataguil,"Dougne, Musunye",jeu,,jonk1238,"doug1241, musu1240"
Joola-Manjaku,"Jola, Manjaku-Mankanya-Pepel",,,jool1234,"jola1264, manj1250"
Jorá,,jor,,jora1240,
Levantine Arabic Sign Language,,jos,,jord1238,
Jordanian Bengali Pidgin Arabic,,,,jord1239,
Jakattoe,,jrt,,jort1240,
Jos,"Amo, Kauru, Northern Jos",,amo,josa1234,"amoo1242, kaur1268, nort3210"
Jova,,,,jova1234,
Jowulu,,jow,,jowu1238,
JSLic,"Japanese Sign Language, Korean Sign Language, Taiwan Sign Language",,"jsl, kvk, tss",jsli1234,"japa1238, kore1273, taiw1241"
Juang,,jun,,juan1238,
Judeo-Italian,,itk,,jude1255,
Judeo-Tat,"Central Judeo-Tat, Derbent Judeo-Tat, Quba Judeo-Tat, Northern Judeo-Tat, Kaytag Judeo-Tat, Northern Cities Judeo-Tat, Southern Judeo-Tat, Şirvan Judeo-Tat, Vartaşen Judeo-Tat",jdt,,jude1256,"cent2409, derb1244, quba1247, nort3410, kayt1239, nort3411, sout3389, sirv1234, vart1239"
Judeo-Persian,,jpr,,jude1257,
Judeo-Berber,,jbe,,jude1262,
Judeo-Tripolitanian Arabic,,yud,,jude1264,
Judeo-Moroccan Arabic,"Kjal, Wqal",aju,,jude1265,"kjal1234, wqal1234"
Judeo-Iraqi Arabic,,yhd,,jude1266,
Judeo-Yemeni Arabic,"'Aden, Beda, Habban, San'a",jye,,jude1267,"aden1242, beda1249, habb1238, sana1296"
Judeo-Hamadani-Borujerdi,"Judeo-Hamadani, Judeo-Borujerdi",,,jude1268,"jude1271, jude1272"
Judeo-Muslim Sanaani Arabic,"Judeo-Yemeni Arabic, Sanaani Arabic",,"jye, ayn",jude1277,"jude1267, sana1295"
South-Eastern Ju,"Gobabis-Tsumkwe Juǀ’hoan, Groot Laagte =/Kx'au//'ein, Nogau",ktz,aue,juho1239,"dzuo1238, kxau1241, noga1250"
Jukun Takum,"Donga (Jukun Takum), Takum",jbu,,juku1254,"dong1292, taku1256"
Ju-Kung,"Central Ju, South-Eastern Ju, North-Central Ju, Northern Ju",,"ktz, knw, vaj",juku1256,"cent2300, juho1239, kung1261, vase1234"
Jukunoid,"Central Jukunoid, Kutep",,kub,juku1257,"cent2241, kute1248"
Jukun-Mbembe-Wurbo,"Jukun, Tigon Mbembe, Wurbo-Wannu",,nza,juku1258,"juku1259, tigo1236, wurb1240"
Jukun,"Jibu-Wase, Kororofa",,,juku1259,"jibu1240, koro1322"
Julud,,,,julu1237,
Jumano,,,,juma1248,
Júma,,jua,,juma1249,
Jumana,,,,juma1250,
Jumjum,,jum,,jumj1238,
Jumli,"Assi, Chaudhabis, Paachsai, Sinja",jml,,juml1238,"assi1246, chau1257, paac1238, sinj1240"
Jumla Sign Language,,jus,,juml1239,
Yupua,,,,jupu1235,
Juquila Mixe,"Nuclear Juquila Mixe, Ocotepec Mixe",mxq,,juqu1238,"nucl1646, ocot1241"
Juray,,juy,,jura1242,
Jurchen,,juc,,jurc1239,
Juri,,,,juri1235,
Jur Modo,"Modo, Wetu, Wira",bex,,jurm1239,"modo1248, wetu1238, wira1263"
Jurúna,,jur,,juru1256,
Jutish,,jut,,juti1236,
Ju,,juu,,juuu1243,
Juwal,,mwb,,juwa1238,
Juxtlahuaca Mixtec,,vmc,,juxt1235,
Jwira-Pepesa,"Jwira, Pepesa",jwi,,jwir1241,"jwir1242, pepe1238"
Jwira-Nzima,"Jwira-Pepesa, Nzima",,"jwi, nzi",jwir1243,"jwir1241, nzim1238"
Kaamba,,xku,,kaam1238,
Kaansa,"Kpatogo, Nuclear Kaansa",gna,,kaan1246,"kpat1245, nucl1369"
Kaan,,ldl,,kaan1247,
Kaang Chin,,ckn,,kaan1248,
Kabatei,"Kabate, Kalas",xkp,,kaba1276,"kaba1277, kala1370"
Kabardian,Greater Kabardian,kbd,,kaba1278,grea1271
Kaba,"Kaba of Tchad-CAR, Laka of Lau (Nigeria)",ksp,lak,kaba1281,"kaba1293, laka1252"
Kabalai,Gablai,kvf,,kaba1292,gabl1238
Kabarasi-Tachoni-Nyala East,"East Nyala, Kabras, Tachoni",,"nle, lkb, lts",kaba1294,"east2409, kabr1240, tach1242"
Kabenau,"Arawum, Kolom, Lemio, Pulabu, Siroi",,"awm, klm, lei, pup, ssd",kabe1245,"araw1272, kolo1267, lemi1243, pula1267, siro1249"
Kabikabi,"Butchulla, Gubbi Gubbi",gbw,xby,kabi1260,"baty1234, gabi1248"
Kabiyé,"Boufale, Kewe, Kijang, Lama-Tissi",kbp,,kabi1261,"bouf1238, kewe1235, kija1238, lama1274"
Kabixí,,xbx,,kabi1264,
Kabiyeic,"Kabiyé, Lama (Togo), Lukpa",,"kbp, las, dop",kabi1265,"kabi1261, lama1275, lukp1238"
Kabola,"Kebun Kopi, Meibuil, Otvai, Pintumbang, Tang'ala",klz,,kabo1247,"kebu1247, meib1238, otva1238, pint1252, tang1351"
Kabore One,,onk,,kabo1248,
Kabras,,lkb,,kabr1240,
Kaburi,,uka,,kabu1249,
Kabutra,,kbu,,kabu1254,
Kabuverdianu,"Barlavento, Kabuverdianu Sotavento, Sotavento",kea,,kabu1256,"barl1241, kabu1257, sota1243"
Kabwa,,cwa,,kabw1241,
Kabwari,,kcw,,kabw1242,
Kabyle,"Far Western Kabyle, Western Kabyle, Eastern Kabyle, Tasahlit",kab,,kaby1243,"farw1241, grea1281, less1241, tasa1242"
Kabyle-Atlas Berber,"Atlas Berber, Kabyle",,kab,kaby1244,"atla1275, kaby1243"
Kachi Koli,"Kachi Bhil, Kachi, Katai Meghwar, Rabari, Vagri, Zalavaria Koli",gjk,,kach1272,"kach1273, kach1274, kata1263, raba1246, vagr1238, zala1239"
Kachchi,Jadeji,kfr,,kach1277,jade1242
Kachari,,xac,,kach1279,
Southern Jinghpaw,"Jilí, Enkun, Hkaku, Kauri, Shidan",kac,,kach1280,"dzil1238, enku1238, hkak1238, kaur1266, shid1239"
Kachama-Ganjule-Haro,"Ganjule, Ganta, Kachama",kcx,,kach1284,"ganj1241, gant1243, kach1285"
Kacipo-Balesi,"Balesi, Kacipo, Kichepo, Suri (Kacipo-Balesi), Western Suri, Zilmamu",koe,,kaci1244,"bale1254, kaci1245, kich1261, suri1268, west2496, zilm1238"
Kaco',,xkk,,kaco1239,
Kadar,,kej,,kada1242,
Kadaru,"Dabatna, Kafir, Kuldaji, Kurtala, Kururu, Nuclear Kadaru",kdu,,kada1282,"daba1243, kafi1242, kuld1238, kurt1249, kuru1303, nucl1343"
Kadara,"Iri, Kachia, Kajuru, Minna",kad,,kada1284,"irii1238, kach1282, kaju1238, minn1249"
Kadai,,kzd,,kada1286,
Kadaic,"Eastern Kra, Southwestern Kra",,,kada1291,"east2365, sout3143"
Kadazan-Sugut-Minokok,"Kadazan Dusun, Sugut-Minokok Kadazan",,dtp,kada1292,"cent2100, sugu1244"
Kadiwéu,,kbc,,kadi1248,
Kado,"Ganaan, Kadu",kdv,"zkn, zkd",kado1242,"gana1267, kadu1254"
Kaduo,,ktp,,kadu1253,
Kadugli-Krongo,"Central-Western Kadugli-Krongo, Keiga",,kec,kadu1256,"cent2229, keig1242"
Kaera,,jka,,kaer1234,
Kaera-Straits,"Blagaric, Kaera",,jka,kaer1235,"blag1241, kaer1234"
Kafa,"Bosha, Nuclear Kafa",kbr,,kafa1242,"bosh1241, nucl1434"
Kafoa,,kpu,,kafo1240,
Kafr Qasem Sign Language,,sqx,,kafr1234,
Kafue,"Ila, Lenje, Sala, Tonga (Zambia)",,"ilb, leh, shq, toi",kafu1239,"ilaa1246, lenj1248, sala1266, tong1318"
Kagate,,syw,,kaga1252,
Kagan Kalagan,,kll,,kaga1255,
Kagayanen,,cgc,,kaga1256,
Kagan-Kalagan,"Kagan Kalagan, Kalagan",,"kll, kqe",kaga1259,"kaga1255, kala1388"
Ut-Main,"Fer, Jiir, Kag, Koor, Kur (Nigeria), Ror, Us, Zuksun",gel,,kagf1238,"ferr1242, jiir1238, kagg1238, koor1238, kurr1244, rorr1238, usss1238, zuks1238"
Kagoma,,kdm,,kago1247,
Kagoro,,xkg,,kago1248,
Kagulu,"Mangehele, Nongwe-Mamboya-Berega",kki,,kagu1239,"mang1389, tumb1248"
Kahayan,,xah,,kaha1240,
Kahe,,hka,,kahe1238,
Kahua,,agw,,kahu1241,
Kahumamahon Saluan,,slb,,kahu1242,
Kaian,,kct,,kaia1245,
Kaibobo,"Hatusua, Nuclear Kaibobo",kzb,,kaib1244,"hatu1245, nucl1530"
Kaidipang,"Bolaang Itang, Kaidipan",kzp,,kaid1239,"bola1251, kaid1240"
Kaiep,,kbw,,kaie1237,
Kaiep-Terebu,"Kaiep, Terebu",,"kbw, trb",kaie1238,"kaie1237, tere1276"
Kaikadi,,kep,,kaik1244,
Kaike,,kzq,,kaik1246,
Kaiku,,kkq,,kaik1247,
Kaike-Ghale-Tamangic,"Ghale-Tamangic, Kaike",,kzq,kaik1248,"ghal1247, kaik1246"
Greater Kaili,"Common Kaili, Kulawi, Sedoa",,tvw,kail1254,"comm1248, kula1284, sedo1237"
Kaili-Wolio,"Northern Kaili-Wolio, Southern Kaili-Wolio",,,kail1255,"nort2898, wotu1239"
Kailge Sign Language,,,,kail1256,
Kaimbé,,xai,,kaim1235,
Kaimbulawa,"Kambe-Kambero, Lantoi",zka,,kaim1241,"kamb1301, lant1240"
Kaingang-Xokleng,"Kaingangic, Xokleng",,xok,kain1270,"kain1271, xokl1240"
Kaingangic,"Kaingang, São Paulo Kaingáng",,"kgp, zkp",kain1271,"kain1272, saop1235"
Kaingang,"Central Kaingang, Paraná Kaingang, Southeast Kaingang, Southwest Kaingang",kgp,,kain1272,"cent2143, para1314, sout2997, sout2998"
Kainantu-Goroka,"Goroka, Kainantu, Unclassified Kainantu-Goroka",,,kain1273,"goro1272, kain1274, unun9974"
Kainantu,"Gauwa, Tairora, Unclassified Kainantu",,,kain1274,"gauw1235, tair1260, unun9975"
Kainji,"Central Kainji, Kainji Lake",,,kain1275,"cent2242, kain1276"
Kainji Lake,"Reshe, Upper Niger Kainji",,res,kain1276,"resh1242, uppe1457"
Kainuu Saami,,,,kain1277,
Kaiowa,"Kaiwá, Pai Tavytera",,"kgk, pta",kaio1234,"kaiw1246, pait1247"
Kairiru-Manam,"Kairiruic linkage, Manamic linkage",,,kair1261,"kair1262, mana1294"
Kairiruic linkage,"Kaiep-Terebu, Kairiru",,kxa,kair1262,"kaie1238, kair1263"
Kairiru,,kxa,,kair1263,
Kairui-Midiki,"Kairui, Midiki",krd,,kair1265,"kair1266, midi1237"
Kairak,,ckr,,kair1267,
Kais,,kzm,,kais1235,
Kaishana,,,,kais1242,
Kaisanic,"Kaisan-Sheiknyo, Kaisan, Sheiknyo, Pinkuan, Kon-Miku, Kon, Miku, Nyingshau, Pinku",,,kais1245,"kais1246, kais1247, shei1240, pink1234, konm1234, konn1244, miku1234, nyin1252, pink1235"
Kaivi,,kce,,kaiv1238,
Kaiwá,"Nuclear Kaiwá, Tembekuá, Teüi",kgk,,kaiw1246,"kaiw1247, temb1275, teui1238"
Kaiy,,tcq,,kaiy1239,
Kajali,,xkj,,kaja1247,
Kajaman,,kag,,kaja1250,
Kajakse,,ckq,,kaja1254,
Kajang,"Kajaman-Lahanan, Sekapan",,skp,kaja1255,"kaja1256, seka1248"
Kajaman-Lahanan,"Kajaman, Lahanan",,"kag, lhn",kaja1256,"kaja1250, laha1253"
Kajana Sign Language,,,,kaja1257,
Kajkavian,"Srednishnji Kajkavian, Rubni Kajkavian",kjv,,kajk1237,"kajk1238, rubn1235"
Kajtak,,xdq,,kajt1238,
Kakanda,"Budon Kakanda, Gbanmi-Sokun Kakanda",kka,,kaka1264,"budo1240, gban1262"
Kakabe,"Central-Northwestern Kakabe, Central Kakabe, Kankalabe, Kuru-Maninka, Wurekaba Maninka",kke,,kaka1265,"cent2366, cent2367, kank1246, kuru1312, wure1234"
Kakabai linkage,"Dawawa, Kakabai",,"dww, kqf",kaka1266,"dawa1242, kaka1267"
Kakabai,"North Kakabai, South Kakabai",kqf,,kaka1267,"nort2849, sout2872"
Kakauhua,,kbf,,kaka1269,
Kakesio Dorobo,,,,kake1234,
Nikio,"Kio Ijo, Nkoroo",,nkx,kaki1245,"kaki1246, nkor1239"
Kio Ijo,"Ibani, Kalabari, Kirike",,"iby, ijn, okr",kaki1246,"iban1261, kala1381, kiri1254"
Kakihum,,kxe,,kaki1247,
Kaki Ae,,tbd,,kaki1249,
Kakkala,,,,kakk1234,
Kako,"Bera (Cameroon), Besembo, Mbonjoku, Ngbako",kkj,,kako1242,"bera1260, bese1241, mbon1251, ngba1289"
Kakua-Nukak,"Kakua, Nukak Makú",,"cbv, mbr",kaku1242,"cacu1241, nuka1242"
Kakwa,,keo,,kakw1240,
Kalanadi,,wkl,,kala1255,
Kalabra,,kzz,,kala1256,
Chitral Kalasha,"Eastern Chitral Kalasha, Northwest Chitral Kalasha, Birir-Jinjiret, Rumbur-Bumboret, Southern Chitral Kalasha",kls,,kala1372,"east2893, nort2663, biri1261, rumb1241, sout2669"
Gawri,"Dashwa, Kalam (Pakistan), Lamuti, Rajkoti, Thal, Ushu",gwc,,kala1373,"dash1238, kala1374, lamu1252, rajk1238, thal1242, ushu1238"
Kalaktang Monpa,,kkf,,kala1376,
Kala Lagaw Ya,"Kalaw Kawaw Ya, Kawrareg, Kulkalgau Ya, Mabuyag",mwp,,kala1377,"kala1378, kawr1234, kulk1234, mabu1248"
Kalarko-Mirniny,"Kalarko, Mirniny",kba,gmr,kala1379,"kala1416, mirn1245"
Bulloo River,"Pitjara, Kalali, Mingbari",gll,,kala1380,"bidj1245, kala1414, ming1253"
Kalabari,,ijn,,kala1381,
Kalamsé,"Kasoma, Logremma",knz,,kala1383,"kaso1238, logr1238"
Kalanga,"Ikalanga, Lilima, Nyai, Peri, Talahundra",kck,,kala1384,"ikal1242, lili1247, nyai1238, peri1257, tala1281"
Kalagan,"Isamal, Lactan, Piso, Tumuaong",kqe,,kala1388,"isam1242, lact1237, piso1238, tumu1243"
Kalamian,"Agutaynen, Calamian Tagbanwa",,"agn, tbk",kala1389,"agut1237, cala1258"
Kalabakan,,kve,,kala1391,
Kalao-Laiyolo,"Kalao, Laiyolo",,"kly, lji",kala1393,"kala1394, laiy1246"
Kalao,,kly,,kala1394,
Kalam,,kmh,,kala1397,
Kalaallisut,,kal,,kala1399,
Central Kalapuya,,kyl,,kala1400,
Kalaamaya,,lkm,,kala1401,
Kalapuyan,"Central Kalapuya, Tualatin-Yamhill, Yoncalla",,"kyl, nrt, sxk",kala1402,"kala1400, tual1242, yonc1234"
Kalamic-South Adelbert,"Kalam-Kobon, South Adelbert",,,kala1403,"kala1404, sout3148"
Kalam-Kobon,"Etp-Ti Kalam, Kobon",,kpw,kala1404,"etpt1234, kobo1249"
Kalanga-Nambya,"Kalanga, Nambya",,"kck, nmq",kala1405,"kala1384, namb1291"
Kalanadic,"Kalanadi, Kunduvadi, Pathiya",,"wkl, wku, pty",kala1406,"kala1255, kund1253, path1235"
Kalasa,"Ono, Sialum",,"ons, slw",kala1410,"onoo1246, sial1240"
Kalenjin,"Central Kalenjin, Elgon-Mau Kalenjin, Northern Kalenjin, Okiek-Akie",kln,,kale1246,"cent2293, elgo1240, nort3239, okie1247"
Kaliai-Kove,"Kove, Lusi",,"kvc, khl",kali1298,"kove1237, lusi1240"
Kalispel-Spokane,"Kalispel-Pend d'Oreille, Spokane",,"fla, spo",kali1307,"kali1308, spok1245"
Kalispel-Pend d'Oreille,"Kalispel, Pend D'oreille",fla,,kali1308,"kali1309, pend1243"
Kalinga-Itneg,"Itneg, Kalinga",,,kali1310,"itne1252, kali1311"
Kalinga,"Central and South Kalinga, Masadiit, Northern Kalinga",,,kali1311,"cent2282, masa1325, nort3226"
Kalikoic,"Keliko, Omi",,"kbo, omi",kali1312,"keli1248, omii1238"
Kalkoti,,xka,,kalk1245,
Kalkatungu,,ktg,,kalk1246,
Kalanguya,"Ahin-Kayapa Kalanguya, Keley-i Kallahan",,"kak, ify",kall1244,"ahin1234, kele1259"
Oirad-Kalmyk-Darkhat,"Alasha Oirad, Darkhat, Deed Mongol, Jungarian Oirat, Kalmyk, Buzawa, Dörböt, Torgut, Orenburgian Torguud, Uralian Torguud, Altai Oirat, Altai Torguud, Altai Uriankhai, Bayid, Dambi-Ööld, Khoshuud, Khoton, Khowd Dörwöd, Mingad, Zakhchin, Sart Qalmaq",xal,drh,kalm1243,"alas1256, dark1243, deed1234, jung1241, kalm1244, buza1239, dorb1242, torg1245, oren1239, ural1276, oira1262, alta1279, alta1280, bayi1240, damb1251, khos1234, khot1255, khow1243, ming1257, zakh1248, sart1247"
Kalo Finnish Romani,"Lajenge Roma, Kaale",rmf,,kalo1256,"esto1257, kaal1240"
Kalou,,ywa,,kalo1262,
Kalumpang,"Bone Hau, Karataun, Mablei, Mangki",kli,,kalu1247,"bone1253, kara1492, mabl1237, mang1411"
Kaluli,"Kugenesi, Nuclear Kaluli, Ologo, Walulu",bco,,kalu1248,"kuge1238, nucl1582, olog1242, walu1242"
Kaluli-Sunia,"Kaluli, Sonia",,"bco, siq",kalu1249,"kalu1248, soni1260"
Kamar,,keq,,kama1350,
Kamas-Koibal,"Kamas (Uralic), Samoyed Koibal",xas,zkb,kama1351,"kama1378, samo1299"
Kamara,,jmr,,kama1357,
Kamantan,,kci,,kama1358,
Kamasa-Susuami,"Kamasa, Susuami",,"klp, ssu",kama1359,"kama1360, susu1251"
Kamasa,,klp,,kama1360,
Kamarian,,kzx,,kama1362,
Kamayo,"North Kamayo, South Kamayo",kyk,,kama1363,"nort2881, sout2910"
Kamaru,,kgx,,kama1364,
Kamang,"Kamana-Kamang, Lembur, Nuclear Kamang, Sibo, Tiayai, Watang",woi,,kama1365,"kama1366, lemb1265, nucl1583, sibo1242, tiay1238, wata1250"
Kamasau,"Ghini, Hagi, Segi",kms,,kama1367,"ghin1238, hagi1238, segi1238"
Kamano,,kbq,,kama1370,
Kamakanan,"Masacara, Nuclear Kamakanan",,,kama1371,"masa1311, nucl1661"
Kamakan,,vkm,,kama1372,
Kamayurá,,kay,,kama1373,
Kamano-Yagaria,"Inoke-Yate, Kamano, Kanite, Keyagana, Unclassified Kamano-Yagaria, Yagaria",,"ino, kbq, kmu, kyg, ygr",kama1374,"inok1238, kama1370, kani1286, keya1238, unun9976, yaga1260"
Kamara-Hanga,"Hanga, Kamara",,"hag, jmr",kama1375,"hang1258, kama1357"
Kamas-Selkup,"Kamas-Koibal, Selkup",,"xas, sel",kama1376,"kama1351, selk1253"
Kambiwá,,xbw,,kamb1239,
Kamba (Brazil),,xba,,kamb1287,
Kamba (Kenya),"Masaku, Mumoni, North Kitui, South Kitui",kam,,kamb1297,"masa1295, mumo1239, nort2798, sout2814"
Kambera,"Kanatang, Lewa, Mangili-Waijelo, Melolo, Nuclear Kambera, Southern Sumba, Umbu Ratu Nggai",xbr,,kamb1299,"kana1287, lewa1240, mang1406, melo1243, nucl1521, sout2885, umar1237"
Kamberau,,irx,,kamb1302,
Kambaira,,kyy,,kamb1303,
Kambaata,"Qebena, Tambaro, Timbaro",ktb,,kamb1316,"qebe1239, tamb1268, timb1262"
Kambari-Cicipu,"Cicipu, Kambaric",,awc,kamb1317,"cici1237, kamb1319"
Kambaataic,"Alaba-K'abeena, Kambaata",,"alw, ktb",kamb1318,"alab1254, kamb1316"
Kambaric,"East Kambaric, West Kambaric",,,kamb1319,"east2739, west2828"
Central-East Sumbanese,"Central Sumbanese, Kambera, Mamboru",,"xbr, mvd",kamb1320,"cent2307, kamb1299, mamb1305"
Kambakunyic Kikongo,"Kamba-Kunyi, Kilaadic Kikongo",,,kamb1321,"kamb1322, kila1239"
Kamba-Kunyi,"Kaamba, Kunyi",,"xku, njx",kamb1322,"kaam1238, kuny1238"
Kamba-Dhaisu,"Dhaiso, Kamba (Kenya)",,"dhs, kam",kamb1323,"dhai1238, kamb1297"
Kamchatkan,"Northeast Itelmen, West Itelmen, South Itelmen",,itl,kamc1243,"east2812, itel1242, sout3274"
Kamic,"Lianmin Yao, Nuoxi Yao, Northern Kam, Southern Dong",,kmc,kami1255,"lian1256, naxi1247, nort2734, sout2741"
Kami (Tanzania),,kcu,,kami1256,
Kami (Nigeria),,kmi,,kami1258,
Kami-Gupa,"Gupa, Kami (Nigeria)",,"gpa, kmi",kami1263,"gupa1248, kami1258"
Kam,,kdx,,kamm1249,
Kamo,,kcq,,kamo1254,
Kamoro,"Nanesa, Tarya, Yamur",kgq,,kamo1255,"nane1239, tary1239, yamu1239"
Kamona Bijogo,,,,kamo1256,
Kampa-Amuesha,"Pre-Andine Maipuran, Yanesha'",,ame,kamp1244,"prea1240, yane1238"
Kam-Sui,"Mulam-Kam, Then-MMS",,,kams1241,"mula1252, then1235"
Kamrupa,"Eastern Kamrupa, Kamta",,,kamt1240,"assa1262, kamt1242"
Kam-Tai,"Daic-Beic, Kam-Sui, Lakkia-Biao",,,kamt1241,"daic1238, kams1241, lakk1237"
Kamta,"Central-Eastern Kamta, Western Kamta",,rkt,kamt1242,"rang1265, west2382"
Kamu,,xmu,,kamu1258,
Kamula,,xla,,kamu1260,
Kamuku-Hungwarya,"Hungworo, Kamuku",,nat,kamu1261,"hung1276, kamu1262"
Kamuku,"Yara, Rogo-Sagamuk-Sama-Sambuga",,cdr,kamu1262,"cind1241, rogo1239"
Kamula-Elevala,"Elevala, Kamula",,xla,kamu1264,"awin1249, kamu1260"
Kamwe,,hig,,kamw1239,
Kanauji,"Kanauji Proper, Tirhari (Kanauji), Transitional Kanauji",bjj,,kana1281,"kana1282, tirh1244, tran1281"
Kanashi,,xns,,kana1283,
Kanakanavu,,xnb,,kana1286,
Kanasi,,soq,,kana1288,
Katukína-Kanamarí,"Kanamarí do Juruá-Japurá-Xeruã-Itaquaí-Jutaí, Katukína do Biá-Ipixuna, Tshom-Djapa",knm,,kana1291,"cuti1242, katu1276, tsho1239"
Kanakanavu-Saaroa,"Kanakanavu, Saaroa",,"xnb, sxr",kana1292,"kana1286, saar1237"
Kande,,kbs,,kand1300,
Kandas,,kqw,,kand1301,
Kandawo,,gam,,kand1303,
Kandawo-Narak,"Kandawo, Narak",,"gam, nac",kand1306,"kand1303, nara1264"
Kandas-Duke of York,"Kandas, Ramoaaina",,"kqw, rai",kand1307,"kand1301, ramo1244"
Kanembu,"Karkawu, Mando, Nguri",kbl,,kane1243,"kark1257, mand1438, ngur1265"
Kanembuic,"Kanembu, Tarjumo, Tumari Kanuri",,"kbl, txj, krt",kane1244,"kane1243, tarj1235, tuma1248"
Kangri,"Hamirpuri, Palampuri",xnr,,kang1280,"hami1240, pala1332"
Kangjia,,kxs,,kang1281,
Kang,,kyp,,kang1282,
Kango (Tshopo District),,kzy,,kang1285,
Kango (Bas-Uélé District),"Bomokandi, Uélé",kty,,kang1286,"bomo1238, uele1238"
Kanga,"Abu Sinun, Chiroro-Kursi, Krongo Abdalla, Kufa-Lima, Nuclear Kanga",kcp,,kang1288,"abus1238, chir1285, kron1244, kufa1238, nucl1436"
Kangean,,kkv,,kang1289,
Kanggape,,igm,,kang1291,
Kangric-Chamealic-Bhattiyali,"Chamealic, Kangri-Dogri",,doi,kang1292,"cham1331, indo1311"
Kanikkaran,,kev,,kani1275,
Kaningdon-Nindem,"Kaningdom, Nindem",kdp,,kani1277,"kani1278, nind1241"
Kaningi,,kzo,,kani1279,
Kaninuwa,,wat,,kani1281,
Kaniet,,ktk,,kani1282,
Kaniet-Dempwolff,,,,kani1283,
Kaningra,,knr,,kani1285,
Kanite,,kmu,,kani1286,
Kanjari,Kuchbandhi,kft,,kanj1259,kuch1246
Kanju,,kbe,,kanj1260,
Kanjobalan-Chujean,"Chujean, Kanjobalan",,,kanj1261,"chuj1249, kanj1262"
Kanjobalan,"Kanjobal-Jacaltec, Mocho",,mhc,kanj1262,"kanj1263, moch1257"
Kanjobal-Jacaltec,"Popti', Q'anjob'al, Akateko",,"jac, kjb, knj",kanj1263,"popt1235, qanj1241, west2635"
Kankanaey,"Bakun-Kibungan, Guinzadan, Kapangan, Mankayan-Buguias",kne,,kank1243,"baku1262, guin1257, kapa1253, mank1255"
Kankuamo,,,,kank1244,
Kankanay,"Kankanaey, Maeng-Northern Kankanay",,kne,kank1245,"kank1243, maen1236"
"Kurumba, Kannada",,kfi,,kann1253,
Nuclear Kannaoid,"Kannada, Old Kannada",,"kan, qkn",kann1255,"nucl1305, oldk1250"
Kannadoid,"Alu Kurumba, Betta Kurumba, Holiya, Jennu Kurumba, Nuclear Kannaoid, Maundadan Chetti, Sholaga",,"xua, xub, hoy, xuj, cty, sle",kann1259,"aluk1238, bett1235, holi1239, jenn1240, kann1255, maun1243, shol1240"
Kanowit-Tanjong Melanau,,kxn,,kano1244,
Kanoê,,kxo,,kano1245,
Kansa,,ksk,,kans1243,
Kantarure,,,,kant1247,
Kantosi,,xkt,,kant1249,
Kanufi,,kni,,kanu1277,
Kanu,,khx,,kanu1278,
Kanuri-Kanembu,"Kanembuic, Kanuric",,,kanu1279,"kane1244, kanu1281"
Kanum,"Ngkrn-Ngkantr, Smärky Kanum",,kxq,kanu1280,"ngkr1234, smar1235"
Kanuric,"Central Kanuri, East Kanuri",,knc,kanu1281,"cent2050, east2718"
Kanufi-Ninkyob-Angan,"Kaningdon-Nindem, Kanufi",,"kdp, kni",kanu1282,"kani1277, kanu1277"
Kanyara,"Bayungu, Pinigura, Thalanyji-Burduna",,"bxj, pnv",kany1246,"bayu1240, pini1244, thal1243"
Kanyok,,kny,,kany1247,
Kaonde,,kqn,,kaon1241,
Kaonde-Shaba-Sanga,"Kaonde, Luba-Katanga, Sanga (Democratic Republic of Congo)",,"kqn, lub, sng",kaon1242,"kaon1241, luba1250, sang1331"
Kao,,kax,,kaoo1238,
Kao River,"Modole, Paguic",,mqo,kaor1242,"modo1249, pagu1251"
Kapau-Menya,"Hamtai, Menya",,"hmt, mcr",kapa1251,"hamt1247, meny1245"
Kapinawá,,xpn,,kapi1248,
Kapingamarangi,,kpg,,kapi1249,
Kapin,"Garawa (Papua New Guinea), Nuclear Kapin",tbx,,kapi1250,"gara1260, nucl1514"
Kapori,,khp,,kapo1250,
Kapong,"Akawaio-Ingariko, Patamona",,"ake, pbc",kapo1251,"akaw1239, pata1262"
Kap,"Ali (Papua New Guinea), Yakamul",ykm,,kapp1237,"alii1241, yaka1276"
Kapriman-Watakataui,"Kapriman, Watakataui",,"dju, wtk",kapr1244,"kapr1245, wata1251"
Kapriman,"Karambit, Nuclear Kapriman",dju,,kapr1245,"kara1493, nucl1587"
Kaptiau,,kbi,,kapt1235,
Kapya,,klo,,kapy1238,
Kaqchikel,,cak,,kaqc1270,
"Kaqchikel, Yepocapa Southwestern",,cbm,,kaqc1271,
"Kaqchikel, South Central",,ckd,,kaqc1272,
"Kaqchikel, Eastern",,cke,,kaqc1273,
"Kaqchikel, Southern",,ckf,,kaqc1274,
"Kaqchikel, Northern",,ckc,,kaqc1275,
"Kaqchikel, Santa María de Jesús",,cki,,kaqc1276,
"Kaqchikel, Akatenango Southwestern",,ckk,,kaqc1277,
"Kaqchikel, Santo Domingo Xenacoj",,ckj,,kaqc1278,
"Kaqchikel, Western",,ckw,,kaqc1279,
Kaqchikelic,"Cakchiquel-Quiché Mixed Language, Kaqchikel",,"ckz, cak",kaqc1280,"cakc1235, kaqc1270"
Karankawa,,zkk,,kara1289,
Taiga Sayan Turkic,"Dukha, Soyot, Todja, Tofa, Tuha",kim,,kara1462,"dukh1234, soyo1234, todj1234, tofa1248, tuha1234"
Karaim,"Eastern Karaim, Western Karaim, Northwestern Karaim, Southwestern Karaim, Halych Karaim, Lutsk Karaim",kdr,,kara1464,"east2335, west2883, nort2691, sout3266, gali1260, luts1234"
Karachay-Balkar,"Balkar, Karachay",krc,,kara1465,"balk1253, kara1466"
Kara-Kalpak,"Northeastern Karakalpak, Southeastern Karakalpak",kaa,,kara1467,"nort2694, sout2703"
Karata-Tukita,"Karata, Anchix, Arsho, Chabakoro, Karata village, Mashtada, Nizhnjeje Inkhelo, Rachabalda, Ratsitl, Sjukh, Tokita",kpt,,kara1474,"kara1516, anch1238, arsh1235, chab1242, kara1517, mash1276, nizh1235, rach1240, rats1239, sjuk1235, toki1238"
Karahawyana,,xkh,,kara1475,
Karadjeri,"Najanaja, Nangu, Nawurtu",gbd,,kara1476,"naja1241, nang1258, nawu1241"
Karangic,"Karang, Kare-Pana, Nzakambay",,"kzr, nzy",kara1477,"kara1478, kare1351, nzak1246"
Karang,"Mayo Djarendi-Mandi, Mbamaka-Tapi, Ngoumi, Djong",kzr,,kara1478,"mayo1279, mbam1255, ngom1264, nucl1359"
Karaboro,"Eastern Karaboro, Western Karaboro",,"xrb, kza",kara1479,"east2398, west2466"
Kara (Tanzania),,reg,,kara1481,
Kara (Central African Republic),"Bubu, Nguru (Kara)",kah,,kara1482,"bubu1234, ngur1266"
Karamojong,"Dodos, Jie, Nuclear Karamojong",kdj,,kara1483,"dodo1240, jiee1239, nucl1430"
Karanga,"Bakha, Kashmere, Koniéré, Nuclear Karanga",kth,,kara1484,"bakh1247, kash1279, koni1260, nucl1442"
Kara (Papua New Guinea),"East Kara, Lauan-Nonopai, Luburua, Ngavalus-Lossuk, West Kara",leu,,kara1486,"east2453, laua1244, lubu1242, ngav1237, west2524"
Karao,,kyj,,kara1487,
Mandaya,,mry,,kara1489,
Karawa,,xrw,,kara1495,
Karami,,xar,,kara1497,
Karawarian,"Tabriak, Yimas",,"tzx, yee",kara1498,"tabr1243, yima1243"
Kalamang,,kgv,,kara1499,
Karajá,"Javaé, Northern Karajá, Southern Karajá, Xambioá",kpj,,kara1500,"java1255, nort3408, sout3388, xamb1234"
Kara,,,,kara1506,
Karbic,"Amri Karbi, Hills Karbi",,"ajz, mjw",karb1240,"amri1238, karb1241"
Hills Karbi,"Chingthang, Mirlong, Rong Kethang",mjw,,karb1241,"chin1477, mirl1238, rong1265"
Karelian,"Northern Karelian, Novgorod, Southern Karelian, Tver, Valdai",krl,,kare1335,"nort2673, novg1240, sout2676, tver1240, vald1234"
Karenic,"Central Karen, Northern Karen, Peripheral Karen, Southern Karen",,,kare1337,"cent1999, nort2703, peri1254, sout1554"
Kare (Central African Republic),"Kari (Central African Republic), Tale",kbn,,kare1338,"kari1305, tale1239"
Karey,,kyd,,kare1339,
Kare (Papua New Guinea),,kmf,,kare1341,
Karekare,"Birkai, Jalalam, Kwarta Mataci",kai,,kare1348,"birk1246, jala1241, kwar1243"
Karey-Barakai,"Barakai, Karey",,"baj, kyd",kare1350,"bara1367, kare1339"
Kare-Pana,"Kare (Central African Republic), Pana (Central African Republic)",,"kbn, pnz",kare1351,"kare1338, pana1293"
Kariri,"Dzubukua, Kamurú, Kipea, Sabujá",,,kari1254,"dzub1241, kamu1237, kipe1235, sabu1246"
Karirí-Xocó,,kzw,,kari1255,
Uaçá Creole French,"Galibi-Marworno Creole French, Karipuna Creole French, Palikur Creole French",kmv,,kari1301,"gali1270, kari1318, pali1280"
Karingani-Kalasuri-Khoynarudi,"Kalāsuri-Khoynarudi, Keringāni",kgn,,kari1303,"kala1409, keri1252"
Kariyarra,,vka,,kari1304,
Kari,,kbj,,kari1306,
Karipuna do Amapa,,kgm,,kari1309,
Karitiâna,,ktn,,kari1311,
Karipuna,,,,kari1312,
Kariya,,kil,,kari1316,
Karipúna,,kuq,,kari1317,
Karian-Usan-Yaben,"Karen, Usan, Yaben",,"bql, wnu, ybm",kari1319,"bila1257, usan1239, yabe1255"
Karko,,kko,,kark1256,
Karkar-Yuri,"Auia-Tarauwi, North Central Yuri, Usari",yuj,,kark1258,"auia1238, nort2936, usar1244"
Karkin,,krb,,kark1259,
Karnai,,bbv,,karn1252,
Karnic,"Badjiri-Eastern Karnic, Central Karnic, Palku, Pirriya-Kungkari",,,karn1253,"badj1246, cent2016, palk1239, pirr1239"
Karon-Mlomp,"Karon, Mlomp",,"krx, mlo",karo1293,"karo1294, mlom1238"
Karon,,krx,,karo1294,
Karo (Ethiopia),,kxh,,karo1297,
Karore,,xkx,,karo1298,
Northern Binukidnon,,kyn,,karo1299,
Karuk,,kyh,,karo1304,
Karo (Brazil),Karo,arr,,karo1305,karo1306
Karruwali,,rxw,,karr1236,
Karre-Boni,"Aweer, Garre",,"bob, gex",karr1237,"awee1242, garr1259"
Kartvelian,"Georgian-Zan, Svan",,sva,kart1248,"geor1252, svan1243"
Kartu-Nhanda,"Kartu, Nhanda",,nha,kart1249,"kart1250, nhan1238"
Kartu,"Badimaya, Malgana, Wajarri",,"bia, vml, wbv",kart1250,"badi1246, malg1242, waja1257"
Kasanga,,ccj,,kasa1248,
Kasai-Ngounie,"Boma Nkuu, Kwa South, Kwa-Kasai North, Mfinu, Moyen Kasai-Ngounie, Wuumu-Mpuono",,"tek, zmf",kasa1251,"boma1250, ibal1241, kwak1270, mfin1238, moye1234, wuum1239"
Kasem,"East Kasem, Fere, Lela, Nuclear Kasem, Nunuma, West Kasem",xsm,,kase1253,"east2396, fere1246, lela1244, nucl1368, nunu1249, west2463"
Kashubian,"Kashubian Proper, Slovincian",csb,,kash1274,"kash1275, slov1270"
Kashmiri,"Kamraz, Kishtwari, Maraz, Miraski, Poguli, Vamraz, Bunjwali, Standard Kashmiri",kas,,kash1277,"kamr1240, kish1245, mara1420, mira1252, pogu1238, vamr1234, bunj1244, stan1304"
Kashaya,,kju,,kash1280,
Kashanic,"Natanzic, Soic",,"ntz, soj",kash1282,"nata1252, soii1239"
Kashmiric,"Kashmiri, Khah",,"kas, hkh",kash1285,"kash1277, khah1234"
Kasiguranin,,ksn,,kasi1256,
Kaska,,kkz,,kask1239,
Kassite,,,,kass1244,
Kasua,,khs,,kasu1251,
Katang,"Northern Katang, Southern Katang",kgd,"ncq, sct",kata1264,"nort3270, sout3251"
Katabaga,,ktq,,kata1268,
Katawixi,,xat,,kata1270,
Katabic,"Jju, Tyap",,"kaj, kcg",kata1275,"jjuu1238, tyap1238"
Avava,"Bangsa, Nivat, Niviar, Umbrul",tmb,,katb1237,"bang1376, niva1239, nivi1234, umbr1254"
Katcha-Kadugli-Miri,"Damba, Kadugli, Katcha, Miri, Tumma",xtc,,katc1249,"damb1245, kadu1257, katc1250, miri1267, tumm1238"
Katcha-Kadugli-Miri-Kanga,"Kanga, Katcha-Kadugli-Miri",,"kcp, xtc",katc1251,"kang1288, katc1249"
Kâte,"Magobineng, Parec, Wamora, Wana, Wemo",kmg,,kate1253,"mago1249, pare1270, wamo1241, wana1271, wemo1239"
Kate-Mape,"Kâte, Mape",,"kmg, mlh",kate1254,"kate1253, mape1249"
Kathoriya Tharu,,tkt,,kath1250,
Thou-Kathu,,ykt,,kath1251,
Kathlamet,,,,kath1253,
Katë,"Kamviri, Lamertiviri, Kamdeshi, Kataviri, Eastern Kataviri, Western Kataviri, Ktivi, Kulam, Peruk, Ramgel, Mumviri",bsh,xvi,kati1270,"kamv1242, lame1271, nucl1277, kati1279, east2308, west2372, ktiv1234, kula1287, peru1237, ramg1234, mumv1239"
Katingan,,kxg,,kati1278,
Katkari,"Central Katkari, Northern Katkari, Southern Katkari",kfu,,katk1238,"cent1984, nort2661, sout2667"
Katla-Julud,"Julud, Katla",,kcr,katl1236,"julu1237, katl1237"
Katla,"Bombori, Karoka, Kateik, Kiddu, Kirkpong, Koldrong",kcr,,katl1237,"bomb1239, karo1251, kate1235, kidd1235, kirk1236, kold1235"
Katla-Tima,"Katla-Julud, Tima",,tms,katl1246,"katl1236, tima1241"
Kato,,ktw,,kato1244,
Ka-Togo,"Avatime-Nyangbo, Kebu-Animere, Kposo-Ahlo-Bowili",,,kato1245,"avat1243, kebu1246, kpos1239"
Katso,,kaf,,kats1235,
Katuic,"Katu, Pacoh, Ta'oihic, West Katuic",,pac,katu1271,"katu1272, paco1243, taoi1247, west1492"
Katu,"Nuclear Katu, Phuong",,phg,katu1272,"nucl1297, phuo1238"
Katua,,kta,,katu1273,
Katukinan,"Katukína-Kanamarí, Katawixi",,"knm, xat",katu1274,"kana1291, kata1270"
Kaukombaran,"Maiani, Maia, Mala (Papua New Guinea), Miani",,"tnh, sks, ped, pla",kauk1240,"maia1253, maia1254, mala1494, mian1254"
Kaukasus Kipchak,"Karachay-Balkar, Kumyk",,"krc, kum",kauk1241,"kara1465, kumy1244"
Kaulong,"East Inland Kaulong, Nuclear Kaulong",pss,,kaul1240,"east2457, nucl1508"
Kaurna,,zku,,kaur1267,
Kauru,"Bina (Nigeria), Gbiri-Niragu, Kinuku, Kizamani, Kono (Nigeria), Kurama, Voric",,"byj, grh, kkd, izm, klk, krh",kaur1268,"bina1270, gbir1241, kinu1239, kiza1239, kono1264, kura1249, vori1234"
Kaur,,vkk,,kaur1269,
Kaure-Narau,,bpp,,kaur1271,
Kaurna-based pidgin,Pidgin Kaurna,,,kaur1273,pidg1255
Kaure-Kosare,"Kaure-Narau, Kosadle",,"bpp, kiq",kaur1274,"kaur1271, kosa1251"
Kauwera,,xau,,kauw1242,
Kavalan,Kareovan,ckv,,kava1241,kare1340
Kavir,"Farvi, Garme'i, Khuri, Mihrijan",,,kavi1234,"farv1234, garm1244, khur1237, mihr1234"
Kawacha,,kcb,,kawa1276,
Kawaiisu,,xaw,,kawa1283,
Kawaimina,"Kairui-Midiki, Nauete, Waima'a",,"krd, nxa, wmh",kawa1289,"kair1265, naue1237, waim1252"
Kawarrang-Ogh Undjan,,,,kawa1290,
Kawaway,,,,kawa1291,
Kawahiwa Setentrionais,"Júma, Paranawát, Tenharim-Parintintin-Diahoi, Wiraféd",,"jua, paf, pah, wir",kawa1292,"juma1249, para1313, tenh1241, wira1264"
Kawahiwa Meridionais,"Amondava-Uru-Eu-Wau-Wau, Apiaká, Karipúna, Kayabí",,"api, kuq, kyz",kawa1293,"amon1240, apia1248, kari1317, kaya1329"
Kawesqar,"Alacalufe-Austral, North Central Alacufan",,,kawe1237,"alac1239, nort1506"
Kawe,,kgb,,kawe1240,
Kawi,,kaw,,kawi1241,
Kaxararí,,ktx,,kaxa1239,
Kaxuiâna,"Cunuana, De'cuana, Ihuruana, Pawiyana",kbb,,kaxu1237,"cunu1237, decu1237, ihur1237, pawi1238"
Kayan Lahwi,,pdu,,kaya1315,
Kayaw-Manu,"Brek Karen, Manumanaw Karen",,"kvl, kxf",kaya1316,"brek1238, manu1255"
Kayah,"Eastern Kayah, Western Kayah",,"eky, kyu",kaya1317,"east2342, west2409"
Kayardild-Yangkaal,"Kayardild, Yangkaal",,"gyd, nny",kaya1318,"kaya1319, nyan1300"
Kayardild,,gyd,,kaya1319,
Kayan Mahakam,,xay,,kaya1324,
Kayan River Kayan,"Kayaniyut Kayan, Uma Lakan",xkn,,kaya1325,"kaya1326, umal1240"
Kayagaric,"Atohwaim, Kaygir-Tamagario",,aqm,kaya1327,"atoh1238, kayg1237"
Kayagar,,kyt,,kaya1328,
Kayabí,,kyz,,kaya1329,
Kayapó,"Kayapó of Pará, Txucarramãe, Xikrin",txu,,kaya1330,"kara1501, kaya1331, xikr1238"
Kayanic,"Bahau, Baram Kayan, Kayan River Kayan, Mendalam Kayan, Rejang-Makaham Kayan",,"bhv, kys, xkn, xkd",kaya1333,"baha1257, bara1370, kaya1325, mend1267, reja1244"
Kayan River Kenyah,,knh,,kaya1334,
Kayan-Murik-Modang,"Kayan-Murik, Modang-Segai",,,kaya1335,"kaya1336, moda1243"
Kayan-Murik,"Kayanic, Murik (Malaysia)",,mxr,kaya1336,"kaya1333, muri1259"
Kayah-Yintale,"Kayah, Yintale Karen",,kvy,kaya1337,"kaya1317, yint1235"
Kayeli,"Leliali, Lumaete, Nuclear Kayeli",kzl,,kaye1241,"leli1237, luma1237, nucl1527"
Kaygir-Tamagario,"Kayagar, Tamagario",,"kyt, tcg",kayg1237,"kaya1328, tama1336"
Kayong,,kxy,,kayo1245,
Kayort,,kyv,,kayo1247,
Kaytetye,,gbb,,kayt1238,
Kayupulau,,kzu,,kayu1243,
Kayu Agung,,vky,,kayu1244,
Kazakh,"Northeastern Kazakh, Southern Kazakh, Western Kazakh",kaz,,kaza1248,"nort2695, sout2704, west2404"
Kazhouish,"Katso, Sadu, Samatao",,"kaf, ysd",kazh1234,"kats1235, sadu1234, sama1295"
Kazukuru,,kzk,,kazu1245,
Keak,,keh,,keak1239,
Keapara,"Aroma, Babaga, Kalo (Keapara), Kapari, Lalaura, Maopa, Nuclear Keapara, Wanigela",khz,,keap1239,"arom1238, baba1270, kalo1259, kapa1252, lala1267, maop1237, nucl1505, wani1242"
Kebu-Animere,"Akebu, Animere",,"keu, anf",kebu1246,"akeb1238, anim1239"
Kedah-Perak Malay,"Kedah Malay, Perak Malay",meo,,keda1251,"keda1254, pera1260"
Kedang,,ksx,,keda1252,
Northeastern Peninsular Malay,"Kedah-Perak Malay, Kelantan-Pattani Malay, Urak Lawoi'",,"meo, mfa, urk",keda1253,"keda1251, patt1249, urak1238"
Keder,,kdy,,kede1239,
Kehu,,khh,,kehu1238,
Kei-Fordata,"Fordata, Kei",,"frd, kei",keif1237,"ford1242, keii1239"
Keiga,"Demik, Nuclear Keiga",kec,,keig1242,"demi1241, nucl1435"
Kei,"Kei Besar, Kei Kecil, Ta'am, Tanimbar Kei, Tayando",kei,,keii1239,"keib1237, keik1237, taam1237, tani1256, taya1252"
Kein,,bmh,,kein1239,
Nuclear Tanimbar-Bomberai,"Kei-Fordata, Yamdena-Onin",,,keit1238,"keif1237, yamd1241"
Keiyo,"Kamarin, Kiptani, Sergoit, Southwest Marakwet, Soy",eyo,,keiy1238,"kama1379, kipt1234, serg1234, sout3393, soyy1234"
Kekchí,,kek,,kekc1242,
Kela (Papua New Guinea),,kcl,,kela1255,
Dayic,"Kelabit, Lengilu, Lundayeh, Sa'ban, Tring",,"kzi, lgi, lnd, snv, tgq",kela1257,"kela1258, leng1260, lund1271, saba1265, trin1273"
Kelabit,"Bario, Brung, Lepu Potong, Libbung, Lon Bangag",kzi,,kela1258,"bari1288, brun1244, lepu1240, libb1237, lonb1237"
Kele-Foma,,khy,,kele1255,
Kélé,"Bubi (Kele), Western Kele",keb,,kele1257,"bubi1239, west2479"
Kele (Papua New Guinea),,sbc,,kele1258,
Keley-i Kallahan,"Bayninan, Ya-Tuka",ify,,kele1259,"bayn1237, yatu1237"
Keleic,"Kele-Poke, Mbesa",,zms,kele1261,"kele1263, mbes1238"
Ngomic,"Mwesa, Nuclear Ngomic",,,kele1262,"mwes1234, nucl1803"
Kele-Poke,"Kele-Lombo, Mbole, So-Poke",,mdq,kele1263,"kele1265, mbol1247, sopo1239"
Kele-Lombo,"Kele-Foma, Lombo",,"khy, loo",kele1265,"kele1255, lomb1260"
Keliko,"Didi, Dogo, Eastern Keliko, Western Keliko",kbo,,keli1248,"didi1255, dogo1296, east2417, west2490"
Kelo,"Beni Sheko, Nuclear Kelo",xel,,kelo1246,"beni1241, nucl1342"
Klon,"Gendok, Halerman, Panggar, Probur",kyo,,kelo1247,"gend1248, hale1239, pang1294, prob1239"
Kemak,"Nogo, Nuclear Kemak",kem,,kema1243,"nogo1237, nucl1540"
Kemberano,"Barau, Weriagar",bzp,,kemb1235,"bara1347, weri1246"
Mateq,,xem,,kemb1249,
Kembra,,xkw,,kemb1250,
Kemberanic,"Dombano, Kemberano",,"jbj, bzp",kemb1251,"aran1237, kemb1235"
Kemezung,,dmo,,keme1240,
Kemi Saami,,sjk,,kemi1239,
Kemiehua,,kfj,,kemi1240,
Kempee,,,,kemp1234,
Kemtuik,,kmt,,kemt1242,
Kenaboi,,xbn,,kena1236,
Kenati,,gat,,kena1250,
Kendem,,kvm,,kend1252,
Kendeje,"Faranga, Yaali",klf,,kend1253,"fara1237, yaal1238"
Kendayan-Belangin,"Ambawang, Belangin, Nuclear Kendayan",knx,,kend1254,"amba1264, bela1262, nucl1461"
Kendem-Denya,"Denya, Kendem",,"anv, kvm",kend1255,"deny1238, kend1252"
Kenga,"Banama, Banala, Bidjir, Bolong, Cenge",kyq,,keng1240,"bana1284, bana1285, bidj1247, bolo1265, ceng1238"
Kenhatic,"Changthang, Leh Ladakhi, Zangskari",,"cna, lbj, zau",kenh1234,"chan1309, lada1244, zang1248"
Keninjal,,knl,,keni1248,
Keningau Murut,"Ambual, Dusun Murut, Nabay",kxi,,keni1249,"ambu1245, dusu1272, naba1255"
Kensiu,"Ijoh, Jarum, Jeher, Kedah, Kensiu Batu, Kensiu Siong, Kentaq Nakil, Plus, Ulu Selama",kns,,kens1248,"ijoh1239, jaru1253, jehe1240, keda1249, kens1249, kens1250, kent1255, plus1242, ulus1242"
Kenswei Nsei,,ndb,,kens1251,
Kenuzi-Dongola,"Dongola, Kenuzi",kzh,"dgl, xnz",kenu1236,"dong1288, kenu1243"
Kenya-Somali Sign Language,,xki,,keny1241,
Kenyi,,lke,,keny1278,
Kenyang,"Bakoni, Lower Kenyang, Upper Kenyang",ken,,keny1279,"bako1251, lowe1405, uppe1419"
Kenyahic,"Highland Kenyah, Lowland Kenyah",,,keny1280,"high1288, lowl1270"
Kéo,,xxk,,keoo1238,
Keoru-Ahia,Aheave,xeu,,keor1235,ahea1235
Kepkiriwát,,kpn,,kepk1241,
Kepo',,kuk,,kepo1237,
Keerak,,hhr,,kera1248,
Kera,Nyimathli,ker,,kera1255,nyim1250
Keram,"East Keram, Ulmapo",,,kera1258,"east2864, mong1343"
Kerek,"Khatyrka, Mainypilgino, Majngapilgino, Xatyrka (southern Kerek)",krk,,kere1280,"khat1250, main1271, majn1234, xaty1241"
Kerewe,,ked,,kere1283,
Kereho,,xke,,kere1285,
Kerewo,Gibario,kxz,,kere1286,giba1247
Keresan,"Eastern Keres, Western Keres",,"kee, kjq",kere1287,"east1472, west2632"
Keresan Pueblo Indian Sign Language,,,,kere1299,
Kerinci,"Dusun Baru, Koto Payang, Kumun, Lempur, Talang Mamaq, Pansen, Pondok Tinggi, Rawang (Kerinci), Semurup, Sungai Lui, Sungai Gahal, Sungai Semungkis, Tanjung Morawa, Tanjung Tanah, Tanjung Pauh",kvr,,keri1250,"dusu1278, koto1270, kumu1248, lemp1234, mama1273, pans1234, pond1251, rawa1271, semu1242, sung1272, sung1273, sung1274, tanj1251, tanj1252, tanj1253"
Kerinci-Minangkabau,"Kerinci, Minangkabauic",,kvr,keri1253,"keri1250, mina1280"
Kesawai,,xes,,kesa1244,
Kesawai-Sausi,"Kesawai, Sausi",,"xes, ssj",kesa1245,"kesa1244, saus1246"
Ketangalan,,kae,,keta1243,
Kete,,kcv,,kete1252,
Ketengban,"Bime, Okbap, Omban, Onya",xte,,kete1254,"bime1239, okba1239, omba1242, onya1238"
Ket,"Central Ket, Northern Ket, Southern Ket",ket,,kett1243,"cent2358, nort3323, sout3307"
Ketum,"Arinbit, Ater, Bayanggop, Kuken",ktt,,ketu1238,"arin1246, ater1235, baya1266, kuke1244"
Ketum-Wambon,"Ketum, Wambon",,"ktt, wms",ketu1239,"ketu1238, wamb1259"
Kewa-Huli,"Sau-Angal-Kewa, Huli",,hui,kewa1249,"anga1291, huli1244"
Kewa,"Southeast Kewa, West Kewa",,kew,kewa1250,"sout3252, west2599"
Kewieng-Bonkiman-Nokopo,"Bonkiman, Yopno",,"bop, yut",kewi1241,"bonk1244, yopn1238"
Keyagana,,kyg,,keya1238,
Kgalagadi,"Balaongwe, Kenyi (Kgalagadi), Khakhae, Koma, Ngologa, Nuclear Kgalagadi, Phaleng, Rhiti, Shaga, Siwane, Tjhauba",xkv,,kgal1244,"bala1304, keny1277, khak1249, koma1269, ngol1245, nucl1377, phal1259, rhit1238, shag1239, siwa1244, tjha1234"
Khah,,hkh,,khah1234,
Khakas,"Fuyu Kirghiz, Kamassian (Turkic), Kyzyl-Melet, Kyzyl, Melet Middle Chulym, Sagay-Kacha, Kacha-Iyus, Kacha, Old Iyus, Sagay-Beltir, Beltir, Sagai, Tashtyr, Xakass Shor",kjh,,khak1248,"fuyu1243, kama1354, kyzy1246, kyzy1244, mele1253, saga1267, kach1287, kach1278, oldi1247, saga1268, belt1239, saga1260, tash1234, xaka1234"
Khalaj,,kjf,,khal1270,
Khalkha-Buriat,"Buriat, Mongolian",,"bua, mon",khal1273,"buri1258, mong1331"
Khaling,,klr,,khal1275,
Khalkhalic,"Kajali, Karanic, Shahrudi-Southern Talysh",,"xkj, okh, shm",khal1276,"kaja1247, kore1279, shah1254"
Khamla,,,,kham1280,
Khamnigan Mongol,"Mankovo Khamnigan Mongol, Urulga Khamnigan Mongol",ykh,,kham1281,"mank1257, urul1234"
Khams Tibetan,"Chaphreng Tibetan, Sichuan Khams, Bathang (Batang), Dartsedo, Derge (Dege), Kardze (Ganzi), Lithang (Litang), Nyarong (Xinlong), Hor-Northern Route Khams, Central Khams, Chamdo Tibetan, Dagyab Tibetan, Minyak Rabgang, Hor, Amdo of Hor, Bachen of Hor, Gertse, Hor of Hor, Nakchu of Hor, Khyungpo, Kyegu-Nangchen, Kyegu Tibetan, Nangchen Tibetan, Muli-Dabpa, Pambar, Rongdrak, Sems-kyi-nyila Tibetan, dNgo, East Yunling Mountain, Lamdo, Melung, rGyalthang",khg,,kham1282,"chap1275, east2344, bath1249, dart1238, derg1234, kard1234, lith1253, nyar1249, horn1236, cent2347, cham1333, dagy1234, miny1241, west2413, amdo1238, bach1244, gert1234, horo1250, nakc1234, khyu1234, kyeg1234, kyeg1235, nort2707, mili1236, pamb1246, rong1272, sout2714, dngo1236, east2887, lamd1241, melu1236, rgya1244"
Khamba,,kbg,,kham1283,
Kham-Magar-Chepang,"Chepangic, Dura, Kham, Magar",,drq,kham1285,"chep1244, dura1244, kham1286, maga1261"
Kham,"Gamale Kham, Parbate Kham, Sheshi Kham",,"kgj, kip",kham1286,"gama1251, parb1234, shes1236"
Khamti,"Assam Khamti, North Burma Khamti, Sinkaling Hkamti",kht,,kham1290,"assa1265, nort2738, sink1243"
Khamyang,,ksu,,kham1291,
Kham-Hor,"Khams Tibetan, Derong-nJol Tibetan",,"khg, tsk",kham1299,"kham1282, sder1236"
Khambu,"Kulungic, Saam, Sampang",,"raq, rav",kham1300,"kulu1252, saam1282, samp1249"
Khandesic,"Dhanki, Khandesi",,"dhn, khn",khan1271,"dhan1264, khan1272"
Khandesi,"Dangri, Kotali Bhil, Kundi (Khandesi), Nuclear Khandesi, Rangari",khn,,khan1272,"dang1259, kota1271, kunb1248, nucl1283, rang1264"
Kazym-Berezover-Suryskarer Khanty,"Berezover Khanty, Middle Ob Khanty, Kazym Khanty, Suryskarer Khanty",kca,,khan1273,"bere1252, midd1353, nort2672, sury1234"
Kháng,"Kháng Ai, Kháng Clau",kjm,,khan1274,"khan1275, khan1276"
Southern Tangkhul Naga,"Gordon-Brown Northern Tangkhul, Gordon-Brown Central Tangkhul, Khanggoi, Kupome",,,khan1277,"gord1234, gord1235, khan1281, kupo1240"
Khana,"Babbe, Boúe, Ken-Khana, Norkhana, Nyo-Kana, Yeghe",ogo,,khan1278,"babb1238, boue1238, kenk1238, nork1238, nyok1242, yegh1238"
Khantyic,"East Khanty, Northern Khanty, Southern Khanty",,,khan1279,"east2774, nort3264, sout3226"
Khao-Bit,"Bit, Kháng",,"bgk, kjm",khao1243,"bitt1240, khan1274"
Khao,,xao,,khao1244,
Kharia Thar,,ksy,,khar1283,
Kharia,"Dhelki Kharia, Dudh Kharia, Mirdha-Kharia",khr,,khar1287,"dhel1238, dudh1239, mird1238"
Kharam Naga,,kfw,,khar1288,
Khasian,"Khasi-Pnar-Lyngngam, War-Jaintia",,aml,khas1268,"khas1274, warj1242"
Khasi,"Bhoi-Khasi, Cherrapunji, Khynrium, Nuclear Khasi",kha,,khas1269,"bhoi1239, cher1270, khyn1238, nucl1293"
Khasi-Palaung,"Khasian, Palaungic",,,khas1273,"khas1268, pala1352"
Khasi-Pnar-Lyngngam,"Khasi-Pnar, Lyngngamic",,,khas1274,"khas1275, lyng1240"
Khasi-Pnar,"Khasi, Pnar",,"kha, pbv",khas1275,"khas1269, pnar1238"
Khayo,,lko,,khay1238,
Khe,,kqg,,khee1238,
Khehek,"Bucho, Drehet, Levei",tlx,,kheh1237,"buch1237, dreh1238, leve1237"
Khengkha,"Lower Kheng, Middle Kheng, Upper Kheng",xkf,,khen1241,"lowe1399, midd1326, uppe1410"
Kherwarian,"Mundaric, Santalic",,,kher1245,"mund1336, sant1457"
Khetrani,"Balochistani Khetrani, Jafri",xhe,,khet1238,"balo1266, jafr1238"
Khezha Naga,,nkh,,khez1235,
Southeastern Patkaian,"Lainongic, Makyam-Kuku Naga",,umn,khia1235,"lain1234, maky1235"
Khiamniungan Naga,"North Khiamniungan Naga, Thang Naga, Wolam, Peshu, South Khiamniungan Naga, Nokhu, Patsho",kix,,khia1236,"nort3429, than1260, wola1254, pesh1240, sout3408, nokh1240, pats1234"
Khiamniungan Naga (Retired),,nky,,khia1237,
Khiamniungic,"Khiamniungan Naga, Pounyiu-Gongvan Naga",,"kix, npg",khia1238,"khia1236, pony1234"
Khinalug,,kjj,,khin1240,
Khirwar,,kwx,,khir1237,
Khisa,,kqm,,khis1238,
Khlor,,llo,,khlo1239,
Khlula-Zokhuo,"Khlula, Zokhuo",,"ykl, yzk",khlu1235,"khlu1236, zokh1238"
Khlula,,ykl,,khlu1236,
Khmeric,"Central Khmer, Northern Khmer, Old Khmer",,"khm, kxm, qok",khme1253,"cent1989, nort2684, oldk1249"
Khmuic,"Khmu', Phay-Pram",,,khmu1236,"khmu1255, phay1242"
Khmu',"Khmu, Khuen",,"kjg, khf",khmu1255,"khmu1256, khue1238"
Khmu,"Hat, Khroong, Luang Prabang (Laos), Lyy, Rok, Sayabury, U (Khmu), Yuan",kjg,,khmu1256,"hatt1237, khro1239, luan1256, lyyy1238, rokk1238, saya1243, uuuu1242, yuan1241"
Kho-Bwa,"Bugun, Western Kho-Bwa, Puroikic",,bgg,khob1235,"bugu1246, meyi1234, puro1234"
Khoe-Kwadi,"Khoe, Kwadi",,kwz,khoe1240,"khoe1241, kwad1244"
Khoe,"Khoekhoe, Non-Khoekhoe",,,khoe1241,"khoe1242, nonk1236"
Khoekhoe,"North Khoekhoe, South Khoekhoe",,,khoe1242,"nort3245, sout3214"
Kho'ini,,xkc,,khoi1250,
Khoibu,,nkb,,khoi1251,
Kholok,Kunshenu,ktc,,khol1240,kuns1242
Kholosi,,,,khol1241,
Khomic,"Eastern Khumi Chin, Khumi Chin, Mro Chin, Rengmitca",,"cek, cnk, cmr",khom1240,"east2779, khum1248, mroc1235, reng1255"
Khorasan Turkic,"Langar, North Khorasan Turkic, Northeast Khorasan Turkic, South Khorasan Turkic, Southeast Khorasan Turkic, Northwest Khorasan Turkic, West Quchani",kmz,,khor1269,"lang1340, nort2689, nort3352, sout2698, sout3335, west2403, west2950"
Khorasan Arabic,"Arabkhane, Khamse, Sarakhs, Zir Kuh",,,khor1274,"arab1400, kham1303, sara1352, zirk1234"
Khotanese,,kho,,khot1251,
Khowar,"East Khowar, North Khowar, South Khowar, Swat Khowar",khw,,khow1242,"east2321, nort2664, sout2670, swat1242"
Khua,,xhv,,khua1243,
Khuai,,,,khua1244,
Khuen,,khf,,khue1238,
Khumi Chin,"Kami, Khami, Khimi, Khumi, Khuni (Kumi Chin), Khweymi, Kumi, Ngala (Kumi Chin), Yindi",cnk,,khum1248,"kami1254, kham1284, khim1238, khum1249, khun1258, khwe1238, kumi1246, ngal1290, yind1246"
Khumi Awa Chin,,cka,,khum1250,
Khunsaric,"Judeo-Khunsari, Judeo-Khomeini, Khunsari, Mahallati, Vaneshani",kfm,,khun1255,"jude1273, jude1274, khun1261, maha1310, vane1234"
Khün,,kkh,,khun1259,
Khwarshi-Inkhoqwari,"Inxokvari, Xvarshi",khv,,khva1239,"inxo1238, xvar1237"
Khwarezmian,,xco,,khwa1238,
Kiautschou Pidgin German,,,,kiau1234,
Kibet,"Dagel, Murru, Nuclear Kibet",kie,,kibe1241,"dage1243, murr1262, nucl1439"
Kibiri,"Aird Hills, Porome",prm,,kibi1239,"aird1238, poro1255"
K'iche',,quc,,kich1262,
"K'iche', San Andrés",,qxi,,kich1263,
"K'iche', Cunén",,cun,,kich1264,
"K'iche', Eastern",,quu,,kich1265,
"K'iche', West Central",,qut,,kich1266,
"K'iche', Joyabaj",,quj,,kich1267,
Kickapoo,,kic,,kick1244,
Kikai,Onotsu,kzg,,kika1239,onot1238
KiKAR,,,,kika1240,
Kikongoic,"Beembe, Kambakunyic Kikongo",,beq,kiko1234,"beem1239, kamb1321"
Kikongo Language Cluster,"Hungan-Samba, Nuclear KLC",,,kiko1235,"hung1281, nucl1804"
Kikuyu,"Gichugu, Mathira, Ndia, Northern Gikuyu, Southern Gikuyu",kik,,kiku1240,"gich1238, math1238, ndia1238, nort2797, sout2813"
Kilaadic Kikongo,"Nuclear Northern Kikongo, Central-Southern Kikongo",,,kila1239,"nort3267, sout3249"
Kilba-South Margi,"Huba, Marghi South",,"hbb, mfm",kilb1234,"huba1236, marg1266"
Kildin Saami,"Arsjogg, Kårdegg, Kiillt, Lujaa'vvr",sjd,,kild1236,"arsj1234, kard1235, kiil1234, luja1234"
Kilen,"Kili of Amur, Sungari, Upper Ussuri",,,kile1243,"kila1238, sung1269, ussu1239"
Kilivilic,"Budibud, Kilivila-Muyuw",,btp,kili1266,"budi1249, kili1271"
Kilivila,"Kitava, Sinaketa, Vakuta",kij,,kili1267,"kita1250, sina1267, vaku1237"
Kiliwa,,klb,,kili1268,
Kilimanjaro-Taita,"Kilimanjaro Bantu, Taita-Sagalla",,,kili1269,"chag1248, tait1249"
Kilivila-Misima,"Kilivilic, Misima-Paneati",,mpx,kili1270,"kili1266, misi1243"
Kilivila-Muyuw,"Kilivila, Muyuw",,"kij, myw",kili1271,"kili1267, muyu1244"
Kilmeri,"Eastern Kilmeri, Western Kilmeri",kih,,kilm1241,"east2532, west2613"
Kimaragang,"Pitas Kimaragang, Sandayo, Sonsogon, Tandek",kqr,,kima1244,"pita1246, sand1276, sons1244, tand1257"
Kimaama-Riantana,"Kimaama, Riantana",,"kig, ran",kima1245,"kima1246, rian1263"
Kimaama,,kig,,kima1246,
Kim-Besme-Goundo,"Besme, Goundo, Kim",,"bes, goy, kia",kimb1240,"besm1235, goun1238, kimm1246"
Kimbundu,"Mbaka, Mbamba, Ngola, Njinga, Sama",kmb,smd,kimb1241,"mbak1242, mbam1248, ngol1246, njin1241, sama1300"
Kimbu,,kiv,,kimb1242,
Kimda,,,,kimd1235,
Kimki,,sbt,,kimk1238,
Kim Mun,"Dao Ho, Dao Quan Trang",mji,,kimm1245,"daoh1238, daoq1238"
Kim,"Garap, Gerep, Kolop, Kosop",kia,,kimm1246,"gara1263, gere1238, kolo1263, koso1244"
Kimre,"Buruwa, Kimruwa, Tchire",kqp,,kimr1241,"buru1318, kimr1242, tchi1253"
Kinaray-a,"Anini-Y, Guimaras Island, Hamtik, Lambunao, Miag-Ao, Pandan, Pototan",krj,,kina1250,"anin1241, guim1241, hamt1248, lamb1274, miag1237, pand1266, poto1251"
Kinalakna,,kco,,kina1251,
Kinabalian,,cbw,,kina1252,
Kinalakna-Kumukio,"Kinalakna, Kumukio",,"kco, kuo",kina1253,"kina1251, kumu1247"
Kinamiguin-Bukidnon,"Bukidnon, Cinamiguin Manobo",,mkx,kina1254,"buki1251, cina1236"
Kinarayan,"Kinaray-a, Sulod",,"krj, srg",kina1255,"kina1250, sulo1237"
Kinga-Magoma,"Magoma, Kinga",,"gmx, zga",king1258,"mago1246, nucl1379"
Kinnauri,"Kalpa, Nichar, Sangla, Razgramang, Tukpa",kfk,,kinn1249,"kalp1234, nich1234, sang1346, razg1239, tukp1240"
Kinnauric,"Chhitkul-Rakchham, Kanashi, Kinnauri, Thebor",,"cik, xns, kfk",kinn1250,"chit1279, kana1283, kinn1249, theb1237"
Kintaq,,knq,,kint1239,
Kinuku,,kkd,,kinu1239,
Kinyarwanda,"Bufumbwa, Bwisha, Hutu, Igikiga, Mulenge, Rufumbira, Rutwa",kin,,kiny1244,"bufu1238, bwis1241, hutu1238, igik1238, mule1238, rufu1238, rutw1238"
Kioko,"Kambowa, Nuclear Kioko",ues,,kiok1239,"kamb1300, nucl1574"
Kiong-Korop,"Kiong, Korop",,"kkm, krp",kion1241,"kion1242, koro1304"
Kiong,,kkm,,kion1242,
Kiorr,,xko,,kior1239,
Kiowa Apache,,apk,,kiow1264,
Kiowa-Tanoan,"Towa, Kiowa, Tewa, Tiwa-Piro",,"tow, kio",kiow1265,"jeme1245, kiow1266, tewa1261, tiwa1254"
Kiowa,,kio,,kiow1266,
Kipchak,"Northwest Kipchak, Southeast Kipchak, Unclassified Kipchak",,,kipc1239,"nort3424, sout3396, unun9944"
Kipchak-Turkestan,"Kipchak, Turkestan",,,kipc1240,"kipc1239, uygh1241"
Kipsigis,,sgc,,kips1239,
Kiput,"Lemiting, Long Kiput, Long Tutoh",kyi,,kipu1237,"lemi1242, long1415, long1416"
Kiranti,"Central Kiranti, Eastern Kiranti, Limbu, Western Kiranti",,lif,kira1253,"cent2250, east2719, limb1266, west2424"
Kir-Balar,,kkr,,kirb1236,
Ruboni,"Kire, Mikarewan",,geb,kire1239,"kire1240, mika1254"
Kire,,geb,,kire1240,
Kirfi-Bele,"Giiwo-Daza, Ngamo-Bele",,,kirf1234,"giiw1237, ngam1283"
Kirghiz,"Northern Kirghiz, Southern Kirghiz",kir,,kirg1245,"nort2693, sout2702"
Kirike,,okr,,kiri1254,
Kirikiri,"Faia, Nuclear Kirikiri",kiy,,kiri1256,"faia1238, nucl1599"
Kirmanjki,"Tunceli, Varto",kiu,,kirm1248,"tunc1238, vart1238"
Kirma-Tyurama,"Cerma, Turka",,"cme, tuz",kirm1250,"cerm1238, turk1306"
Kir-Mangas,"Kir-Balar, Mangas",,"kkr, zns",kirm1251,"kirb1236, mang1416"
Kirya-Konzel,,fkk,,kiry1234,
Kisa,,lks,,kisa1263,
Kisankasa,,kqh,,kisa1264,
Kisaric,"Kisar, Roma",,"kje, rmm",kisa1265,"kisa1266, roma1332"
Kisar,,kje,,kisa1266,
Kisa-Marama-Tsotso,"Kisa, Marama, Tsotso",,"lks, lrm, lto",kisa1269,"kisa1263, mara1392, tsot1241"
Kisi,,kiz,,kisi1243,
Kisi-Pangwa,"Kisi, Pangwa",,"kiz, pbr",kisi1244,"kisi1243, pang1287"
Kisisi,,,,kisi1251,
Kissi,"Northern Kissi, Southern Kisi",,"kqs, kss",kiss1245,"nort2765, sout2778"
Kis,,kis,,kiss1246,
Kistane,"Dobbi, Galila (Lake Wonchi), Soddo",gru,,kist1241,"dobi1240, gali1268, sodd1242"
Kis-Wogeo,"Kis, Wogeo",,"kis, woc",kisw1234,"kiss1246, woge1237"
Kitan,,zkt,,kita1247,
Kita-Kagoro,"Kagoro, Kita Maninkakan",,"xkg, mwk",kita1248,"kago1248, kita1249"
Kita Maninkakan,Fulanke,mwk,,kita1249,fula1270
Kitemoka,,,,kite1237,
Kitemoka-Napeca,"Kitemoka, Napeca",,,kite1239,"kite1237, nape1237"
Kitja,,gia,,kitj1240,
Kitsai,,kii,,kits1249,
Kituba (Congo),,mkw,,kitu1245,
Kituba (Democratic Republic of Congo),"Eastern Kituba, Ikeleve, Western Kituba",ktu,,kitu1246,"east2406, ikel1238, west2474"
Kivu,"Forest Kivu, West Highlands Kivu",,,kivu1239,"fore1272, rwan1241"
Kiwaian,"Bamu, Northeast Kiwai, Southern Kiwai, Turama-Kerewo, Waboda",,"bcf, kiw, kjd, kmx",kiwa1251,"bamu1257, nort2930, sout2949, tura1266, wabo1241"
Kizamani,,izm,,kiza1239,
Chinese Pidgin Russian,,,,kjac1234,
Klamath-Modoc,,kla,,klam1254,
Klao-Tajuasohn,"Klao, Tajuasohn",,"klu, tja",klao1242,"klao1243, taju1238"
Klao,"Central Klaoh, Eastern Klaoh, Western Klaoh, West Central Klaoh",klu,,klao1243,"cent2039, east2413, west2486, west2487"
KLC Extended,"Kikongo Language Cluster, Mbuun, Nsong-Mpiin-Ngong",,zmp,klce1234,"kiko1235, mpuo1241, nson1239"
Klias River Kadazan,,kqt,,klia1235,
Klingon,,tlh,,klin1234,
Koalib-Rere,"Ngemere, Nginyukwur, Ngirere, Ngunduna, Nguqwurang",kib,,koal1240,"ngem1256, ngin1245, ngir1247, ngun1273, nguq1238"
Koasati,,cku,,koas1236,
Koba,Southeast Koba,kpd,,koba1240,sout2887
Buy,"Kasanga, Kobiana",,"ccj, kcj",kobi1240,"kasa1248, kobi1241"
Kobiana,,kcj,,kobi1241,
Kobol,,kgu,,kobo1248,
Kobon,,kpw,,kobo1249,
Kochila Tharu,"Dhanusa, Mahottari, Morangiya, Morangia, Saptari, Sarlahi, Siraha, Sunsari (Nepal), Udayapur",thq,,koch1247,"dhan1266, maho1247, mora1271, mora1272, sapt1238, sarl1242, sira1261, suns1241, uday1238"
Kochic,"Atong (India), Koch, Rabha, Ruga",,"aot, kdq, rah, ruh",koch1249,"aton1241, koch1250, rabh1238, ruga1238"
Koch,"Banai, Harigaya, Satpariya, Tintekiya, Wanang (India)",kdq,,koch1250,"bana1283, hari1248, satp1242, tint1241, wana1265"
Kochariya-East Danuwar,"East Danuwar, Kochariya",dhw,,koch1253,"east2831, koch1252"
Koda,,cdz,,koda1236,
Kodaku,,ksz,,koda1254,
Kodava,,kfa,,koda1255,
Kodaku-Korwa,"Kodaku, Korwa",,"ksz, kfp",koda1256,"koda1254, korw1242"
Kodeoha,,vko,,kode1237,
Kodia,,kwp,,kodi1246,
Kodi,"Kodi Bokol, Kodi Bangedo",kod,,kodi1247,"kodi1248, kodi1249"
Kodi-Gaura,"Kodi, Garo (Sumba)",,kod,kodi1251,"kodi1247, ngga1239"
Koenoem,,kcs,,koen1239,
Kofa,,kso,,kofa1236,
Kofei,,kpi,,kofe1239,
Pan,"Bwal-Goram, Bwall, Gworam, Kofyar-Doemak, Jibyal, Jipal, Kwagallak, Mernyang",kwl,,kofy1242,"bwal1234, bwol1240, gwor1239, dimm1243, jiby1234, jipa1239, kwag1238, mirr1240"
Kofyar-Mushere-Chip,"Cakfem-Mushere, Kofyaric, Miship",,"cky, mjs",kofy1243,"cakf1236, kofy1244, mish1244"
Kofyaric,"Jakattoe, Pan, Nteng",,"jrt, kwl, nqt",kofy1244,"jort1240, kofy1242, nucl1698"
Koguryo,,zkg,,kogu1234,
Kohistanic Shina,"Kohistani Shina, Ushojo",,"plk, ush",kohi1247,"kohi1248, usho1238"
Kohistani Shina,"Jalkoti, Kolai, Palasi",plk,,kohi1248,"jalk1241, kola1284, pala1333"
Kohin,,kkx,,kohi1250,
Kohistani,"Dir-Swat Kohistani, Indus Kohistanic, Unclassified Kohistani, Wotapuri-Katarqalai",,wsv,kohi1251,"dirs1236, indu1240, uncl1535, wota1240"
Koho-Maa,"Koho, Maa",,"kpm, cma",koho1243,"koho1244, maaa1253"
Koho,"Chil (Koho), Kalop, Kodu, Lac, Laya (Austroasiatic), Nop, Pru, Rion, Sop (Austroasiatic), Sre, Tala (Vietnam), Tring (Austroasiatic)",kpm,,koho1244,"chil1279, kalo1257, kodu1239, lacc1239, laya1252, nopp1240, pruu1239, rion1244, sopp1245, sree1244, tala1278, trin1270"
Kohoroxitari,,kob,,koho1245,
Kohumonoic,"Agwagwune, Kohumono, Umon",,"yay, bcs, umm",kohu1243,"agwa1247, kohu1244, umon1238"
Kohumono,,bcs,,kohu1244,
Koiarian,"Baraic, Koiaric",,,koia1260,"bara1376, koia1261"
Koiaric,"Biage-Mountain Koiali, Koita-Koiari",,,koia1261,"biag1235, koit1243"
Koi,"Behere, Sungdel",kkt,,koii1238,"behe1240, sung1268"
Koineic Greek,"Medieval Greek, Modern Koineic Greek",,,koin1234,"medi1251, mode1266"
Koireng,,nkd,,koir1240,
Koita-Koiari,"Grass Koiari, Koitabu",,"kbk, kqi",koit1243,"gras1249, koit1244"
Koitabu,"East Koita, West Koita",kqi,,koit1244,"east2517, west2601"
Koiwat,,kxt,,koiw1243,
Kokata,,ktd,,koka1244,
Kokak Naga,,nxk,,koka1245,
Kok Borok,"Debbarma, Riang (Bru), Jamatia, Noatia",trp,,kokb1239,"debb1238, hala1254, jama1260, noat1238"
Koke,,kou,,koke1240,
Kokenop Mandobo,"Agayop, Bukit Kokenop, Kogonop",,,koke1241,"agay1235, buki1254, kogo1235"
Kok-Nar,,gko,,kokn1236,
Kokoda,"Kasuweri, Negri Besar, Tarof",xod,,koko1265,"kasu1243, negr1235, taro1259"
Kokola,,kzn,,koko1267,
Kokota,,kkk,,koko1269,
Kokon,"Girawa, Kein, Munit",,"bbr, bmh, mtc",koko1271,"gira1247, kein1239, muni1257"
Koko Dhawa,,,,koko1272,
Koko Babangk,,okg,,koko1273,
Kolami-Naiki,"Northwestern Kolami, Southeastern Kolami",,"kfb, nit",kola1242,"nort2699, sout1549"
Kola,,kvv,,kola1285,
East Alor,"Kula (Indonesia), Sawila-Wersing",,tpg,kola1286,"kula1280, sawi1258"
Kola-Kompane,"Kola, Kompane",,"kvv, kvp",kola1292,"kola1285, komp1237"
Kolbila,,klc,,kolb1240,
Kol (Bangladesh),,ekl,,kolb1241,
Kol (Cameroon),"Bikeng, Bikele, Kol North, Kol South",biw,,kolc1235,"bike1241, bike1242, koln1238, kols1242"
Kole-Isubu,"Bakole, Isu (Fako Division)",,"kme, szv",kole1239,"bako1250, isuf1235"
Kolhrengic,"Kharam Naga, Koireng, Kom (India), Tarao-Chothe",,"kfw, nkd, kmm",kolh1241,"khar1288, koir1240, komi1270, tara1327"
Kolibugan Subanon,,skn,,koli1253,
Kolom,,klm,,kolo1267,
Kolopom,"Kimaama-Riantana, Ndom",,nqm,kolo1268,"kima1245, ndom1245"
Kol (Papua New Guinea),"Kol, Sui (Papua New Guinea)",kol,,kolp1236,"koll1254, suii1244"
Kölsch,"East Ripuarian, West Ripuarian",ksh,,kols1241,"east2817, oche1235"
Koluwawa,,klx,,kolu1245,
Kolum So Dogon,,dkl,,kolu1247,
Kolymic,"Chuvantsy, Southern Yukaghir",,"xcv, yux",koly1247,"chuv1256, sout2750"
Koman,"Gwama, Central Koman",,kmq,koma1264,"kwam1249, opuu1238"
Koma Ndera,"Koma Damti, Vomnem, Geunem, Gbangrim, Gbaidim, Kuunem, Leelim, Lim, Yarim, Zanem",kmy,,koma1266,"koma1267, nder1244, nucl1354, bang1340, gbai1234, kuun1237, leel1241, liuu1238, yeru1241, zanu1238"
Koma Alantika,"Gimme, Gimnime",,"kmp, gmn",koma1268,"gimm1241, gimn1238"
Kombio-Yambes,"Kombioic, Unclassified Kombio-Yambes, Yambes",,ymb,komb1271,"komb1275, unun9968, yamb1254"
Kombio,"Miringi, Akwun, Mwi, Western Akwun, Sopmirek, Yanimoi, Tong (Kombio), Wampurun, Wampukuamp, Yakangom, Yakio, Yakulmp, Yasile, Yassum",xbi,,komb1272,"miri1272, nort2905, mwii1234, west2942, sopm1234, sout2931, tong1332, wamp1251, west2578, yaka1279, yaki1238, yaku1246, yasi1245, yass1241"
Komba,"Border Komba, Central Komba, East Komba, West Central Komba, West Komba",kpf,,komb1273,"bord1246, cent2112, east2508, west2590, west2591"
Kombai,"Central Kombai, Tayan",tyn,,komb1274,"cent2119, taya1254"
Kombioic,"Eitiep, Kombio, Aro",,"eit, xbi, tei",komb1275,"eiti1240, komb1272, torr1259"
Kombio-Arapesh-Urat,"Arapesh, Kombio-Yambes, Urat",,urt,komb1276,"arap1279, komb1271, urat1244"
Kom (Cameroon),Mbizenaku,bkm,,komc1235,mbiz1238
Komering,,kge,,kome1238,
Komi,"Komi-Zyrian, Komi-Permyak, Komi-Yazva",kom,"kpv, koi",komi1267,"komi1268, komi1269, komi1277"
Komi-Zyrian,"Central Zyryan, Lower Vychegda, Middle Vychegda, Middle Sysola, Upper Vychegda, North Zyryan, Izhma, Pechora, Vym', South Zyryan, Luza-Letka, Upper Sysola, West Zyryan",kpv,,komi1268,"cent2400, lowe1461, midd1377, midd1378, uppe1482, nort3401, izhm1234, pech1243, vymm1234, sout3379, luza1234, uppe1483, west2991"
Komi-Permyak,"North Permyak, South Permyak, Zyuzdin",koi,,komi1269,"nort2244, sout2463, zyud1238"
Kom (India),Kolhreng,kmm,,komi1270,kolh1240
Kominimung,,xoi,,komi1271,
Komisenian,"Lasgerdi, Sangisari, Sorkhei-Aftari",,"lsa, sgr, sqo",komi1276,"lasg1238, sang1315, sork1239"
Komi-Yazva,,,,komi1277,
Komic,"Kom (Cameroon), Mbessa, Oku",,"bkm, emz, oku",komk1239,"komc1235, mbes1239, okuu1243"
Komo (Sudan-Ethiopia),,xom,,komo1258,
Komo (Democratic Republic of Congo),,kmw,,komo1260,
Komodo,,kvh,,komo1261,
Komoic,"Amba (Uganda), Bera, Bilaic",,"rwm, brf",komo1265,"amba1263, bera1259, bila1258"
Kompane,,kvp,,komp1237,
Komta,,,,komt1237,
Komyandaret,,kzv,,komy1238,
Konai,,kxw,,kona1242,
Kona,"Hõne, Jiba",,"juh, juo",kona1244,"hone1235, jiba1237"
Konda-Kui,"Konda-Dora, Manda-Kui",,kfc,kond1294,"kond1295, mand1411"
Konda-Dora,"Kubi (India), Nuclear Konda-Dora",kfc,,kond1295,"kubi1237, nucl1306"
Konda-Yahadian,"Yaben (Konda), Yahadian",,"knd, ner",kond1302,"kond1303, yaha1248"
Yaben (Konda),,knd,,kond1303,
Koneraw,,kdw,,kone1241,
Kongai,,,,kong1298,
Konjo,"Coastal Konjo, Highland Konjo",,"kjc, kjk",konj1250,"coas1295, high1275"
Konja-Mambila-Vute,"Konja, Mambila-Vute",,,konj1251,"konj1252, mamb1310"
Konja,"Bung, Kwanja, Njanga",,"bqd, knp",konj1252,"bung1259, kwan1276, njan1240"
Konkan Marathi,"Agari of Kolaba, Bhandari, Chitpavani, Daldi, Dhanagari, Ghati, Karhadi, Kiristav, Koli (Konkani), Kudali, Kunbis of Poona, Mahari (Konkani), Parabhi, Sangamesvari, Thakuri",knn,,konk1267,"agar1250, bhan1240, chit1277, dald1238, dhan1268, ghat1238, karh1238, kiri1253, koli1252, kuda1248, kunb1252, maha1290, para1288, sang1319, thak1243"
Kon Keu,,kkn,,konk1268,
Konkomba,"Lichabool-Nalong, Ligbeln, Likoonli, Limonkpel, Linafiel",xon,,konk1269,"lich1242, ligb1243, liko1247, limo1247, lina1244"
Konkomba-Gangam,"Konkomba, Ngangam",,"xon, gng",konk1271,"konk1269, ngan1299"
Konni,,kma,,konn1242,
Konomihu,,,,kono1241,
Kono (Nigeria),,klk,,kono1264,
Konongo-Ruwila,"Konongo, Ruwila",kcz,rwl,kono1265,"kono1270, ruwi1234"
Kono (Guinea),,knu,,kono1267,
Kono (Sierra Leone),"Central Kono, Northern Kono",kno,,kono1268,"cent2048, nort2821"
Konomala,"Laket, Nuclear Konomala",koa,,kono1269,"lake1254, nucl1491"
Konsoid,"Gidole-Bussa, Konso",,kxc,kons1242,"gido1236, kons1243"
Konso,,kxc,,kons1243,
Kontanáwa,,,,kont1246,
Kontagora-Gumna-Koromba,"Basa-Gurmana, Gumna-Kontagora",,buj,kont1247,"basa1281, gumn1234"
Patkaian,"South Patkaian, North Patkaian",,,kony1246,"kony1247, kony1249"
South Patkaian,"Southeastern Patkaian, Southwestern Patkaian",,,kony1247,"khia1235, sout3407"
Konyak Naga,"Angphang, Changnyu, Chen, Chingkao, Chinglang, Choha, Gelekidoria, Hopao, Jakphang, Kongon, Longmein, Longching, Longkhai, Longwa, Mohung, Mon (India), Mulung, Ngangching, Sang, Shamnyuyanga, Shanlang, Shengha, Shunyuo, Sima, Sowa Naga, Tableng, Tabu, Tamkhungnyuo, Tang (India), Tobunyuo, Tolamleinyua, Totok",nbe,,kony1248,"angp1238, chan1315, chen1256, chin1479, chin1480, choh1239, gele1238, hopa1238, jakp1238, kong1284, long1378, long1379, long1380, long1381, mohu1238, monn1253, mulu1242, ngan1293, sang1322, sham1276, shan1275, shen1248, shun1238, sima1257, sowa1243, tabl1242, tabu1242, tamk1238, tang1338, tobu1238, tola1246, toto1303"
North Patkaian,"Heimic, Noctean, Tangsa",,,kony1249,"heim1234, noct1239, tang1379"
Konyanka Maninka,,mku,,kony1250,
Konyak-Phom,"Konyak Naga, Phom Naga",,"nbe, nph",kony1251,"kony1248, phom1236"
Rwenzori,"Konzo, Nande",,"koo, nnb",konz1238,"konz1239, nand1264"
Konzo,"Rukonjo, Sanza",koo,,konz1239,"ruko1238, sanz1246"
South-Central Koongo,"Central Koongo, Bwende, Kimanyanga, Kimboma, Kindibu, Southern Koongo, East-Southern Koongo, Kindamba, Kisibemba, Kitsootso, Kizombo, Kisikongo, West-Southern Koongo, Angola Nzeto, Kisolongo Angola, Kisolongo DRC",kng,,koon1244,"cent2032, bwen1238, kima1247, kimb1243, kind1244, sout2809, east2869, kind1243, kisi1246, kits1250, kizo1239, kisi1245, west2970, ango1259, kiso1239, kiso1240"
Koonzime,"Badwe'e, Nzime",ozm,,koon1245,"badw1238, nzim1239"
Koongo-Kituba,"Kituba (Congo), Kituba (Democratic Republic of Congo), South-Central Koongo",,"mkw, ktu, kng",koon1247,"kitu1245, kitu1246, koon1244"
Ko,"Kau, Nyaro",fuj,,kooo1244,"kauu1239, nyar1248"
Koorete,,kqy,,koor1239,
Kopar,,xop,,kopa1248,
Kopkaka,"Marub, Tokuni",opk,,kopk1238,"maru1250, toku1244"
Koraga,"Korra Koraga, Mudu Koraga",,"kfd, vmd",kora1289,"korr1238, mudu1241"
Korandje,,kcy,,kora1291,
Korana,"Eini, Gysiqua, Kora, Upper Orange River Korana",kqz,,kora1292,"eini1234, gysi1234, kora1299, uppe1468"
Korafe-Yegha,Korafe,kpr,,kora1294,kora1295
Korak,,koz,,kora1296,
Korap linkage,"Arop-Lokep, Karnai, Malasanga, Mur Pano",,"apr, bbv, mqz, tkv",kora1297,"arop1243, karn1252, mala1487, murp1234"
Korapun-Bromley,,,,kora1298,
Kordofan Nubian,"Eastern Kordofan Nubian, Western Kordofan Nubian",,,kord1246,"east2715, west2807"
Korean Sign Language,,kvk,,kore1273,
Karanic,"Diz, Gandomabi, Hezarrudi, Karani (Khoresh-e Rostam), Karnaq, Kelasi, Lerd, Nowkiani",okh,,kore1279,"dizz1234, gand1258, heza1234, kara1512, karn1254, kela1263, lerd1234, nowk1234"
Korean,"Cholla-Kyongsang, Jollado, Kyongsangdo, Chungchong-Central Korean, Ch'ungch'ongdo, Hwanghaedo, Hamgyong-Pyongan, Hamgyongdo, P'yong'ando, Middle Korean, Early Middle Korean, Late Middle Korean, Seoul",kor,,kore1280,"chol1288, chol1278, kyon1247, chun1248, chun1247, hwan1238, hamg1239, hamg1238, pyon1239, midd1372, earl1249, late1258, seou1239"
Koreguaje,,coe,,kore1283,
Koreanic,"Jejueo, Korean",,"jje, kor",kore1284,"jeju1234, kore1280"
Koreguaje-Tama,"Koreguaje, Tama (Colombia)",,"coe, ten",kore1286,"kore1283, tama1340"
Koring-Kukele,"Kukele-Uzekwe, Oring",,org,kori1259,"kuke1241, orin1239"
Korku,"Bondoy, Bouriya, Mawasi, Ruma (Korku)",kfq,,kork1243,"bond1244, bour1248, mawa1263, ruma1249"
Korlai Portuguese,,vkp,,korl1238,
Koroshi,"Coastal Koroshi, Inland Koroshi",ktl,,koro1296,"coas1324, inla1271"
Koromfé,"Eastern Koromfe, Western Koromfe",kfz,,koro1298,"east2392, west2459"
Koroic,"Duyaic, Tinoric, Nyankpa",,yes,koro1301,"duya1234, tino1236, yesk1239"
Korop,,krp,,koro1304,
Koro (Côte d'Ivoire),,kfo,,koro1306,
Koro-Olrat,"Koro (Vanuatu), Olrat",krf,olr,koro1308,"koro1318, olra1234"
Koronadal Blaan,,bpr,,koro1310,
Koroni,,xkq,,koro1311,
Korowai,,khe,,koro1312,
Koromira,"Koianu, Nuclear Koromira",kqj,,koro1313,"koia1262, nucl1635"
Koro-Lele-Nali-Titan,"Manus Koro, Lele (Papua New Guinea), Nali, Titan",,"kxr, lle, nss, ttv",koro1314,"bowa1234, lele1270, nali1245, tita1241"
Koro-Koyaga,"Koro (Côte d'Ivoire), Koyaga",,"kfo, kga",koro1315,"koro1306, koya1253"
Koro,,jkr,,koro1316,
Koro-Holon,"Koro, Milang",,jkr,koro1317,"koro1316, mila1245"
Kororofa,"Jan-Awei, Kona, Wapan",,juk,koro1322,"jana1236, kona1244, wapa1235"
Koro Nulu,,vkn,,koro1323,
Koro Zuba,,vkz,,koro1324,
Korra Koraga,"Ande Koraga, Onti Koraga, Tappu Koraga",kfd,,korr1238,"ande1246, onti1237, tapp1239"
Korupun-Sela,"Dagi, Deibula, Korupun, Sela, Sisibna",kpq,,koru1245,"dagi1242, deib1238, koru1246, sela1261, sisi1248"
Korubo,,xor,,koru1247,
Korwa,Majhi-Korwa,kfp,,korw1242,majh1254
Koryak,"Apuka, Cavcuvenskij, Itkan, Kamen, Paren (Koryak)",kpy,,kory1246,"apok1238, cavc1238, itka1238, kame1251, pare1268"
Koryakic,"Alutor, J-Koryakic",,alr,kory1247,"alut1245, jkor1234"
Kosarek Yale,"Gilika, Kosarek, Tiple",kkl,,kosa1249,"gili1242, kosa1250, tipl1238"
Kosadle,,kiq,,kosa1251,
Kosena,,kze,,kose1239,
Qushan Aghul,,,,kosh1245,
Koshin,,kid,,kosh1246,
Kosorong-Burum-Mindik,"Borong, Burum-Mindik",,"ksr, bmu",koso1246,"boro1279, buru1306"
Kosraean,"Lelu-Tafunsak, Malen-Utwe",kos,,kosr1238,"lelu1237, male1285"
Kosraean-Nauruan,"Kosraean, Nauru",,"kos, nau",kosr1239,"kosr1238, naur1243"
Kota (India),Ko Bashai,kfe,,kota1263,koba1239
Kotafon Gbe,,kqk,,kota1272,
Kota (Gabon),,koq,,kota1274,
Kota Bangun Kutai Malay,,mqg,,kota1275,
Kota Marudu Talantang,,grm,,kota1279,
Kotava,,avk,,kota1280,
Kota-Mahongwe,"Kota (Gabon), Mahongwe",,"koq, mhb",kota1281,"kota1274, maho1248"
Koti,"Ekoti, Enatthembo",eko,,koti1238,"ekot1239, enat1238"
Kotoko Central,"Lagwan, Mser",,"kot, kqx",koto1263,"lagw1237, mser1242"
Kotoko Septentrional,"Kotoko Septentrional 1, Kotoko Septentrional 2",,,koto1265,"koto1268, koto1269"
Koto-Olrat-Lakon,"Koro-Olrat, Lakon",,"krf, lkn",koto1266,"koro1308, lako1245"
Kotoko-Buduma,"Buduma, Kotoko Meridional, Kotoko Central, Kotoko Septentrional",,bdm,koto1267,"budu1265, jina1243, koto1263, koto1265"
Kotoko Septentrional 1,"Afade, Maslam",,"aal, msv",koto1268,"afad1236, masl1241"
Kotoko Septentrional 2,"Malgbe, Mpade, Ngala of Lake Chad",,"mxf, mpi",koto1269,"malg1250, mpad1242, ngal1301"
Kott-Assan,,zko,,kott1239,
Koulfaic,"Dissa-Canton Mufa, Kulfa",,"dsi, kxj",koul1239,"disa1239, kulf1238"
Kouya,,kyf,,kouy1238,
Kovai,,kqb,,kova1243,
Kove,,kvc,,kove1237,
Kowaki,,xow,,kowa1245,
Kowan,"Korak, Waskia",,"koz, wsk",kowa1247,"kora1296, wask1241"
Kowiai,"Adijaya, Keroi, Namatota, Waikala",kwh,,kowi1239,"adij1237, kero1244, nama1269, waik1244"
Koya,"Dorli, Jaganathapuram Koya, Malakanagiri Koya, Podia Koya",kff,,koya1251,"dorl1237, jaga1245, mala1469, podi1238"
Koyaga,"Nigbi, Nuclear Koyaga, Sagaka, Siaka",kga,,koya1253,"nigb1238, nucl1446, saga1263, siak1238"
Koyo,,koh,,koyo1242,
Mboshi (C.20),"Akwa, Koyo-Mboshi, Mboko",,"akw, mdu",koyo1244,"akwa1248, koyo1245, mbok1243"
Koyo-Mboshi,"Koyo, Mbosi",,"koh, mdw",koyo1245,"koyo1242, mbos1242"
Koyra Chiini Songhay,"Djenné Chiini, Koyra Chiini",khq,,koyr1240,"djen1242, koyr1241"
Koyraboro Senni Songhai,,ses,,koyr1242,
Koy Sanjaq Jewish Neo-Aramaic,,kqd,,koys1242,
Koyukon,"Central Koyukon, Lower Koyukon, Upper Koyukon",koy,,koyu1237,"cent2374, lowe1453, uppe1474"
Koyukonic,"Degexit'an, Holikachuk, Koyukon",,"ing, hoi, koy",koyu1238,"dege1248, holi1241, koyu1237"
Kpagua,,kuw,,kpag1238,
Kpala,,kpl,,kpal1241,
Kpala-Bakpa,"Kpala, Yango",,"kpl, yng",kpal1242,"kpal1241, yang1289"
Kpan-Icen,"Etkywan, Kpan",,"ich, kpk",kpan1245,"etky1238, kpan1246"
Kpan,"Bissaula, Eastern Kpan, Apa, Eregba, Kente, Western Kpan, Donga, Kumbo-Takum, Kumbo, Takum (Kpan)",kpk,,kpan1246,"biss1247, east2861, apaa1238, ereg1239, kent1256, west2957, dong1291, kumb1279, kumb1270, taku1255"
Kpasam,,pbn,,kpas1242,
Kpatili,,kym,,kpat1244,
Kpati,,koc,,kpat1246,
Kpeego,,cpo,,kpee1234,
Kpelle,"Guinea Kpelle, Kono (Guinea), Liberia Kpelle",,"gkp, knu, xpe",kpel1252,"guin1254, kono1267, libe1247"
Kpessi,,kef,,kpes1238,
Kpesi-Waci,"Kpessi, Waci Gbe",,"kef, wci",kpes1239,"kpes1238, waci1239"
Kplang,,kph,,kpla1238,
Kposo-Ahlo-Bowili,"Igo, Ikposo, Tuwuli",,"ahl, kpo, bov",kpos1239,"igoo1238, ikpo1238, tuwu1238"
Bakweric,"Mokpwe, Wumboko-Bubia",,"bri, bqm",kpwe1234,"mokp1239, wumb1241"
Krache,,kye,,krac1238,
Kraol,,rka,,krao1238,
Borum,"Arana-Borum, Bakuen, Gueren, Guti-Krak, Krakmun, Krenák, Naknanuk, Nak-Nyapman, Nakrehe, Pozhichá, Shiporok",kqq,,kren1239,"aran1269, baku1266, guer1242, guti1236, krak1234, kren1240, nakn1234, nakn1235, nakr1234, pozh1234, ship1257"
Kresh-Aja,"Aja (South Sudan), Kreshic",,aja,kres1240,"ajas1235, kres1241"
Kreshic,"Dongo Kresh, Kresh-Woro",,krs,kres1241,"dong1296, gbay1288"
Northeastern Timbira,,xre,,krey1238,
Kriol,,rop,,krio1252,
Krio,"Gambian Krio, Sierra Leone Krio",kri,,krio1253,"gamb1261, sier1252"
I'saka,,ksi,,kris1246,
Krobu,,kxb,,krob1245,
Krongo,Fama-Teis-Kua,kgo,,kron1241,fama1238
Kru,"Eastern Kru, Greater Western Kru",,,krua1234,"east2415, grea1300"
Krymchak,,jct,,krym1236,
Kryz,"Alyk, Dzhek, Haput-Ismaili, Ismaili Kryz, Xaput, Kryts",kry,,kryt1240,"alyk1238, dzhe1238, hapu1234, isma1234, xapu1238, kryz1238"
Southern Tshwa,"Cua (Tshwa), Kua, Tsua",tyu,,kuaa1238,"cuat1240, kuaa1239, tsua1234"
Kuamasi,,yku,,kuam1234,
Kuan,,uan,,kuan1246,
Kuanyama,,kua,,kuan1247,
Kuanua,"Kabakada, Kininanggunan, Kokopo, Livuan, Masawa, Matupit, Nodup, Rakunei, Raluana, Rapitok, Rebar, Vanumami, Vunadidir, Watom",ksd,,kuan1248,"kaba1283, kini1237, koko1268, livu1239, masa1304, matu1260, nodu1236, raku1237, ralu1237, rapi1237, reba1237, vanu1244, vuna1240, wato1237"
Kua-nsi,,ykn,,kuan1249,
Kuanhua,,xnh,,kuan1250,
Kuansi-Kuamasi-Sonaga,"Kuansi-Kuamasi, Sonaga",,ysg,kuan1251,"kuan1252, sona1244"
Kuansi-Kuamasi,"Kuamasi, Kua-nsi",,"yku, ykn",kuan1252,"kuam1234, kuan1249"
Kubachi,,ugh,,kuba1248,
Kulungtfu-Yuanggeng-Tobo,"Kurungtufu, Tobo, Yoangen",kgf,tbv,kube1244,"kuru1308, tobo1251, yoan1239"
Kubi,,kof,,kubi1239,
Kubi-Deno,"Deno, Kubi",,"dbb, kof",kubi1240,"deno1239, kubi1239"
Kubo-Samo-Bibo,"Gobasi, Kubo, Samo",,"goi, jko, smq",kubo1241,"goba1246, kubo1242, samo1303"
Kubo,,jko,,kubo1242,
Kubu,"Eastern Kubu, Bajat, Dawas, Djambi, Lalang, Supat, Tungkal Ulu, Tungkal Ilir, Western Kubu, Ridan, Dusun Tuo",kvb,,kubu1239,"east2877, baja1258, dawa1241, djam1258, lala1266, supa1246, tung1288, tung1289, noma1261, rida1239, ulul1241"
Kucong,,lkc,,kuco1235,
Kudiya,,kfg,,kudi1237,
Kudmali,,kyw,,kudm1238,
Kudu-Camo,"Camo, Kudu",kov,,kudu1241,"camo1250, kudu1242"
Gengle-Kugama,,kow,,kuga1239,
Kugbo,,kes,,kugb1241,
Kugboic,"Kugbo, Ogbia",,"kes, ogb",kugb1242,"kugb1241, ogbi1239"
Kui (India),"Gumsai, Khondi",kxu,uki,kuii1252,"gums1237, khon1247"
Kui (Indonesia),"Batulolong, Kiramang, Kui",kvd,,kuii1253,"batu1261, kira1248, kuii1254"
Kuijau,,dkr,,kuij1237,
Kui-Kuvi,"Kui (India), Kuvi",,"kxu, kxv",kuik1244,"kuii1252, kuvi1243"
Kuikuroan,"Nuclear Kuikuroan, Pimenteira",,,kuik1245,"nucl1656, pime1237"
Kuikúro-Kalapálo,,kui,,kuik1246,
Kujarge,,vkj,,kuja1239,
Kukatja,,kux,,kuka1246,
Kukele-Uzekwe,"Kukele, Uzekwe",,"kez, eze",kuke1241,"kuke1242, uzek1238"
Kukele,"Iteeji, Mtezi, Ugbala",kez,,kuke1242,"itee1238, mtez1238, ugba1238"
Kuki-Chin-Naga,"Angami-Ao, Karbic, Kuki-Chin, Manipuri, Tangkhul-Maring, Zemeic",,mni,kuki1245,"anga1312, karb1240, kuki1246, mani1292, tang1335, zeme1241"
Kuki-Chin,"Central Kuki-Chin, Northwestern Kuki-Chin, Peripheral Kuki-Chin",,,kuki1246,"cent2330, oldk1252, peri1260"
Kuk,,kfn,,kukk1239,
Kukna,,kex,,kukn1238,
Kuku-Yalanji,"Kuku-Nyungkul, Kuku-Biraji",gvn,,kuku1273,"kuku1274, kuku1275"
Kuku-Wik-Ep,"Ep-Meanha-Keyenganh, Kuku-Wik",,,kuku1276,"epme1234, kuku1277"
Kuku-Wik,"Mungkanic, Paman Kuku",,,kuku1277,"mung1276, pama1253"
Kuku-Mangk,,xmq,,kuku1279,
Kuku-Uwanh,,uwa,,kuku1280,
Kuku-Ugbanh,,ugb,,kuku1281,
Kuku-Mu'inh,,xmp,,kuku1282,
Kuku-Muminh,,xmh,,kuku1283,
Kuku,,ukv,,kuku1285,
Kukura,,,,kuku1286,
Kulango,"Bondoukou Kulango, Bouna Kulango",,"kzc, nku",kula1277,"bond1246, boun1243"
Kula (Indonesia),"Arumaka, Iramang, Kulatela, Kula Watena, Larena, Nuclear Kula, Sumang, Watena",tpg,,kula1280,"arum1243, iram1238, kula1281, kula1282, lare1250, nucl1584, suma1268, wate1238"
Kulango-Lorom,"Kulango, Teenic",,,kula1283,"kula1277, teen1241"
Kulawi,"Tado-Lindu, Moma",,"klw, myl",kula1284,"lind1248, moma1242"
Kulaalic,"Fania, Gula Iro",,"fni, glj",kula1285,"fani1244, gula1265"
Kulere,"Kamwai-Marhai, Richa, Tof",kul,,kule1247,"kamw1240, rich1238, toff1238"
Kulfa,"Kurmi, So (Chad)",kxj,,kulf1238,"kurm1244, sooo1255"
Kulin,"Colac, Nuclear Kulin",,,kuli1251,"cola1237, nucl1335"
Kuliak,"Ik, Ngangea-So",,ikx,kuli1252,"ikkk1242, ngan1305"
Kulisusu,,vkl,,kuli1254,
Kulina Pano,,xpk,,kuli1255,
Kulin-Bunganditj,"Kulin, Warrnambool-Bunganditj",,,kuli1256,"kuli1251, warr1256"
Kullu Pahari,"Inner Siraji, Kullui",kfx,,kull1236,"inne1243, kllu1238"
Pazeh-Kahabu,"Kahabu, Pazeh",pzh,,kulo1237,"kaha1242, paze1234"
Kulon,,uon,,kulo1238,
Kulungic,"Chukwa, Kulung (Nepal), Nachering",,"cuw, kle, ncd",kulu1252,"chuk1270, kulu1253, nach1240"
Kulung (Nepal),"Chhapkoa, Khambu (Kulung), Mahakulung, Namlung, Pelmung, Pidisoi, Sotang, Tamachhang",kle,,kulu1253,"chha1251, kham1288, maha1294, naml1238, pelm1238, pidi1240, sota1241, tama1327"
Kulung (Nigeria),"Balasa, Bambur, Bamingun, Banyam",bbu,,kulu1255,"bala1319, bamb1273, bami1240, bany1248"
Kumaoni,"Central Kumauni, Northeastern Kumauni, Southeastern Kumauni, Western Kumauni",kfy,,kuma1273,"cent1978, nort2651, sout2652, west2373"
Kumarbhag Paharia,,kmj,,kuma1274,
Kumam,,kdi,,kuma1275,
Nêlêmwa-Nixumwak,"Nenema, Kumak",nee,,kuma1276,"nene1250, nucl1483"
Kumalu,,ksl,,kuma1278,
Kuman-Dom-Gunaa,"Dom, Kuman",,"doa, kue",kuma1279,"domm1246, kuma1280"
Kuman,"Nagane, Nuclear Kuman, Yongomugi",kue,,kuma1280,"naga1404, nucl1618, yong1281"
Kumba,,ksm,,kumb1238,
Kumbaran,,wkb,,kumb1267,
Kumbainggar,,kgs,,kumb1268,
Kumbewaha,,xks,,kumb1274,
Kumhali,,kra,,kumh1238,
Tipai,,dih,,kumi1248,
Kumil,"Bepour, Mauwake, Moere",,"bie, mhl, mvq",kumi1249,"bepo1240, mauw1238, moer1240"
Kumil-Tibor,"Kumil, Tibor",,,kumi1250,"kumi1249, tibo1244"
Kum-Nel-Yua-Cac,"Caac, Kum-Nel-Yua",,msq,kumn1236,"caac1237, kumn1237"
Kum-Nel-Yua,"Nêlêmwa-Nixumwak, Yuaga",,"nee, nua",kumn1237,"kuma1276, yuag1237"
Kumukio,,kuo,,kumu1247,
Kumyk,"Buynak, Khaikent, Khasavyurt",kum,,kumy1244,"buin1246, khai1248, khas1271"
Kumzari,,zum,,kumz1235,
Kunama,"Aimara, Barka, Bitama, Ilit, Marda, Sokodasa, Takazze-Setiit, Tigray, Tika",kun,,kuna1268,"aima1242, bark1246, bita1252, ilit1242, mard1244, soko1249, taka1265, tigr1252, tika1245"
Kuna,"Border Kuna, San Blas Kuna",,"kvn, cuk",kuna1280,"bord1248, sanb1242"
Kunbarlang,,wlg,,kunb1251,
Kunduvadi,,wku,,kund1253,
Chikunda,,kdn,,kund1255,
Kundal Shahi,,shd,,kund1257,
Kunene,"Cimbebasia, Kwangali-Diriku, Umbundu, Unclassified Kunene",,umb,kune1234,"cimb1239, kwan1288, umbu1257, unun9922"
Kunfal,,xuf,,kunf1238,
Kunggari,,kgl,,kung1258,
Kungarakany,,ggk,,kung1259,
Kung,,kfl,,kung1260,
North-Central Ju,,knw,,kung1261,
Kunggara,,kvs,,kung1262,
Kuni,,kse,,kuni1263,
Kuni-Boazi,"Aewa (Western Province), Ingias, Khoamak, Kuni (Western Province), Sengeze, Wamak",kvg,,kuni1265,"aewa1238, ingi1242, khoa1239, kuni1266, seng1283, wama1248"
Kunimaipa,"Gajili, Hate (Upper Kunimaipa), Hereve (Lower Kunimaipa), Karuama",kup,,kuni1267,"gaji1238, hate1239, here1255, karu1254"
Kunigami,Nago,xug,,kuni1268,nago1243
Kunimaipan,"Biangai, Kunimaipa, Weric",,"big, kup",kuni1270,"bian1252, kuni1267, weri1254"
Kunjen,"Ogh Awarrangg, Oykangand, Ulkulu",kjn,,kunj1245,"ogha1238, oyka1239, ulku1238"
Kánchá,,pep,,kunj1246,
Southwestern Alaya-Athima,"Athima, Kawarrang-Ogh Undjan, Kunjen",,kjn,kunj1248,"athi1234, kawa1290, kunj1245"
Kunyi,Nyaanga,njx,,kuny1238,nyaa1242
Kunza,,kuz,,kunz1244,
Kuo,"Bouroum Koh, Pao Koh",xuo,,kuoo1238,"bour1249, paok1236"
Kuot,,kto,,kuot1243,
Kupa,,kug,,kupa1238,
Kupang Malay,"Air Mata, Alor Malay, Basa Kupang",mkn,,kupa1239,"airm1240, alor1252, basa1293"
Kupia,,key,,kupi1238,
Kupsabiny,"Mbai, Sabiny, Sor",kpz,,kups1238,"mbai1249, sabi1247, sorr1240"
Kura Ede Nago,,nqk,,kura1248,
Kurama,,krh,,kura1249,
Kuranko,"Barrawa, Mankaliya, Mongo (Kuranko), Ney, Nieni, Sambaya, Sengbe",knk,,kura1250,"barr1248, mank1254, mong1339, neyy1238, nien1238, samb1317, seng1279"
Kurdish,"Central Kurdish, Northern Kurdish, Southern Kurdish",kur,"ckb, kmr, sdh",kurd1259,"cent1972, nort2641, sout2640"
Kurdish Sign Language,,,,kurd1260,
Kurichiya,,kfh,,kuri1256,
Kuria,"Bugumbe, Bukira, Nyabasi",kuj,,kuri1259,"bugu1247, buki1246, nyab1253"
Nabi,,nbn,,kuri1260,
Kuri,"Hunter-Hastings, Sydney-Hawkesbury",,,kuri1270,"hunt1235, sydn1235"
Kuril Ainu,,,,kuri1271,
Kuriaic,"Kuria, Suba-Simbiti",,"kuj, ssc",kuri1276,"kuri1259, suba1252"
Kurmukar,,kfv,,kurm1243,
Kurmin Dangana,,,,kurm1245,
Kur-Urmi,,,,kuro1242,
Kurrama,,vku,,kurr1243,
Kur,,kuv,,kurr1245,
Kurtokha,,xkz,,kurt1248,
Kurti,,ktm,,kurt1250,
Kurti-Kele-Ere,"Ere, Kele (Papua New Guinea), Kurti-Elu",,"twp, sbc",kurt1251,"eree1241, kele1258, kurt1252"
Kurti-Elu,"Elu, Kurti",,"elu, ktm",kurt1252,"eluu1241, kurt1250"
Kurux-Malto,"Kurukh, Malto",,kru,kuru1300,"kuru1301, malt1248"
Kurukh,"Indian Kurux, Inner Barwe, Kisan (Dravidian), Nawagarh, Oraon, Outer Barwe, Nepali Kurux",kru,kxl,kuru1301,"kuru1302, inne1245, kisa1261, nawa1260, orao1238, oute1262, nepa1253"
Kurudu,,kjr,,kuru1305,
Kuruáya,,kyr,,kuru1309,
Kusaal,"Angole, Toende",kus,,kusa1250,"ango1253, toen1238"
Kusaghe-Njela,"Kusaghe, Njela",ksg,,kusa1251,"kusa1253, njel1239"
Kushi,,kuh,,kush1236,
Kustenau,,,,kust1238,
Kusunda,,kgg,,kusu1250,
Kusu,"Losongo, Olonge",ksv,,kusu1252,"loso1234, olon1247"
Kuswaric,"Bote, Darai, Dewas-Done Danuwar, Kochariya-East Danuwar",,"bmj, dry, dwz, dhw",kusw1234,"bote1238, dara1250, dhan1265, koch1253"
Kutang Ghale,"Bihi, Chak (Nepal), Rana",ght,,kuta1241,"bihi1238, chak1267, rana1247"
Kutep,"Fikyu, Jenuwa, Kentin, Kunabe, Lissam",kub,,kute1248,"fiky1238, jenu1240, kent1257, kuna1266, liss1238"
Kutenai,,kut,,kute1249,
Kuthant-Gurdjar,"Kuthant, Rib-Gurdjar",,xut,kuth1239,"kuth1240, ribg1235"
Kuthant,,xut,,kuth1240,
Kutto,,kpa,,kutt1236,
Kuturmi,,khj,,kutu1262,
Kutu,,kdc,,kutu1263,
Kutu-Zaramo,"Kutu, Zaramo",,"kdc, zaj",kutu1267,"kutu1263, zara1247"
Kuturmi-Ajiya,"Idon, Kuturmi",,"idc, khj",kutu1268,"idon1238, kutu1262"
Kuuku-Ya'u,,kuy,,kuuk1238,
Kuuk-Yak,,uky,,kuuk1243,
Kuungkari of Barcoo River,,lku,,kuun1236,
Kuvale,,olu,,kuva1244,
Kuvi,"Dongria Kuvi, Laxmipur, Rayagada",kxv,,kuvi1243,"dong1300, laxm1234, raya1243"
Kuwaataay,,cwt,,kuwa1246,
Kuwaa,,blh,,kuwa1247,
Kuwaiti Sign Language,,,,kuwa1252,
Kuyan,"Cuyonon, Datagnon-Santa Teresa-Semirara",,cyo,kuya1251,"cuyo1237, data1234"
Kuy-Souei,"Kuy, Nyeu",,"kdt, nyl",kuys1235,"kuyy1240, nyeu1238"
Kuyubi,,,,kuyu1236,
Kuy,"Chang, Kuay, Kuy Antra, Kuy Anthua, Kuy Mlor, Kuy May, Nheu",kdt,,kuyy1240,"chan1308, kuay1244, kuya1247, kuya1248, kuym1241, kuym1242, nheu1239"
Kven Finnish,,fkv,,kven1236,
Baa,"Gyakan, Nuclear Kwa",kwb,,kwaa1262,"gyak1238, nucl1372"
Kwa',"Mbyam, Nuclear Kwa'",bko,,kwaa1265,"mbya1238, nucl1412"
Kwaami,,ksq,,kwaa1269,
Kwadi,Zorotua,kwz,,kwad1244,zoro1243
Kw'adza,,wka,,kwad1248,
Kwaio,,kwd,,kwai1243,
Kwaja-Ndaktup,"Kwaja, Ndaktup, Bitui, Ncha",kdz,ncp,kwaj1242,"kwaj1243, ndak1242, bitu1241, ncha1238"
Kwak,,kwq,,kwak1264,
Kwakum,"Baki (Cameroon), Beten, Nuclear Kwakum, Til",kwu,,kwak1266,"baki1242, bete1264, nucl1403, till1253"
Kwakiutlan,"Heiltsuk-Oowekyala, Kwak'wala",,"hei, kwk",kwak1268,"heil1246, kwak1269"
Kwak'wala,,kwk,,kwak1269,
Kwa-Kasai North,"Boma Yumu, Sakata-Tiinic",,boh,kwak1270,"boma1246, saka1301"
Kwalean,"Humene-Kwale, Mulaha",,mfw,kwal1257,"hume1245, mula1254"
Kwalhioqua-Clatskanie,"Clatskanie, Kwalhioqua, Suwal, Willapa",qwt,,kwal1258,"clat1234, kwal1259, suwa1242, will1244"
Gwama,"Highland Gwama, Lowland Gwama",kmq,,kwam1249,"high1291, lowl1272"
Kwami,,ktf,,kwam1250,
Kwambi,,kwm,,kwam1251,
Kwamera,,tnk,,kwam1252,
Kwamtim One,,okk,,kwam1254,
Kwami-Kupto,"Kutto, Kwaami",,"kpa, ksq",kwam1256,"kutt1236, kwaa1269"
Kwambi-Ndonga,"Kwambi, Ndonga",,"kwm, ndo",kwam1257,"kwam1251, ndon1254"
Kwangali,,kwn,,kwan1273,
Kwanja,"Nyandung, Nyanjang, Nyasunda",knp,,kwan1276,"nyan1310, nyan1311, nyas1242"
Kwanga,"Apos, Bongos, Tau, Wasambu",kwj,,kwan1278,"apos1239, bong1290, tauu1239, wasa1246"
Kwang,"Aloa, Gaya (East Chadic), Kawalké, Mindéra, Mobou, Ngam (Chad), Nuclear Kwang, Tchagin",kvi,,kwan1285,"aloa1239, gaya1250, kawa1287, mind1262, mobo1238, ngam1281, nucl1675, tcha1244"
Kwanga-Mende,"Kwanga, Mende (Papua New Guinea)",,"kwj, sim",kwan1286,"kwan1278, mend1268"
Kwangali-Diriku,"Diriku-Shambyu, Kwangali",,"diu, kwn",kwan1288,"diri1252, kwan1273"
Kwandu,,xdo,,kwan1289,
Kwara'ae,,kwf,,kwar1239,
Kwasio,"Mabi, Mvumbo, Nuclear Kwasio",nmg,,kwas1243,"mabi1238, mvum1238, nucl1406"
Kwasio-Gyele,"Gyele, Kwasio",,"gyi, nmg",kwas1245,"gyel1242, kwas1243"
Kwato,,kop,,kwat1244,
Kwatay-Karon-Mlomp,"Karon-Mlomp, Kuwaataay",,cwt,kwat1245,"karo1293, kuwa1246"
Kwatl,,,,kwat1246,
Kwa Volta-Congo,"Ga-Dangme, Gbe, Ka-Togo, Na-Togo, Nyo",,,kwav1236,"gada1257, gbee1241, kato1245, nato1234, nyoa1234"
Kwaya,Ruri,kya,,kway1241,ruri1238
Kwaza,,xwa,,kwaz1243,
Kwegu,"Muguji, Yidinich",xwg,,kweg1241,"mugu1242, yidi1251"
Kwerba-Samarokena,"Kwerbaic, Samarokena-Airoran",,,kwer1240,"kwer1262, west1486"
Greater Kwerba,"Isirawa, Kwerba-Samarokena",,srl,kwer1242,"isir1237, kwer1240"
Kwere,,cwe,,kwer1261,
Kwerbaic,"Bagusa, Kauwera, Kwerba Mamberamo, Kwerba, Trimuris",,"bqb, xau, xwr, kwe, tip",kwer1262,"bagu1251, kauw1242, kwer1263, nucl1595, trim1239"
Kwerba Mamberamo,,xwr,,kwer1263,
Kwerisa,,kkb,,kwer1264,
Kwer,,kwr,,kwer1265,
Kwer-Kopkaka-Burumakok,"Kopkaka, Kwer-Burumakok",,opk,kwer1266,"kopk1238, kwer1267"
Kwer-Burumakok,"Burumakok, Kwer",,"aip, kwr",kwer1267,"buru1307, kwer1265"
Kwese,,kws,,kwes1244,
Kwesten,,kwt,,kwes1245,
!Ui,"Eastern !Ui, Ghaap-Kalahari, /Xam",,xam,kwii1241,"east2867, nuuu1241, xamm1241"
Kwilu-Ngounie,"Kasai-Ngounie, Yansi",,yns,kwil1238,"kasa1251, yans1239"
Kwini,,gww,,kwin1241,
Kwinsu,,kuc,,kwin1242,
Kwinti,,kww,,kwin1243,
Kwisi,,,,kwis1235,
Kwoma,,kmo,,kwom1262,
Kwomtari-Nai,"Nai, Kwomtari",,"bio, kwo",kwom1263,"naii1241, nucl1593"
Kwoma-Manambu Pidgin,,,,kwom1264,
Kxa,"Amkoe, Ju-Kung",,huc,kxaa1236,"hoaa1235, juku1256"
Kxoe-Ani,"//Ani, Kxoe",,"hnh, xuu",kxoe1242,"anii1246, kxoe1243"
Kxoe,"||Ani, Buga-Kxoe, Buma-Kxoe, Kxoedam, ||Xo-Kxoe, ||Xom-Kxoe",xuu,,kxoe1243,"anii1247, buga1248, buma1245, kxoe1244, xokx1238, xomk1238"
Kyak,,bka,,kyak1243,
Kyaka,,kyc,,kyak1244,
Kyenga-Shanga,"Kyenga, Shanga",,"tye, sho",kyen1241,"kyen1242, shan1282"
Kyenga,,tye,,kyen1242,
Kyenele,,kql,,kyen1243,
Kyerung,,kgy,,kyer1238,
Kyirong-Kagate,"Gyalsumdo-Nubri-Kyirong, Tsum, Yolmo-Kagate",,ttz,kyir1235,"gyal1235, tsum1240, yolm1234"
Láadan,,ldn,,laad1235,
Láá Láá Bwamu,,bwj,,laal1241,
Laal,"Laabe, Nuclear Laal",gdm,,laal1242,"laab1237, nucl1429"
Laali-Yaa,"Teke-Laali, Yaka (Congo)",,"lli, iyx",laal1244,"teke1277, yaka1274"
Laari,"Hangala, Laadi",ldi,,laar1238,"ghaa1238, laad1236"
Laba,,lau,,laba1241,
Label,,lbb,,labe1239,
Label-Bilur,"Bilur, Label",,"bxf, lbb",labe1241,"bilu1244, labe1239"
La'bi,,lbi,,labi1244,
Labir,,jku,,labi1245,
Labo Phowa,,ypb,,labo1243,
Ninde,,mwi,,labo1244,
Labu,,lbu,,labu1248,
Labuk-Kinabatangan Kadazan,"Labuk (Kadazan), Lamag Sungai, Mangkaak, Sukang",dtb,,labu1249,"labu1250, lama1280, mang1410, suka1245"
Lacandon,"Lacanjá, Najá",lac,,laca1243,"laca1244, naja1242"
Lachic,"Lachi, White Lachi",,"lbt, lwh",lach1247,"lach1248, whit1266"
Lachi,"Liputiõ, Lipupi",lbt,,lach1248,"lipu1241, lipu1242"
Lachixío Zapotec,,zpl,,lach1249,
Lachiguiri Zapotec,,zpa,,lach1250,
Lachirioag Zapotec,,ztc,,lach1251,
Western Archaic Tibetan,"Kenhatic, Shamskatic",,,lada1242,"kenh1234, sham1282"
Leh Ladakhi,,lbj,,lada1244,
Ladakhi Sign,,,,lada1245,
Ladin,"Ampezzano, Atesino, Badiotto, Cadorino, Fassano, Gardenese, Livinallese, Marebbano, Nones",lld,,ladi1250,"ampe1238, ates1238, badi1244, cado1235, fass1244, gard1241, livi1241, mare1258, none1236"
Ladino,"Haquetiya, Judezmo, Nuclear Ladino",lad,,ladi1251,"haqu1237, jude1254, nucl1268"
Ladogan,"East Ladoga, Ingrian, Karelian",,"izh, krl",lado1234,"east2796, ingr1248, kare1335"
Laeko-Libuat,,lkl,,laek1243,
Lafofa,"Jebel El Amira, Jebel Tekeim, Nuclear Lafofa",laf,,lafo1243,"jebe1248, jebe1249, nucl1340"
Laghuu-Core Muji,"Laghuu, Thopho-Core Muji",,lgh,lagh1244,"lagh1245, thop1235"
Laghuu,,lgh,,lagh1245,
Laghu,,lgb,,lagh1246,
Barupu Lagoon,"Bouni-Bobe, Uni, Bauni",,"suo, uni, bpe",lago1243,"boun1246, unii1234, wara1302"
Lagwan,"Affade, Logone-Gana, Logone-Birni",kot,,lagw1237,"affa1240, logo1273, logo1274"
Lahaulic,"Pattani, Tinani",,"lae, lbf",laha1249,"patt1248, tina1246"
Laha (Viet Nam),,lha,,laha1250,
Laha (Indonesia),,lhh,,laha1251,
Lahanan,,lhn,,laha1253,
Lahauli-Spiti,"Khunu-Töt, Spiti-Jad, Stod Bhoti",,"nes, sbu",laha1255,"bhot1235, spit1239, stod1241"
Greater Panjabic,"Eastern Panjabic, Hindko-Siraiki, Paharic, Western Panjabi",,pnb,lahn1241,"east2727, hind1274, paha1255, west2386"
Lahoid,"Kucong, Lahu Shi, Lahu",,"lkc, lhi, lhu",laho1234,"kuco1235, lahu1252, lahu1253"
Lahta Karen,,kvt,,laht1236,
Lahul Lohar,,lhl,,lahu1250,
Lahu Shi,,lhi,,lahu1252,
Lahu,"Lahu Phung, Na (Lahu), Nyi, Shehleh",lhu,,lahu1253,"lahu1254, naaa1244, nyii1239, sheh1238"
Lahu Shi (Retired),,kds,,lahu1255,
Lai Chin,"Falamic, Haka Chin",,cnh,laic1236,"fala1242, haka1240"
Laimbue,,lmx,,laim1240,
Lainongic,"Khiamniungic, Lainong Naga",,lzn,lain1234,"khia1238, lein1237"
Lairamlo,,,,lair1234,
Laitu Chin,,clj,,lait1239,
Laiyolo,"Barang-Barang, Nuclear Laiyolo",lji,,laiy1246,"bara1372, nucl1577"
Laka (Chad),"Bémour, Goula, Maïngao, Mang (Chad), Paï (Laka)",lap,,laka1254,"bemo1238, goul1238, main1274, mang1397, paii1251"
Lakalei,,lka,,laka1255,
Lakes Plain,"East Lakes Plain, Far West Lakes Plain, Tariku",,,lake1255,"east2500, farw1236, tari1255"
Lake Miwok,,lmw,,lake1258,
Lakha,,lkh,,lakh1240,
Laki,,lki,,laki1244,
Laki-Kurdish,"Kurdish, Laki",,"kur, lki",laki1246,"kurd1259, laki1244"
Lakkia-Biao,"Biaoic, Lakkia",,lbc,lakk1237,"biao1257, lakk1238"
Lakkia,,lbc,,lakk1238,
Lak,"Ashtikulin, Kumux, Vicxin, Vixlin",lbe,,lakk1252,"asht1245, kumu1246, vicx1238, vixl1238"
Lakota Dida,Vata,dic,,lako1244,vata1239
Lakon,,lkn,,lako1245,
Lakota,Brulé,lkt,,lako1247,brul1239
Lakondê,,lkd,,lako1248,
Lakuramau,,lxm,,laku1238,
Lala-Roba,"Ebode, Lala (Nigeria), Roba",lla,,lala1261,"ebod1238, lala1262, roba1240"
Lala-Bisa,"Ambo (Lala-Bisa), Bisa, Lala (Lala-Bisa), Luano, Swaka, Wulima",leb,,lala1264,"ambo1248, bisa1264, lala1265, luan1259, swak1238, wuli1243"
Lala,,nrz,,lala1268,
Lalana Chinantec,,cnl,,lala1270,
Lalo,"Eka, Greater Lalo, Southern Lalo, Yangliu",,,lalo1240,"ekaa1234, grea1292, sout3210, yang1304"
Laluba-Lavu,"Kuansi-Kuamasi-Sonaga, Lalo, Lavu-Yongsheng-Talu",,yta,lalu1234,"kuan1251, lalo1240, talu1238"
Lamalamic,"Coastal Lamalamic, Rimanggudhinma",,zmv,lama1273,"coas1321, mbar1253"
Lama (Togo),"Defale, Kadjala, Kande (Togo)",las,,lama1275,"defa1249, kadj1238, kand1295"
Lamaholot,"Ile Mandiri, East Lamaholot, Baipito, Lewolema-Waibalun, Lewolema, Waibalun, West Lamaholot, Lewolaga-Bama, Bama Lamaholot, Lewolaga, Tanjung Bunga, Ritaebang",slp,,lama1277,"nucl1534, east2807, baip1234, lewo1250, lewo1251, waib1246, west2542, lewo1248, bama1253, lewo1249, tanj1250, west2543"
Peripheral Lembata,"Kawela, Belang, Wuakerong, Lebatukan, Lamahora, Merdeka, South Coast Lembata, Lamalera, Mulan",lmr,,lama1278,"kawe1241, bela1261, wuak1234, leba1240, lama1300, merd1234, sout3267, lama1299, mula1255"
Lamatuka,,lmq,,lama1279,
Lamang-Hdi,"Hdi, Lamang, Vemgo-Mabas",,"xed, hia, vem",lama1287,"hdii1240, lama1288, vemg1240"
Lamang,"Central Laamang, Dlige, Hedkala, Waga, Ghudavan, North Laamang, Dzuba, Gwoza, Leghva, Zaladeva, Zalidva",hia,,lama1288,"cent2190, dlig1238, hedk1239, waga1267, ghud1238, nort3048, dzub1245, gwoz1239, legh1238, zala1252, zala1251"
Lama (Myanmar),,lay,,lama1289,
Lamam,,lmm,,lama1290,
Lamamic,"Kaco', Romam",,"xkk, rmx",lama1291,"kaco1239, roma1331"
Lamaholot Barat,"Alorese, Flores Lamaholot, Peripheral Lembata, North Lembata-Adonara",,"aol, lmr",lama1293,"alor1247, flor1242, lama1278, nort3216"
Lamaholot Tengah,"Southeast Lembata, West Lembata",,lmj,lama1294,"levu1240, west2541"
Lamaholot Timur,"Lamatuka, Lewo Eleng",,"lmq, lwe",lama1297,"lama1279, lewo1243"
Lambadi,"Andhra Pradesh Lamani, Karnataka Lamani, Maharashtra Lamani",lmn,,lamb1269,"andh1241, karn1250, maha1288"
Lamba,"Lima, Nuclear Lamba",lam,,lamb1271,"lima1247, nucl1384"
Lambya,,lai,,lamb1272,
Lamboya,,lmy,,lamb1273,
Lambayeque Quechua,"Cañaris, Incahuasi",quf,,lamb1276,"cana1261, inca1238"
Lambichhong,,lmh,,lamb1277,
Lamet,"Lower Lamet, Upper Lamet",lbn,,lame1256,"lowe1393, uppe1404"
Lame,"Gura, Mbaru, Ruhu",bma,,lame1257,"gura1253, mbar1255, ruhu1238"
Lamenu-Lewo,"Lamenu, Lewo",,"lmu, lww",lame1259,"lame1260, lewo1242"
Lamenu,,lmu,,lame1260,
Lameic,"Gyem, Shau",,"gye, sqh",lame1269,"gyem1238, shau1238"
Lamja-Dengsa-Tola,"Dengsa, Lamja, Tola",ldh,,lamj1245,"deng1251, lamj1246, tola1237"
Lamkang,,lmk,,lamk1238,
Western Pantar,"Biangwala, Kalondama, Tubal",lev,,lamm1241,"bian1250, kalo1261, tuba1277"
Lamnso',"Ngkat, Nso'",lns,,lamn1239,"ngka1238, nsoo1234"
Lamogai,"Ibanga, Lomogai, Musen, Paret, Pulie-Rauto",lmg,,lamo1244,"iban1265, lomo1241, muse1238, pare1269, puli1237"
Lamo,"gSerkhu, Lamei, Lamo-Dongba",,,lamo1245,"gser1234, lame1270, lamo1246"
Lampungic,"Lampung Nyo, Pesisir",,abl,lamp1241,"lamp1242, pesi1234"
Lampung Nyo,"Jabung, Kota Bumi, Menggala",abl,,lamp1242,"jabu1248, kota1277, meng1269"
Lampung Api,"Krui, Pubian, Southern Pesisir Lampung",ljp,"krq, pun",lamp1243,"krui1237, pubi1237, sout3392"
Lamalama,,lby,,lamu1254,
Lamu,,llh,,lamu1257,
Lanas Lobu,"Lobu, Rumanau",ruu,,lana1236,"lobu1241, ruma1251"
Landoma,Tiapi,ldm,,land1256,tiap1238
Land Dayak,"Benyadu-Bekati, Bidayuh-Southern Land Dayak",,,land1261,"beny1238, bida1239"
Land Dayak (Retired),,dyk,,land1262,
Langue des signes de Belgique Francophone,,sfb,,lang1248,
Langnian Buyang,,yln,,lang1316,
Langbashe,,lna,,lang1318,
Langi,"Haubi, Kolo, Kondoa, Mondo",lag,,lang1320,"haub1238, kolo1265, kond1298, mond1263"
Lango-Logire-Logir,"Imotong, Lango (South Sudan), Logir",lno,"imt, lgo, lqr",lang1322,"imot1234, lang1343, logi1239"
Lango-Kumam,"Kumam, Lango (Uganda)",,"kdi, laj",lang1323,"kuma1275, lang1324"
Lango (Uganda),,laj,,lang1324,
Pondi,,lnm,,lang1328,
Lang'e,,yne,,lang1333,
Languedocien,,lnc,,lang1334,
Langue des Signes Zairoise,,,,lang1335,
Langue des Signes de Bouakako,,,,lang1336,
Lanoh-Semnam-Temiar,"Lanoh-Semnam, Temiar",,tea,lano1244,"lano1246, temi1246"
Lanoh-Semnam,"Lanohic, Semnam",,ssm,lano1246,"lano1247, semn1250"
Lanohic,"Lanoh, Sabüm",,"lnh, sbo",lano1247,"lano1248, sabu1253"
Lanoh,,lnh,,lano1248,
Laomian,,lwm,,laom1237,
Lao Naga,,nlq,,laon1234,
Lao,"Lao-Khrang, Lao-Kao, Luang Prabang, Pakse, Savannakhet, Vientiane",lao,,laoo1244,"laok1241, laok1242, luan1257, paks1238, sava1243, vien1239"
Laopang,,lbg,,laop1234,
Laos Sign Language,,lso,,laos1235,
Lao-Thai,"Lao, Sakon Nakhon, Southern Thai, Thai",,"lao, sou, tha",laot1235,"laoo1244, sako1234, sout2746, thai1261"
Lapaguía-Guivini Zapotec,,ztl,,lapa1249,
Lapuyan Subanun,,laa,,lapu1236,
Laragia,,lrg,,lara1258,
Larantuka Malay,"Dili Malay, Konga Bay, Larantuka, Wure",lrt,,lara1260,"dili1234, kong1297, lara1262, wure1235"
Lardil,,lbz,,lard1243,
Larevat,,lrv,,lare1249,
Diandongbei-Large Flowery Miao,,hmd,,larg1235,
Larestani,"Bastak, Bixa, Evaz, Gerash, Xonj, Lari",lrl,,lari1253,"bast1244, bikh1237, evaz1237, gera1240, khon1246, nucl1274"
Larike-Wakasihu,"Allang, Larike, Wakasihu",alo,,lari1255,"alla1249, lari1256, waka1277"
Laru (North Sudan),"Nuclear Laro, Tunduli",lro,,laro1243,"nucl1448, tund1257"
Larteh,,lar,,lart1238,
Laru (Nigeria),,lan,,laru1238,
Lasalimu,,llm,,lasa1237,
Lasgerdi,,lsa,,lasg1238,
Lashi,,lsi,,lash1243,
Lasi,,lss,,lasi1242,
Lasi-Jadgali,"Jadgali, Lasi",,"jdg, lss",lasi1244,"jadg1238, lasi1242"
Late Bomokandian,"Kango (Bas-Uélé District), Ngelima, Pagabeteic",,"kty, agh",late1250,"kang1286, ngel1238, paga1238"
Late Old Tibetan,"Central Tibetan, Eastern Tibetic, Kham-Hor, Lahauli-Spiti, Southern Tibetic",,,late1253,"cent2346, east2771, kham1299, laha1255, sout3217"
Later Anglic,"Middle-Modern English, Scots",,sco,late1254,"merc1242, scot1243"
Late Palestinian Aramaic,"Christian Palestinian Aramaic, Jewish Palestinian Aramaic, Samaritan-Galilean Aramaic, Galilean Aramaic, Samaritan Aramaic",,jpa,late1255,"chri1239, pale1261, sama1316, gali1269, sama1314"
Latin,"Late Latin, Medieval Latin, Vulgar Latin",lat,,lati1261,"late1252, medi1250, vulg1234"
Latino-Faliscan,"Faliscan, Latinic",,xfa,lati1262,"fali1291, lati1263"
Latinic,"Imperial Latin, Old Latin",,qbb,lati1263,"impe1234, oldl1238"
Latu,,ltu,,latu1237,
Latundê,,ltn,,latu1238,
Latvian Sign Language,,lsl,,latv1245,
Latvian,"Curonian, East Latvian, Low Latvian, Standard Latvian, Tamian, Zemgalian",lav,"ltg, xzm",latv1249,"curo1234, east2282, lowl1274, stan1325, tami1283, zemg1234"
Lauan,"Lau Island, Vanua Balavu",llx,,laua1243,"lauu1248, vanu1243"
Laua,,luf,,laua1245,
Lauje,Ampibabo,law,,lauj1238,ampi1237
Laurentian,,lre,,laur1250,
Lautu,,clt,,laut1236,
Lau,"Dai (Lau), Nuclear Lau, Suafa",llu,,lauu1247,"daii1239, nucl1477, suaf1237"
Lavatbura-Lamusong,"Kontu, Lamusong, Lavatbura, Ugana",lbv,,lava1239,"kont1245, lamu1255, lava1240, ugan1242"
Laven,,lbo,,lave1248,
Brao,"Northern Brao, Northwestern Brao, Jrii, Kavet, Northeastern Brao, Hamong, Ka-nying, Ombaa, Southern Brao, Krung, Lun (Brao), Lowland Brao",brb,,lave1249,"nort3342, nort3343, jrii1235, kave1238, nort3344, hamo1235, kany1249, omba1245, sout3329, krun1240, lunb1239, pala1337"
Lavukaleve,,lvk,,lavu1241,
Lawa,"Eastern Lawa, Western Lawa",,"lwl, lcp",lawa1256,"east2330, west2396"
Lawangan,"Ajuh, Bakoi, Bantian, Banuwang, Bawu, Benua, Kali, Karau, Lawa (Lawangan), Lolang, Mantararen, Njumit, Pasir, Purai, Purung, Tuwang",lbx,,lawa1257,"ajuh1237, bako1253, bant1290, banu1239, bawu1237, benu1246, kali1303, kara1490, lawa1258, lola1251, mant1269, njum1237, pasi1257, pura1256, puru1263, tuwa1244"
Lawi,,lvi,,lawi1235,
Lawoish,"Lawu, Awu",,lwu,lawo1234,"lawu1238, sout2719"
Lawunuia,Amun,tgi,,lawu1237,amun1244
Lawu,,lwu,,lawu1238,
Layakha,,lya,,laya1253,
Laze,,,,laze1238,
Laz,"Eastern Laz, Chxala, Xopa, Vice-Arxava, Western Laz, Atina-Pazar, Samurzakan-Zugdidi",lzz,,lazz1240,"sena1260, chxa1238, xopa1238, vice1240, west2932, atin1240, samu1241"
Lealao Chinantec,,cle,,leal1235,
Lebonya,"Lengola, Bantu D33",,lej,lebo1246,"leng1258, nyal1255"
Lebu Wolof,,,,lebu1234,
Lechitic,"Kashubian, Polabian, Polish-Silesian",,"csb, pox",lech1241,"kash1274, pola1255, poli1262"
Leco,,lec,,leco1242,
Ledo Kaili,"Ado, Doi (Indonesia), Edo, Ija, Ledo, Rai (Ledo Kaili), Raio, Taa (Indonesia), Tado (Ledo Kaili), Tara",lew,,ledo1238,"adoo1237, doii1242, edoo1240, ijaa1237, ledo1237, raii1238, raio1237, taaa1243, tado1247, tara1318"
Leelau,,ldk,,leel1242,
Lefa,"Cama, Letia, Nuclear Lefa, Tingong",lfa,,lefa1242,"cama1249, leti1244, nucl1404, ting1251"
Lefa-Bafia,"Bafia, Lefa",,"ksf, lfa",lefa1243,"bafi1243, lefa1242"
Left May,"Western Left May, Owiniga",,owi,left1242,"nucl1244, owin1240"
Lega-Shabunda,"Kigala, Kigyoma, Kinyabanga, Kinyamunsange, Kisede, Liliga",lea,,lega1249,"kiga1238, kigy1238, kiny1242, kiny1243, kise1238, lili1248"
Lega-Mwenga,"Bilembo-Mango, Ibanda, Isopo, Iyoko, Lusenge, Mizulo",lgm,,lega1250,"bile1243, iban1262, isop1238, iyok1238, luse1251, mizu1238"
Lega,"Lega-Mwenga, Western Lega",,lgm,lega1253,"lega1250, west2869"
Legboic,"Legbo, Lenyima-Leyigha",,agb,legb1241,"legb1242, leny1239"
Legbo,,agb,,legb1242,
Legenyem,,lcc,,lege1241,
Lehar,,cae,,leha1242,
Lehali,,tql,,leha1243,
Lehalurup,,urr,,leha1244,
Lainong Naga,,lzn,,lein1237,
Leipon,,lek,,leip1237,
Leitre,,,,leit1234,
Lekaningic,"Kaningi, Mbere-Mbamba, Ndumu",,"kzo, mdt, nmd",leka1234,"kani1279, mber1257, ndum1239"
Sambaic,"Kolbila, Samba-Leko-Perema-Mumbake",,klc,leko1246,"kolb1240, samb1324"
Greater Manenguba,"Bafaw-Balong-Manenguba, Nkongho",,nkc,leko1248,"ngoe1239, nkon1247"
Lelak,"Dali (Lelak), Nuclear Lelak",llk,,lela1246,"dali1244, nucl1561"
Lelemic,"Lelemi-Akpafu, Likpe-Santrokofi",,,lele1262,"lele1263, likp1239"
Lelemi-Akpafu,"Lelemi, Siwu",,"lef, akp",lele1263,"lele1264, siwu1238"
Lelemi,,lef,,lele1264,
Lele (Democratic Republic of Congo),,lel,,lele1265,
Lele (Guinea),"Kassadou Lele, Kounte Lele, Tangalto Lele, Yombiro Lele",llc,,lele1266,"kass1249, koun1238, tang1346, yomb1246"
Lelepa,,lpa,,lele1267,
Lele (Papua New Guinea),Sabon,lle,,lele1270,sabo1241
Lele (Chad),,lln,,lele1276,
Lematang,,lmt,,lema1244,
Lembena,,leq,,lemb1266,
Lemerig,,lrz,,leme1238,
Lemerig-Veraa,"Lemerig, Vera'a",,"lrz, vra",leme1240,"leme1238, vera1241"
Lemio,,lei,,lemi1243,
Lemnian,,xle,,lemn1237,
Lemoro,,ldj,,lemo1242,
Lemolang,,ley,,lemo1243,
Lemoro-Sanga,"Lemoro, Sanga (Nigeria)",,"ldj, xsn",lemo1244,"lemo1242, sang1329"
Lenakel,"Ikyoo, Itonga, Loanatit, Nerauya",tnl,,lena1238,"ikyo1237, iton1249, loan1237, nera1237"
Lencan,"Lenca-Honduras, Lenca-Salvador",len,,lenc1239,"lenc1242, lenc1243"
Lenca-Honduras,,,,lenc1242,
Lenca-Salvador,,,,lenc1243,
Lendu,"Central Lendu, Pidha, Rrkphadha, Southern Lendu, Djadha, Tadha",led,,lend1245,"cent2349, pidh1238, rrkp1234, sout3289, djad1245, tadh1238"
Lenduic,"Bale, Ngiti",,niy,lend1246,"bale1255, ngit1239"
Lengola,,lej,,leng1258,
Lengo,"Aola, Ghaimuta, Nuclear Lengo, Paripao",lgr,,leng1259,"aola1237, ghai1237, nucl1472, pari1257"
Lengilu,"Binuang, Long Layu’, Long Padi, Long Mutan",lgi,,leng1260,"binu1246, long1423, long1424, long1425"
Lengua-Mascoy,"Eastern Enlhet-Enenlhet, Lengua",,,leng1261,"east2852, leng1262"
Lengua,"Enlhet Norte, Enxet Sur",,"enl, enx",leng1262,"nort2971, sout2989"
Linngithigh-Alngith,"Alngith, Linngithigh",,"aid, lnj",leni1237,"alng1239, leni1238"
Linngithigh,,lnj,,leni1238,
Greater Eastern Botatwe,"Central Eastern Botatwe, Soli",,sby,lenj1247,"cent2279, soli1239"
Lenje,"Nuclear Lenje, Twa",leh,,lenj1248,"nucl1383, twaa1238"
Lenkau,,ler,,lenk1247,
Len,,,,lenn1234,
Lenyima,,ldg,,leny1238,
Lenyima-Leyigha,"Lenyima, Leyigha",,"ldg, ayi",leny1239,"leny1238, leyi1238"
Lepcha,"Ilammu, Rengjongmu, Tamsangmu",lep,,lepc1244,"ilam1238, reng1254, tams1238"
Lepki,,lpe,,lepk1238,
Lepki-Murkim-Kembra,"Kembra, Lepki, Murkim",,"xkw, lpe, rmh",lepk1239,"kemb1250, lepk1238, murk1238"
Lepontic,,xlp,,lepo1240,
Leqic,"Chashan, Lashi",,lsi,leqi1234,"chas1234, lash1243"
Lere,"Gana (Nigeria), Si, Takaya",gnh,,lere1241,"gana1271, siii1238, taka1263"
Lese,"Arumbi, Fare, Lese Karo, Ndese, Vukutu",les,,lese1243,"arum1242, fare1242, lese1244, ndes1238, vuku1238"
Leseic,"Bendi, Efe, Lese, Mvuba",,"bct, efe, les, mxh",lese1245,"bend1260, efee1239, lese1243, mvub1239"
Lesing-Gelimi,"Gelimi, Lesing",let,,lesi1239,"geli1237, lesi1240"
Lesotho Sign Language,,,,leso1234,
Lesser Antillean French Creole,"Guadeloupe-Martinique Creole French, Saint Lucian Creole French",,"gcf, acf",less1242,"guad1242, sain1246"
Letemboi-Repanbitip,"Letemboi, Repanbitip",nms,rpn,lete1241,"lete1242, repa1237"
Leti (Cameroon),,leo,,leti1245,
Leti (Indonesia),,lti,,leti1246,
Levantine-Cypriot Arabic,"Cypriot Arabic, Levantine Arabic",,"acy, apc",leva1239,"cypr1248, nort3139"
Levantine-Iraqi Sign,"Iraqi Sign Language, Levantine Arabic Sign Language, Kurdish Sign Language",,jos,leva1240,"iraq1246, jord1238, kurd1260"
Central Lembata-Lewokukun,"Central Lembata, Kalikasa, Lewuka, Lewokukun",lvu,,levu1239,"cent2336, kali1300, nucl1535, lewo1247"
Southeast Lembata,"Central Lembata-Lewokukun, Eastern Atadei",,"lvu, lmf",levu1240,"levu1239, sout2896"
Lewo,"Mate-Nul-Filakara, Tasiko",lww,,lewo1242,"mate1259, tasi1237"
Lewo Eleng,,lwe,,lewo1243,
Lewotobi,,lwt,,lewo1244,
Leyigha,,ayi,,leyi1238,
Lezgian,"Akhty, Anykh, Garkin, Gjunej, Kiuri, Kubachi (Lezgian), Quba (Lezgian), Stal",lez,,lezg1247,"akht1238, anyx1238, gark1239, gjun1238, kiur1238, kuba1249, quba1246, stal1238"
Lezgic,"Archi, Samur",,aqc,lezg1248,"arch1244, nucl1321"
Lhokpu,,lhp,,lhok1238,
Lhomi,,lhm,,lhom1239,
Liabuku,,lix,,liab1237,
Liangmai Naga,,njn,,lian1251,
Lianshan Zhuang,,zln,,lian1252,
Liana-Seti,"Kobi, Seti (Indonesian), Wahakaim",ste,,lian1255,"kobi1242, seti1246, waha1237"
Lianmin Yao,,,,lian1256,
Lianghe Achang,,,,lian1258,
Lianshan-Liujiang,"Lianshan Zhuang, Liujiang Zhuang",,"zln, zlj",lian1261,"lian1252, liuj1238"
Kru Pidgin English,,lir,,libe1240,
Liberia Kpelle,,xpe,,libe1247,
Libinza Fleuve,"Mabaale, Ndobo",,"mmz, ndw",libi1242,"maba1270, ndob1238"
Libinza,"Boniange, Kutu (Libinza), Monia",liz,,libi1244,"boni1238, kutu1265, moni1259"
Libido,,liq,,libi1250,
Libinzic,"Libinza Fleuve, Libinza Ngiri",,,libi1251,"libi1242, libi1252"
Libinza Ngiri,"Libinza, Balobo, Litoka",,"liz, lie",libi1252,"libi1244, liki1240, lito1235"
Libyan Sign Language,,lbs,,liby1235,
Libyan Arabic,"Eastern Libyan Arabic, Southern Libyan Arabic, Tripolitanian Arabic, Western Egyptian Bedawi Arabic",ayl,,liby1240,"east2691, sout3116, trip1239, west2774"
Ligbi,"Atumfuor, Bungase, Dwera, Gyogo, Hwela, Ntoleh",lig,,ligb1244,"atum1238, bung1267, dwer1238, gyog1238, hwel1241, ntol1238"
Ligenza,"Benza, Bokoy, Bolupi, Elowa",lgz,,lige1238,"benz1238, boko1262, bolu1241, elow1238"
Light Warlpiri,,,,ligh1234,
Ligurian,"Genoese, Monégasque",lij,,ligu1248,"geno1240, mone1238"
Lihir,,lih,,lihi1237,
Lijili,,mgi,,liji1238,
Liko,"Likó, Liliká, Lilikó",lik,,lika1243,"liko1248, lili1249, lili1250"
Balobo,,lie,,liki1240,
Liki,,lio,,liki1241,
Likouala-Sangha,"Bwamba-Ngondi-Pande-Mbati-Aka, Dibole, Impfondoic, Mikaya-Bambengangale-Baluma, Mokiba-Ngando",,bvx,liko1251,"bwam1249, dibo1245, impf1234, mika1256, moki1244"
Likpe-Santrokofi,"Sekpele, Selee",,"lip, snw",likp1239,"sekp1241, sele1249"
Likuba,,kxx,,liku1242,
Likum,,lib,,liku1243,
Likum-Levei,"Khehek, Likum",,"tlx, lib",liku1245,"kheh1237, liku1243"
Likwala,,kwc,,likw1239,
Likwala-Likuba,"Likuba, Likwala",,"kxx, kwc",likw1240,"liku1242, likw1239"
Lilau,,lll,,lila1246,
Lillooet,"Lower Lillooet, Upper Lillooet",lil,,lill1248,"lowe1456, uppe1477"
Limassa,,bme,,lima1246,
Limburgan,"Getelands, Nordniederfränkisch, Kleverländisch, Ostbergisch, Ost-Limburgisch, Südniederfränkisch, Südost-Limburgisch, West-Limburgisch, Zentral-Limburgisch",lim,,limb1263,"gete1234, nord1242, klev1234, ostb1234, ostl1234, sudn1234, sudo1235, west2917, zent1234"
Limbu,"Chattare, Panthare, Phedappe, Taplejunge",lif,,limb1266,"chat1267, pant1253, phed1238, tapl1238"
Limba,"East Limba, West-Central Limba",,"lma, lia",limb1267,"east2387, west2450"
Limbum,"Tang, Wat, Wiyeh",lmp,,limb1268,"tang1345, watt1238, wiye1238"
Limilngan-Wulna,"Limilngan, Wulna",,"lmc, wux",limi1242,"nucl1327, wuln1239"
Limi,,ylm,,limi1243,
Limos Kalinga,,kmk,,limo1248,
Limonese Creole,,qlm,,limo1249,
Limousin,,lms,,limo1250,
Tado-Lindu,"Linduan, Tado",klw,,lind1248,"lind1249, tado1246"
Mediterranean Lingua Franca,,pml,,ling1242,
Lingaayat,,,,ling1261,
Western Ong-Be,"Huangtong, Jialai, Lincheng, Maniao, Meiliang, Qiaotou, Xinying",onb,,ling1262,"huan1254, jial1234, linc1241, mani1307, meil1234, qiao1234, xiny1235"
Kinshasa Lingala,,lin,,ling1263,
Neverver,,lgk,,ling1265,
Lingua Franca Nova,,lfn,,ling1267,
Lingkhim,,lii,,ling1268,
Lingala-Bangala,"Bangala, Kinshasa Lingala, Northwestern Lingala",,"bxg, lin",ling1269,"bang1353, ling1263, nort3345"
Lingao,"Western Ong-Be, Eastern Ong-Be",,onb,ling1270,"ling1262, qion1238"
Língua de sinais Fortalezinha,,,,ling1271,
Língua de sinais de Caiçara,,,,ling1272,
Língua de sinais do Uiramutã,,,,ling1273,
Li'o,"Eastern Li'o, Western Li'o",ljl,,lioo1240,"east2840, west2925"
Lipan Apache,,apl,,lipa1241,
Lipo,,lpo,,lipo1242,
Lipo-Lolopo,"Lipo-Micha, Lolopo, Unclassified Lipo-Lolopo",,ycl,lipo1243,"lipo1244, lolo1259, unun9959"
Lipo-Micha,"Lipo, Miqie",,"lpo, yiq",lipo1244,"lipo1242, miqi1235"
Lisabata-Nuniali,"Kawa, Lisabata-Timur, Nuniali, Sukaraja",lcs,,lisa1239,"kawa1278, lisa1240, nuni1252, suka1244"
Lisela,"Nuclear Lisela, Tagalisa",lcl,,lise1239,"nucl1526, taga1267"
Khispi,,lsh,,lish1235,
Lishanid Noshan,"Eastern cluster Lishanid Noshan, Northeastern Lishanid Noshan, Rustaqa, Rwanduz, Southeastern Lishanid Noshan, Koy Sanjaq, Qaladze, Ranye, Shaqlawa, Western cluster Lishanid Noshan, Arbel, Dobe",aij,,lish1245,"east2682, nort3097, rust1238, rwan1245, sout3076, koys1241, qala1238, rany1242, shaq1238, west2766, arbe1239, dobe1242"
Lishán Didán,"Northern Cluster Lishán Didán, Anatolia, Salmas, Southern Cluster Lishán Didán, Mahabad, Naghada, Ushno",trg,,lish1246,"nort3098, anat1252, salm1240, sout3077, maha1304, nagh1238, ushn1238"
Lishana Deni,"Amadiya Jewish Neo-Aramaic, Atrush Jewish Neo-Aramaic, Barashe Jewish Neo-Aramaic, Bétanure Jewish Neo-Aramaic, Challa Jewish Neo-Aramaic, Cizre Jewish Neo-Aramaic, Dohuk Jewish Neo-Aramaic, Nerwa Jewish Neo-Aramaic, Shukho Jewish Neo-Aramaic, Zakho (Lishana Deni)",lsd,,lish1247,"amad1244, atru1243, bara1398, beta1257, chal1276, cizr1234, dohu1239, nerw1238, shuk1240, zakh1247"
Lisoid,"Lipo-Lolopo, Nuclear Lisoid, Unclassified Lisoid",,,liso1234,"lipo1243, nucl1734, unun9958"
Lisu,"Ninglang-Dechang Lisu, Dechang, Ninglang, Central Lisu, Southern Lisu, Northern Lisu",lis,,lisu1250,"blac1267, dech1234, ning1281, hual1240, lush1248, nort3298"
Lisu-Laluba-Lavu,"Laluba-Lavu, Lisu",,lis,lisu1252,"lalu1234, lisu1250"
Classical Chinese,,lzh,,lite1248,
Lithuanian Sign Language,,lls,,lith1236,
Lithuanian,"Aukshtaitish, Dzukish, East Aukštaitian, Suvalkietiskai, Old Lithuanian, Samogitian, North Samogitian, South Samogitian, West Samogitian",lit,"olt, sgs",lith1251,"auks1239, dzuk1239, east2281, suva1238, oldl1240, samo1265, nort2613, sout2619, west2347"
Litoka,,,,lito1235,
Naman,,lzl,,litz1237,
Liujiang Zhuang,,zlj,,liuj1238,
Liuqian Zhuang,,zlq,,liuq1235,
Livvi,,olo,,livv1243,
Liv,"Salaca Livonian, Courland Livonian",liv,,livv1244,"east2326, west1760"
Lizu,"Kala Lizu, Mianning Lizu, Naiqu Lizu",,,lizu1234,"lisu1245, mian1258, naiq1234"
Loange-Atlantic,"KLC Extended, Kwilu-Ngounie",,,loan1238,"klce1234, kwil1238"
Loarki,,lrk,,loar1234,
Lobala,"Poko, South Lobala, Tanda (Lobala)",loq,,loba1239,"poko1262, sout2817, tand1252"
Lobalic,"Boko (Democratic Republic of Congo), Lobala",,"bkp, loq",loba1240,"boko1263, loba1239"
Lobi,Gongon Lobi,lob,,lobi1245,gong1254
Lobiri-Jaane,"Dyan, Lobi",,"dya, lob",lobi1246,"dyan1251, lobi1245"
Lodhi,,lbm,,lodh1246,
Ikpana,,lgq,,logb1245,
Logooli,,rag,,logo1258,
Logo,"Bari (Logo), Bhagira, Doka (Congo), Lolya, Obilebha, Ogambi",log,,logo1259,"bari1282, bhag1238, doka1243, loly1238, obil1238, ogam1238"
Logorik,"Liguri, Saburi, Tallau",liu,,logo1261,"ligu1250, sabu1254, tall1245"
Logol,,lof,,logo1262,
Logudorese Sardinian,"Barbaricino, Northern Logudorese, Nuorese, Southwestern Logudorese",src,,logu1236,"barb1262, nort2610, nuor1238, sout2614"
Lohorung-Yamphu,"Lohorung, Yamphuic",,lbr,loho1238,"nort2727, yamp1244"
Loja Highland Quichua,,qvj,,loja1235,
Lojban,,jbo,,lojb1234,
Lokaa,"Nkpam, Ugep",yaz,,loka1252,"nkpa1238, ugep1238"
Lokoic,"Lokaa, Lubila-Lokaa",,yaz,loko1252,"loka1252, lubi1239"
Lokoya,,lky,,loko1254,
Loko,"Buya (Loko), Gbendembu, Koya (Mande), Laia, Libisegahun, Magbiambo, Nagbanmba, Ngoahu, Ribbi, Sanda",lok,,loko1255,"buya1246, gben1242, koya1250, laia1241, libi1245, magb1238, nagb1238, ngoa1238, ribb1238, sand1272"
Lola,"Nuclear Lola, Warabal",lcd,,lola1248,"nucl1524, wara1297"
Lolak,,llq,,lola1250,
Lole,"Ba'a, North Lole, South Lole",llg,,lole1239,"baaa1237, nort2870, sout2899"
Lolopo,"Nanhua Lolopho, Shuangbo Lolopho, Yao'an Lolopho",ycl,,lolo1259,"nanh1240, shua1253, yaoa1238"
Lolo,,llb,,lolo1261,
Loloda-Laba,Bakun,loa,,lolo1264,baku1264
Lolo-Burmese,"Burmish, Loloish, Mondzish, Ugong, Unclassified Lolo-Burmese",,ugo,lolo1265,"burm1266, lolo1267, mond1269, ugon1239, unun9953"
Loloish,"Hani-Jino, Lahoid, Ni-Li-Kazhouish, Nusoish, Pholo",,yip,lolo1267,"hani1249, laho1234, nili1235, nuso1234, phol1235"
Lomavren,,rmi,,loma1235,
Loma (Côte d'Ivoire),,loi,,loma1258,
Loma,"Loma (Liberia), Toma",,"lom, tod",loma1259,"loma1260, toma1245"
Loma (Liberia),"Buluyiema, Gbunde, Liberian Gizima, Wubomai, Ziema",lom,,loma1260,"bulu1252, bund1255, gizi1238, wubo1238, ziem1238"
Lomaiviti,,lmv,,loma1261,
Lombi,,lmi,,lomb1254,
Lombard,"Alpine Lombard, Bergamasco, Eastern Lombard, Insubric, Latin Anaunico, Latin Fiamazzo, Mantovano, Milanese, Novarese Lombard, Ticinese, Trentino Western, Western Lombard",lmo,,lomb1257,"alpi1238, berg1241, east2276, insu1250, lati1259, lati1260, mant1264, mila1243, nova1239, tici1238, tren1240, west2343"
Lombo,,loo,,lomb1260,
Lomongo,"Mongo, Ngando-Lalia",,"lol, nxd",lomo1242,"mong1338, ngan1302"
Mozambique Lomwe,,ngl,,lomw1241,
Lomweic,"Mozambique Lomwe, Malawi Lomwe",,"ngl, lon",lomw1242,"lomw1241, mala1256"
Loncong,,lce,,lonc1237,
Long Phuri Naga,,lpn,,long1375,
Longto,,wok,,long1387,
Longuda,"Nya Ceriya, Nya Dele, Nya Guyuwa, Nya Gwanda, Nya Tariya",lnu,,long1389,"nyac1238, nyad1240, nyag1244, nyag1245, nyat1244"
Longgu,,lgu,,long1395,
Western Lowland Kenyah,"Long Labid, Lugat, Nuclear Long Wat",ttw,,long1406,"long1407, luga1238, nucl1560"
Longjia,,,,long1417,
Longjia-Luren,"Longjia, Luren",,,long1422,"long1417, lure1234"
Loniu,,los,,loni1238,
Lonwolwol,,crc,,lonw1238,
Loo,,ldo,,looo1238,
Lopa,,lop,,lopa1238,
Lopit,"Northern Lopit, Dorik, Ngabori, Southern Lopit, Lohutok, Lolongo, Lomiaha, Ngutira",lpx,,lopi1242,"nort3400, dori1249, ngab1240, sout3377, lohu1234, lolo1268, lomi1238, ngut1234"
Lopi,,lov,,lopi1243,
Lopit-Dongotono,"Dongotonic, Lopit",,lpx,lopi1244,"dong1301, lopi1242"
Lorang,,lrn,,lora1237,
Peruvian Amazonian Spanish,,spq,,lore1243,
Nethalp,,lnn,,lore1244,
Lori,"Jur Modo, Nyamusa-Molo",,"bex, nwm",lori1239,"jurm1239, nyam1279"
Lote,,uvl,,lote1237,
Lotha Naga,"Kyon, Kyong, Kyo, Kyou, Live, Ndreng, Tsontsu",njh,,loth1237,"kyon1245, kyon1246, kyoo1238, kyou1238, live1239, ndre1238, tson1248"
Lo-Toga,,lht,,loto1240,
Lotuxo-Maa,"Lotuxo, Ongamo-Maa",,,lotu1248,"lotu1249, onga1238"
Lotuxo,"Lango-Logire-Logir, Lopit-Dongotono, Lotuko-Lokoya",,lno,lotu1249,"lang1322, lopi1244, lotu1251"
Lotud,,dtr,,lotu1250,
Lotuko-Lokoya,"Lokoya, Otuho",,"lky, lot",lotu1251,"loko1254, otuh1238"
Louisiana Creole French,,lou,,loui1240,
Loun,,lox,,loun1239,
Nipmuck,,xlo,,loup1243,
Lou-Paluai,"Paluai, Lou",,"blq, loj",loup1244,"balu1257, louu1245"
Loup B,,xlb,,loup1245,
Lou,Rei,loj,,louu1245,reii1237
Loven-Suq,"Laven, Sou",,"lbo, sqq",love1237,"lave1248, souu1238"
Lowa,"Baragaunle, Upper Mustang",loy,,lowa1242,"bara1356, uppe1408"
Lower Sorbian,"Eastern Lower Sorbian, Muskau, Schleife, Western Lower Sorbian",dsb,,lowe1385,"east2906, musk1257, schl1238, west3008"
Lower Silesian,"Gebirgsschlesische, Mittelschlesische, Neiderländische, Nordostböhmische, Old Zipser, Südostschlesische, Westschlesische",sli,,lowe1388,"gebi1242, mitt1254, neid1234, nord1234, oldz1234, sudo1234, west2896"
Lower Ta'oih,"Hantong', Tong (Laos)",tto,,lowe1395,"hant1239, tong1309"
Lower Murray,"Lower Riverland, Upper Riverland, Yaraldi-Keramin-Yitha",,,lowe1401,"lowe1402, uppe1415, yara1253"
Lower Riverland,,,,lowe1402,
Lower Darling-Lower Lachlan,"Dadi Dadi, Yitha Yitha",,"dda, xth",lowe1403,"dadi1251, yith1234"
Lower-Nosop,"Auni, Ki|hazi, Xatia",nsb,,lowe1407,"auni1244, kiha1240, xati1238"
Lower Mamberamo,"Warembori, Yoke-Pauwi",,wsa,lowe1409,"ware1253, yoke1239"
Lower Markham,"Busu, Labu, Wampar",,"lbu, lbq",lowe1411,"busu1245, labu1248, wamp1247"
Tanudan Kalinga,"Minangali, Pinangol, Tinaloctoc",kml,,lowe1412,"mina1271, pina1250, tina1249"
Lower Grand Valley Dani,"Lower Grand Valley Hitigima, Lower Kimbin, Lower Bele, Upper Bele, Upper Pyramid",dni,,lowe1415,"lowe1416, lowe1417, lowe1418, uppe1431, uppe1432"
Lower Sepik,"Angoram, Chambri, Karawarian, Nor",,"aog, can",lowe1423,"ango1255, cham1313, kara1498, norr1244"
Lower Tanana,"Chena (Lower Tanana), Minto-Tolovana-Toklat-Nenana-Wood River, Salcha-Goodpastor",taa,,lowe1425,"chen1270, mint1240, salc1239"
Lower Chehalis,,cea,,lowe1427,
Lower Southern Aranda,,axl,,lowe1436,
Lower Chinookan,"Creolized Grand Ronde Chinook Jargon, Clatsop-Shoalwater Chinook",,"chn, chh",lowe1438,"chin1272, chin1286"
Lower Ramu,"Ruboni, Ottilien",,,lowe1439,"kire1239, wagg1235"
Lower Guinea Portuguese,"Bantu Layer Lower Guinea Portuguese, Principense",,pre,lowe1440,"bant1299, prin1242"
Lower Pokomo,,poj,,lowe1441,
Lower Richmond,"Bandjalang, Njangbal, Wiyabal",,,lowe1444,"band1358, njan1241, wiya1239"
Lower Minjim,"Coastal Minjim, Inland Minjim",,,lowe1462,"coas1332, inla1274"
Low German,"Greater East Low German, West Low German",,,lowg1239,"east2291, west2357"
Sierra Totonacan,"Coyutla Totonac, Highland Totonac",,"toc, tos",lowl1244,"coyu1235, high1243"
Lowland Ok,"Division A Lowland Ok, Ninggerum",,nxr,lowl1259,"divi1234, ning1274"
Lowland Oaxaca Chontal,,clo,,lowl1260,
Lowland Mixe,"Coatlán Mixe, Isthmus Mixe, Mazatlán Mixe",,"mco, mir, mzl",lowl1263,"coat1238, isth1238, maza1292"
Western Tarahumara,"Guazapar, Urique Tarahumara, Uruachi Tarahumara",tac,,lowl1265,"guaz1234, uriq1234, urua1246"
Lowland East Cushitic,"Saho-Afar, Southern Lowland East Cushitic",,,lowl1267,"saho1245, sout3055"
Lowland-Midland-South Highland Mixe,"Lowland-Midland Mixe, Tlahuitoltepec Mixe",,mxp,lowl1268,"lowl1269, tlah1239"
Lowland-Midland Mixe,"Lowland Mixe, Midland Mixe",,,lowl1269,"lowl1263, midl1241"
Lowland Kenyah,"Eastern Lowland Kenyah, Western Lowland Kenyah-Penan",,whk,lowl1270,"waha1238, west2875"
Lowland-Sierra Totonacan,"Sierra Totonacan, Papantla Totonac",,top,lowl1271,"lowl1244, papa1238"
Lowland Murut,"Bookan, Keningau Murut, Timugon Murut",,"bnb, kxi, tih",lowl1273,"book1241, keni1249, timu1262"
Loxicha Zapotec,"Candelaria Loxicha Zapotec, San Agustín Loxicha Zapotec",ztp,,loxi1235,"cand1249, sana1285"
Loyalty Islands,"Dehu, Iaai, Nengone",,"dhv, iai, nen",loya1239,"dehu1237, iaai1238, neng1238"
Lozi,,loz,,lozi1239,
LSFic,"Algerian Sign Language, ASLic, Brazilian Sign Language, Central European Sign, Dutch-Belgian Sign, French Sign Language, Greek Sign Language, Irish Sign Language, Italian Sign, Mexican Sign Language, Swiss-French Sign Language, West Scandinavian Sign, Yugoslav Sign",,"asp, bzs, fsl, gss, isg, mfs, ssr",lsfi1234,"alge1235, asli1244, braz1236, cent2306, dutc1259, fren1243, gree1271, iris1235, ital1288, mexi1237, swis1241, west2993, yugo1239"
Lua',,prb,,luaa1235,
Luangic-Kisaric,"Kisaric, Luangic",,,luan1261,"kisa1265, luan1262"
Luangic,"Leti (Indonesia), Luang",,"lti, lex",luan1262,"leti1246, luan1263"
Luang,"Nuclear Luang, Lakor, Luang island, Moa, Sermata, Wetan",lex,,luan1263,"nucl1536, lako1246, luan1264, moaa1237, serm1234, weta1243"
Luba-Lulua,"Baluba, Bena Lulua",lua,,luba1249,"balu1255, bena1263"
Luba-Katanga,,lub,,luba1250,
Luban,"Enya-Kindu, Luba-Kaonde, Mbagani-Lwalwa, Nkoya",,nka,luba1253,"enya1249, luba1254, mbag1239, nkoy1244"
Luba-Kaonde,"Kaonde-Shaba-Sanga, Lubaic, Songe, Zula",,"sop, zla",luba1254,"kaon1242, luba1255, song1303, zula1235"
Lubaic,"Bangubangu-Kasai, Kanyok",,kny,luba1255,"bang1371, kany1247"
Lubila,,kcc,,lubi1238,
Lubila-Lokaa,"Lubila, Nkukoli",,"kcc, nbo",lubi1239,"lubi1238, nkuk1238"
Lubu,,lcf,,lubu1241,
Lubuagan Kalinga,"Ableg-Salegseg, Balatok-Kalinga, Balbalasang, Guinaang, Lubuagan",knb,,lubu1243,"able1237, bala1309, balb1237, guin1255, lubu1244"
Luchazi,,lch,,luch1239,
Lucumi,,luq,,lucu1238,
Lucumi-Yoruba,"Lucumi, Yoruba",,"luq, yor",lucu1239,"lucu1238, yoru1245"
Ludian,"Central Ludic, Northern Ludic, Southern Ludic",lud,,ludi1246,"cent2364, nort3347, sout3332"
Sipsongpannic,"Lü, Yong",,"khb, yno",luey1235,"luuu1242, yong1277"
Lufu,,ldq,,lufu1237,
Lugbara,"Abedju-Azaki, Aluru, Arua, Lu (Uganda), Maracha, Nio, Otsho, Terego, Zaki",lgg,,lugb1240,"abed1238, alur1249, arua1259, luuu1243, mara1394, nioo1239, otsh1238, tere1275, zaki1238"
Luguru,,ruf,,lugu1238,
Luhu-Piru,"Batu Merah, Kelang, Nuclear Luhu",lcq,,luhu1243,"batu1259, kela1256, nucl1532"
Lui,,lba,,luia1234,
Luimbi,,lum,,luim1238,
Luiseno-Juaneño,"Juaneño, Luiseño",lui,,luis1253,"juan1251, luis1254"
Lukpa,,dop,,lukp1238,
Lule,,ule,,lule1238,
Lule Saami,,smj,,lule1254,
Lule-Pite Saami,"Lule Saami, Pite Saami",,"smj, sje",lule1256,"lule1254, pite1240"
Lumbee,,lmz,,lumb1237,
Lumbu,,lup,,lumb1249,
Lumba-Yakkha,,luu,,lumb1250,
Lumbuic,"Lumbu-Bwisi, Ngubi-Sangu-Sira-Punu",,,lumb1251,"lumb1252, ngub1240"
Lumbu-Bwisi,"Bwisi, Lumbu",,"bwz, lup",lumb1252,"bwis1242, lumb1249"
Lumun,,lmd,,lumu1239,
Lumun-Torona,"Lumun, Torona",,"lmd, tqr",lumu1240,"lumu1239, toro1251"
Lunanakha,,luk,,luna1243,
Luna,,luj,,luna1244,
Lunda,"Humbu, Kawiku, Kosa, Lunda Kalunda, Lunda Ndembu, Lunda Kambove, Ndembu",lun,,lund1266,"humb1242, kawi1240, kosa1248, lund1267, lund1268, lund1269, ndem1248"
Lundayeh,"Abai, Adang (Lundayeh), Balait, Kolur, Lepu Potong (Lundayeh), Lun Bawang, Lun Daye, Lun Dayah, Padas, Pa Kembaloh, Trusan",lnd,,lund1271,"abai1239, adan1250, bala1312, kolu1246, lepu1239, lunb1237, lund1272, lund1273, pada1261, pake1237, trus1237"
Lundu-Balong (A.10),"Bonkeng, Greater Manenguba",,bvg,lund1274,"bonk1243, leko1248"
Lunda-Ruund-Kete,"Lunda, Ruund-Kete",,lun,lund1275,"lund1266, ruun1240"
Dir-Nyamzak-Mbarimi,"Baram, Dir, Langas",nzr,,lund1276,"bara1394, dirr1240, lang1332"
Lungga,,lga,,lung1249,
Luo (Cameroon),,luw,,luoc1235,
Luo (Kenya and Tanzania),,luo,,luok1236,
Luopohe Hmong,,hml,,luop1235,
Luren,,,,lure1234,
Luric,"Bakhtiari-Southern Lori, Northern Luri",,lrc,luri1252,"bakh1252, nort2645"
Luri,,ldd,,luri1256,
Luric-Dezfulic,"Dezfuli-Shushtari, Luric",,def,luri1257,"dezf1238, luri1252"
Lusengo,"Bumwangi, Busu Djanga, Empesa Poko, Esumbu, Iliku, Kangana, Kumba (Democratic Republic of Congo), Kunda (Democratic Republic of Congo), Limpesa, Lipoto, Lusengo Poto, Mongo (Lusengo), Mongala Poto, Ngundi (DRC)",lse,,luse1252,"bumw1238, busu1243, empe1239, esum1242, ilik1238, kang1287, kumb1272, kund1256, limp1238, lipo1239, luse1253, mong1336, mong1337, ngun1271"
Mizo,"Fannai, Le, Lusei, Ngente, Ralte (Lushai), Tlau",lus,,lush1249,"fann1238, leee1238, mizo1245, ngen1250, ralt1243, tlau1238"
Lushootseed-Puget,"Northern Lushootseed, Southern Puget Sound Salish",,"lut, slh",lush1251,"lush1252, sout2965"
Northern Lushootseed,"Skagit, Snohomish",lut,"ska, sno",lush1252,"skag1239, snoh1241"
Dokshi,,dsk,,lush1256,
Lusitanian,,xls,,lusi1235,
Lusi,Kaliai,khl,,lusi1240,kali1299
Luso-Asian Creole,"Macanese, Malacca-Batavia Portuguese Creole, Timor Pidgin",,"mzs, mcm, tvy",luso1234,"maca1262, mala1533, timo1258"
Lutos,"Konga, Nduka, Nuclear Lutos, Wada (Central Sudanic)",ndy,,luto1241,"kong1291, nduk1240, nucl1423, wada1261"
Lü,"Lue, Shanic Lue, Tai Long",khb,thi,luuu1242,"luee1235, shan1298, tail1247"
Luvale,,lue,,luva1239,
Luvic,"Luvian, Lyco-Carian, Unclassified Luvic",,,luvi1234,"luvi1235, lyco1238, uncl1514"
Luvian,"Cuneiform Luwian, Hieroglyphic Luwian",,"xlu, hlu",luvi1235,"cune1239, hier1240"
Luvo-Lydian,"Luvo-Palaic, Lydian",,xld,luvo1234,"luvo1235, lydi1241"
Luvo-Palaic,"Luvic, Palaic",,plq,luvo1235,"luvi1234, pala1331"
Luwati,,luv,,luwa1238,
Luwo,,lwo,,luwo1239,
Luwo-Thuri,"Luwo, Thuri",,"lwo, thu",luwo1240,"luwo1239, thur1255"
Moselle Franconian,"East Moselle Franconian, Saarlouis-Koblenz, Westerwäldisch, Hessian, Nordhessisch, Osthessisch, Zentralhessisch, West Moselle Franconian, Luxemburgic, Thionville-Merzig, Luxemburgish, Saarburg-Prüm, Transylvanian Saxon, Trierish",ltz,,luxe1241,"east2818, saar1238, west2892, hess1238, nord1243, osth1234, zent1235, west2891, luxe1244, lorr1243, luxe1243, saar1239, tran1294, trie1244"
Luxi Achang,,,,luxi1238,
Luyi,"Kwandi, Kwangwa, Mbumi, Mdundulu, Mishulundu",lyn,,luya1241,"kwan1274, kwan1275, mbum1255, mdun1238, mish1242"
Luyia,"Idakho-Isukha-Tiriki, Saamia-Wanga-Bukusu",,ida,luyi1234,"idak1243, saam1284"
Lwalu,,lwa,,lwal1238,
Lwel,,lvl,,lwel1234,
Lweric,"Dingic, Lwel",,lvl,lwer1234,"ding1244, lwel1234"
Lwoo,"Northern Lwoo, Southern Lwoo",,,lwoo1234,"nort2814, sout2831"
Lycian A,,xlc,,lyci1241,
Lyco-Carian,"Lyco-Sidetic, Milyan-Carian",,,lyco1238,"lyco1239, mily1239"
Lyco-Sidetic,"Lycian A, Sidetic",,"xlc, xsd",lyco1239,"lyci1241, side1240"
Lydian,,xld,,lydi1241,
Lyélé,"Central Lyélé, Kandéré, Northern Lyélé, Southern Lyélé",lee,,lyel1241,"cent2025, kand1294, nort2783, sout2794"
Lyngngamic,"India Lyngam, Bangladesh Lyngam",,"lyg, mef",lyng1240,"lyng1241, mega1243"
India Lyngam,,lyg,,lyng1241,
Lyons Sign Language,,lsg,,lyon1239,
Maa,,cma,,maaa1253,
Maaka,,mew,,maak1236,
Ma'anyan,"Dusun Balangan, Samihim, Sihong",mhy,,maan1238,"dusu1270, sami1248, siho1237"
Maang,,,,maan1239,
Maanyan-Paku,"Ma'anyan, Paku",,"mhy, pku",maan1240,"maan1238, paku1239"
Maasina Fulfulde,"Eastern Macina, Western Macina",ffm,,maas1239,"east2389, west2453"
Maay,Af-Helledi,ymm,,maay1238,afhe1238
Mabaale,"Banza, Bembe (Mabaale), Lipanja, Lobo, Mbinga",mmz,,maba1270,"banz1241, bemb1259, lipa1240, lobo1240, mbin1238"
Southern Burun,"Jumjum, Mabaan",,"jum, mfz",maba1272,"jumj1238, maba1273"
Mabaan,"Bwonyin, Twok, Ulu (Dar Funj)",mfz,,maba1273,"bwon1234, twok1234, ulud1239"
Maban,"Mabang, Mimi-Nachtigal",,,maba1274,"maba1275, mimi1241"
Mabang,"Maba-Masalit, Runga-Kibet",,,maba1275,"maba1276, rung1257"
Maba-Masalit,"Macro-Masalit, Macro-Maba",,,maba1276,"masa1301, nucl1441"
Maba (Chad),"Abkar, Dondongo, Kajanga, Kelingan, Kodoo, Kujinga, Malanga, Mandala, Mandaba, Nyabadan, Ouled Djemma",mde,,maba1277,"abka1238, dond1248, kaja1248, keli1249, kodo1238, kuji1238, mala1389, mand1428, mand1429, nyab1256, oule1238"
Maba (Indonesia),,mqa,,maba1278,
Mabaka Valley Kalinga,,kkg,,maba1279,
Mabenaro,,,,mabe1235,
Mabire,,muj,,mabi1242,
Mabuso,"Gum, Hanseman, Kare (Papua New Guinea), Kokon",,kmf,mabu1247,"gumm1240, hans1243, kare1341, koko1271"
Hitnu,"Macaguane del Cuiloto, Macaguane del Colorado",mbn,,maca1259,"maca1265, maca1266"
Maca,,mca,,maca1260,
Macaguaje,,mcl,,maca1261,
Macanese,,mzs,,maca1262,
Macao Pidgin Portuguese,,,,maca1264,
Macedonian,"Northern Macedonian, Eastern Northern Macedonian, Kratovo, Kriva Palanka, Kumanovo, Ovce Pole, Western Northern Macedonian, Gora (Serbian-Macedonian), Skopska Crna Gora, Tetovo, Eastern and Southern Macedonian, Eastern Macedonian, Southwestern Macedonian, Southeastern Macedonian, Western Macedonian, Central Western Macedonian, Western and Northwestern Macedonian",mkd,,mace1250,"nort2595, east2819, krat1234, kriv1234, kuma1283, ovce1234, west2893, gora1268, skop1234, teto1234, sout2601, east2820, sout3277, sout3278, west2336, cent2341, west2894"
Macedo-Bulgarian,"Bulgarian, Macedonian",,"bul, mkd",mace1252,"bulg1262, mace1250"
Machinga,,mvw,,mach1265,
Machame,"Bosho, Hai (Tanzania), Masama, Ng'uni, Siha",jmc,,mach1266,"bosh1240, haii1242, masa1296, ngun1268, siha1242"
Machiguenga,,mcb,,mach1267,
Machinere,,mpd,,mach1268,
Machili,"Subiya, Totela",,"sbs, ttl",mach1269,"subi1246, tote1238"
Macleay-New England,"Dyangadi, Nganyaywana",,"dyn, nyx",macl1239,"dyan1250, ngan1296"
Maco-Piaroa,"Maco, Piaroa",,"wpc, pid",maco1238,"maco1239, piar1243"
Maco,,wpc,,maco1239,
Macro-Yaeyama,"Yaeyama, Yonaguni",,"rys, yoi",macr1267,"yaey1239, yona1241"
Macro-Tani,"Koro-Holon, Tani",,,macr1268,"koro1317, tani1259"
Macro-Oriya,"Kotia-Adivasi Oriya-Desiya, Bodo Parja, Kupia, Odia, Reli, Sambalpuri",,"ort, bdv, key, ory, rei, spv",macr1269,"adiv1239, bodo1266, kupi1238, oriy1255, reli1238, samb1325"
Macro-Dutch,"Middle-Modern Dutch, Old Dutch-Old Frankish",,odt,macr1270,"midd1347, oldd1237"
Macro-English,"Guinea Coast Creole English, Pacific Creole English, Pitcairn-Norfolk, English",,"pih, eng",macr1271,"guin1259, paci1280, pitc1234, stan1293"
Macro-Portuguese,"Brazil-Portugal Portuguese, Indo-Portuguesic, Lower Guinea Portuguese, Luso-Asian Creole, Upper Guinea Portuguese",,,macr1272,"braz1247, indo1327, lowe1440, luso1234, uppe1458"
Macro-French,"Circum-Caribbean French, Global French, Isle-de-France Creole, Réunion Creole French, Tayo",,"rcf, cks",macr1273,"circ1240, glob1239, isle1246, reun1238, tayo1238"
Macro-Carolinian,"Carolinian, Murilo-Fanapanges, Namonuito",,"cal, nmt",macr1274,"caro1242, muri1261, namo1247"
Macro-Bai,"Baic, Ta-Li",,,macr1275,"baic1239, tali1265"
Macrocoatecano,"Amatecano, Coatecas Altas Zapotec, Coatecano",,zca,macr1276,"amat1239, coat1244, coat1245"
Macuni,,,,macu1258,
Macushi,,mbc,,macu1259,
Macuna,,myy,,macu1260,
Macushi Sign Language,,,,macu1262,
Madagascar Sign Language,,mzc,,mada1271,
Mada (Nigeria),"Akwanga, Ancho, Anjagwa, Buhar, Gbugyar, Ningo (Mada), Nunku, Rija, Shugbu, Ungwar Zaria",mda,,mada1282,"akwa1249, anch1240, anja1239, buha1234, gbug1239, ning1282, nunk1238, rija1234, shug1256, ungw1234"
Madak linkage,"Barok, Lavatbura-Lamusong, Madak",,"bjk, lbv, mmx",mada1284,"baro1253, lava1239, mada1285"
Madak,"Danu (Papua New Guinea), Katingan (Papua New Guinea), Lelet, Malom, Mesi",mmx,,mada1285,"danu1250, kati1275, lele1268, malo1244, mesi1243"
Mada (Cameroon),,mxu,,mada1293,
Madang,"Croisilles, Kalamic-South Adelbert, Rai Coast",,,mada1298,"croi1234, kala1403, raic1241"
Madang (Malaysia),,mqd,,mada1299,
Ma (Democratic Republic of Congo),,msj,,made1252,
Salawati,"Butlih, Fiawat, Kawit, Rajau, Tepin, Wailil",xmx,,made1253,"butl1236, fiaw1234, kawa1277, raja1259, tepi1242, wail1246"
Ma'di,"Adjumani, Burulo, Lokai, Moyo, Pandikeri",mhi,,madi1260,"adju1239, buru1300, loka1255, moyo1239, pand1265"
Madi (Papua New Guinea),,grg,,madi1261,
Madi-Madiha,"Madi, Madiha",,jaa,madi1262,"jama1261, madi1263"
Madiha,"Culina, Deni",,"cul, dny",madi1263,"culi1244, deni1241"
Madngele,,zml,,madn1237,
Madre de Dios Pano,"Arazaire, Atsahuaca",,atc,madr1238,"araz1236, atsa1242"
Maduresic,"Kangean, Madurese",,"kkv, mad",madu1247,"kang1289, nucl1460"
Madukayang Kalinga,,kmd,,madu1248,
Tirax,North Small Nambas,mme,,maee1241,nort2837
Maeng Itneg,,itt,,maen1235,
Maeng-Northern Kankanay,"Maeng Itneg, Northern Kankanay",,"itt, xnn",maen1236,"maen1235, nort2877"
Maewo,"Baetora, Central Maewo, Sunwadia",,"btr, mwo, mrb",maew1234,"baet1237, cent2058, mari1426"
Mafa,"Central Mafa, Koza, Ldamtsai, Mokola, Mokolo, Ouzal, East Mafa, Roua, Soulede, Nuclear Mafa, West Mafa, Magoumaz, Mavoumay",maf,,mafa1239,"cent2189, koza1239, ldam1238, moko1255, moko1256, ouza1238, east2648, roua1238, soul1242, nucl1678, west2706, mago1253, mavo1238"
Mafea,,mkv,,mafe1237,
Mafea-Tutuba,"Mafea, Tutuba",,"mkv, tmi",mafe1238,"mafe1237, tutu1241"
Magahi,"Central Magahi, Northern Magahi, Southern Magahi",mag,,maga1260,"cent1981, nort2657, sout2662"
Magar,"Eastern Magar, Western Magar",,"mgp, mrd",maga1261,"east2352, west2418"
Mag-Anchi Ayta,,sgb,,maga1263,
Southern Binukidnon,,mtw,,maga1264,
Mag-Ayta,"Mag-Anchi Ayta, Mag-Indi Ayta",,"sgb, blx",maga1270,"maga1263, magi1241"
Magati,,,,maga1271,
Magajingari Sign Language,,,,maga1273,
Magdalena Peñasco Mixtec,"San Agustín Tlacotepec, San Cristóbal Amoltepec Mixtec, San Miguel Achiutla Mixtec, San Mateo Peñasco Mixtec, Santo Domingo Heundío Mixtec",xtm,,magd1235,"sana1284, sanc1244, sanm1292, sanm1293, sant1440"
Magdalenic,"Northern Magdalenic, Southern Magdalenic",,,magd1236,"nort3000, sout3015"
Mághdì,,gmd,,magh1238,
Mag-Indi Ayta,,blx,,magi1241,
Magiana,,,,magi1242,
Magi,,gkd,,magi1243,
Magiyi,,gmg,,magi1244,
Magoma,,gmx,,mago1246,
Magoric,"Bina (Papua New Guinea), Magori, Yoba",,"bmn, zgr, yob",mago1247,"bina1271, mago1248, yoba1237"
Magori,,zgr,,mago1248,
Maguindanao,"Biwangan, Ilud, Laya, Sibugay, Tagakawanan",mdh,,magu1243,"biwa1242, ilud1237, laya1254, sibu1252, taga1271"
Mahasu Pahari,"Lower Mahasu Pahari, Baghati, Baghliani, Kiunthali, Upper Mahasu Pahari, Outer Siraji, Rampuri, Rohruri, Shimla Siraji, Sodochi",bfz,,maha1287,"lowe1245, bagh1249, bagh1250, kiun1241, uppe1403, oute1246, ramp1242, rohr1238, shim1249, sodo1238"
Mahali,,mjx,,maha1291,
Maharastri Prakrit,,pmh,,maha1305,
Mahakiranti,"Kham-Magar-Chepang, Kiranti, Newaric",,,maha1306,"kham1285, kira1253, newa1245"
Mahakam Kenyah,,xkm,,maha1308,
Mahafaly-Antanalana Malagasy,"Antanalana, Mahafaly",,,maha1309,"anta1262, maha1311"
Mahei,,mja,,mahe1238,
Mahican,"Eastern Mahican, Western Mahican",mjy,,mahi1248,"stoc1240, west3003"
Mahigi,,,,mahi1249,
Mahican-Woronoco-Pojassick,"Loup B, Mahican",,"xlb, mjy",mahi1250,"loup1245, mahi1248"
Mahongwe,,mhb,,maho1248,
Mahou,"Baralaka, Finanga, Koroka, Mahouka, Tenenga",mxx,,maho1249,"bara1364, fina1241, koro1307, maho1250, tene1247"
Maiadomu,,mzz,,maia1251,
Maiani,,tnh,,maia1253,
Maia,"Pila, Saki",sks,,maia1254,"pila1246, saki1249"
Maybrat-Karon,"Karon Dori, Maimaka, Maisawiet, Maisefa, Maite, Maiyah",ayz,kgw,maib1239,"karo1303, maim1251, mais1251, mais1252, mait1252, maiy1240"
Maiduan,"Nisenan, Northwest Maidu, Northeast Maidu, Valley Maidu",,"nsz, mjd, nmu, vmv",maid1262,"nise1244, nort2951, nort2952, vall1252"
Maii,,mmm,,maii1238,
Mailu,"Asiaoro, Baibara, Borebo, Darava, Derebai, Domara, Geagea, Ilai, Island",mgu,,mail1248,"asia1264, baib1249, bore1246, dara1252, dere1243, doma1262, geag1239, ilai1239, isla1273"
Mailuan,"Bauwakic, Binaharic, Domu, Laua, Mailu, Morawa",,"dof, luf, mgu, mze",mail1249,"bauw1241, bina1273, domu1245, laua1245, mail1248, mora1273"
Ostfränkisch,"Ansbacher-Neustädter-Coburger Franconian, Lower East Franconian, Henneberg Franconian, Mid-North Lower East Franconian, Southwest Lower East Franconian, Würzburger Franconian, Upper East Franconian, Hof-Bayreuther, Nailaer, Obermain, Regnitz, Vogtlandish",vmf,,main1267,"ansb1234, lowe1447, henn1234, midn1241, sout3297, wurz1234, uppe1466, hofb1234, nail1234, ober1244, regn1234, vogt1234"
Maindo,,cwb,,main1272,
Usun Apau Kenyah,"Lepo' Kulit, Uma Bem, Uma Jalam, Uma Tau",xkl,,main1275,"lepo1241, umab1239, umaj1239, umat1246"
Mainline Pano,"Cashibo-Cacataibo, Kaxararí, Pano Nawa",,"cbr, ktx",main1279,"cash1251, kaxa1239, pano1257"
Mainland Eastern Saami,"Akkala Saami, Inari Saami, Kemi Saami, Skolt Saami",,"sia, smn, sjk, sms",main1280,"akka1237, inar1241, kemi1239, skol1241"
Main-Gwamhi,"Gwamhi-Wuri, Ut-Main",,"bga, gel",main1281,"gwam1244, kagf1238"
Mainland North Halmaheran,"Galela-Loloda, Kao River, Tabaru, Tobelo-Tugutil",,tby,main1282,"gale1261, kaor1242, taba1263, tobe1251"
Mainstream Lowland East Cushitic,"Oromoid, Omo-Tana",,,main1283,"nucl1701, omot1245"
Mainland New Caledonian,"Northern New Caledonian, Southern New Caledonian",,,main1286,"nort3325, sout3313"
Maipure-Avane,"Avane, Maipure",,bvv,maip1247,"bani1254, maip1246"
Mairasic,"Mer, Mairasi, Semimi",,"mnu, zrs, etz",mair1253,"merr1239, nucl1594, semi1264"
Maisin,"Kosirava, Coastal Maisin",mbq,,mais1250,"kosi1238, nucl1499"
Maithili,"Bajjika, Bantar, Barei, Barmeli, Central Colloquial Maithili, Dehati, Eastern Maithili, Jolaha, Kawar, Kyabrat, Makrana, Musar (Maithili), Sadri (Maithili), Southern Standard Maithili, Standard Maithili, Tati (Maithili), Western Maithili",mai,vjk,mait1250,"bajj1234, bant1278, bare1271, barm1243, cent1982, deha1238, east2315, jola1259, kawa1274, kyab1238, makr1244, musa1262, sadr1247, sout2663, stan1301, tati1242, west2380"
Magadhan,"Angika, Bhojpuric, Magahi, Maithili, Sadanic",,"anp, mag, mai",mait1254,"angi1238, bhoj1246, maga1260, mait1250, sada1243"
Maiwala,,mum,,maiw1249,
Maiwa (Indonesia),,wmm,,maiw1250,
Maiwa (Papua New Guinea),"Gairen, Gwareta, Maiwa, Manigara, Oren",mti,,maiw1251,"gair1238, gwar1241, maiw1252, mani1298, oren1238"
Majang,,mpe,,maja1242,
Majera,"Hwalem, Kajire-'dulo, Nuclear Majera",xmj,,maje1243,"hwal1242, kaji1238, nucl1687"
Majhwar,,mmj,,majh1236,
Majhi,,mjz,,majh1253,
Mak-Ai-Cham,"Ai-Cham, Mak (China)",,"aih, mkg",maka1300,"aich1238, makc1235"
Makaa,"Bebent, Mbwaanz, Sekunda",mcp,,maka1304,"bebe1249, mbwa1238, seku1238"
Makassar Malay,,mfp,,maka1305,
Makassaric,"Konjo, Nuclear Makassaric, Selayar",,sly,maka1310,"konj1250, nucl1727, sela1260"
Makasar,"Gowa, Maros-Pangkep, Turatea",mak,,maka1311,"gowa1239, maro1245, tura1262"
Makayam,Giribam,aup,,maka1315,giri1244
Makasae-Makalero,"Makasai, Maklere",mkz,mjb,maka1316,"maka1317, makl1245"
Makah,,myh,,maka1318,
Makaa-Njem (A.80),"Bomwali, Mpoic, Western A80, Yambe",,bmw,maka1323,"bomw1238, mpoi1234, west2967, yamb1255"
Makaaic,"North-Central Makaaic, Southern Makaaic",,,maka1324,"nort3375, sout3352"
Makah-Nitinat,"Ditidaht, Makah",,"dtd, myh",maka1326,"diti1235, maka1318"
Makaa-Kako (A.80-90),"Kako, Kwakum, Makaa-Njem (A.80), Pol, Pomo-Kweso",,"kkj, kwu, pmm",maka1327,"kako1242, kwak1266, maka1323, pomo1271, pomo1276"
Mak (China),"Chi, Ching, Hwa, Lyo, Mak",mkg,,makc1235,"chii1238, chin1463, hwaa1238, lyoo1238, makk1244"
Makhuwa-Shirima,,vmk,,makh1260,
Makhuwa-Meetto,Medo,mgh,,makh1261,medo1241
Makhuwa-Marrevone,"Makhuwana, Naharra, Nampamela",xmc,,makh1262,"makh1263, naha1263, namp1238"
Makhuwa,"Central Makua, Empamela, Emwaja, Enaharra, Enlai, Enyara",vmw,,makh1264,"cent2033, empa1240, emwa1238, enah1238, enla1242, enya1245"
Makhuwa-Moniga,,mhm,,makh1265,
Makhuwa-Saka,"Rati, Saaka",xsq,,makh1266,"rati1238, saka1284"
Maklew,,mgf,,makl1246,
Mak (Nigeria),"Panya, Zo",pbl,,makn1235,"pany1242, zooo1239"
Makolkol,,zmh,,mako1250,
Makonde,"Maraba, Matambwe, Maviha, Vadonde, Vamakonde, Vamwambe, Vamwalu",kde,wtb,mako1251,"mara1389, mata1313, mavi1238, vado1243, vama1242, vamw1241, vamw1242"
Makonde-Makwe,"Makonde, Makwe",,"kde, ymk",mako1254,"mako1251, makw1236"
Mak-Tal,"Mághdì, Mak (Nigeria)",,"gmd, pbl",makt1234,"magh1238, makn1235"
Máku,,xak,,maku1246,
North Mozambique Bantu,"Chuwaboic, Kokola, Koti, Maindo, Makua-Lomwe, Manyawa, Nathembo",,"kzn, eko, cwb, mny, nte",maku1247,"chuw1239, koko1267, koti1238, main1272, maku1279, many1259, nath1238"
Makuric,"Long Phuri Naga, Makuri Naga",,"lpn, jmn",maku1272,"long1375, maku1273"
Makuri Naga,,jmn,,maku1273,
Maku'a,,lva,,maku1277,
Makuráp,,mpu,,maku1278,
Makua-Lomwe,"Lomweic, Makhuwa-Shirima, Makhuwa-Meetto, Makhuwa-Marrevone, Makhuwa, Makhuwa-Moniga, Makhuwa-Saka",,"vmk, mgh, xmc, vmw, mhm, xsq",maku1279,"lomw1242, makh1260, makh1261, makh1262, makh1264, makh1265, makh1266"
Makwe,"Coastal Makwe, Interior Makwe",ymk,,makw1236,"coas1292, inte1257"
Makyam-Kuku Naga,"Kuku Naga, Makyam Naga",umn,,maky1235,"kuku1288, maky1236"
Malawi Lomwe,,lon,,mala1256,
Malaysian Sign Language,,xml,,mala1412,
Malakhel,,mld,,mala1431,
Malali,,,,mala1432,
Mala Malasar,,ima,,mala1457,
Malasar,,ymr,,mala1458,
Malankuravan,Malayadiars,mjo,,mala1459,mala1460
Malavedan,"Vetan, Vettuvan",mjr,,mala1463,"veta1237, vett1239"
Malayalam,"Central Kerala, Jewish Malayalam, Kayavar, Malabar, Moplah, Nagari-Malayalam, Namboodiri, Nasrani, Nayar, North Kerala, Nuclear Malayalam, Pulaya, South Kerala",mal,,mala1464,"cent1998, jewi1241, kaya1314, mala1465, mopl1237, naga1395, namb1289, nasr1237, naya1237, nort2700, nucl1303, pula1261, sout2708"
Malaryan,,mjq,,mala1466,
Malapandaram,,mjp,,mala1468,
Mala (Nigeria),,ruy,,mala1471,
Malawi Sena,,swk,,mala1475,
Central Malay,"Deli Malay, Jambi Pesisir, Johor Malay, Kuala Lumpur Malay, Melayu Ulu Kapuas, Melaka Malay, Riau Malay, Riau Sea Tribe Cluster Malay, Sambas Malay, Sarawak Malay, Sedentary Belitung Malay, Selangor Malay, Siak Malay",zlm,,mala1479,"deli1235, jamb1237, joho1234, kual1254, mela1260, mela1261, riau1234, riau1235, samb1326, sara1351, sede1248, sela1263, siak1239"
Malayic Dayak,"Arut, Banana', Beginci, Belantikan, Delang, Gerai, Kayung, Lamandau, Mentebah-Suruk, Riam, Semitau, Suhaid, Sukamara, Tapitn",xdy,"ebc, gef",mala1480,"arut1243, bana1286, begi1237, bela1257, dela1250, gera1241, kayu1242, lama1276, ment1247, riam1237, semi1262, suha1237, suka1243, tapi1252"
Manado Malay,,xmm,,mala1481,
Malaccan Creole Malay,,ccm,,mala1482,
Malango,,mln,,mala1484,
Longgu-Malaita-Makira,"Longgu, Malaita-Makira",,lgu,mala1485,"long1395, mala1540"
Malasanga,"Nuclear Malasanga, Singorokai",mqz,,mala1487,"nucl1509, sing1268"
Malalamai,,mmt,,mala1489,
Mala (Papua New Guinea),,ped,,mala1494,
Manep,,mkr,,mala1495,
Malayo,,mbp,,mala1522,
Malacca-Batavia Portuguese Creole,,mcm,,mala1533,
Malaweg,,,,mala1534,
Malagasic,"North-Central Malagasic, Southwestern Malagasic",,,mala1537,"nort3196, sout3174"
Malayic,"Duano, Haji, Ibanic, Malayic Dayak, Nuclear Malayic, Old Malay, Western Malayic Dayak",,"dup, hji, xdy",mala1538,"duan1242, haji1235, iban1263, mala1480, nucl1806, oldm1243, west2821"
Malakula,"Eastern Malakula linkage, Northern Malakula, Western Malakula linkage",,,mala1539,"east2753, nort3223, west2871"
Malaita-Makira,"Malaita, Sa'a, Makira",,apb,mala1540,"mala1542, saaa1240, sanc1243"
Malayalamoid,"Allar, Aranadan, Kadar, Kalanadic, Kanikkaran, Kurichiya, Malankuravan, Malavedan, Malayalam, Malaryan, Mullu Kurumba, Ravulic, Thachanadan, Ullatan, Vishavan, Wayanad Chetti",,"all, aaf, kej, kev, kfh, mjo, mjr, mal, mjq, kpb, thn, ull, vis, ctt",mala1541,"alla1247, aran1261, kada1242, kala1406, kani1275, kuri1256, mala1459, mala1463, mala1464, mala1466, mull1244, ravu1238, thac1235, ulla1237, vish1243, waya1264"
Malaita,"Central-Northern Malaita, Southern Malaita",,,mala1542,"nort2833, sout3198"
Malabar-Sri Lanka Portuguese,,,,mala1544,
Malayo-Polynesian,"Aru, Ati, Bali-Sasak-Sumbawa, Basap-Greater Barito, Batanic, Bilic, Bima-Lembata, Celebic, Central Luzon, Chamorro, Eastern Malayo-Polynesian, Enggano, Greater Central Philippine, Greater Seram Laut, Javanesic, Kalamian, Lampungic, Land Dayak, Maduresic, Malayo-Chamic, Minahasan, Moken-Moklen, Nasal, Northwest Sumatra-Barrier Islands, North Mangyan, Northern Luzon, North Borneo Malayo-Polynesian, Nunusaku, Palauan, Rejang, Sangiric, South Sulawesi, Sundanese, Tanimbar-Bomberai, Timor-Babar, Tolitoli, West Central Maluku, Central Timor",,"atk, cha, eno, nsy, pau, rej, sun",mala1545,"aruu1241, atii1237, bali1277, basa1291, bata1315, bili1253, bima1248, cele1242, cent2080, cham1312, east2712, engg1245, grea1284, grea1302, java1253, kala1389, lamp1241, land1261, madu1247, mala1554, mina1272, moke1241, nasa1239, nort2829, nort2873, nort3238, nort3253, nunu1252, pala1344, reja1240, sang1335, sout2923, sund1252, tani1260, timo1265, toli1244, west2817, west2945"
Malay (individual language),,mly,,mala1546,
Malay-based pidgin,Broome Pearling Lugger Pidgin,,bpl,mala1547,broo1238
Malaysian Sign,"Indonesian Sign, Malaysian Sign Language, Selangor Sign Language",,"xml, kgi",mala1548,"indo1333, mala1412, sela1253"
Malawian Sign Language,,lws,,mala1549,
Malasa-Eravallan,"Eravallan, Malasar",,"era, ymr",mala1550,"erav1242, mala1458"
Malayo-Chamic,"Aceh-Chamic, Malayic",,,mala1554,"cham1327, mala1538"
Malba Birifor,"Northern Birifor, Wile",bfo,,malb1235,"biri1258, wile1238"
Maleng,"Bo-Maleng, Kha Phong, Malieng",pkt,bgl,male1282,"bola1249, khap1242, mali1278"
Male (Ethiopia),,mdy,,male1284,
Maleu-Kilenge,"Kilenge, Maleu",mgl,,male1289,"kile1242, male1290"
Male (Papua New Guinea),,mdc,,male1291,
Malecite-Passamaquoddy,"Malecite, Passamaquoddy",pqm,,male1292,"male1293, pass1249"
Maléku Jaíka,,gut,,male1297,
Na'ahai,Orierh,mlx,,malf1237,orie1237
Malgana,,vml,,malg1242,
Malgbe,"Douguia, Dro, Goulfey, Mara (Malgbe), Nuclear Malgbe, Walia (Malgbe)",mxf,,malg1250,"doug1242, droo1238, goul1242, mara1413, nucl1688, wali1273"
Malgwa,,,,malg1251,
Malibu,,,,mali1242,
Malila,,mgq,,mali1279,
Malimba,,mzd,,mali1280,
Malimpung,,mli,,mali1283,
Mali,,gcc,,mali1284,
Malinaltepec Me'phaa,"Huizapula-Zapotitlán Tablas, Malinaltepec, Zilacayotitlán",tcf,,mali1285,"huiz1244, mali1286, zila1239"
Maligo,,mwj,,mali1287,
Malinguat,,sic,,mali1288,
Mal,,mlf,,mall1246,
Tamambo,"Ataripoe, Avunatari",mla,,malo1243,"atar1237, avun1237"
Malol,,mbk,,malo1245,
Mar Paharia of Dumka,,mkb,,malp1246,
Maltese Sign Language,,mdl,,malt1238,
Malto,"Kumarbhag Paharia, Sauria Paharia",,"kmj, mjt",malt1248,"kuma1274, saur1249"
Maltese,"Gozo, Port Maltese, Rural West Maltese, Rural Central Maltese, Rural East Maltese, Standard Maltese, Zurrieq",mlt,,malt1254,"gozo1238, port1290, rura1249, rura1250, rura1251, stan1322, zurr1238"
Malta-Tunisian Arabic,"Maltese, Tunisian Arabic",,"mlt, aeb",malt1259,"malt1254, tuni1259"
Malua-Tepërav,"Espiegle's Bay, Malua Bay",mll,,malu1245,"espi1235, malu1254"
Maluwawaru,"Mambwe-Lungu, Nyamwanga, Rungwa, Wanda",,"mgr, mwn, rnw, wbh",malu1251,"mamb1296, nyam1275, rung1255, wand1264"
Malungu-Central Sabi,"Bwile, Central Sabi, Taabwa",,"bwc, tap",malu1252,"bwil1245, cent2321, taab1238"
Malvi,"Bachadi, Bhoyari, Dholewari, Hoshangabad, Jamral, Katiyai, Malvi Proper, Patvi, Rajawadi, Rangari (Malvi), Rangri, Sondhwadi, Ujjaini, Umadwadi",mup,,malv1243,"bach1242, bhoy1241, dhol1238, hosh1238, jamr1238, kati1271, malv1244, patv1238, raja1250, rang1262, rang1263, sond1249, ujja1238, umad1240"
Mamara Senoufo,"Bàjii, Kle Noehmõ, Koloo, Kujaa, Mìjuu, Nafãã, Nejuu, Sõghoo, Suõõ",myk,,mama1271,"baji1239, klen1239, kolo1264, kuja1240, miju1244, nafa1257, neju1238, sogh1238, suoo1238"
Mama,,mma,,mama1272,
Mamanwa,,mmn,,mama1275,
Mamasa,"Central Mamasa, Northern Mamasa, Pattae'",mqj,,mama1276,"cent2102, nort2896, patt1250"
Mamaa,,mhf,,mama1277,
Mamaindé,,wmd,,mama1278,
Mambai,,mcs,,mamb1294,
Mambwe-Lungu,"Mambwe, Rungu",mgr,,mamb1296,"mamb1297, rung1256"
Mamboru,,mvd,,mamb1305,
Mambae,"Damata, Lolei, Mambai (East Timor), Manua",mgm,,mamb1306,"dama1271, lole1240, mamb1307, manu1259"
Mambiloid,"Ndoola, Nizaa-Mambila-Vute",,ndr,mamb1309,"ndoo1241, niza1234"
Mambila-Vute,"Mambila-Mbongno, Vutic",,,mamb1310,"mamb1311, vuti1235"
Mambila-Mbongno,"Mambila, Mbongno-Mvano",,,mamb1311,"mamb1312, mbon1254"
Mambila,"Eastern Mambila, Western Mambila, Njerup",,mzk,mamb1312,"east2806, nige1255, njer1241"
"Mam, Central",,mvc,,mamc1234,
Mamean,"Mam, Tektiteko",,"mam, ttc",mame1240,"mamm1241, tekt1235"
Mamfe,"Kendem-Denya, Kenyang",,ken,mamf1238,"kend1255, keny1279"
Mam,,mam,,mamm1241,
Mampruli,"Eastern Mampruli, Western Mampruli",maw,,mamp1244,"east2395, west2462"
Mampruli-Dagbani,"Dagbani, Mampruli",,"dag, maw",mamp1246,"dagb1246, mamp1244"
"Mam, Southern",,mms,,mams1234,
"Mam, Tajumulco",,mpf,,mamt1234,
"Mam, Todos Santos Cuchumatán",,mvj,,mamt1235,
Mamusi,"Melkoi, Nuclear Mamusi",kdf,,mamu1254,"melk1241, nucl1511"
Mamuju,"Nuclear Mamuju, Padang, Sinyonyoi, Sumare-Rangas",mqx,,mamu1255,"nucl1567, pada1262, siny1244, suma1267"
Mamusa-Mengen,"Mamusi, Mengen",,"kdf, mee",mamu1256,"mamu1254, meng1267"
Mamvu,"Amengi, Nuclear Mamvu",mdi,,mamv1243,"amen1243, nucl1421"
Manangkari,,znk,,mana1248,
Manangba-Nar-Phu,"Manange, Nar Phu",,"nmm, npa",mana1287,"mana1288, narp1239"
Manange,Prakaa,nmm,,mana1288,prak1243
Manamic linkage,"Bam-Manam, Kis-Wogeo, Medebur",,mjm,mana1294,"bamm1241, kisw1234, mede1237"
Manam,Wanami,mva,,mana1295,wana1266
Manambu,,mle,,mana1298,
Manao,,,,mana1299,
Manadoic Malay,"Gorap, Manado Malay, North Moluccan Malay",,"goq, xmm, max",mana1300,"gora1261, mala1481, nort2828"
Manam-Sepa,"Manam, Sepa (Papua New Guinea)",,"mva, spe",mana1301,"mana1295, sepa1241"
Manambu-based pidgin,Kwoma-Manambu Pidgin,,,mana1302,kwom1264
Manambu-Yalaku,"Manambu, Yalaku",,"mle, ylg",mana1303,"mana1298, yelo1243"
Manchu-Jurchen,"Jurchen, Manchu-Xibe",,juc,manc1250,"jurc1239, manc1251"
Manchu-Xibe,"Manchu, Xibe",,"mnc, sjo",manc1251,"manc1252, xibe1242"
Manchu,"Alechuxa, Bala (China), Jing, Lalin",mnc,,manc1252,"alec1238, bala1242, jing1263, lali1241"
Mandeali,,mjl,,mand1409,
Manda-Kui,"Kui-Kuvi, Manda-Pengo",,,mand1411,"kuik1244, mand1412"
Manda-Pengo,"Manda (India), Pengo",,"mha, peg",mand1412,"mand1413, peng1244"
Manda (India),,mha,,mand1413,
Mandarin Chinese,"Beijingic, Beijing Mandarin, Taibei Mandarin, Central Plain Guanhua, Xi'an Mandarin, Xining Mandarin, Zhengzhou Mandarin, Jilu Guanhua, Jinan Mandarin, Tianjin Mandarin, Jianghuai Guanhua, Hefei Mandarin, Nanjing Mandarin, Ningxia Mandarin, Northeastern Mandarin, Ha'erbin Mandarin, Shenyang Mandarin, Qingdao Mandarin, Rongcheng Mandarin, Lanyin, Lanzhou Mandarin, Wulumuqi Mandarin, Yinchuan Mandarin, Southwestern Guanhua, Chengdu Mandarin, Guiyang Mandarin, Kunming Chinese, Wuhan Mandarin, Yangzhou Mandarin, Yingshan Mandarin, Yuci Mandarin",cmn,,mand1415,"beij1235, beij1234, taib1240, huab1238, xian1253, xini1234, zhen1241, jilu1239, jina1245, tian1238, jing1262, hefe1234, nanj1234, ning1279, nort3283, haer1234, shen1252, qing1240, rong1271, xibe1241, lanz1234, wulu1243, yinc1239, xina1239, chen1267, guiy1236, kunm1234, wuha1234, yang1306, ying1249, yuci1234"
Manda (Australia),,zma,,mand1416,
Mandandanyi,,zmk,,mand1417,
Mandjak,"Bok, Cur, Likes-Utsia, Lund, Sarar, Teixeira Pinto, Tsaamo, Yu",mfv,,mand1419,"bokk1238, curr1242, like1238, lund1264, sara1315, teix1238, tsaa1241, yuuu1238"
Manda-Matumba,"Manda, Matumba",mgs,,mand1423,"mand1478, matu1257"
Mandari,,mqu,,mand1425,
Manding-Kpelle,"Central Mande, Southwest Mande",,,mand1431,"cent2047, sout2842"
Manding-Jogo,"Jogo-Jeri, Manding-Vai",,,mand1432,"jogo1241, mand1433"
Manding-Vai,"Manding-Mokole, Vai-Kono",,,mand1433,"mand1434, vaik1238"
Manding-Mokole,"Manding, Nuclear Mokole",,,mand1434,"mand1435, nucl1445"
Manding,"East Manding, West Manding",,,mand1435,"east2425, west2499"
Mandinka,,mnk,,mand1436,
Mande Samo,"Matya Samo, Maya Samo, Southern Samo",,"stj, sym, sbd",mand1437,"maty1235, maya1281, sout2844"
Mandara,"Simberi, Big Tabar, Tatau",tbf,,mand1440,"simb1257, taba1261, tata1256"
Mandar,"Balanipa, Majene, Malunda, Pamboang, Sendana",mdr,,mand1442,"bala1313, maje1237, malu1246, pamb1245, send1239"
Mander,,mqr,,mand1443,
Mandobo Atas,"Langgoan, Maju Mandobo, Wariktop, Winiktit",aax,,mand1444,"lang1342, maju1236, wari1272, wini1246"
Mandobo Bawah,"Central Mandobo, Kaisah, Osso, Selil, Tinggam, Mariam Mandobo, Kouh, Mariam",bwp,,mand1445,"cent2381, kais1244, osso1235, seli1235, ting1255, mari1449, kouh1235, mari1450"
Mandan,,mhq,,mand1446,
Mandahuaca,,mht,,mand1448,
Macro-Mandaic,"Classical Mandaic, Neo-Mandaic",,"myz, mid",mand1468,"clas1253, nucl1706"
Mande,"Eastern Mande, Western Mande",,,mand1469,"east2697, west2780"
Mandi-Muniwara,"Juwal, Wiarumus",,"mwb, tua",mand1470,"juwa1238, wiar1238"
Mandarinic,"Daohua, Hezhou, Mandarin Chinese, Tangwang, Wutunhua, Zhongyuan",,"cmn, wuh",mand1471,"daoh1239, hezh1244, mand1415, tang1373, wutu1241, zhon1236"
Mandaraic,"Dghwedeic, Podoko, Wandala-Malgwa-Glavda",,,mand1472,"dghw1240, podo1243, wand1280"
Mandobo,"Kokenop Mandobo, Mandobo Atas, Mandobo Bawah",,"aax, bwp",mand1473,"koke1241, mand1444, mand1445"
Mandi-Nyokon,"Nomaande, Nyokon, Tunen",,"lem, nvo, tvu",mand1474,"noma1260, nyok1243, tune1261"
Manda-Ngoni,"Manda-Matumba, Tanzania-Mozambique Ngoni",,mgs,mand1475,"mand1423, ngon1269"
Mandalay Myanmar Sign Language,,,,mand1477,
Manem,,jet,,mane1266,
Manenkan,"Eastern Maninkakan, Konyanka Maninka, Manya, Sankaran Maninka",,"emk, mku, mzj, msc",mane1267,"east2426, kony1250, many1261, sank1253"
Manenguba,"Bassossi, Central Manenguba, Mbo (Cameroon)",,"bsi, mbo",mane1268,"bass1260, cent2284, mboc1235"
Manep-Barem,"Barem, Manep",,"buq, mkr",mane1269,"brem1238, mala1495"
Mangio,,,,mang1364,
Mangic,"Pakanic, Mang",,zng,mang1377,"boly1240, mang1378"
Mang,,zng,,mang1378,
Mangarrayi,,mpc,,mang1381,
Mangerr,,zme,,mang1382,
Mangala,,mem,,mang1383,
Mangayat,,myj,,mang1387,
Mangbetu-Asua,"Lombi, Mangbetuic",,lmi,mang1393,"lomb1254, mang1424"
Mangbetu,"Makere, Malele, Meje, Nuclear Mangbetu, Popoi",mdj,,mang1394,"make1250, male1283, meje1239, nucl1420, popo1291"
Mangbutu,"Andinai, Angwe, Makutana",mdk,,mang1396,"andi1256, angw1242, maku1275"
Mango,,mge,,mang1398,
Manga Kanuri,"Dagara, Manga",kby,,mang1399,"daga1273, mang1400"
Mangareva,,mrv,,mang1401,
Mangseng,"Marapu, Umua",mbh,,mang1403,"mara1401, umua1241"
Mangga Buang,"Kwasang, Lagis",mmo,,mang1404,"kwas1244, lagi1237"
Manggarai,"Central Manggarai, Eastern Manggarai, West-Central Manggarai, Western Manggarai",mqy,,mang1405,"cent2073, east2463, west2536, west2537"
Mangas,,zns,,mang1416,
Mangar,,,,mang1417,
Mangree,,,,mang1422,
Mangarrayi-Maran,"Mangarrayi, Maran",,mpc,mang1423,"mang1381, mara1414"
Mangbetuic,"Asoa, Mangbetu",,"asv, mdj",mang1424,"asoa1238, mang1394"
Mangbutu-Efe,"Leseic, Mamvu, Mangbutu",,"mdi, mdk",mang1425,"lese1245, mamv1243, mang1396"
Manguean,"Chiapanec, Mangue",,"cip, mom",mang1426,"chia1262, moni1237"
Mango (China),,,,mang1429,
Manggaraiic,"Kepo', Komodo, Manggarai Khusus, Rembong-Wangka, Waerana-Razong",,"kuk, kvh, reb",mang1430,"kepo1237, komo1261, mang1436, remb1250, waer1238"
Mangarrayi-Maran (Unattested),Yugul,,ygu,mang1435,yugu1250
Manggarai Khusus,"Manggarai, Riung",,"mqy, riu",mang1436,"mang1405, riun1237"
Sougb,,mnx,,mani1235,
Maniq-Menraq-Batek,"Maniqic, Menraq-Batek",,,mani1290,"mani1291, menr1235"
Maniqic,"Kensiu, Kintaq, Maniq",,"kns, knq, tnz",mani1291,"kens1248, kint1239, tong1308"
Manipuri,"Loi, Meitei, Pangal",mni,,mani1292,"loii1241, meit1246, pang1284"
Maningrida,"Bureran, Nakkara-Ndjebbana",,,mani1293,"bure1238, nakk1234"
Manigri-Kambolé Ede Nago,,xkb,,mani1294,
Manipa,,mqp,,mani1297,
Maninka-Mori,"Koro-Koyaga, Mahou, Wojenaka, Worodougou",,"mxx, jod, jud",mani1303,"koro1315, maho1249, woje1238, woro1256"
Manjaku-Mankanya-Pepel,"Cur-Bok-Cotier, Mankanya",,knf,manj1250,"curb1234, mank1251"
Mankanya,"Burama, Shadal",knf,,mank1251,"bura1268, shad1238"
Mankiyali,,nlm,,mank1256,
Mankonic,"Bafut, Bambili-Bambui, Mendankwe-Nkwen, Ngemba",,"bfd, baw, mfd, nge",mank1258,"bafu1246, bamb1266, mend1261, ngem1255"
Man Met,,mml,,manm1238,
Mannan,,mjv,,mann1246,
Mann,,mev,,mann1248,
Manombai,,woo,,mano1275,
Manobo,"Central and Southern Manobo, North Manobo",,,mano1276,"cent2255, nort2884"
Northern Mansi,"Sosva Mansi, Ob Mansi, Sygva Mansi, Upper Loz'va Mansi",mns,,mans1258,"nort2677, obma1234, sygv1234, uppe1461"
Mansoanka,,msw,,mans1259,
Mansim,,,,mans1260,
Mansakan,"Davawenyo, Eastern Mansakan, Kamayo, Western Mansakan",,"daw, kyk",mans1261,"dava1245, east2477, kama1363, west2552"
Mansaka,,msk,,mans1262,
Mansic,"North-Central Mansi, Southern Mansi",,,mans1269,"nort3271, sout3253"
Mantsi,,nty,,mant1265,
Mantharta,"Djiwarli-Thiin, Wariyangga-Dhargari",,djl,mant1266,"djiw1240, wari1270"
Manta,,myg,,mant1267,
Manumanaw Karen,,kxf,,manu1255,
Manusela,"Hatuolu, Kanikeh, Maneo, South Manusela",wha,,manu1258,"hatu1246, kani1284, mane1264, sout2894"
Manubaran,"Doromu-Koki, Maria (Papua New Guinea)",,"kqc, mds",manu1261,"doro1266, mari1438"
Manus,"East Manus, Mokoreng-Loniu, Pak-Tong, West Manus",,pkg,manu1262,"east2460, moko1244, pakt1239, west2533"
Manusela-Huaulu,"Huaulu, Manusela",,"hud, wha",manu1263,"huau1237, manu1258"
Manx,,glv,,manx1243,
Manyika,"Bocha, Bunji (Atlantic-Congo), Bvumba, Domba, Guta, Here, Hungwe, Jindwi, Karombe, Nyamuka, Nyatwe, Unyama",mxc,,many1258,"boch1238, bunj1246, bvum1238, domb1245, guta1238, here1251, hung1277, jind1239, karo1295, nyam1273, nyat1245, unya1238"
Manyawa,,mny,,many1259,
Manya,,mzj,,many1261,
Manza-Ngbaka,"Manzaic, Ngbaka Minagende",,nga,manz1241,"manz1242, ngba1285"
Manzaic,"Manza, Ngbaka-Manza-Ali",,mzv,manz1242,"manz1243, ngba1286"
Manza,,mzv,,manz1243,
Mao Naga,Paomata,nbi,,maon1238,paom1238
Maonan-Mak-Sui,"Mak-Ai-Cham, Maonan-Chadong, Sui",,swi,maon1239,"maka1300, maon1240, suii1243"
Maonan-Chadong,"Chadong, Maonan",,"cdy, mmd",maon1240,"chad1240, maon1241"
Maonan,,mmd,,maon1241,
Blue Nile Mao,"Bambassi, West Mao",,myf,maoo1243,"bamb1262, west2445"
Maore Comorian,"Maore, Shindzwani",swb,,maor1244,"maor1245, shin1266"
Maori,"Eastern North Island Maori, Te Arawa Tuuhoe, Ngaati Porou, Ngaati Kahungunu, Kai-Tahu South Island, Western North Island Maori, North Auckland Maori, Ngaapuhi, Te Aupouri, Ngaati Tuuwharetoa, Taranaki, Waikato, Wanganui",mri,,maor1246,"east2850, bayo1258, ngaa1242, ngaa1243, sout2867, west2940, nort2846, ngaa1244, teau1234, roto1247, tara1315, waik1246, wang1297"
Maoric,"Maori, Moriori",,mri,maor1247,"maor1246, mori1267"
Ma (Papua New Guinea),Mina,mjn,,mapa1244,mina1273
Mape,"Mape-East, Nagac, Mape-West",mlh,,mape1249,"fuka1239, niga1243, nucl1610"
Mapena,,mnm,,mape1250,
Mapia,,mpy,,mapi1250,
Mapidian-Mawayana,,mpw,,mapi1252,
Pidjanan,"Mapidian-Mawayana, Wapishanan",,mpw,mapi1253,"mapi1252, wapi1252"
Mapos Buang,"Buweyeu, Chimbuluk, Mambump, Mapos, Papakene, Wagau, Wins",bzh,,mapo1242,"buwe1237, chim1298, mamb1304, mapo1243, papa1266, waga1263, wins1237"
Mapoyo-Tamanaku,"Cumana, Mapoyo-Yawarana, Paravilhana-Pauxiana, Tamanaku",,tmz,mapo1244,"coas1302, mapo1245, para1308, tama1338"
Mapoyo-Yawarana,"Mapoyo, Pémono, Yabarana",,"mcg, pev, yar",mapo1245,"mapo1246, pemo1245, yaba1248"
Mapoyo,,mcg,,mapo1246,
Mapos-Mangga-Wagau,"Mangga Buang, Mapos Buang",,"mmo, bzh",mapo1247,"mang1404, mapo1242"
Mappi-Digul Awyu,"Aghu, Central Awyu",,"ahh, awu",mapp1234,"aghu1255, cent2118"
Mapun,,sjm,,mapu1244,
Mapudungun,"Moluche, Pehuenche, Picunche",arn,,mapu1245,"molu1245, pehu1241, picu1247"
Ye'kwana,"Maitsi, Mayongong",mch,,maqu1238,"mait1253, mayo1265"
Maquiritari-Wayumara,"Ye'kwana, Wayumara",,mch,maqu1239,"maqu1238, wayu1242"
Maratino,,,,mara1266,
Maraghei,Dikini,vmh,,mara1373,diki1238
Marathi,"Andh, Bijapuri, Deccan Marathi, Kalvadi",mar,"anr, dcc",mara1378,"andh1242, bija1243, decc1239, kalv1238"
Maram Naga,"Maram Khullen Circle, Ngatan, T. Khullen, Willong Circle",nma,,mara1379,"mara1380, ngat1245, tkhu1238, will1242"
Maraic,"Nuclear Maraic, Senthang Chin, Zotung Chin",,"sez, czt",mara1381,"nucl1757, sent1260, zotu1235"
Mara Chin,"Hlawthai, Tlongsai",mrh,,mara1382,"hlaw1238, tlon1239"
Marra,,mec,,mara1385,
Maranunggu,,zmr,,mara1386,
Marama,,lrm,,mara1392,
Marachi,,lri,,mara1393,
Mararit,"Abou Charib, Nuclear Mararit",mgb,,mara1396,"abou1238, nucl1447"
Marau,Warabori,mvr,,mara1397,wara1296
Maragus,,mrs,,mara1399,
Maranao,,mrw,,mara1404,
Maramba,,myd,,mara1407,
Marawan,,,,mara1408,
Maragua,,,,mara1409,
Maran,"Alawa, Marra, Wandarang",,"alh, mec, wnd",mara1414,"alaw1244, mara1385, wand1263"
Marathic,"Katkari, Marathi-Konkani",,kfu,mara1416,"katk1238, mara1422"
Marau Wawa,,,,mara1417,
Marajo Sign Language,,,,mara1418,
Marauia-Castana,"Anauyá, Yabaâna-Mainatari",,ybn,mara1421,"anau1243, yaba1249"
Marathi-Konkani,"Goan Konkani, Old-Modern Marathi",,gom,mara1422,"goan1235, oldm1248"
Marachi-Khayo,"Khayo, Marachi",,"lko, lri",mara1423,"khay1238, mara1393"
Marba,Monogoy,mpg,,marb1239,mono1279
Marba-Musey-Ham,"Ham, Marba, Musey",,"mpg, mse",marb1244,"hama1241, marb1239, muse1242"
Mardin Sign Language,,dsz,,mard1245,
Marenje,,vmr,,mare1260,
Maremgi,,mrx,,mare1261,
Marfa,,mvu,,marf1238,
Margu,,mhg,,marg1251,
Margany-Gunya,"Gunya, Margany",,"gyy, zmc",marg1252,"guny1241, marg1253"
Margany,,zmc,,marg1253,
Margos-Yarowilca-Lauricocha Quechua,,qvm,,marg1254,
Marghi Central,"Gulak, Gwara (Marghi), Lassa, Wurga",mrt,,marg1265,"gula1275, gwar1244, lass1239, wurg1238"
Marghi South,,mfm,,marg1266,
Margi-Mandara-Mofu,"Bura-Marghi, Mandaraic, Mofuic",,,marg1267,"bura1296, mand1472, mofu1249"
Mari,"Eastern Mari, Western Mari",chm,"mhr, mrj",mari1278,"east2328, west2392"
Maritime Sign Language,,nsr,,mari1381,
Maria (India),"Abujmaria, Adewada, Bhamani Maria, Etapally Maria",mrr,,mari1414,"abuj1237, adew1237, bham1240, etap1240"
Maringic,"Khoibu, Maring Naga",,"nkb, nng",mari1415,"khoi1251, mari1416"
Maring Naga,,nng,,mari1416,
Marimanindji,,zmm,,mari1417,
Maringarr-Matige,"Maringarr, Marti Ke",,"zmt, zmg",mari1418,"mari1419, mart1254"
Maringarr,,zmt,,mari1419,
Marithielic,"Maridjabin, Maridan, Mariyedi, Marithiel, Marriammu",,"zmj, zmd, zmy, mfr, xru",mari1420,"mari1421, mari1422, mari1423, mari1424, marr1256"
Maridjabin,,zmj,,mari1421,
Maridan,,zmd,,mari1422,
Mariyedi,,zmy,,mari1423,
Marithiel,"Mare-Ammu, Marritjabin, Marri Yedi, Nuclear Marithiel",mfr,,mari1424,"mare1239, marr1240, marr1241, nucl1242"
Sunwadia,,mrb,,mari1426,
Marik,"Northern Marik, Southern Marik, Western Marik",dad,,mari1428,"nort2853, sout2875, west2531"
Mari (Madang Province),,hob,,mari1429,
Mariri,,mqi,,mari1430,
Mari (East Sepik Province),,mbx,,mari1432,
Marienberg,"Buna, Bungain, Elepi-Kamasau-Marienberg, Mandi-Muniwara",,"bvn, but",mari1433,"buna1277, bung1270, elep1241, mand1470"
Maring,"Central Maring, Eastern Maring, Kambegl, Karamba, Timbunki, Tsuwenki",mbw,,mari1435,"cent2121, east2513, kamb1304, kara1496, timb1252, tsuw1238"
Marind-Boazi-Yaqai,"Boazi, Marindic, Yaqayic",,,mari1437,"boaz1244, nucl1621, yaqa1245"
Maria (Papua New Guinea),"Amota, Didigaru, Gebi, Imila, Maria, Oibu, Uderi",mds,,mari1438,"amot1240, didi1260, gebi1241, imil1243, mari1439, oibu1239, uder1239"
Maricopa,,mrc,,mari1440,
Maritsauá,Arupai,msp,,mari1442,arup1240
Maric,"Eastern Maric, Northern Maric, Southern Maric, Yirandhali",,ljw,mari1445,"east2716, nort2757, sout2765, yira1239"
Maritime Polynesian Pidgin,,,,mari1446,
Maritimes-Southern New England Algonquian,"Northern Eastern Algonquian, Southern New England Algonquian",,,mari1452,"nort3414, sout3237"
Markweeta,"Northeast Marakwet, Almoo, Endo, Markweta-Chesongoch, Sambirir, Sengwer",enb,,mark1255,"nort3416, almo1242, endo1242, mark1258, samb1316, seng1286"
Marka,"Gassan, Nouna, Safané",rkm,,mark1256,"gass1238, noun1238, safa1244"
Markham,"Lower Markham, Upper Markham, Watut",,,mark1257,"lowe1411, uppe1423, watu1246"
Marma,,rmz,,marm1234,
Marovo,,mvo,,maro1244,
Maroua,"Baldemu, Giziga",,bdn,maro1246,"bald1241, gizi1243"
Marovo-Vangunu,"Marovo, Vangunu",,"mvo, mpr",maro1247,"maro1244, vang1243"
Marquesan,"North Marquesan, South Marquesan",,"mrq, mqm",marq1246,"nort2845, sout2866"
Marriammu,,xru,,marr1256,
Marrku-Wurrugu,"Margu, Wurrugu",,"mhg, wur",marr1257,"marg1251, wurr1238"
Marrngu,"Karadjeri, Mangala, Nyangumarta",,"gbd, mem, nna",marr1265,"kara1476, mang1383, nyan1301"
Marshallese,"Rälik, Ratak",mah,,mars1254,"rali1241, rata1243"
Martha's Vineyard Sign Language,,mre,,mart1251,
Marti Ke,,zmg,,mart1254,
Martuthunira,,vma,,mart1255,
Martu Wangka,"Kartujarra, Manyjilyjara, Puditara, Wangkajunga, Yulparitja",mpj,,mart1256,"kart1247, many1256, pudi1238, wang1288, yulp1238"
Martuwangkic,"Warnman-Wangka, Yulparija",,,mart1257,"warn1245, yulp1239"
Maru,"Dago' Lawng Bit, Gawan Naw', Hlo'lan, Laking, Lawng Hsu, Wa Khawk, Zagaran Mran",mhx,,maru1249,"dago1244, gawa1248, hlol1236, laki1245, lawn1238, wakh1246, zaga1238"
Marubo Subgroup,"Marúbo, Panoan Katukína",,"mzr, knt",maru1251,"maru1252, pano1254"
Marúbo,,mzr,,maru1252,
Maruic,"Leqic, Maru, Pela, Zaiwa",,"mhx, bxd, atb",maru1254,"leqi1234, maru1249, pela1242, zaiw1241"
Marwari (Pakistan),"Marwari Meghwar, Marwari Bhat, Marwari Bhil, Northern Marwari, Southern Marwari",mve,,marw1256,"marw1257, marw1258, marw1259, nort2653, sout2655"
Marwari (India),Barmeri,rwr,,marw1260,barm1242
Masaaba,"Lubutu, Lufumbo, Lusoba, Luwalasi, Manjiya, Luhugu",myx,,masa1299,"lubu1245, lugi1238, luso1235, luwa1243, ulub1244, ulud1238"
Masai,"Arusa, Damat, Iloodokilani, Kaputiei, Keekonyokie, Kisonko, Kore, Laitokitok, Loitai, Matapo, Moitanik, Parakuyo, Purko, Siria",mas,,masa1300,"arus1243, dama1269, iloo1238, kapu1243, keek1238, kiso1238, kore1282, lait1238, loit1238, mata1283, moit1238, para1304, purk1239, siri1270"
Macro-Masalit,"Massalat, Masalit, Surbakhal",,"mdg, mls, sbj",masa1301,"mass1262, nucl1440, surb1238"
Masadiit Itneg,"Masadiit Boliney, Masadiit Sallapadan",tis,,masa1307,"masa1308, masa1309"
Masacara,,,,masa1311,
Masana,"Banana, Bongor, Budugum, Bugudum, Central Masa, Gizay, Wina, Gumay, West Masa, Domo, Walia, Yagwa",mcn,,masa1322,"bana1304, bong1298, budu1264, bugu1248, cent2188, giza1238, wina1241, guma1259, west2705, domo1238, wali1272, yagw1244"
Masa,"North Masa, South Masa",,,masa1323,"nort3157, sout3146"
Masa-Gizey-Zumaya,"Gizey, Masana, Zumaya",,"mcn, zuy",masa1324,"gize1234, masa1322, zuma1239"
Masadiit,"Masadiit Itneg, Moyadan Itneg",,"tis, ity",masa1325,"masa1307, moya1235"
Masbate Sorsogon,,bks,,masb1237,
Masbatenyo,,msb,,masb1238,
Masbate-Sorsogon,"Masbate Sorsogon, Masbatenyo",,"bks, msb",masb1239,"masb1237, masb1238"
Masela-South Babar,"Central Masela, East Masela, Serili, Southeast Babar, West Masela",,"mxz, vme, sve, vbb, mss",mase1249,"cent2072, east2462, seri1255, sout2883, west2535"
Masenrempulu,"Duri, Enrekang, Maiwa (Indonesia), Malimpung",,"mvp, ptt, wmm, mli",mase1250,"duri1242, enre1239, maiw1250, mali1283"
Mashan,"Central Mashan Hmong, Northern Mashan Hmong, Southern Mashan Hmong, Western Mashan Hmong",,"hmm, hmp, hma, hmw",mash1238,"cent1394, nort1546, sout1556, west1507"
Mashi (Zambia),"Mashi, North Kwandu, South Kwandu",mho,,mash1267,"mash1268, nort2799, sout2815"
Mashi (Nigeria),,jms,,mash1269,
Mashco Piro,,cuj,,mash1270,
Mashi-Mbukushi,"Mashi (Zambia), Mbukushu",,"mho, mhw",mash1271,"mash1267, mbuk1240"
Masimasi,,ism,,masi1265,
Masiwang,,bnf,,masi1266,
Masikoro Malagasy,"Masikoro-Miary, Mikea, Vezo",msh,,masi1268,"masi1273, mike1243, vezo1235"
Maskoy Pidgin,,mhh,,mask1241,
Maskelynes,,klv,,mask1242,
Maslam,"Nuclear Maslam, Sao",msv,,masl1241,"nucl1689, saoo1238"
Masmaje,,mes,,masm1239,
Massalat,,mdg,,mass1262,
Massep,,mvs,,mass1263,
Matanawí,,,,mata1275,
Matagalpan,"Cacaopera, Matagalpa",,"ccr, mtn",mata1287,"caca1247, mata1288"
Matagalpa,,mtn,,mata1288,
Matacoan,"Mataguayo I, Mataguayo II",,,mata1289,"mata1290, mata1291"
Mataguayo I,"Maca, Nivaclé",,"mca, cag",mata1290,"maca1260, niva1238"
Mataguayo II,"Chorote, Wichi",,,mata1291,"chor1274, wich1261"
Matal,,mfh,,mata1306,
Matakam,"Cuvok, Mafa, Mefele",,"cuv, maf, mfj",mata1311,"cuvo1236, mafa1239, mefe1242"
Matangnga-Aralle-Tabulahan,"Aralle-Tabulahan, Bambam, Ulumanda'",,"atq, ptu, ulm",mata1312,"aral1243, bamb1270, ulum1237"
Matbat,,xmt,,matb1237,
Matengo,,mgv,,mate1258,
Matepi,,mqe,,mate1260,
Matengic,"Matengo, Mpoto, Ndendeule-Ngindo",,"mgv, mpa",mate1261,"mate1258, mpot1240, nden1251"
Matigsalug Manobo,"Kulamanen, Matig-Salud, Tala Ingod, Tigwa",mbt,,mati1250,"kula1279, mati1251, tala1286, tigw1237"
Matipuhy,"Nahukuá, Nuclear Matipuhy",mzo,,mati1253,"nahu1343, nucl1657"
Matis subgroup,"Matís, Mayoruna-Jandiatuba, Mayoruna-Amazon",,mpq,mati1254,"mati1255, mayo1270, mayo1271"
Matís,,mpq,,mati1255,
Matlatzincan,"Atzingo Matlatzinca, San Francisco Matlatzinca",,"ocu, mat",matl1258,"atzi1235, sanf1262"
Mator-Taigi-Karagas,"Karagas (Mator), Nuclear Mator, Taigi",mtm,,mato1250,"kara1461, nucl1288, taig1245"
Mato,"Bonea, Nanaya",met,,mato1252,"bone1251, nana1258"
Mato Grosso Arára,,axg,,mato1253,
Matses subgroup,"Demushbo, Korubo, Kulina Pano, Matsés",,"xor, xpk, mcf",mats1243,"demu1235, koru1247, kuli1255, mats1244"
Matsés,,mcf,,mats1244,
Matsi-Nan,"Machiguenga, Nanti",,"mcb, cox",mats1245,"mach1267, nant1250"
Mattole-Bear River,"Bear River, Mattole",mvb,,matt1238,"bear1242, matt1239"
Matumbi,Kuchi,mgw,,matu1259,kuch1248
Matukar,,mjk,,matu1261,
Matumbic,"Matumbi, Ndengereko",,"mgw, ndg",matu1263,"matu1259, nden1248"
Matya Samo,,stj,,maty1235,
Mawng,,mph,,maun1240,
Maunabudhuk and Bodhe Local Sign,,,,maun1242,
Maundadan Chetti,,cty,,maun1243,
Mauritian Sign Language,,lsy,,maur1240,
Mauwake,,mhl,,mauw1238,
Mavea Sign Language,,,,mave1234,
Mawa (Nigeria),,wma,,mawa1236,
Mawak,,mjj,,mawa1266,
Mawan,,mcz,,mawa1267,
Mawakwa,,,,mawa1268,
Mawa (Chad),,mcw,,mawa1270,
Mawayana,,mzx,,mawa1271,
Mawchi,"Gamti, Nuclear Mawchi, Padvi",mke,,mawc1242,"gamt1238, nucl1282, padv1238"
Mawes,,mgk,,mawe1251,
Maweti-Guarani,"Aweti-Guarani, Sateré-Mawé",,mav,mawe1252,"awet1245, sate1243"
Maxakalian,"Malali, Pataxó Hã-Ha-Hãe, Unclassified Maxakalian, Western Maxakali",,pth,maxa1246,"mala1432, pata1261, unun9898, west2636"
Maxakalí,,mbl,,maxa1247,
Maxakali Sign Language,,,,maxa1248,
Maxakali-Borum,"Borum, Maxakalian",,kqq,maxa1249,"kren1239, maxa1246"
Maxi Gbe,,mxl,,maxi1236,
Mayabic,"Mayaguduna, Nuclear Mayabic",,xmy,maya1279,"maya1280, nucl1332"
Mayaguduna,,xmy,,maya1280,
Maya Samo,"Bangassogo, Bounou, Gomboro, Kiembara",sym,,maya1281,"bang1362, boun1244, gomb1251, kiem1238"
Misool-Salawati Ma'ya,"Banlol, Batanta Ma'ya, Nuclear Ma'ya",slz,,maya1282,"banl1237, bata1296, nucl1465"
Mayangna,"Twahka-Bawihka, Panamahka",yan,,maya1285,"nica1250, pana1304"
"Maya, Chan Santa Cruz",,yus,,maya1286,
Mayan,"Core Mayan, Huastecan Mayan",,,maya1287,"core1254, huas1241"
Maya-Matbat,"Matbat, Raja Ampat Maya",,xmt,maya1288,"matb1237, raja1258"
Maykulan,"Mayi-Thakurti, Mayi-Yapi, Mayi-Kulan, Wunumara",mnt,"xyt, xyj, xyk, wnn",mayk1239,"mayi1234, mayi1235, mayi1236, wunu1234"
Mayogo-Bangba,"Bangba, Mayogo",,"bbe, mdm",mayo1260,"bang1345, mayo1261"
Mayogo,"Madipia, Madimadoko",mdm,,mayo1261,"madi1258, madi1259"
Mayoyao Ifugao,,ifu,,mayo1262,
Mayo,,mfy,,mayo1264,
Mayo (Brazil),,,,mayo1267,
Mayo Group,"Matis subgroup, Matses subgroup",,,mayo1269,"mati1254, mats1243"
Mayoruna-Jandiatuba,,,,mayo1270,
Mayoruna-Amazon,,,,mayo1271,
Mayoruna-Tabatinga,,,,mayo1272,
Mayoruna Branch,"Mayo Group, Mayoruna-Tabatinga",,,mayo1277,"mayo1269, mayo1272"
Mayo-Pasi,"Yessan-Mayo, Yimin-Bel",,yss,mayo1278,"yess1239, yimi1235"
Mazanderani,"Central Caspian, Kalarestaqi, Kelardashti, Ramsari, Tonekaboni, Gachsari, Galeshi of Mazanderan, Nuclear Mazanderani, Eastern Mazanderani, Western Mazanderani, Velatru",mzn,,maza1291,"cent2360, kala1412, kela1262, rams1234, tone1234, gach1240, gale1256, nucl1270, east2854, west2944, vela1234"
Mazatlán Mixe,,mzl,,maza1292,
Mazahua,"Central Mazahua, Michoacán Mazahua",,"maz, mmc",maza1293,"cent2144, mich1246"
Mazaltepec Zapotec,,zpy,,maza1294,
Mazatecan,"Chiquihuitlán Mazatec, Central Mazatec, Northwest Alta Mazatec, Valley Mazatec",,maq,maza1295,"chiq1250, maza1309, teco1234, vall1259"
Mazatlán Mazatec,"Loma Grande, Zoyaltitla",vmz,,maza1296,"loma1263, zoya1238"
Mazagway,"Kola (Mazagway), Musgoi",dkx,,maza1304,"kola1291, musg1253"
Mazanderani-Shahmirzadi,"Mazanderani, Shahmirzadi",,"mzn, srz",maza1305,"maza1291, shah1253"
Maza,,,,maza1306,
Central Mazatec,"Huautla Mazatec, Mazatlán Mazatec",,"mau, vmz",maza1309,"huau1238, maza1296"
Mba,,mfc,,mbaa1245,
Mbabaram,,vmb,,mbab1239,
Mbagani-Lwalwa,"Binji, Luna, Lwalu",,"bpj, luj, lwa",mbag1239,"binj1249, luna1244, lwal1238"
Mbaic,"Ma (Democratic Republic of Congo), Ndunga-Mba-Dongo",,msj,mbai1246,"made1252, ndun1247"
Central Wambo,"Dombondola, Mbadja, Mbalanhu",lnb,,mbal1255,"domd1234, mbad1234, mbal1262"
Mbala,,mdp,,mbal1257,
Mbala-Holu-Sondi (K.10),"Holu (K.10), Mbala-Sondi",,,mbal1259,"holu1246, mbal1260"
Mbala-Sondi,"Mbala, Sonde",,"mdp, shc",mbal1260,"mbal1257, sond1250"
Mbam-Nkam,"Nkambe, Southern Mbam-Nkam",,,mbam1249,"nkam1238, sout3350"
Mbam,"Nubaca, Nuclear Mbam",,baf,mbam1252,"nuba1241, nucl1802"
Mbam-Nkam Nun,"Baba, Bafanji, Bambalang, Bamun, Bangolan, Mungaka, Nun MCNB",,"bbw, bfj, bmo, bax, bgj, mhk",mbam1253,"baba1264, bafa1249, bamb1265, bamu1253, bang1356, mung1266, nunm1234"
Mbam-Bubi-Jarawan,"Bube, Jarawan, Mbam",,bvb,mbam1254,"bube1242, jara1262, mbam1252"
Mbangi,,mgn,,mban1262,
Mbandja,"Gbado, Kala",zmz,,mban1263,"gbad1235, kala1382"
Mbangala,"Nuclear Mbangala, Yongo",mxg,,mban1264,"nucl1380, yong1279"
Mbangwe,,zmn,,mban1268,
Rimanggudhinma,,zmv,,mbar1253,
Mbara-Yanga,"Mbara (Australia), Yanga (Australia)",mvl,,mbar1254,"mbar1261, yang1308"
Mbara (Chad),,mpk,,mbar1260,
Mbato,,gwa,,mbat1247,
Mbati,"Bolemba, Bonzio, Bwaka (Mbati), Mbati of Mbaïki",mdn,,mbat1248,"bole1246, bonz1238, bwak1245, mbat1249"
Mbay,"Bbate, Bédégué, Bédjou, Kan (Mbay), Mougo, Ngoka",myb,,mbay1241,"bbat1238, bede1243, bedj1244, kann1257, moug1238, ngok1244"
Mbedam,,xmd,,mbed1242,
Mbe,"Idum, Ikumtale, Odaje",mfo,,mbee1249,"idum1242, ikum1242, odaj1238"
Mbe',,mtk,,mbee1250,
Mbelime,,mql,,mbel1240,
Mbembe-Legbo,"Cross River Mbembe, Legboic",,mfn,mbem1251,"cros1244, legb1241"
Mbere-Mbamba,"Ampiini, Lesia, Liengi, Nkomo, Ntaana, Obaa, Okumu, Ombamba-Congo, Osele, Oyuomi",mdt,mbm,mber1257,"ampi1238, lesi1241, lien1234, nkom1240, ntaa1243, obaa1234, okum1234, omba1241, osel1234, oyuo1234"
Mbere (B.60),"Latege, Tsitsekeic",,teg,mber1262,"teke1275, tsit1235"
Mbesa,,zms,,mbes1238,
Mbessa,,emz,,mbes1239,
Mbeya,"Malila, Safwa",,"mgq, sbk",mbey1234,"mali1279, safw1238"
Mbiywom,,,,mbiy1238,
Mbo (Cameroon),"Bareko, Kekem, Melong, Santchou",mbo,,mboc1235,"bare1272, keke1238, melo1241, sant1411"
Mbodomo-Bofi,"Bofi, Gbaya-Mbodomo",,"bff, gmm",mbod1237,"bofi1238, gbay1281"
Mbo (Democratic Republic of Congo),,zmw,,mbod1238,
Mboi,"Banga (Nigeria), Handa, Gәna",moi,,mboi1246,"bang1349, hand1239, nucl1373"
Mboko,Ngare,mdu,,mbok1243,ngar1292
Mbole,"Botunga, Inja, Keembo, Nkimbe, Yaamba, Yaikole, Yaisu, Yangonda",mdq,,mbol1247,"botu1238, inja1238, keem1238, nkim1238, yaam1238, yaik1238, yais1238, yang1291"
Mbonga,,xmb,,mbon1252,
Mbongno,,bgu,,mbon1253,
Mbongno-Mvano,"Mbongno, Mvano-Ndunda",,bgu,mbon1254,"mbon1253, mvan1239"
Mbosi,,mdw,,mbos1242,
Mbour Sign Language,,,,mbou1245,
Mbowe,,mxo,,mbow1246,
Mbozi-Malawi Nyika,"Nyiha (Malawi), Nyiha (Tanzania)",,"nyr, nih",mboz1234,"nyih1239, nyih1240"
Mbozi,"Mbeya, Mwika, Nyika-Lambya",,,mboz1235,"mbey1234, mwik1240, nyik1250"
Mbre,,mka,,mbre1244,
Mbugu,"Cha kawaida, Cha ndani",mhd,,mbug1240,"chak1245, chan1289"
Mbugwe,,mgz,,mbug1242,
Mbugwe-Langi,"Langi, Mbugwe",,"lag, mgz",mbug1243,"lang1320, mbug1242"
Mbukushu,,mhw,,mbuk1240,
Mbuko,,mqb,,mbuk1243,
Mbuk,,bpc,,mbuk1244,
Mbulungish,,mbv,,mbul1258,
Mbula-Bwazza,"Bwazza, Mbula (Atlantic-Congo)",mbu,,mbul1260,"bwaz1238, mbul1261"
Mbule,,mlb,,mbul1262,
Mbula,"Gauru, Northern Mbula, Nuclear Mbula, Sakar",mna,,mbul1263,"gaur1239, nort2856, nucl1512, saka1290"
Mbum,"Gbete, Mbere (Mboum), Mboum",mdd,,mbum1254,"gbet1241, mber1254, mbou1244"
Mbumic,"Central Mbum, Mbum, Northern Mbum, Unclassified Mbum",,mdd,mbum1257,"cent2020, mbum1254, nort2773, unun9907"
Mbundu (H.20),"Kibala, Kimbundu, Mpinda, Nsongo",,"blv, kmb, pnd, nsx",mbun1247,"bolo1261, kimb1241, mpin1234, nson1238"
Mbunga,,mgy,,mbun1248,
Mbunda,,mck,,mbun1249,
Mburku,,bbt,,mbur1239,
Mbure-Yambassa,"Mbule, Yambassa (A.60)",,mlb,mbur1240,"mbul1262, nucl1746"
Ajumbu,,muc,,mbuu1238,
Mbwela,,mfu,,mbwe1238,
Mbwela-Mbunda,"Luimbi, Mbunda, Mbwela",,"lum, mck, mfu",mbwe1239,"luim1238, mbun1249, mbwe1238"
Mbyá Guaraní,"Baticola, Tambéopé",gun,,mbya1239,"bati1254, tamb1258"
Meakambut,,,,meak1234,
Meax,"Meyah, Moskona",,"mej, mtj",meax1236,"meya1236, mosk1236"
Medebur,,mjm,,mede1237,
Medefidrin,,dmf,,mede1238,
Media Lengua,"Cotopaxi Media Lengua, Salcedo Media Lengua, Yacubamba Media Lengua, Imbabura Media Lengua",mue,,medi1245,"coto1254, salc1240, yacu1234, imba1242"
Mediak,,mwx,,medi1249,
Medieval Greek,,,,medi1251,
Mednyj Aleut,,mud,,medn1235,
Medumba,Batongtou,byv,,medu1238,bato1244
Meemul-Tziij,"Meemul Ch'aab'al, Yucatec Maya Sign Language",,msd,meem1234,"meem1235, yuca1236"
Meemul Ch'aab'al,,,,meem1235,
Me'en,"Bodi, Tishena",mym,,meen1242,"bodi1253, tish1239"
Mee-Wodani,"Ekari, Wolani",,"ekg, wod",meew1234,"ekar1243, wola1243"
Mefele,"Muhura, Nuclear Mefele, Serak, Shugule",mfj,,mefe1242,"muhu1241, nucl1679, sera1269, shug1252"
Bangladesh Lyngam,,mef,,mega1243,
Megleno-Romanian,,ruq,,megl1237,
Meherrin,,,,mehe1242,
Mehek,,nux,,mehe1243,
Mehek-Pahi,"Mehek, Pahi",,"nux, lgt",mehe1244,"mehe1243, pahi1246"
Mehek Sign Language,,,,mehe1245,
Mehináku,,mmh,,mehi1240,
Mehri,"Nagdi, Yemeni Mehri, Eastern Yemeni Mehri, Western Yemeni Mehri",gdq,,mehr1241,"nagd1238, west2761, east2679, west2936"
Mekeo,"East Mekeo, North Mekeo, Northwest Mekeo, West Mekeo",mek,,meke1243,"east2455, nort2850, nort2851, west2528"
Mekeo-based pidgin,"Imunga Trade Language, Ioi Trade Jargon",,,meke1244,"imun1234, ioit1234"
Mek,"Eastern Mek, Western Mek",,,mekk1240,"east2504, west2585"
Mekmek,,mvk,,mekm1240,
Mekwei,,msf,,mekw1241,
Melanau,"Central Melanau, Daro-Matu Melanau, Sibu-Kanowit-Tanjong",,"mel, dro",mela1255,"cent2101, daro1239, sibu1259"
Mel,"Southern Mel, Northern Mel",,,mela1257,"bull1245, temn1245"
Melanau-Kajang,"Kajang, Melanau",,,mela1262,"kaja1255, mela1255"
Mele-Fila,"Fila, Mele",mxe,,mele1250,"fila1237, mele1251"
Mele-Futuna,"Futuna-Aniwa, Mele-Fila",,"fut, mxe",mele1252,"futu1245, mele1250"
Mel-Khaonh,"Khaonh, Mel (Cambodia)",hkn,,melk1242,"khao1245, melc1234"
Melo,,mfx,,melo1242,
Melpa,Tembagla,med,,melp1238,temb1274
Melpa-Tembagla,"Bo-Ung, Melpa",,"mux, med",melp1239,"boun1245, melp1238"
Membi-Mangbutu-Efe,"Mangbutu-Efe, Ndo, Unclassified Membi-Mangbutu-Efe",,ndp,memb1239,"mang1425, ndoo1242, uncl1501"
Memoni,,mby,,memo1238,
Mendankwe-Nkwen,"Mendankwe, Nkwen",mfd,,mend1261,"mend1262, nkwe1238"
Mende-Loma,"Loma, Mende-Bandi",,,mend1263,"loma1259, mend1264"
Mende-Bandi,"Bandi-Zialo, Mende-Loko",,,mend1264,"band1351, mend1265"
Mende-Loko,"Loko, Mende (Sierra Leone)",,"lok, men",mend1265,"loko1255, mend1266"
Mende (Sierra Leone),"Ko (Sierra Leone), Kpa (Sierra Leone), Sewawa, Waanjama",men,,mend1266,"kooo1243, kpaa1243, sewa1250, waan1239"
Mendalam Kayan,,xkd,,mend1267,
Mende (Papua New Guinea),,sim,,mend1268,
Mengaka,"Bagam, Bamendjing",xmg,,meng1264,"baga1277, bame1263"
Mengenic,"Lote, Mamusa-Mengen",,uvl,meng1266,"lote1237, mamu1256"
Mengen,"Bush Mengen, North Coast Mengen, South Coast Mengen",mee,,meng1267,"bush1249, nort2855, sout2876"
Menien,,,,meni1247,
Menka,,mea,,menk1238,
Menka-Atong,"Atong, Menka",,"ato, mea",menk1239,"aton1242, menk1238"
Menominee,,mez,,meno1252,
Menraq-Batek,"Batekic, Jedek, Jehai, Minriq",,"jhi, mnq",menr1235,"bate1268, jede1239, jeha1242, minr1238"
Mentawai-Nias-Sikule,"Mentawai, Nias-Sikule",,mwv,ment1248,"ment1249, nias1241"
Mentawai,"North Siberut, Pagai, Sakalagan, Saumanganja, Silabu, Simalegi, Sipura, South Siberut, Taikaku",mwv,,ment1249,"nort2830, paga1237, saka1288, saum1237, sila1249, sima1259, sipu1239, sout2848, taik1253"
Menterap,,,,ment1251,
Menya,,mcr,,meny1245,
Meoswar,,mvx,,meos1237,
Mephaa,"Azoyú Me'phaa, North-Central Mephaa",,tpc,meph1234,"azoy1236, nort3350"
Mepuri,,,,mepu1234,
Meramera,Lolobao,mxm,,mera1242,lolo1263
Middle-Modern English,"Irish Anglo-Norman, Macro-English, Middle English",,"yol, enm",merc1242,"east2834, macr1271, midd1317"
Merei,Winiv (Merei),lmb,,mere1242,wini1243
Merey,Dugur,meq,,mere1246,dugu1258
Meriam,"Boigu, Buglial, Bulgai, Tagota",ulk,,meri1244,"boig1238, bugl1238, bulg1264, tago1247"
Meri,"Dugwor, Merey, Zulgo-Gemzek",,"dme, meq, gnd",meri1245,"dugw1239, mere1246, zulg1242"
Merlav,"Matliwag, Mwerig, West Mwerelawa",mrm,,merl1237,"matl1238, mwer1250, west2512"
Meroitic,,xmr,,mero1237,
Mer,,mnu,,merr1239,
Meru,"Igembe, Igoji, Imenti, Miutini, Nuclear Meru, Tigania",mer,,meru1245,"igem1238, igoj1238, imen1238, miut1238, nucl1387, tiga1244"
Merwari,,wry,,merw1238,
Mesaka,Batomo,iyo,,mesa1245,bato1246
Mescalero-Chiricahua Apache,,apm,,mesc1238,
Mese,"East Mese, West-Central Mese, Zezagi",mci,,mese1244,"east2509, west2592, zeza1238"
Meskwaki,"Meskwakie, Sac",sac,,mesk1242,"mesk1243, sacc1239"
Mesme,"Bero, Zamre",zim,,mesm1239,"bero1246, zamr1238"
Mesmes,,mys,,mesm1243,
Gilit Mesopotamian Arabic,"Anatolian Cluster, Euphrates Cluster, Kawliya, Tigris Cluster",acm,,meso1252,"anat1256, euph1238, koli1251, tigr1275"
Meso Melanesian linkage,"Bali-Vitu, New Ireland-Northwest Solomonic linkage, Willaumez linkage",,,meso1253,"bali1280, newi1242, will1243"
Meso-Cordilleran,"Northern Alta, Southern Alta, South-Central Cordilleran",,"aqn, agy",meso1254,"nort2875, sout2905, sout3211"
Mesqan,,mvz,,mesq1240,
Messapic,,cms,,mess1244,
Meta',"Menemo, Moghamo",mgo,,meta1238,"mene1239, mogh1246"
Metlatónoc Mixtec,,mxv,,metl1238,
Mewari,"Gorawati, Khairari, Sarwari",mtr,,mewa1249,"gora1259, khai1246, sarw1239"
Mewati,,wtm,,mewa1250,
Mewahang,"Eastern Meohang, Western Meohang",,"emg, raf",mewa1252,"east2357, west2422"
Mewaric,"Gade Lohar, Kanjari, Mewari",,"gda, kft, mtr",mewa1253,"gade1236, kanj1259, mewa1249"
Mewati-Gojri,"Godwari, Gujari, Marwari (India), Mewati, Parya",,"gdx, gju, rwr, wtm, paq",mewa1254,"godw1241, guja1253, marw1260, mewa1250, pary1242"
Mexican Sign Language,,mfs,,mexi1237,
Meyah,,mej,,meya1236,
Western Kho-Bwa,"Chug-Lish, Sartang-Sherdukpen",,,meyi1234,"chug1251, sher1256"
Mezontla Popoloca,,pbe,,mezo1235,
Mezquital Otomi,,ote,,mezq1235,
Mfinu,"Ntsiam, Ntswar",zmf,,mfin1238,"ntsi1238, ntsw1238"
Southern Mfumte,"Bang, Jui, Koffa (Mfumte), Kom, Lus, Manang, Mbah, Mballa, Mbat, Mbibji",nfu,,mfum1238,"bang1357, juii1238, koff1238, komm1247, luss1238, mana1290, mbah1238, mbal1258, mbat1250, mbib1238"
Mfumteic,"Central-Southern Mfumte, Kwaja-Ndaktup",,kdz,mfum1239,"cent2313, kwaj1242"
Cuixtla-Xitla Zapotec,,zam,,miah1235,
Miahuatecano,"Miahuateco, Yautepec Zapotec",,zpb,miah1236,"miah1237, yaut1235"
Miahuateco,"Loxicha Zapotec, Cuixtla-Xitla Zapotec, Ozolotepec Zapotec, San Agustín Mixtepec Zapotec",,"ztp, zam, zao, ztm",miah1237,"loxi1235, miah1235, ozol1235, sana1286"
Miami,"Nuclear Miami, Peoria",mia,,miam1252,"nucl1653, peor1238"
Miani,,pla,,mian1254,
Mianic,"Mian, Suganga",,"mpt, sug",mian1255,"mian1256, suga1249"
Mian,"Mianmin, Upper August River, Usage",mpt,,mian1256,"mian1257, uppe1429, usag1245"
Miao-Dong,Sanqiao,,,miao1234,sanq1234
Miarrã,,xmi,,miar1236,
Heritage Michif,,crg,,mich1243,
Michoacán Nahuatl,,ncl,,mich1245,
Michoacán Mazahua,,mmc,,mich1246,
Micmacic,"Malecite-Passamaquoddy, Mi'kmaq",,"pqm, mic",micm1234,"male1292, mikm1235"
Micronesian,"Central Micronesian, Kosraean-Nauruan",,,micr1243,"cent2276, kosr1239"
Middle English,,enm,,midd1317,
Middle Low German,,gml,,midd1318,
Middle Franconian,"Moselle Franconian, Ripuarian",,ltz,midd1319,"luxe1241, ripu1236"
Middle Dutch,,dum,,midd1321,
Middle Great Andamanese,"Okojuwoi, Okol-Opucikwar",,okj,midd1323,"okoj1239, okol1242"
Middle Watut,,mpl,,midd1327,
Middle High German,,gmh,,midd1343,
Middle Chinese,"Common Chinese, Zhongguo Hanyu",ltc,,midd1344,"comm1247, zhon1237"
Middle-Modern Low German,"Low German, Middle Low German",,gml,midd1345,"lowg1239, midd1318"
Middle-Modern Dutch,"Middle Dutch, Modern Dutch",,dum,midd1347,"midd1321, mode1257"
Middle Bomokandian,"Late Bomokandian, Liko",,lik,midd1348,"late1250, lika1243"
Middle-Modern High German,"Middle High German, Modern High German",,gmh,midd1349,"midd1343, mode1258"
Late Middle Indo-Aryan,,,,midd1350,
Middle Mongol,,xng,,midd1351,
Middle-Modern Persian,"Modern Southwestern Iranian, Pahlavi",,pal,midd1352,"mode1259, pahl1241"
Middle-Modern Sinitic,"Gan Chinese, Hakka Chinese, Middle Chinese, Northern Chinese, Qujiang Hakka-Shibei Shaoguan Tuhua, Wu-Hui Chinese, Xiang Chinese, Yue-Pinghua",,"gan, hak, ltc, hsn",midd1354,"ganc1239, hakk1236, midd1344, nort3155, quji1234, wuhu1234, xian1251, yuep1234"
Middle Clarence Bandjalang,"Baryulgil, Biriin, Casino, Waalubal",bdy,,midd1357,"bary1234, biri1260, casi1237, waal1238"
Middle Aramaic,"Dead Sea-New Testament Aramaic, Hatran, Nabatean, Palmyrene",,,midd1366,"dead1234, hatr1234, naba1259, palm1242"
Middle-Modern Aramaic,"Eastern Aramaic, Middle Aramaic, Western Aramaic",,,midd1367,"east2680, midd1366, west2815"
Middle-Modern Indo-Aryan,"Continental Indo-Aryan, Eastern Dardic, Dhivehi-Sinhala",,,midd1375,"cont1248, dard1244, sinh1245"
Middle-Modern Southwestern Brythonic,"Breton, Cornish",,"bre, cor",midd1379,"bret1244, corn1251"
Mid Grand Valley Dani,,dnt,,midg1235,
Midland Mixe,"Juquila Mixe, North Central Mixe",,"mxq, neq",midl1241,"juqu1238, nort2939"
Midlands Indo-Aryan,"Apabhramsic, Bhil, Indo-Aryan Northern zone, Khandesic, Shaurasenic",,,midl1245,"apab1234, bhil1254, indo1310, khan1271, shau1239"
Midob,"Kaageddi, Shelkota, Urrti",mei,,mido1240,"kaag1238, shel1243, urrt1238"
Mid-Southern Central Core Bandaic,"Gobu, Kpagua, Mid-Southern Banda, Mono (Democratic Republic of Congo), Ngundu",,"gox, kuw, bjo, mnh, nue",mids1242,"gobu1238, kpag1238, mids1243, mono1270, ngun1266"
Mid-Southern Banda,"Bongo (Mid-Southern Banda), Dukpu, Wasa (Mid-Southern Banda), Yakpa",bjo,,mids1243,"bong1283, dukp1238, wasa1245, yakp1238"
Mid-Southern New Caledonian,"Houailou, Neku, Orowe, Tiri-Mea, Xaragure, Xârâcùù, Zire",,"nek, bpk, cir, axx, ane, sih",mids1246,"houa1234, neku1237, orow1242, tiri1258, xara1243, xara1244, zire1240"
Mienic,"Biao-Jiao Mien, Mien-Mun, Zaominic",,bje,mien1242,"biao1254, mien1243, zaom1234"
Mien-Mun,"Biao Mon, Iu Mien, Kim Mun",,"bmt, ium, mji",mien1243,"biao1256, iumi1238, kimm1245"
Migabac,"Central Migabac, North Migabac, South Migabac",mpp,,miga1241,"cent2114, nort2915, sout2939"
Migaama,"Dambiya, Doga (Chad), Gamiya, Nuclear Migaama",mmy,,miga1249,"damb1250, doga1242, gami1251, nucl1674"
Miisiirii,,,,miis1236,
Mijikenda,"Northern Mijikenda, Southern Mijikenda",,,miji1238,"nort3232, sout3204"
Miji,"Bangru, Sajolang",,sjl,miji1239,"bang1369, saja1240"
Mijikenda-Pokomo-Comorian,"Comorian Bantu, Mijikenda, Pokomo",,pkb,miji1240,"como1260, miji1238, poko1261"
Kman,,mxj,,miju1243,
Mikasuki,"Hitchiti, Nuclear Mikasuki",mik,,mika1239,"hitc1239, nucl1245"
Mikarewan,"Aruamu, Sepen",,"msy, spm",mika1254,"arua1260, sepe1240"
Mikaya-Bambengangale-Baluma,,,,mika1256,
Mi'kmaq,"Northern Micmac, Southern Micmac",mic,,mikm1235,"nort2962, sout2979"
Milang,,,,mila1245,
Mili,,ymh,,mili1235,
Millcayac,,,,mill1237,
Miltu,,mlj,,milt1241,
Miltuic,"Boor, Miltu",,"bvf, mlj",milt1242,"boor1242, milt1241"
Miluk,,iml,,milu1241,
Milyan,,imy,,mily1238,
Milyan-Carian,"Carian, Milyan",,"xcr, imy",mily1239,"cari1274, mily1238"
Mimi-Gaudefroy,,,,mimi1240,
Mimi-Nachtigal,,,,mimi1241,
Mimi,,miv,,mimi1246,
Mina (India),,myi,,mina1267,
Minangkabau,"Agam, Aneuk Jamee, Batu Sangkar-Pariangan, Lunangic, Muko-Muko, Tapan, Orang Mamak, Pajokumbuh, Penghulu, Sakai in Minangkabau, Si Junjung, Singkarak, Tanah, Ulu (Minangkabau)",min,,mina1268,"agam1238, aneu1237, batu1256, luna1246, muko1237, tapa1263, oran1257, pajo1237, peng1245, saka1302, siju1237, sing1267, tana1280, uluu1244"
Minaveha,,mvn,,mina1269,
Minahasan,"North Minahasan, Tonsawang",,tnw,mina1272,"nort2886, tons1239"
Minanibai-Foia Foia,,mcv,,mina1274,
Mina (Cameroon),"Besleri, Gamdugun, Jingjing",hna,,mina1276,"besl1239, gamd1238, jing1267"
Minaean,,inm,,mina1279,
Minangkabauic,"Lubu, Minangkabau, Negeri Sembilan Malay, Pekal",,"lcf, min, zmi, pel",mina1280,"lubu1241, mina1268, nege1240, peka1242"
Min Bei Chinese,"Northwestern Min Bei, Chong'an, Jian'ou, Jianyang, Songxi, Zhenghe, Shaojiang, Jiangle, Shaowu, Shunchang",mnp,,minb1244,"minb1236, chon1289, jian1240, jian1241, song1309, zhen1242, shao1234, jian1242, shao1235, shun1239"
Min Dong Chinese,"Funing, Houguan",cdo,,mind1253,"funi1234, fuzh1239"
Mindiri,,mpn,,mind1255,
Mindjim,"Lower Minjim, Upper Minjim",,,mind1258,"lowe1462, uppe1484"
Minderico,,drc,,mind1263,
Mingrelian,"Samurzakano-Zugdidi, Senaki",xmf,,ming1252,"samu1244, sena1272"
Mingang Doso,,mko,,ming1254,
Mangghuer,,,,minh1238,
Minigir,,vmg,,mini1251,
Minidien,,wii,,mini1253,
Minica-Murui,"Minica Huitoto, Murui Huitoto",,"hto, huu",mini1255,"mini1256, muru1274"
Minica Huitoto,,hto,,mini1256,
Minigir-Tolai,"Guramalum, Kuanua, Minigir",,"grz, ksd, vmg",mini1257,"gura1254, kuan1248, mini1251"
Minigir-based pidgin,Tolai-Nakanai-Trade,,,mini1258,tola1236
Minkin,,xxm,,mink1237,
Min Nan Chinese,"Chaoshan, Chaozhou, Shantou, Datian, Quanzhang, Quanzhou, Zhangzhou, Taibei Hokkien, Xiamen, Zhangping-Longyan, Qiong-Lei, Hainan, Changgan, Fucheng, Wanning, Wenchang, Yaxian, Leizhou, Zhenan Min, Zhongshan Min, Longdu, Nanlang, Sanxiang",,,minn1241,"chao1239, chao1238, shan1244, dati1239, hokk1242, chae1235, fuji1236, taib1242, xiam1236, zhan1240, qion1239, hain1238, chan1329, hain1237, wann1243, wenc1234, yaxi1234, leiz1236, zhen1239, zhon1238, long1252, nanl1234, sanx1234"
Min,"Coastal Min, Inland Min",,,minn1248,"coas1318, inla1267"
Minoan,,omn,,mino1236,
Minokok,,mqq,,mino1243,
Minriq,,mnq,,minr1238,
Mintil,,mzt,,mint1239,
Min Zhong Chinese,,czo,,minz1235,
Minz Zhuang,,zgm,,minz1236,
Miqie,,yiq,,miqi1235,
Mirandese,,mwl,,mira1251,
Mire,,mvh,,mire1238,
Mirgan,,zrg,,mirg1238,
Miriwung,,mep,,miri1266,
Miriti,,mmv,,miri1270,
Miriwoong Sign Language,,rsm,,miri1273,
Miriwunic,"Gajirrabeng, Miriwung",,"gdh, mep",miri1274,"gadj1243, miri1266"
Mirndi,"Yirram, Jingulu, Ngurlun",,jig,mirn1241,"djam1254, djin1251, guda1245"
Mirning,"Kalarko-Mirniny, Kalaamaya, Ngadjunmaya",,"kba, lkm, nju",mirn1243,"kala1379, kala1401, ngad1258"
Digarish,"Tawra, Idu",,"mhu, clk",mish1241,"diga1241, idum1241"
Miship,Doka (Nigeria),mjs,,mish1244,doka1247
Mising-Padam-Miri-Minyong,"Minyong, Mising, Miri (Arunachal Pradesh), Padam",mrg,,misi1242,"miny1239, miny1240, miri1271, pada1257"
Misima-Paneati,"Nasikwabw, Tewatewa",mpx,,misi1243,"nasi1246, tewa1259"
Mískito,"Baymuna, Cabo, Honduran Mískito, Tawira, Wanki",miq,,misk1235,"baym1237, cabo1236, hond1244, tawi1239, wank1238"
Miskitoic Creole English,"Belize-Miskito Creole English, San Andres Creole English",,icr,misk1243,"beli1261, sana1297"
Missouri River Siouan,"Crow, Hidatsa",,"cro, hid",miss1252,"crow1244, hida1246"
Mississippi Valley,"Dakotan, Dhegiha, Winnebago-Chiwere",,,miss1254,"dako1257, dheg1241, winn1245"
Misumalpan,"Mískito, Sumalpan",,miq,misu1242,"misk1235, suma1272"
Mithaka-Karuwali,"Karruwali, Mithaka",,rxw,mith1235,"karr1236, mith1236"
Mithaka,,,,mith1236,
Mitlatongo Mixtec,,vmm,,mitl1235,
Mitla Zapotec,Santiago Matatlán Zapotec,zaw,,mitl1236,sant1449
Mittu,,mwu,,mitt1253,
Mituku,,zmq,,mitu1240,
Mituku-Lega,"Lega, Mitukuic, Songola-Binja",,,mitu1241,"lega1253, mitu1242, song1314"
Mitukuic,"Enya-Kisangani, Mituku, Mokpa",,"gey, zmq",mitu1242,"enya1247, mitu1240, mokp1238"
Miu,,mpo,,miuu1237,
Miwa,,vmi,,miwa1242,
Miwok-Costanoan,"Costanoan, Miwokan",,,miwo1274,"cost1250, miwo1275"
Miwokan,"Eastern Miwokan, Western Miwokan",,,miwo1275,"east2546, west2633"
Mixe-Zoque,"Mixe, Zoque",,,mixe1284,"mixe1286, zoqu1261"
Mixe,"Oaxaca Mixe, Oluta Popoluca, Sayula Popoluca, Tapachultec",,"plo, pos, qcs",mixe1286,"oaxa1241, olut1240, sayu1241, tapa1260"
Mixed Language,"German-Yiddish-Romani-Rotwelsch, Gurindji-Kriol, Miao-Dong, Persian-Indic, Spanish-Quechua, Warlpiri-Kriol",,,mixe1287,"germ1288, guri1251, miao1234, pers1247, span1267, warl1257"
Mixifore,,mfg,,mixi1241,
Mixiforic,"Kakabe, Mixifore",,"kke, mfg",mixi1243,"kaka1265, mixi1241"
Mixtecan,"Mixtec-Cuicatec, Trique",,,mixt1422,"mixt1423, triq1251"
Mixtec-Cuicatec,"Cuicatec, Mixtec",,,mixt1423,"cuic1234, mixt1427"
Mixtepec Mixtec,,mix,,mixt1425,
Mixtepec Zapotec,"San Juan Mixtepec Zapoteco, San Pedro Mixtepec Zapoteco",zpm,,mixt1426,"sanj1288, sanp1262"
Mixtec,"Amoltepec Mixtec, Central-Western Baja Mixtec, Coast Mixtec, Eastern Alta Mixtec, Guerrero Mixtec, Juxtlahuaca Mixtec, Mixtepec-Yucunicoco Mixtec, Northeastern Alta Mixtec, Northern Alta Mixtec, Northern Baja Mixtec, Tezoatlanic, Western Alta Mixtec",,"mbz, vmc",mixt1427,"amol1236, cent2266, coas1316, east2735, guer1245, juxt1235, mixt1430, nort3198, nort3199, nort3200, tezo1241, west2824"
Mixtepec-Quioquitani-Quieri Zapotec,"Mixtepec Zapotec, Quioquitani-Quieri Zapotec",,"zpm, ztq",mixt1428,"mixt1426, quio1241"
Mixtepec-Yucunicoco Mixtec,"Mixtepec Mixtec, Yucunicoco Mixtec",,mix,mixt1430,"mixt1425, yucu1254"
Miyako,"Central Miyako, Kurima, Miyako-Jima, Ogami, Ikema-Irabu, Ikema-Jima, Irabu-Jima, Tarama-Minna",mvi,,miya1259,"cent2327, kuri1272, miya1260, ogam1239, ikem1234, ikem1235, irab1238, tara1319"
Miya,"Demshin, Faishang, Federe, Fursum",mkf,,miya1266,"dems1243, fais1241, fede1238, furs1241"
Miyak-Bun-Biwat,"Bun-Mundukumo, Kyenele",,kql,miya1267,"bunm1234, kyen1243"
Miyakubo Sign Language,,ehs,,miya1268,
Miyobe,,soy,,miyo1238,
Mizoic,"Darlong, Hmaric, Mizo",,"dln, lus",mizo1244,"darl1242, hmar1240, lush1249"
Mlabri,,mra,,mlab1235,
Mlahsô,,lhs,,mlah1239,
Mlap,,kja,,mlap1238,
Mlap-Gresi-Kemtuik,"Gresi-Kemtuik, Mlap",,kja,mlap1239,"gres1241, mlap1238"
Mlomp,,mlo,,mlom1238,
Mmaala,,mmu,,mmaa1238,
Mmala-Elip-Gunu,"Elip-Gunu, Mmaala",,mmu,mmal1234,"elip1240, mmaa1238"
Mmen,"Cha', Fungom, Nyos",bfm,,mmen1238,"chaa1238, fung1247, nyos1238"
Mmen-Bum,"Bum, Mmen",,"bmv, bfm",mmen1239,"bumm1238, mmen1238"
Mnong-Stieng-Chrau,"Chrau, Mnong, Stieng",,crw,mnon1258,"chra1242, mnon1259, stie1250"
Mnong,"Eastern Mnong, Southern-Central Mnong",,mng,mnon1259,"east2333, sout2691"
Moba-Bimoba,"Bimoba, Moba",,"bim, mfq",moba1243,"bimo1239, moba1244"
Moba,Natchaba,mfq,,moba1244,natc1248
Mobilian,,mod,,mobi1236,
Mobumrin Aizi,,ahm,,mobu1235,
Mobwa Karen,,jkm,,mobw1234,
Mòcheno,"Fierozzo, Frassilongo, Palù",mhn,,moch1255,"fier1238, fras1238, palu1250"
Mochi,Uru (Mochi),old,,moch1256,uruu1243
Mocho,"Motozintleco, Tuzanteco",mhc,,moch1257,"moto1243, tuza1238"
Mochica,,omc,,moch1259,
Mocoví,,moc,,moco1246,
Mo'da,,gbn,,moda1242,
Modang-Segai,"Modang, Segai",,"mxd, sge",moda1243,"moda1244, sega1243"
Modang,"Benehes, Kelingan (Indonesia), Liah Bing, Long Bento', Long Glat, Nahes",mxd,,moda1244,"bene1245, keli1252, liah1237, long1404, long1405, nahe1237"
Modern Greek,"Dimotiki, Katharevousa, Maniot-Cargese Greek, Cargese, Maniot Greek, Mariupol Greek, Middle Greek, Northern Greek, Epirote, Macedonian Greek, Rumelian, Saracatsan, Thessalian, Thracian Greek, Southern Greek, Constantinople Greek, Cretan-Cycladian, Cretan, Cycladian, Dodecanese, Himariote Greek, Ionian-Peleponnesian-Attic, Athens, Ionian Islands, Northern Epirus, Peloponnese, Southern Euboea, Aegina, Megara, Smyrna Greek",ell,,mode1248,"dimo1238, kath1248, mani1304, carg1238, mani1305, mari1411, midd1362, nort2600, epir1238, mace1251, rume1240, sara1308, thes1234, thra1248, sout2605, cons1240, cret1243, cret1244, cycl1238, dode1238, hima1251, ioni1242, athe1238, ioni1243, nort2601, pelo1238, sout3279, aegi1237, mega1242, smyr1240"
Modern Javanese,"Global Javanese, Osing, Tengger",,"osi, tes",mode1251,"glob1245, osin1237, teng1272"
Modern South Arabian,"Eastern MSA, Hobyot-Western MSA",,,mode1252,"east2766, hoby1243"
Modern Dutch,"Global Dutch, Southwestern Dutch",,,mode1257,"glob1241, sout3292"
Modern High German,"Alemannic, Bairisch, Upper Franconian",,,mode1258,"alem1243, baye1239, uppe1464"
Modern Southwestern Iranian,"Bashkardi, Farsic-Caucasian Tat, Kumzari, Larestani, Luric-Dezfulic, Fars Dialects",,"bsg, zum, lrl, fay",mode1259,"bash1263, fars1254, kumz1235, lari1253, luri1257, sout2645"
Modern West Frisian,"Hindeloopen-Molkwerum Frisian, Schiermonnikoog Frisian, Westlauwers-Terschelling Frisian",,,mode1264,"hind1273, schi1234, west2902"
Modern Goidelic,"Eastern Goidelic, Irish",,gle,mode1265,"east2734, iris1253"
Modern Koineic Greek,"Apulia-Calabrian Greek, Cypriot Greek, Nuclear Modern Greek, Pontic-Cappadocian Greek, Yevanic",,yej,mode1266,"apul1236, cypr1249, nucl1783, pont1257, yeva1238"
Modern Marathi,"Marathi, Samvedi, Varhadi-Nagpuri, Dungar Varli, Western Marathi",,"mar, smv, vah, vav",mode1268,"mara1378, samv1238, varh1239, varl1238, west2963"
Modern Sayhadic,"Faifi, Jabal Razih",,"fif, rzh",mode1270,"faif1234, jaba1234"
Modole,"North Modole, South Modole",mqo,,modo1249,"nort2925, sout2945"
Moere,,mvq,,moer1240,
Mofu-Gudur,"Dimeo, Gudur, Massagal, Mokong, Njeleng, Zidim",mif,,mofu1248,"dime1245, gudu1251, mass1267, moko1254, njel1238, zidi1238"
Mofuic,"Meri, Mofu, Tokombere",,,mofu1249,"meri1245, mofu1250, toko1243"
Mofu,"Mofu-Gudur, North Mofu",,"mif, mfk",mofu1250,"mofu1248, nort3046"
Mofu-Gudur Sign Language,,,,mofu1251,
Mogaung,"Assam Tai A, Tai Laing",,tjl,moga1251,"assa1275, tail1248"
Mogholi,"Karez-I-Mulla, Kundur",mhj,,mogh1245,"kare1336, kund1252"
Mogum,"Koffa, Mogum Urmi, Mogum Déle, Mogum Diguimi",mou,,mogu1251,"koff1242, mogu1252, mogu1253, mogu1254"
Mohave,,mov,,moha1256,
Mohawk-Oneida,"Mohawk, Oneida",,"moh, one",moha1257,"moha1258, onei1249"
Mohawk,,moh,,moha1258,
Mohegan-Montauk-Narragansett,"Eastern Niantic, Montauk, Narrangansett, Pequot-Mohegan",mof,"xnt, xpq",mohe1244,"east2904, mont1269, narr1280, pequ1242"
Moi (Congo),"Bobangi-Nunu, Moye",mow,,moic1236,"boba1252, moye1235"
Moi (Indonesia),"Moi Asli, Moi Segin",mxn,,moii1235,"moia1234, mois1234"
Moikodi,,mkp,,moik1239,
Moingi,,mwz,,moin1241,
Moinba,,mob,,moin1242,
Moji,,ymi,,moji1238,
Mokerang,,mft,,moke1240,
Moken-Moklen,"Moken, Moklen",,"mwt, mkm",moke1241,"moke1242, mokl1243"
Moken,"Dung, Ja-It, L'be",mwt,,moke1242,"dung1255, jait1238, lbee1237"
Mokilese,,mkj,,moki1238,
Mokiba-Ngando,"Bongili, Ngando (Central African Republic)",,"bui, ngd",moki1244,"bong1284, ngan1304"
Mok,,mqt,,mokk1243,
Moklen,,mkm,,mokl1243,
Mokole,,mkl,,moko1243,
Mokoreng-Loniu,"Loniu, Mokerang",,"los, mft",moko1244,"loni1238, moke1240"
Mokpa,,,,mokp1238,
Mokpwe,,bri,,mokp1239,
Moksha,,mdf,,moks1248,
Moksela,,vms,,moks1249,
Molale,,mbe,,mola1238,
Molbog,,pwm,,molb1237,
Molbog-Palawan,"Molbog, Nuclear Palawan",,pwm,molb1238,"molb1237, nucl1738"
Moldova Sign Language,,vsi,,mold1243,
Molengue,,bxc,,mole1238,
Molet,,,,mole1239,
Molet-Asaroo,"Asaro'o, Molet",,mtv,mole1240,"asar1240, mole1239"
Molima,"Ai'alu, Tala'ai, Tosila'ai",mox,,moli1248,"aial1237, tala1284, tosi1237"
Molmo One,"Central Aunalei, North Aunalei, South Aunalei",aun,,molm1235,"cent2109, nort2906, sout2933"
Molo,,zmo,,molo1257,
Molof,,msl,,molo1262,
Moloko,"Baka (Mandara Mountains), Melokwo",mlw,,molo1266,"baka1279, melo1244"
Moma,,myl,,moma1242,
Momare,,msz,,moma1243,
Sopac,"Migabac, Momare",,"mpp, msz",moma1244,"miga1241, moma1243"
Mombo Dogon,,dmb,,momb1254,
Mombum-Koneraw,"Koneraw, Mombum",,"kdw, mso",momb1255,"kone1241, nucl1452"
Mombasa-Lamu-Inland Swahili,"Congo Swahili, Cutchi-Swahili, Swahili",,"swc, ccl, swh",momb1256,"cong1236, cutc1238, swah1253"
Momina,,mmb,,momi1242,
Mom Jango,"Jango of Soncha, Jango of Nassarawa Koma, Mom Jango of Dan Wumba",ver,,momj1237,"jang1258, jang1259, nucl1355"
Momo,"Mundani-Njen, Ngie-Oshie, Ngwo, Widikum-Tadkon",,ngn,momo1242,"mund1338, ngie1243, ngwo1241, widi1234"
Momuna,,mqf,,momu1241,
Monastic Sign Language,"Anglo-Saxon Monastic Sign Language, Augustinian Sign Language, Benedictine Sign Language, Cistercian Sign Language, Trappist Sign Language",mzg,,mona1241,"angl1242, augu1237, bene1236, cist1236, trap1238"
Mondropolon,,npn,,mond1265,
Monde,"Gavianic, Suruí",,sru,mond1266,"gavi1250, suru1262"
Mondzi,,,,mond1267,
Nuclear Mondzish,"Maang, Mango (China), Maza, Muangphe, Munji-Mantsi",,,mond1268,"maan1239, mang1429, maza1306, muan1234, munj1248"
Mondzish,"Thou-Kathu, Nuclear Mondzish",,ykt,mond1269,"kath1251, mond1268"
Mongolian Sign Language,,msr,,mong1264,
Mongolic,"Dagur, Middle Mongol, Mogholi, Eastern Mongolic, Southern Periphery Mongolic",,"dta, xng, mhj",mong1329,"daur1238, midd1351, mogh1245, oira1260, sout2705"
Mongolia Buriat,"Aga, Khori",bxm,,mong1330,"agaa1241, khor1270"
Mongolian,"Halh Mongolian, Oirad-Kalmyk-Darkhat, Peripheral Mongolian",mon,"khk, xal, mvf",mong1331,"halh1238, kalm1243, peri1253"
Mongo,"Batswa of Nkundo-Ntomba-Ekonda, Bukala, Djofe, Ekonda Mongo, Konda (Mongo), Kutu (Mongo), Longombe, Longo (Democratic Republic of Congo), Mpama (Mongo), Nkundo, Ntomba-Inongo, Ntomba-Bikoro, Panga, Wangata, Yalima",lol,,mong1338,"bats1244, buka1255, djof1234, ekon1238, kond1299, kutu1264, long1392, long1393, mpam1238, nkun1238, ntom1249, ntom1250, pang1288, wang1295, yali1254"
Mongondow,"Dumoga, Lolayan, Pasia (Indonesia)",mog,,mong1342,"dumo1238, lola1249, pasi1256"
Ulmapo,"Mwakai-Pondi, Ulwa (Papua New Guinea)",,yla,mong1343,"mwak1234, yaul1241"
Mwakai,"Kaimbal, Mongol (Papua New Guinea)",mgt,,mong1344,"kaim1242, mong1348"
Mongoba-Kazibati,,,,mong1345,
Mongondowic,"Mongondow, Ponosakan",,"mog, pns",mong1346,"mong1342, pono1240"
Mongolic-Khitan,"Kitan, Mongolic",,zkt,mong1349,"kita1247, mong1329"
Mongoic,"Bolia-Ntomba, Lomongo, Sengele",,szg,mong1351,"boli1263, lomo1242, seng1278"
Mangue,"Diria, Nagrandan, Nicoya, Jinotepe-Nindirí, Orisi, Orotiña",mom,,moni1237,"diri1255, nagr1240, nico1263, nucl1669, oris1240, orot1239"
Monic,"Mon, Nyahkur, Old Mon",,"mnw, cbn, omx",moni1258,"monn1252, nyah1250, oldm1242"
Moni,Awembak,mnz,,moni1261,awem1238
Mon,"Mataban-Moulmein, Pegu, Ye",mnw,,monn1252,"mata1282, pegu1239, yeee1239"
Monom,,moo,,mono1268,
Mono (Cameroon),,mru,,mono1269,
Mono (Democratic Republic of Congo),"Bili, Bubanda, Galaba, Kaga (Democratic Republic of Congo), Mpaka",mnh,,mono1270,"bili1251, buba1239, gala1253, kaga1253, mpak1240"
Mono-Alu,"Alu, Fauro, Mono",mte,,mono1273,"aluu1243, faur1237, mono1274"
Mono (USA),,mnr,,mono1275,
Mono-Uruavan,"Mono-Alu, Torau, Uruava",,"mte, ttu, urv",mono1280,"mono1273, tora1259, urua1242"
Monqui,,,,monq1236,
Monsang Naga,,nmh,,mons1234,
Montagnais,"Eastern Montagnais, Western Montagnais",moe,,mont1268,"east2540, west2627"
Montol,"Baltap-Lalin, Nuclear Montol",mtl,,mont1280,"balt1262, nucl1699"
Bogia,"Lilau, Monumbo",,"lll, mxk",monu1249,"lila1246, nucl1458"
Monzombo,,moj,,monz1249,
Monzomboic,"Kpala-Bakpa, Monzombo",,moj,monz1253,"kpal1242, monz1249"
Moo,,gwg,,mooo1239,
Moose Cree,,crm,,moos1236,
Mopan-Itza,"Itzá, Mopán Maya",,"itz, mop",mopa1242,"itza1241, mopa1243"
Mopán Maya,,mop,,mopa1243,
Moraid,,msg,,mora1239,
Morawa,,mze,,mora1273,
Mor (Bomberai Peninsula),,moq,,morb1239,
Mordvin,"Erzya, Moksha",,"myv, mdf",mord1256,"erzy1239, moks1248"
Yam,"Kanum, Morehead-Maro",,,more1255,"kanu1280, more1256"
Morehead-Maro,"Nambu, Tonda, Yei",,jei,more1256,"namb1292, tond1250, yeii1239"
Moresada,,msx,,more1258,
Morelos Nahuatl,,nhm,,more1259,
Morerebi,,xmo,,more1262,
Moreic-Waric,"Moreic, Waric",,,more1263,"more1264, wari1269"
Moreic,"Kujubim-More, Torá",,trz,more1264,"nucl1662, tora1263"
Moriori,,,,mori1267,
Mori Bawah,"Karonsie, Nahina, Petasia, Soroako, Tambe'e",xmz,,mori1268,"karo1300, nahi1237, peta1246, soro1239, tamb1255"
Mori Atas,Aikoa,mzq,,mori1269,aiko1237
Morigi,,mdb,,mori1271,
Morike,,,,mori1273,
Morisyen,,mfe,,mori1278,
Mor (Mor Islands),,mhz,,morm1235,
Moroccan Sign Language,,xms,,moro1242,
Morom,"Bayo, Morbo, Nuclear Morom",bdo,,moro1281,"bayo1257, morb1238, nucl1426"
Baka-Beli,"Baka (South Sudan), Morokodo-Beli",,bdh,moro1282,"baka1274, moro1293"
Morokodo,"Biti, Ma'du, Nuclear Morokodo",mgc,,moro1284,"biti1246, madu1246, nucl1428"
Moro,"Laiyen, Nderre, Nubwa, Ulba, Umm Dorein, Umm Gabralla, Werria",mor,,moro1285,"laiy1245, nder1246, nubw1238, ulba1238, ummd1238, ummg1238, werr1238"
Ande,,mrp,,moro1286,
Moronene,"Kabaena, Wita Ea, Poleang, Rumbia",mqn,,moro1287,"kaba1285, wita1237, pole1241, rumb1240"
Marori,,mok,,moro1289,
Moroccan Arabic,"Fez. Meknes, Jebli, Marrakech, Oujda, Rabat-Casablanca Arabic, Southern Morocco Arabic, Tangier",ary,,moro1292,"fezm1238, jebl1238, marr1264, oujd1238, raba1252, sout3117, tang1371"
Morokodo-Beli,"Beli (South Sudan), Gberi-Morokodo-Mittu, Lori",,blm,moro1293,"beli1257, gber1234, lori1239"
Moroccan-Andalusian Arabic,"Andalusian Arabic, Moroccan Arabic",,"xaa, ary",moro1295,"anda1287, moro1292"
Morom-Jaya-Naba,"Bayo-Morom, Jaya, Naba-Berakou",,jyy,moro1296,"bayo1261, jaya1242, naba1258"
Mortlockese,"Lower Mortlock, Mid Mortlock, Upper Mortlock",mrl,,mort1237,"lowe1410, midm1238, uppe1422"
Mortlockese-Trukese,"Chuukese, Mortlockese",,"chk, mrl",mort1238,"chuu1238, mort1237"
Moru-Madi,"Central Moru-Madi, Moru, Southern Moru-Madi",,mgd,moru1252,"cent2043, moru1253, sout2827"
Moru,"Agi (Moru), Andri, 'Bali'ba, Kadiro, Lakama'di, Miza, Moruwa'di",mgd,,moru1253,"agii1244, andr1247, bali1276, kadi1246, laka1253, miza1238, moru1254"
Mosetén-Chimané,"Chimané, Covendo Mosetén, Santa Ana Mosetén",cas,,mose1249,"chim1313, cove1234, sant1467"
Akie,,mwy,,mosi1247,
Mosimo,,mqv,,mosi1248,
Moskona,,mtj,,mosk1236,
Mossi,"Ouapadoupou, Saremdé, Taolendé, Yaadré, Yaande, Yana (Mossi), Zaore",mos,,moss1236,"ouap1235, sare1239, taol1236, yaad1238, yaan1236, yana1270, zaor1238"
Mossi-Farefare,"Farefareic, Mossic",,,moss1237,"fraf1239, moss1238"
Mossic,"Kantosi, Mossi",,"xkt, mos",moss1238,"kant1249, moss1236"
Mota,,mtt,,mota1237,
Motemboic,"Bolondo, Bujaic, Motembo-Kunda",,"bzm, tmv",mote1237,"bolo1263, budj1234, temb1272"
Mwotlap,"Motlav, Volow",mlv,,motl1237,"motl1238, volo1238"
Motu,"Eastern Motu, Western Motu",meu,,motu1246,"east2454, west2526"
Motu-based pidgin,"Trading Eleman, Trading Koriki, Hiri Motu",,hmo,motu1248,"hiri1235, hiri1236, hiri1237"
Mouk-Aria,"Mouk, Tourai",mwh,,mouk1239,"mouk1240, tour1244"
Mountain Upper Markham,"Mari (Madang Province), Sarasira, Sukurum, Wampur",,"hob, zsa, zsu, waz",moun1250,"mari1429, sara1323, suku1264, wamp1248"
Mountain Koiali,,kpx,,moun1252,
Mountain Ok,"Division A Mountain Ok, Mianic",,,moun1253,"divi1235, mian1255"
Mountain Oti North Guang,"Gikyode-Ginyanga, Nawuri",,naw,moun1254,"giky1239, nawu1242"
Mount Avejaha Sign Language,,,,moun1255,
Mouwase,,jmw,,mouw1234,
Movima,,mzp,,movi1243,
Mojeño,"Ignaciano, Trinitario-Javeriano-Loretano",,"ign, trn",moxo1234,"igna1246, trin1274"
Mojeno-Paunaca,"Mojeño, Paunaka",,pnk,moxo1235,"moxo1234, paun1241"
Moyadan Itneg,,ity,,moya1235,
Moyen Kasai-Ngounie,"Interior Kasai-Ngounie, Ngungwel-Eboo",,,moye1234,"inte1264, ngun1278"
Moyon,,nmo,,moyo1238,
Moyon-Monsang Naga,"Monsang Naga, Moyon",,"nmh, nmo",moyo1240,"mons1234, moyo1238"
Mozambican Sign Language,,mzy,,moza1235,
Mozarabic,,mxi,,moza1249,
Northern Saharan Oasis Berber,"Ouargli-Oued Righ, Sud Oranais-Gourara, Tidikelt-Tuat Tamazight, Tumzabt",,"grr, tia, mzb",moza1250,"ouar1239, tazn1238, tidi1241, tumz1238"
Mozambican Ngoni,,xnq,,moza1251,
Mpade,"Bodo (Mpade), Digam, Makari, Nuclear Mpade, Shoe, Woulki",mpi,,mpad1242,"bodo1278, diga1245, maka1322, nucl1690, shoe1243, woul1238"
Mpalityanh-Luthigh,"Luthigh, Mpalitjanh",,xpj,mpal1237,"luth1234, mpal1238"
Mpama,,,,mpam1239,
Mpiemo,"Bidjuki, Jasoa, Mpyemo",mcx,,mpie1238,"bidj1246, jaso1238, mpye1238"
Mpiemo-Ukhwejo,"Mpiemo, Ukhwejo",,"mcx, ukh",mpie1239,"mpie1238, ukhw1241"
Mpi,,mpz,,mpii1239,
Mpinda,,pnd,,mpin1234,
Mpoic,"Bekwil, Mpiemo-Ukhwejo, Mpongmpong, Njemic",,"bkw, mgg",mpoi1234,"bekw1242, mpie1239, mpon1254, njem1234"
Mpongmpong,"Bageto, Kunabembe, Mbobyeng, Menzime, Mpomam",mgg,,mpon1254,"bage1238, kuna1267, mbob1238, menz1238, mpom1238"
Mpoto,,mpa,,mpot1240,
Mpotovoro,,mvt,,mpot1241,
Mpra,,,,mpra1235,
Mbuun,,zmp,,mpuo1241,
Mpur,"Ajiw, Sirir",akc,,mpur1239,"ajiw1238, siri1272"
Mranmaic,"Intha-Danu, Nuclear Mranmaic, Taungyo",,"int, tco",mran1234,"inth1238, nucl1811, taun1248"
Mro Chin,,cmr,,mroc1235,
Mruic,"Anu-Hkongso, Mru",,"anl, mro",mrui1235,"anuu1241, mruu1242"
Mru,,mro,,mruu1242,
Mser,"Gawi, Houlouf, Kabe, Kalo, Nuclear Mser",kqx,,mser1242,"gawi1244, houl1238, kabe1249, kalo1266, nucl1691"
Mt. Iriga Agta,,agz,,mtir1235,
Mt. Iraya Agta,,atl,,mtir1236,
Mualang,,mtd,,mual1241,
Muangphe,,,,muan1234,
Mubami,,tsx,,muba1238,
Mubi,,mub,,mubi1246,
Mubic,"Kajakse, Masmaje, Mubi, Zirenkel",,"ckq, mes, mub, zrn",mubi1247,"kaja1254, masm1239, mubi1246, zire1244"
Muda,,ymd,,muda1235,
Mudburra,"Eastern Mudbura, Karrangpurru, Kuwirrinji",dmw,,mudb1240,"east2863, karr1239, kuwi1234"
Mudhili Gadaba,,gau,,mudh1235,
Muduga,,udg,,mudu1239,
Mudu Koraga,,vmd,,mudu1241,
Muduapa,,wiv,,mudu1242,
Muduga-Palu,"Attapady Kurumba, Muduga",,"pkr, udg",mudu1245,"atta1243, mudu1239"
Muellamues,,,,muel1234,
Mufian,"Balif, Filifita, Iwam-Nagalemb, Nagipaem, Supari",aoj,,mufi1238,"bali1283, fili1245, iwam1257, nagi1238, supa1247"
Mufian-Bukiyip-Abu,"Bukiyip-Abu, Mufian",,aoj,mufi1239,"buki1250, mufi1238"
Mugom,"Karani, Mugali",muk,,mugo1238,"kara1471, muga1241"
Muinane,,bmr,,muin1242,
Muji,"Laghuu-Core Muji, Moji",,ymi,muji1235,"lagh1244, moji1238"
Muji Yi,,ymj,,muji1236,
Mukha-Dora,,mmk,,mukh1238,
Muklomic,"Have, Muklom",,,mukl1234,"have1240, mukl1235"
Mukulu,"Doliki, Gugiko, Mezimko, Mokilko, Moriko, Seginki",moz,,muku1242,"doli1242, gugi1238, mezi1238, moki1243, mori1277, segi1242"
Mulam-Kam,"Kamic, Mulam",,mlm,mula1252,"kami1255, mula1253"
Mulam,,mlm,,mula1253,
Mulaha,"Iaibu, Nuclear Mulaha",mfw,,mula1254,"iaib1239, nucl1624"
Mullukmulluk,,mpb,,mull1237,
Mullu Kurumba,,kpb,,mull1244,
Muller-Schwaner,"Aoheng-Seputan, Hovongan-Kereho",,pni,mull1247,"aohe1237, hovo1240"
Muluridyi,,vmu,,mulu1243,
Mumeng,"Dambi-Kumaru, Gorakor, Zenag-Patep",,goc,mume1239,"damb1252, gora1262, zena1251"
Mum,,kqa,,mumm1238,
Mumuye-Yandang,"Gengle-Kugama, Kumba, Mumuyic, Yandangic",,"kow, ksm",mumu1249,"kuga1239, kumb1238, mumu1250, yand1260"
Mumuyic,"Mumuye, Pangseng, Rang",,"mzm, pgs, rax",mumu1250,"nucl1240, pang1286, rang1269"
Munaseli Pandai,,,,muna1238,
Muna-Buton,"Nuclear Muna-Buton, Tukangbesi-Bonerate",,,muna1246,"nucl1573, tuka1246"
Muna,"Gulamas, Burukene, Gu, Kadatua, Kalia-Lia, Katobengke, Lakudo, Laompo, Lawama, Lawela, Lowu-Lowu, Mawasangka, Salaa, Topa, Wale-Ale, Siompu, Standard Muna, Kabawo, Katobu, Lawa (Standard Muna), Tobea Besar, Tungkuno, Tiworo",mnb,,muna1247,"gula1271, buru1305, guuu1237, kada1289, kali1305, kato1243, laku1237, laom1238, lawa1260, lawe1237, lowu1241, mawa1264, sala1271, topa1240, wale1246, siom1237, stan1308, kaba1286, kato1242, lawa1259, tobe1250, tung1291, tiwo1237"
Mün Chin,Nitu,mwq,,munc1235,nitu1238
Mundari,"Bhumij, Hasada', Kera' Mundari, Naguri, Tamuria",unr,,mund1320,"bhum1234, hasa1250, kera1257, nagu1245, tamu1248"
Munda,,unx,,mund1321,
Mundangic,"Mono (Cameroon), Mundang, Pam (Cameroon)",,"mru, mua, pmn",mund1324,"mono1269, mund1325, pamm1242"
Mundang,"Gelama, Imbana, Kiziere, Torrock-Kaélé",mua,,mund1325,"gela1262, imba1239, kizi1242, torr1258"
Mündü,Shatt (Mundu),muh,,mund1326,shat1243
Mundani,"Bamumbo, Bangang, Banti, Bechati, Besali, Folepi, Iguambo, Nko",mnf,,mund1327,"bamu1255, bang1358, bant1284, bech1238, besa1242, fole1238, igua1238, nkoo1238"
Mundabli-Mufu,"Mufu, Mundabli",boe,,mund1328,"mufu1234, mund1340"
Mundurukuic,"Kuruáya, Mundurukú",,"kyr, myu",mund1329,"kuru1309, mund1330"
Mundurukú,,myu,,mund1330,
Mindat,,mmf,,mund1334,
Mundaic,"Gata', Gutob-Remo, Juang, Kharia, North Munda, Sora-Juray-Gorum",,"gaq, jun, khr",mund1335,"gata1239, guto1244, juan1238, khar1287, nort3151, sora1255"
Mundaric,"Asuric, Birhor, Ho-Mundari, Koda, Kodaku-Korwa, Majhwar, Turi",,"biy, cdz, mmj, trd",mund1336,"asur1255, birh1242, homu1234, koda1236, koda1256, majh1236, turi1246"
Mundat-Karfa,"Duhwa, Mindat",,"kbz, mmf",mund1337,"duhw1236, mund1334"
Mundani-Njen,"Mundani, Njen",,"mnf, njj",mund1338,"mund1327, njen1238"
Mundari (Retired),,muw,,mund1339,
Mungaka,"Bali Nyonga, Nde (Mungaka), Ti",mhk,,mung1266,"bali1269, ndee1241, tiii1240"
Munggui,,mth,,mung1269,
Mungkip,,mpv,,mung1272,
Mungkanic,"Mungkan-Mungkanhu, Pakanha",,pkn,mung1276,"mung1277, paka1251"
Mungkan-Mungkanhu,"Wik-Iiyanh, Wik-Mungkan",,"wij, wim",mung1277,"wiki1239, wikm1247"
Munan,"Busoa, Munic",,bup,muni1256,"buso1238, muni1259"
Munit,,mtc,,muni1257,
Muniche,,myr,,muni1258,
Munic,"Kaimbulawa, Western Munic",,zka,muni1259,"kaim1241, west2847"
Munji,"Central Munji, Mamalgha Munji, Northern Munji, Southern Munji",mnj,,munj1244,"cent1974, mama1270, nort2649, sout2651"
Munji-Mantsi,"Mantsi, Mondzi",,nty,munj1248,"mant1265, mond1267"
Munsee,,umu,,muns1251,
Muongic,"Muong, Nguôn",,"mtq, nuo",muon1245,"muon1246, nguo1239"
Muong,"Ao Tá, Boi Bi, Moi 1, Mol (Vietnam), Mual, Thang, Wang",mtq,,muon1246,"aota1239, boib1239, moii1253, moll1241, mual1240, than1254, wang1286"
Muratayak,"Asat, Aset, Miratayak",asx,,mura1271,"asat1235, aset1237, mira1256"
Mure,,,,mure1235,
Murik (Malaysia),"Huang Bau, Merap, Ngorek, Long Semiang, Long Banyuq, Pua'",mxr,,muri1259,"huan1252, mera1243, ngor1244, long1402, long1403, puaa1234"
Murik (Papua New Guinea),,mtf,,muri1260,
Murilo-Fanapanges,"Pááfang, Tanapag",,"pfa, tpv",muri1261,"paaf1237, tana1281"
Muria,"Eastern Muria, Western Muria",,"emu, mut",muri1262,"east2340, west2408"
Murkim,,rmh,,murk1238,
Murle,"Boma (Surmic), Lotilla, Olam",mur,,murl1244,"boma1247, loti1239, olam1240"
Mur Pano,,tkv,,murp1234,
Murriny Patha,"Murrinhpatha, Murrinhdiminin, Murrinhkura",mwf,,murr1258,"murr1259, murr1260, murr1261"
Mursi,,muz,,murs1242,
Muruwaric,"Barranbinya, Muruwari",,zmu,muru1265,"barr1252, muru1266"
Muruwari,,zmu,,muru1266,
Murupi,,mqw,,muru1273,
Murui Huitoto,Mica,huu,,muru1274,mica1243
Murutic,"Abai Tubu-Abai Sembuak, Eastern Murutic, Northern Murutic",,,muru1275,"abai1241, east2724, nort3186"
Musasa,Bantar (Nepal),smm,,musa1263,bant1279
Hember Avu,,mmi,,musa1265,
Aisi,,mmq,,musa1266,
Musey,"Bongor-Jodo-Tagal-Berem-Gunu, Jaraw-Domo, Lew, Pe (Chadic), Pe-Holom-Gamé",mse,,muse1242,"bong1299, jara1273, leww1238, peee1242, peho1238"
Musgu,"Munjuk-Nord, Beege, Mpus, Muzuk, Vulum, Munjuk-Sud",mug,,musg1254,"munj1246, beeg1236, mpus1238, muzu1238, vulu1239, munj1247"
Musgu-Mbara,"Mbara (Chad), Musgu",,"mpk, mug",musg1256,"mbar1260, musg1254"
Musi,"Palembang-Lowland, Lowland Musi, Belide, Lematang Ilir, Panesak, Burai, Meranjat, Nuclear Penesak, Pedamaran, Penesak, Palembang, Palembang Lama, Palembang Pasar, Palembang Pesisir, Upper Musi, Nuclear Musi, Kelingi, Penukal, Sekayu Malay, Pegagan, Rawas Musi",mui,,musi1241,"pale1266, coas1330, beli1262, lema1245, pane1234, bura1299, mera1244, nucl1813, peda1234, pene1237, pale1264, pale1265, pale1267, pale1268, uppe1480, nucl1812, keli1253, penu1234, seka1246, pega1234, rawa1270"
Music,"Col, Musi",,"liw, mui",musi1243,"coll1240, musi1241"
Muskogean,"Alabaman-Koasati, Creek, Mikasuki, Western Muskogean",,"mus, mik",musk1252,"alab1247, cree1270, mika1239, west2614"
Muskum,,mje,,musk1256,
Muslim Tat,"Absheron, Balakhani, Surakhani, Mədrəsə, Northern Muslim Tat, Ərüsküş-Dağ Quşçu, Derbent Muslim Tat, Qonaqkənd, Quba Muslim Tat, Kilvar Muslim Tat, Zərnava, Şirvan Muslim Tat, Babadağ, Lahıc, Peripheral Şirvan Muslim Tat, Trans-Niyaldağ, Xızı",ttt,,musl1236,"absh1238, bala1297, sura1244, arme1260, nort2643, arus1241, derb1247, qona1238, quba1239, qyzy1242, zrna1234, sirv1235, baba1275, lahy1238, malh1241, tran1300, xzzz1234"
Musom,,msu,,muso1238,
Musom-Sirak,"Musom, Nafi",,"msu, srf",muso1239,"muso1238, nafi1237"
Mussau-Emira,"Emira, Mussau, Eastern Mussau, Southern Mussau, Western Mussau",emi,,muss1246,"emir1237, muss1248, east2461, sout2880, west2534"
Mustangic,"Lowa, Mugom",,"loy, muk",must1234,"lowa1242, mugo1238"
Muthuvan,"Eastern Muthuvan, Western Muthuvan",muv,,muth1236,"east2339, west2407"
Muthuvan-Mannan,"Mannan, Muthuvan",,"mjv, muv",muth1243,"mann1246, muth1236"
Mutsun,,css,,muts1243,
Mutu,"Malai, Nuclear Mutu",tuc,,mutu1242,"mala1488, nucl1513"
Muya,"Eastern Muya, Western Muya",,"emq, wmg",muya1239,"east2351, west2417"
Muyang,,muy,,muya1243,
Muyuw,"Iwa (Papua New Guinea), Lougaw, Nawyem, Wamwan, Yanaba",myw,,muyu1244,"iwaa1243, loug1237, nawy1237, wamw1237, yana1268"
Muzi,,ymz,,muzi1235,
Muzo,,,,muzo1235,
Mvano,,mcj,,mvan1238,
Mvano-Ndunda,"Mvano, Ndunda",,"mcj, nuh",mvan1239,"mvan1238, ndun1251"
Mvuba,,mxh,,mvub1239,
Mvumboic,"Kwasio-Gyele, Shiwa",,,mvum1239,"kwas1245, shiw1234"
Mwaghavul,"Mupun, Panyam, Takas",sur,,mwag1236,"mupu1234, pany1246, taka1269"
Mwakai-Pondi,"Pondi, Mwakai",,"lnm, mgt",mwak1234,"lang1328, mong1344"
Mwali Comorian,,wlc,,mwal1237,
Mwani,"Kisanga, Nkojo, Nsimbwa, Wibo",wmw,,mwan1247,"kisa1262, nkoj1238, nsim1238, wibo1238"
Mwan,,moa,,mwan1250,
Mwatebu,,mwa,,mwat1237,
Mwera (Nyasa),,mjh,,mwer1247,
Mwera (Chimwera),,mwe,,mwer1248,
Mwesa,,,,mwes1234,
Mwika,"Bungu, Fipaic, Pimbwe",,"wun, piw",mwik1240,"bung1265, fipa1240, pimb1238"
Mwimbi-Muthambi,"Muthambi, Mwimbi",mws,,mwim1241,"muth1242, mwim1242"
Myanmar Sign,"Mandalay Myanmar Sign Language, Yangon Myanmar Sign Language",,ysm,myan1234,"mand1477, yang1309"
Achaean Greek,"Arcado-Cypriot, Mycenaean Greek",gmy,,myce1241,"arca1234, myce1242"
Myene,"Ajumba, Enenga, Galwa, Mpongwe, Nkomi, Orungu",mye,,myen1241,"ajum1239, enen1239, galw1238, mpon1255, nkom1238, orun1242"
Mzieme Naga,,nme,,mzie1235,
Mzieme-Zeme,"Mzieme Naga, Zeme Naga",,"nme, nzm",mzie1236,"mzie1235, zeme1240"
Na,Bangni,nbt,,naaa1245,bang1338
Naaba,,nao,,naab1241,
Naasioi,"Kongara, Nuclear Naasioi, Orami, Pakia-Sideronsi",nas,,naas1242,"kong1294, nucl1636, oram1238, paki1245"
Naba,"Bilala, Kuka, Medogo",mne,,naba1253,"bila1256, kuka1247, medo1242"
Nabak,,naf,,naba1256,
Sankwep,"Mese, Nabak",,"mci, naf",naba1257,"mese1244, naba1256"
Naba-Berakou,"Berakou, Naba",,"bxv, mne",naba1258,"bera1261, naba1253"
Nabi-Irarutu,"Irarutu, Nabi",,"irh, nbn",nabi1238,"irar1238, kuri1260"
Nabi-Metan,,mty,,nabi1239,
Nabit,,,,nabi1240,
Nachering,"Bangdale, Dimali, Hedangpa, Kharlali, Parali, Rakheli",ncd,,nach1240,"bang1337, dima1250, heda1238, khar1289, para1303, rakh1246"
Naduhup,"Eastern Naduhup, Nadëb",,mbj,nada1235,"east2549, nade1244"
Nadëb,"Paraná Buá-Buá, Rio Negro Nadëb, Roçado Nadëb",mbj,,nade1244,"para1323, rion1246, roca1234"
Nafanan,"Fantera, Pantera",nfr,,nafa1258,"fant1242, pant1255"
Nafi,,srf,,nafi1237,
Nafri,,nxx,,nafr1241,
Nafusi,,jbn,,nafu1238,
Naga Pidgin,,nag,,naga1394,
Naga Maoic,"Mao Naga, Poumaic",,nbi,naga1397,"maon1238, poum1236"
Nagarchal,,nbg,,naga1399,
Nage,"Central Nage, Eastern Nage, Nga'o",nxe,,nage1237,"cent2355, east2838, ngao1245"
Nage-Keo,"Kéo, Nage",,"xxk, nxe",nage1238,"keoo1238, nage1237"
Nagumi,,ngv,,nagu1244,
Nahali-Baglani,,nlx,,naha1261,
Nahari,,nhh,,naha1262,
Nahenic,"Champangic, Champang-Chamkok, Lumnu-Haqchum, Langpan-Tokhe, Nahen",,,nahe1238,"cham1334, cham1335, lumn1234, lang1339, nahe1239"
Naic,"Naish, Namuyi, Shixing",,"nmy, sxg",naic1235,"nais1236, namu1246, shix1238"
Nai,,bio,,naii1241,
Naish,"Laze, Naxi, Narua",,"nxq, nru",nais1236,"laze1238, naxi1245, yong1270"
Najdi Arabic,"Central Najdi, Anizah of the Syrian desert, Arid-Washm-Sudair, Central Bedouin Najdi, North Najdi, Qasim-Dhafir, South Najdi, al-Murrah-Ajman, Najran-Ghatan",ars,,najd1235,"cent2224, aniz1234, arid1234, cent2323, nort3137, qasi1234, sout3119, almu1234, najr1234"
Nakara,,nck,,naka1260,
Nakanai,"Bileki, Losa, Maututu, Ubae, Vere (Papua New Guinea)",nak,,naka1262,"bile1245, losa1236, maut1237, ubae1237, vere1251"
Naka'ela,,nae,,naka1263,
Nakama,"North Nakama, South Nakama",nib,,naka1264,"nort2912, sout2936"
Nakai,,nkj,,naka1265,
Nakanai-Meramera,"Meramera, Nakanai",,"mxm, nak",naka1266,"mera1242, naka1262"
Nake,,nbk,,nake1240,
Nakh-Daghestanian,"Daghestanian, Nakh",,,nakh1245,"dagh1238, nakh1246"
Nakh,"Bats, Chechen-Ingush",,bbl,nakh1246,"bats1242, chec1244"
Naki,,mff,,naki1238,
Naki-Kemezung,"Kemezung, Nakic",,dmo,naki1239,"keme1240, naki1240"
Nakic,"Bukwen, Mashi (Nigeria), Naki",,"buz, jms, mff",naki1240,"bukw1238, mash1269, naki1238"
Nakkara-Ndjebbana,"Djeebbana, Nakara",,"djj, nck",nakk1234,"djee1236, naka1260"
Nakoda,"Assiniboine, Stoney",,"asb, sto",nako1241,"assi1247, ston1242"
Nakwi,,nax,,nakw1240,
Nalca,,nlc,,nalc1240,
Nalik,,nal,,nali1244,
Nali,Okro,nss,,nali1245,okro1237
Nalögo,"Mbanyö, Nea, Noepe, Nooli",nlz,npx,nalo1235,"mban1269, neaa1234, noep1234, nool1234"
Naluo Yi,,ylo,,nalu1239,
Nalu,,naj,,nalu1240,
Naluic,"Pukur, Mbulungish, Nalu",,"bcg, mbv, naj",nalu1241,"baga1275, mbul1258, nalu1240"
Nama (Namibia),"Central Damara, Damara, Gimsbok Nama, Nama, Namidama, Sesfontein Damara",naq,,nama1264,"cent2051, dama1270, gims1238, nama1265, nami1255, sesf1238"
Nama (Papua New Guinea),,nmx,,nama1266,
Namat,,nkm,,nama1267,
Namakura,"Buninga (Namakura), Makura, Mataso, Tongariki Island, Tongoa Island",nmk,,nama1268,"buni1245, maku1276, mata1250, tong1322, tong1323"
Nama-Dre,"Dre, Nama (Papua New Guinea)",,nmx,nama1270,"dree1234, nama1266"
Nambya,,nmq,,namb1291,
Nambu,"Namat, Nama-Dre, Nambo, Namo-Len, Neme, Nen",,"nkm, ncm, nex, nqn",namb1292,"nama1267, nama1270, namb1293, namo1249, neme1244, nenn1238"
Nambo,"Namna, Nuclear Nambo",ncm,,namb1293,"namn1239, nucl1459"
Nambiquaran,"Nambikwara Complex, Sabanê",,sae,namb1299,"namb1300, saba1268"
Nambikwara Complex,"Northern Nambiquaran, Southern Nambikuára",,nab,namb1300,"nort3153, sout2994"
Nambiquaran (Unattested),"Alapmunte, Tawendê, Yalakalore, Yelelihre",,"apv, xyl",namb1301,"alap1235, tawe1235, yala1242, yele1238"
Ná-Meo,,neo,,name1237,
Namibian Sign Language,,nbs,,nami1249,
Namia,,nnm,,nami1256,
Namiae,,nvm,,nami1258,
Namla-Tofanma,"Namla, Tofanma",,"naa, tlg",naml1239,"naml1240, tofa1246"
Namla,,naa,,naml1240,
Nam,,,,namm1235,
Namo,,mxw,,namo1246,
Namonuito,,nmt,,namo1247,
Namosi-Naitasiri-Serua,"Batiwai, Nalea, Tubai",bwb,,namo1248,"bati1252, nale1237, tuba1276"
Namo-Len,"Len, Namo",,mxw,namo1249,"lenn1234, namo1246"
Namuyi,"Eastern Namuyi, Western Namuyi",nmy,,namu1246,"east2350, west2416"
Namut-Nginamanu,"Namut, Nginamanu",,,namu1249,"namu1248, ngin1248"
Nanai,"Nuclear Nanai, Central Nanai, Bolon Nanai, Dzhuen, Torgon, Garin, Bicin, Samar, Lower Ussuri, Sakachi-Alyan",gld,,nana1257,"akan1248, cent2414, bolo1269, dzhu1239, torg1246, gari1257, bici1234, sama1318, lowe1464, saka1304"
Nanabin Sign Language,,,,nana1261,
Nancere,,nnc,,nanc1253,
Nand,,,,nand1263,
Nande,"Ekisongoora, Kumbule, Mate, Nuclear Nande, Shu, Swaga, Tangi, Yira",nnb,,nand1264,"ekis1238, kumb1271, mate1257, nucl1392, shuu1237, swag1238, tang1344, yira1240"
Nandi,,niq,,nand1266,
Nanerigé Sénoufo,,sen,,nane1238,
Nangikurrunggurr,"Ngangi-Wumeri, Ngangi-Tjemerri",nam,,nang1259,"ngan1297, ngan1298"
Nanga,,nzz,,nang1261,
Nanggu,,ngr,,nang1262,
Nangan Dogon,"Bankan Tey Dogon, Ben Tey Dogon, Nanga",,"dbw, dbt, nzz",nang1263,"bank1259, bent1238, nang1261"
Nankina,,nnk,,nank1250,
Nanticoke-Conoy,"Nanticoke, Piscataway",,"nnt, psy",nant1248,"nant1249, pisc1239"
Nanticoke,,nnt,,nant1249,
Nanti,,cox,,nant1250,
Nanubae-Imangae,"Imanmeri, Nanbay, Wamblamas, Yamandim",afk,,nanu1240,"iman1240, nanb1234, wamb1260, yama1266"
Baonao,,,,naog1238,
Naolan,,,,naol1234,
Napeca,,,,nape1237,
Napo Lowland Quechua,Santa Rosa Quechua,qvo,,napo1242,sant1430
Napo Tucanoan,"Maijiki, Siona-Secoya",,ore,napo1243,"orej1242, sion1248"
Napu,,npy,,napu1241,
Na-Qiangic,"Ersuic, Guiqiong, Naic, Qiangic",,gqi,naqi1236,"ersu1242, guiq1238, naic1235, qian1263"
Nara,"Eastern Nara, Higir, Mogareb, Western Nara, Koyta, Santora",nrb,,nara1262,"east2795, higi1240, moga1248, west2879, koyt1238, sant1412"
Narango,,nrg,,nara1263,
Narak,,nac,,nara1264,
Narau,,nxu,,nara1265,
Narim,,loh,,nari1240,
Naro-Ana,"Ana, Naro",,nhr,naro1248,"anaa1239, naro1249"
Naro,"Nharo, /=Haba, Ts'aokhoe",nhr,,naro1249,"ging1242, qabe1238, tsao1238"
Narom,"Miri (Malaysia), Nuclear Narom",nrm,,naro1251,"miri1269, nucl1562"
Nar Phu,"Nar, Phu",npa,,narp1239,"narr1258, phuu1238"
Narrinyeri,"Tangani, Yaraldi",nay,,narr1259,"tang1381, yara1254"
Narrow Talodi,"Buram-Saraf, Lumun-Torona",,,narr1279,"bura1298, lumu1240"
Narrow Bantu,"Bantu A-B10-B20-B30, Central-Western Bantu, East Bantu, Mbam-Bubi-Jarawan",,,narr1281,"bant1295, cent2260, east2731, mbam1254"
Narrow Grassfields,"Mbam-Nkam, Momo, Ndemli, Ring, Southwest Grassfields, Unclassified Narrow Grassfields",,nml,narr1282,"mbam1249, momo1242, ndem1249, ring1243, sout3181, unun9913"
Narrow North Scandinavian,"Archaic Norrlandic, Jamtska",,,narr1283,"arch1246, jamt1238"
Narungga,"Adjabdurah, Turra",nnr,,naru1238,"adja1238, turr1239"
Nasal,,nsy,,nasa1239,
Nasarian,,nvh,,nasa1240,
Nasioiic,"Nasioi, Sibe (Nasioi)",,nco,nasi1247,"nasi1248, sibe1248"
Nasioi,"Simekuic, South-Central Nasioi",,,nasi1248,"sime1243, sout3363"
Naskapi,"Eastern Naskapi, Western Naskapi",nsk,,nask1242,"east2539, west2626"
Nasu-Nosu,"Nesu-Nasu, Sichuan Yi",,iii,nasu1236,"nesu1234, sich1238"
Nasu-Gepu,"Gepo, Samei, Sanie, Unclassified Nasu-Gepu, Wuding-Luquan Yi",,"ygp, smh, ysy, ywq",nasu1237,"gepo1234, same1240, sani1265, unun9955, wudi1238"
Nasvang,,,,nasv1234,
Nasvang-Nisvai,"Nasvang, Nisvai",,,nasv1235,"nasv1234, nisv1234"
Natagaimas,,nts,,nata1238,
Natanzic,"Abyane'i, Badi (Median), Badrudi, Bidhandi, Farizandi, Hanjani, Natanzi, Yarandi",ntz,,nata1252,"abya1234, badi1250, badr1234, bidh1234, fari1234, hanj1234, nata1257, yara1255"
Natchez,,ncz,,natc1249,
Nateni,"Kunteni, Nuclear Nateni, Okoni, Tayari",ntm,,nate1242,"kunt1238, nucl1366, okon1238, taya1251"
Nathembo,,nte,,nath1238,
Natioro,"Ginaourou, Kaouara-Timba-Sindou-Koroni",nti,,nati1243,"gina1239, kaou1238"
Nati,,,,nati1244,
Na-Togo,"Basila-Adele, Boro, Lelemic, Ikpana",,"xxb, lgq",nato1234,"basi1245, boro1283, lele1262, logb1245"
Natügu,"Io, Malo, Matu, Mbanua, Nemba, Neo, Nepa, Noka, Nööle, Venga",ntu,,natu1246,"iooo1234, malo1246, matu1264, mban1270, nemb1239, neoo1234, nepa1255, noka1234, nool1235, veng1239"
Natú,,,,natu1248,
Natügu (Retired),,stc,,natu1249,
Natugu-Nalogo,"Nalögo, Natügu",,"nlz, ntu",natu1250,"nalo1235, natu1246"
Nauete,"Naumik, Oso Moko",nxa,,naue1237,"naum1237, osom1237"
Naukan Yupik,,ynk,,nauk1242,
Nauna,,ncn,,naun1237,
Nauo,,nwo,,nauo1235,
Nauru,,nau,,naur1243,
Navajo,,nav,,nava1243,
Navut,"Bura (Espiritu Santo), Sinia",nsw,,navu1237,"bura1300, sini1246"
Navwien,,,,navw1234,
Nawa,,,,nawa1239,
Nawaru,,nwr,,nawa1258,
Nawathinehena,,nwa,,nawa1259,
Nawdm,,nmz,,nawd1238,
Nawuri,,naw,,nawu1242,
Naxi,"Lapao, Lichiang, Lutien",nxq,,naxi1245,"lapa1246, lich1241, luti1241"
Naxi (Retired),,nbf,,naxi1246,
Nuoxi Yao,,,,naxi1247,
Nayinic,"Abchuya'i, Anarak, Keyjani, Nayini, Tudeshki",nyq,,nayi1242,"abch1234, anar1241, keyj1234, nucl1272, tude1234"
Nayi,,noz,,nayi1243,
Ncane-Mungong,"Mungong, Ncane",ncr,,ncan1245,"mung1267, nucl1415"
Ncane-Cung,"Cung-Mbuk, Ncane-Mungong",,ncr,ncan1246,"cung1239, ncan1245"
Nchumbulu,,nlu,,nchu1238,
Nchumbulu-Dwang,"Dwang, Nchumbulu",,"nnu, nlu",nchu1239,"dwan1238, nchu1238"
Ndai,,gke,,ndai1238,
Ndaka,,ndk,,ndak1241,
Ndaka-Mbo,"Mbo (Democratic Republic of Congo), Ndaka",,"zmw, ndk",ndak1244,"mbod1238, ndak1241"
Ndali,Sukwa,ndh,,ndal1241,sukw1242
Ndamba,,ndj,,ndam1239,
Ndam,"Ndam Dik, Ndam-Ndam",ndm,,ndam1251,"ndam1252, ndam1253"
Ndambomo,,nxo,,ndam1254,
Ndam-Tumak,"Mire, Ndam, Tumak",,"mvh, ndm, tmc",ndam1255,"mire1238, ndam1251, tuma1260"
Nda'nda',"Batoufam, Ungameha",nnz,,ndan1241,"bato1245, unga1254"
Ndasa,,nda,,ndas1238,
Samayic,"Ndasa-Wumbvu, Osamayi, Sighu",,"syx, sxe",ndas1239,"ndas1240, osam1235, sigh1238"
Ndasa-Wumbvu,"Ndasa, Wumbvu",,"nda, wum",ndas1240,"ndas1238, wumb1242"
Ndau,"Danda, Dondo (Ndau), Garwe, Nuclear Ndau, Shanga (Mozambique), Tonga of the Bikita and Gutu Districts",ndc,,ndau1241,"dand1239, dond1246, garw1238, nucl1378, shan1279, tong1316"
Nde-Efutop,"Efutop, Nde-Nsele-Nta",,"ofu, ndd",ndee1247,"efut1242, nden1250"
Nde-Gbite,,ned,,ndeg1238,
Ndeiram,"Kombai, Wanggom",,"tyn, wng",ndei1235,"komb1274, wang1299"
Ndemli,,nml,,ndem1249,
Ndengereko,,ndg,,nden1248,
Ndendeule,,dne,,nden1249,
Nde-Nsele-Nta,"Nde, Nsele, Nta",ndd,,nden1250,"ndee1242, nsel1238, ntaa1242"
Ndendeule-Ngindo,"Ndendeule, Ngindo",,"dne, nnq",nden1251,"nden1249, ngin1244"
Nding,,eli,,ndin1245,
Nding-Tasomi,"Nding, Tasomi-Tata",,"eli, tlo",ndin1246,"ndin1245, talo1250"
Ndjavi A,"Njebi, Tsaangi",,"nzb, tsa",ndja1234,"njeb1242, tsaa1242"
Ndjavi B,"Duma, Wandji",,"dma, wdd",ndja1235,"duma1253, wand1266"
Ndobo,,ndw,,ndob1238,
Ndoe,"Balep, Ekparabong",nbb,,ndoe1238,"bale1253, ekpa1238"
Ndogo-Sere,"Ndogo, Tagbu-Sere",,ndz,ndog1247,"ndog1248, tagb1264"
Ndogo,,ndz,,ndog1248,
Ndolo,,ndl,,ndol1238,
Ndombe,,ndq,,ndom1244,
Ndom,,nqm,,ndom1245,
Ndonde Hamba,,njd,,ndon1252,
Ndonga (R.20),"Kuanyama, Kwambi-Ndonga, Central Wambo, Unclassified Ndonga (R.20)",,"kua, lnb",ndon1253,"kuan1247, kwam1257, mbal1255, unun9923"
Ndonga,"Eunda Kolonkadhi, Kwaludhi",ndo,,ndon1254,"eund1238, kwal1254"
Ndoola,,ndr,,ndoo1241,
Ndo,"Avari, Membi, Oke'bu",ndp,,ndoo1242,"avar1257, memb1238, okeb1238"
Ndrulo,"Ddralo, Njawlo",dno,,ndru1234,"ddra1238, njaw1238"
Nduga-Luto,"Lutos, Vale",,"ndy, vae",ndug1243,"luto1241, vale1250"
Nduga,"Hitadipa Nduga, Sinak Nduga",ndx,,ndug1245,"hita1243, sina1270"
Ndumu,"Epigi, Kanandjoho, Kuya, Nyani",nmd,,ndum1239,"epig1240, kana1284, kuya1249, nyan1309"
Ndunga-Mba-Dongo,"Dongo, Ndunga-Mba",,doo,ndun1247,"dong1290, ndun1248"
Ndunga-Mba,"Mba, Ndunga",,"mfc, ndt",ndun1248,"mbaa1245, ndun1249"
Ndunga,,ndt,,ndun1249,
Ndunda,,nuh,,ndun1251,
Ndut,,ndv,,ndut1239,
Ndu,"Boikin, Ngala, Nuclear Ndu",,"bzf, nud",nduu1242,"boik1241, ngal1300, nucl1642"
Ndwewe,,nww,,ndwe1234,
Ndyuka-Trio Pidgin,,njt,,ndyu1241,
Aukan,"Aluku, Paramaccan",djk,,ndyu1242,"aluk1239, para1317"
Ndzerem,,,,ndze1235,
Ndzwani Comorian,,wni,,ndzw1235,
Continental Southern Italian,"Castelmezzano, Molisano, Napoletano, Northern Calabrese-Lucano, Pugliese",nap,,neap1235,"cast1245, moli1245, napo1241, nort2612, pugl1238"
Nebaj Shared Homesign Systems,,,,neba1243,
Necaxan,"Tecpatlán Totonac, Upper Necaxa Totonac",,"tcw, tku",neca1234,"tecp1235, uppe1275"
Nedebang,,nec,,nede1245,
Nefamese,,nef,,nefa1235,
Negeri Sembilan Malay,,zmi,,nege1240,
Virgin Islands Dutch Creole,,dcr,,nege1244,
Negidal,"Nizovsk, Samagir, Verkhovsk",neg,,negi1245,"nizo1239, sama1299, verk1237"
Negidalic,"Kur-Urmi, Negidal",,neg,negi1246,"kuro1242, negi1245"
Negrosanon,"Northern Binukidnon, Southern Binukidnon",,"kyn, mtw",negr1236,"karo1299, maga1264"
Negro-Roraima,"Aruan, Bahuanaic, Pidjanan",,,negr1239,"arua1264, bahu1238, mapi1253"
North Bougainville Oceanic,"Nuclear North Bougainville Oceanic, Solos",,sol,neha1246,"nucl1750, solo1257"
Nehan,"Nuclear Nehan, Pinipel",nsn,,neha1247,"nucl1496, pini1246"
Nekgini,,nkg,,nekg1240,
Nek,"East Nek, West Nek",nif,,nekk1240,"east2506, west2587"
Nek-Nuk,"Nek, Nuk",,"nif, noc",nekn1234,"nekk1240, nukk1240"
Neko,,nej,,neko1240,
Neku,,nek,,neku1237,
Neme,,nex,,neme1244,
Nemi,,nem,,nemi1240,
Nend,,anh,,nend1239,
Tundra Nenets,"Central Tundra Nenets, Eastern Tundra Nenets, Western Tundra Nenets, Yurats",yrk,rts,nene1249,"cent2335, tund1255, west2884, yura1256"
Nenets,"Forest Nenets, Tundra Nenets",,yrk,nene1251,"fore1274, nene1249"
Nengone,,nen,,neng1238,
Nen,,nqn,,nenn1238,
Neo (Artificial Language),,neu,,neoa1234,
Nepalese Sign Language,,nsp,,nepa1250,
Nepali,"Acchami, Baitadi, Bajhangi, Bajurali, Darjula, Doteli, Gorkhali, Nuclear Nepali, Soradi",npi,,nepa1254,"acch1238, bait1246, bajh1238, baju1244, darj1238, dote1238, gork1241, nucl1265, sora1251"
Nese,"Alovas, Matanvat, Naha (Nese), Najit, Njav, Vovo (Northern Malakula)",,,nese1235,"alov1235, mata1314, naha1266, naji1240, njav1234, vovo1240"
Nesu-Nasu,"Nasu-Gepu, Nesu",,,nesu1234,"nasu1237, nesu1235"
Nesu,"Wumeng Nasu, Wusa Nasu",,"ywu, yig",nesu1235,"wume1235, wusa1235"
North Midlands Tasmanian,,xph,,neta1235,
Nete,,net,,nete1240,
Neutral-Atiouandaronk,,,,neut1237,
Neva,"Central Finnic, North Finnic",,,neva1234,"cent2329, nort3282"
Newaric,"Newar, Thangmi-Baram",,,newa1245,"newa1247, than1258"
Kathmandu Valley Newari,"Kathmandu-Patan Newari, Bhaktapur-Thimi, Kathmandu-Kirtipur-Lele, Pyangaun Newari, Western Newari, Baglung, Citlang",new,,newa1246,"kath1254, bakt1238, kath1252, pyan1234, west2965, bagl1238, citl1238"
Newar,"Eastern Newari, Kathmandu Valley Newari, Pahari Newari",,"new, phj",newa1247,"east2773, newa1246, paha1257"
New Caledonian,"Loyalty Islands, Mainland New Caledonian",,,newc1243,"loya1239, main1286"
New Caledonian Javanese,,jas,,newc1244,
New Caledonian Pidgin French,,,,newc1245,
New Georgia,"East New Georgia, Kazukuru, West New Georgia",,kzk,newg1239,"east2761, kazu1245, west2857"
New Ireland-Northwest Solomonic linkage,"Madak linkage, St George linkage, Tabar linkage, Tomoip, Tungak-Nalik",,tqp,newi1242,"mada1284, stge1234, taba1270, tomo1244, tung1294"
New River Shasta,,,,newr1237,
New South Wales Pidgin,,,,news1234,
New South Wales Pama-Nyungan,"Greater Bandjalangic, Muruwaric, Yuin-Kuri",,,news1235,"band1357, muru1265, yuin1243"
New Zealand Sign Language,,nzs,,newz1236,
Neyo,,ney,,neyo1238,
Nez Perce,,nez,,nezp1238,
Ngaanyatjarra,,ntj,,ngaa1240,
Ngaalam,,,,ngaa1241,
Ngäbere,"Eastern Guaymí, Valiente",gym,,ngab1239,"east2570, vali1239"
Ngadjuri,,jui,,ngad1257,
Ngadjunmaya,,nju,,ngad1258,
Ngad'a,"Bajawa, Central Ngada, Eastern Ngad'a, South Ngada",nxg,"ssq, nea",ngad1261,"baja1259, cent2074, east2464, sout2884"
Central Flores-Paluqe,"Central Flores, Palu'e",,ple,ngad1265,"ngad1266, palu1252"
Central Flores,"Eastern Central Flores, Ngada",,,ngad1266,"ende1245, ngad1267"
Ngada,"Namut-Nginamanu, Ngad'a, Rongga",,"nxg, ror",ngad1267,"namu1249, ngad1261, rong1269"
Ngaing,,nnf,,ngai1241,
Ngaju,"Ba'amang, Mantangai, Pulopetak",nij,,ngaj1237,"baam1237, mant1270, pulo1241"
Nga La,"Haltu, Thui Phum, Tlam Tlaih, Va Lang",hlt,,ngal1291,"halt1238, thui1238, tlam1238, vala1243"
Ngalkbun,,ngk,,ngal1292,
Ngalakgan,,nig,,ngal1293,
Ngala-Santandrea,,,,ngal1296,
Ngalum,"Apmisibil, Nuclear Ngalum, Sibil",szb,,ngal1298,"apmi1239, nucl1613, sibi1239"
Ngalik-Nduga,"Nduga, Silimo, Yalic",,"ndx, wul",ngal1299,"ndug1245, sili1249, yali1257"
Ngala,,nud,,ngal1300,
Ngala of Lake Chad,,,,ngal1301,
Ngamini-Yarluyandi-Karangura,"Karangura, Ngamini, Yarluyandi",nmv,yry,ngam1265,"kara1508, ngam1284, yarl1238"
Ngamambo,,nbv,,ngam1267,
Ngambay,"Bemar, Benoye, Kere, Lara, Murum",sba,,ngam1268,"bema1240, beno1238, kere1284, lara1259, muru1268"
Ngam,"Kle, Kon Ngam, Ngam Tel, Ngam Gir Bor, Ngam Tira",nmc,,ngam1269,"klee1238, konn1243, ngam1270, ngam1271, ngam1272"
Ngamo,,nbh,,ngam1282,
Ngamo-Bele,"Bolanci-Bele, Ngamo",,nbh,ngam1283,"bola1254, ngam1282"
Nganasan,"Avam, Pyasina Avam, Taimyr Avam, Vadeyev",nio,,ngan1291,"avam1236, pyas1236, taim1257, khat1249"
Ngandi,,nid,,ngan1295,
Nganyaywana,,nyx,,ngan1296,
Ngangam,"Koumongou, Motiem",gng,,ngan1299,"koum1238, moti1240"
Ngandyera,,nne,,ngan1300,
Ngando-Lalia,"Lalia, Ngando (Democratic Republic of Congo)",nxd,lal,ngan1302,"lali1242, ngan1308"
Ngando (Central African Republic),"Dikota, Dikuta",ngd,,ngan1304,"diko1241, diku1238"
Ngangea-So,"Nyang'i, Soo",,"nyp, teu",ngan1305,"nyan1313, sooo1256"
Ngangela-Nyemba,"Luchazi, Mbwela-Mbunda, Nkangala, Nyemba",,"lch, nkn, nba",ngan1306,"luch1239, mbwe1239, nkan1238, nyem1238"
Ngarinman,"Bilinarra, Eastern Ngarinman, Wurlayi",nbj,,ngar1235,"bili1250, east2376, wurl1241"
Ngarnka,,nji,,ngar1283,
Ngarinyin,"Andadjin, Guwidj, Munumburru, Ngarnawu, Waladja, Wolyamidi, Wurla",ung,ajn,ngar1284,"anda1282, guwi1238, munu1238, ngar1285, wala1272, woly1239, wurl1240"
Ngarla on the Ashburton river south of the Hamersley range,,nlr,,ngar1286,
Ngarluma,"East Ngarluma, Jaburarra, West Ngarluma",nrl,,ngar1287,"east2375, jabu1247, west2436"
Ngardi,,rxd,,ngar1288,
Yapa,"Warlpiri, Warlmanpa",,"wbp, wrl",ngar1289,"warl1254, warl1255"
Ngarna,"Southern Ngarna, Yanyuwa",,jao,ngar1290,"sout2766, yany1243"
Ngarru,"Wagaya, Yindjilandji",,"wga, yil",ngar1291,"waga1260, yind1248"
Ngarluma-Kariyarra,"Kariyarra, Ngarluma",,"vka, nrl",ngar1293,"kari1304, ngar1287"
Ngarluma-based pidgin,Pidgin Ngarluma,,,ngar1294,pidg1247
Ngarla,,nrk,,ngar1296,
Ngasa,,nsg,,ngas1238,
Ngas,"Hill Angas, Plain Angas",anc,,ngas1240,"hill1255, plai1263"
Ngatharra-Ngathana-Iinychanya,"Wikalkan, Wik-Ngathana",,"wik, wig",ngat1246,"wika1238, wikn1245"
Ngatik Men's Creole,,ngm,,ngat1248,
Ngawn Chin,,cnw,,ngaw1239,
Ngawun,,nxn,,ngaw1240,
Ngayarda,"Central Ngayarda, Nhuwala, Northern Ngayarda",,nhf,ngay1241,"cent2248, nhuw1239, nort3178"
Ngazidja Comorian,,zdj,,ngaz1238,
Ngbandic,"Gbayi, Nuclear Ngbandic",,gyg,ngba1280,"gbay1278, nucl1737"
Ngbaka Ma'bo,,nbm,,ngba1284,
Ngbaka Minagende,,nga,,ngba1285,
Ngbaka-Manza-Ali,"Ali, Ngbaka Manza",,"aiy, ngg",ngba1286,"alii1240, ngba1287"
Ngbaka Manza,,ngg,,ngba1287,
Ngbandi-Mongoba-Kazibati,"Mongoba-Kazibati, Ngbandic",,,ngba1290,"mong1345, ngba1280"
Mundu-Baka,"Eastern Mundu-Baka, Western Mundu-Baka",,,ngba1292,"east2391, west2836"
Ngbee,,jgb,,ngbe1238,
Ngbele-Ngenda,"Extreme North Vestigial Suffixes Bantu, Ngendan",,,ngbe1239,"extr1247, ngen1255"
Ngbinda-Mayeka,"Mayeka, Bangminda",nbd,myc,ngbi1238,"maye1238, ngbi1239"
Ngbundu,,nuu,,ngbu1241,
Ngelima,"Beo (Democratic Republic of Congo), Buru, Hanga (Democratic Republic of Congo), Tungu",agh,,ngel1238,"beoo1240, buru1298, hang1261, tung1286"
Ngembaic,"Awing, Beba, Mankonic, Pinyin, Unclassified Ngembaic",,"azo, bfp, pny",ngem1254,"awin1248, beba1238, mank1258, piny1238, uncl1529"
Ngemba,"Alatening, Bagangu, Mankon, Mbutu, Mundum, Anyang (Cameroon), Mbrerewi, Njong, Shomba, Songwa",nge,,ngem1255,"alat1245, baga1278, mank1253, mbut1238, mund1341, anya1246, mbre1246, njon1238, shom1246, song1306"
Ngendan,"Homa, Ngbinda-Mayeka, Unclassified Ngendan",,"hom, nbd",ngen1255,"homa1239, ngbi1238, unun9928"
Ngen of Djonkro,,gnj,,ngen1256,
Ngendelengo,,nql,,ngen1257,
Kriang-Khlor,"Chatong, Dakkang, Triw",ngt,,ngeq1245,"chat1270, dakk1239, triw1234"
Ngero,"Eastern Ngero, Western Ngero",,,nger1240,"east2772, west2862"
Ngero-Vitiaz linkage,"Ngero, Vitiaz linkage",,,nger1241,"nger1240, viti1243"
Ngete,,nnn,,nget1241,
Garo (Sumba),,,,ngga1239,
Nggelic,"Bughotu, Gela",,"bgt, nlg",ngge1240,"bugh1239, gela1263"
Nggem,"Eastern Nggem, Western Nggem",nbq,,ngge1241,"east2888, west2989"
Nggwahyi,,ngx,,nggw1242,
Ngiemboon,"Balatchi, Bamoungong, Batcham",nnh,,ngie1241,"bala1305, bamo1240, batc1238"
Ngie,Mengum,ngj,,ngie1242,meng1265
Ngie-Oshie,"Ngie, Ngoshie",,"ngj, nsh",ngie1243,"ngie1242, ngos1238"
Buram Hill Chain,"Dagik, Ngile",,"dec, jle",ngil1241,"dagi1241, ngil1242"
Ngile,"Aheima, Daloka, Masakin Gusar, Masakin Tuwal",jle,,ngil1242,"ahei1238, dalo1239, masa1302, masa1303"
Ngindo,,nnq,,ngin1244,
Ngiri,"Lusengo, Ngiri Terrien, Ngiri Riverain Mongala, Ngiri Riverain Ubangi",,lse,ngir1248,"luse1252, ngir1250, ngir1251, ngir1252"
Ngiri Terrien,"Bamweic, Bombomic, Ngombe-Ababuan",,,ngir1250,"bamw1239, bomb1265, ngom1276"
Ngiri Riverain Mongala,"Bwela, Motemboic",,bwl,ngir1251,"bwel1238, mote1237"
Ngiri Riverain Ubangi,"Ngiri Riverain Ubangi-Interieur, Ngiri Riverain Ubangi-Ripuaire",,,ngir1252,"ngir1253, ngir1254"
Ngiri Riverain Ubangi-Interieur,"Lobalic, Zamba",,,ngir1253,"loba1240, zamb1245"
Ngiri Riverain Ubangi-Ripuaire,"Bobangic, Libinzic",,,ngir1254,"boba1248, libi1251"
Ngiti,"Central Ngiti, Northern Ngiti, Southern Ngiti",niy,,ngit1239,"cent2348, nort3306, sout3288"
Ngizim,,ngi,,ngiz1242,
Ngizim-Southwestern Bade,"Ngizim, Shira-Southwestern Bade",,ngi,ngiz1243,"ngiz1242, shir1274"
Ngkontar Ngkolmpu,,kcd,,ngka1235,
Ngkantr,"Ngkontar Baedi, Ngkontar Ngkolmpu",,"khd, kcd",ngka1236,"badi1247, ngka1235"
Ngkoth,,,,ngko1236,
Ngkrn-Ngkantr,"Ngkantr, Sota Kanum",,krz,ngkr1234,"ngka1236, sota1242"
Ngochang,,,,ngoc1235,
Bafaw-Balong-Manenguba,"Bafawic-Bakweric, Manenguba",,,ngoe1239,"bafa1251, mane1268"
Ngombe (Central African Republic),,nmj,,ngom1265,
Ngombe (Democratic Republic of Congo),"Binja, Doko (Democratic Republic of Congo), Wiindza-Baali",ngc,,ngom1268,"binj1250, doko1244, wiin1238"
Ngom,,nra,,ngom1270,
Ngombale,"Babadjou, Bamessingue",nla,,ngom1271,"baba1265, bame1262"
Ngomba,"Babete, Bamenkumbo, Bamesso, Bamendjo, Bamendjinda",jgo,,ngom1272,"babe1238, bame1264, bame1265, bame1266, bame1267"
Ngombe-Genja,"Ligenza, Ngombe (Democratic Republic of Congo)",,"lgz, ngc",ngom1274,"lige1238, ngom1268"
Ngombe-Ababuan,"Ababuan, Ngombe-Genja",,,ngom1276,"abab1240, ngom1274"
Ngongo,,noq,,ngon1267,
Tanzania-Mozambique Ngoni,"Mozambican Ngoni, Tanzanian Ngoni",,"xnq, xnj",ngon1269,"moza1251, tanz1241"
Ngong,,nnx,,ngon1275,
Ngoshie,,nsh,,ngos1238,
N-Group,"Gafat, Kistane",,"gft, gru",ngro1237,"gafa1240, kist1241"
Ngubi,,,,ngub1239,
Ngubi-Sangu-Sira-Punu,"Ngubi, Sangu-Sira-Punu",,,ngub1240,"ngub1239, sang1341"
Nguluwan,,nuw,,ngul1236,
Ngulu,,ngp,,ngul1246,
Ngwii,"Engwi Edzug, Engwi Engye, Engwi e Omaaya, Engwi-Dzing mix of Ebama",nlo,,ngul1247,"engw1234, engw1235, engw1236, engw1237"
Ngumpin-Yapa,"Yapa, Ngumpin",,,ngum1251,"ngar1289, ngum1256"
Ngumbarl,,xnm,,ngum1253,
Ngumbi,"Asonga (Ngumbi), Bomudi, Moganda",nui,,ngum1255,"ason1247, bomu1250, moga1247"
Ngumpin,"Eastern Ngumpin, Western Ngumpin",,,ngum1256,"guri1250, west3005"
Ngumpit,"Gurindji, Ngarinman",,"gue, nbj",ngum1257,"guri1247, ngar1235"
Ngundu,,nue,,ngun1266,
Southern Ndebele-Lowland,"Swatic, Xhosa, Zulu",,"xho, zul",ngun1267,"swat1244, xhos1239, zulu1248"
Ngundi,,ndn,,ngun1270,
Ngungwel,"Akelel, Ampumpwom",ngz,,ngun1272,"akel1235, mpuu1241"
Nguni (S.40),"Nuclear Nguni, Phuthi",,,ngun1276,"nucl1827, phut1246"
Ngungwel-Eboo,"Ngungwel, Teke-Eboo-Nzikou",,"ngz, ebo",ngun1278,"ngun1272, teke1278"
Nguni-Tsonga-Copi,"Nguni (S.40), Tsonga-Copi",,,ngun1280,"ngun1276, tson1250"
Nguôn,,nuo,,nguo1239,
Ngurmbur,,nrx,,ngur1260,
Wilson River (Grey Range),"Mambangura, Punthamara, Wangkumara, Ngandangara",nbx,"xpt, xwk",ngur1261,"mamb1292, punt1240, wong1246, yaru1254"
Ngoreme,"Mwibara, Rogoro",ngq,,ngur1263,"mwib1234, rogo1240"
Ngwaba,,ngw,,ngwa1251,
Ngwe,,nwe,,ngwe1238,
Ngwo,"Bako, Banya, Basa (Ngwo), Ikweri, Konda (Ngwo), Nuclear Ngwo, Okorobi, Zang",ngn,,ngwo1241,"bako1252, bany1245, basa1285, ikwe1241, kond1300, nucl1414, okor1250, zang1251"
Nhanda,,nha,,nhan1238,
Nhengatu,,yrl,,nhen1239,
Nhuwala,,nhf,,nhuw1239,
Nias-Sikule,"Nias, Sikule",,"nia, skh",nias1241,"nias1242, siku1242"
Nias,"Nias Selatan, Central Nias, Nias Utara",nia,,nias1242,"batu1257, cent2397, nucl1464"
Nicaraguan Sign Language,,ncs,,nica1238,
Nicaragua Creole English,,bzk,,nica1252,
Nicobaric,"Car Nicobarese, Nuclear Nicobaric",,caq,nico1262,"carn1240, nucl1758"
Niellim,"Niou, Nuclear Niellim, Tchini",nie,,niel1243,"niou1238, nucl1358, tchi1244"
Nigerian Sign Language,,nsi,,nige1240,
Hausa States Fulfulde,"Bauchi Fulfulde, Bororo of Kano and Zaria, Gombe, Kano-Katsina, Zaria Fulfulde",fuv,,nige1253,"bauc1239, boro1274, gomb1248, kano1242, zari1243"
Nigerian Jarawan,"Jaku-Gubi, Jarawaic, Kulung (Nigeria), Lame, Mama, Numan, Unclassified Nigerian Jarawan",,"bbu, bma, mma",nige1254,"jaku1245, jara1275, kulu1255, lame1257, mama1272, numa1256, unun9929"
Western Mambila,"Barup, Bogur (Mambila), Ba, Tungba, Lemel, Len (Mambila), Mbar, Warwar",mzk,,nige1255,"baru1266, bogu1242, juba1238, juna1238, leme1241, lenm1234, mbar1262, warw1235"
Nigerian Pidgin,,pcm,,nige1257,
Nigeria-Cameroon Creole English,"Cameroon Pidgin, Nigerian Pidgin",,"wes, pcm",nige1258,"came1254, nige1257"
Nigilu,,,,nigi1241,
Nihali,,nll,,niha1238,
Nii,,nii,,niii1240,
Nyiyaparli-Palyku,,xny,,nija1241,
Nijadali,,nad,,nija1242,
Niksek,"Gabiano, Meiyari, Setiali",gbe,,niks1238,"gabi1241, meiy1238, seti1247"
Nilamba,Iambi,nim,,nila1242,iamb1238
Nila-Serua,"Nila, Serua",,"nil, srw",nila1243,"nila1244, seru1245"
Nila,,nil,,nila1244,
Nile Nubian,"Kenuzi-Dongola, Nobiin Nubian",,kzh,nile1239,"kenu1236, nobi1239"
Ni-Li-Kazhouish,"Kazhouish, Lawoish, Lisoid, Southeastern Ngwi",,,nili1235,"kazh1234, lawo1234, liso1234, sout3212"
Nilotic,"Eastern Nilotic, Southern Nilotic, Western Nilotic",,,nilo1247,"east2418, sout2830, west2493"
Nimadi,Bhuani,noe,,nima1243,bhua1238
Nimanbur,,nmp,,nima1245,
Nimbari,,nmr,,nimb1256,
Nimboranic,"Nimboran, Outer Nimboranic",,nir,nimb1257,"nucl1633, oute1261"
Nimi,,nis,,nimi1240,
Nimoa-Sudest,"Nimoa, Sudest",,"nmw, tgo",nimo1245,"nimo1246, sude1239"
Nimoa,"Panatinani, Panawina, Sabari, Western Point",nmw,,nimo1246,"pana1300, pana1301, saba1264, west2529"
Nimo,,niw,,nimo1247,
Nimo-Nakwi,"Nakwi, Nimo",,"nax, niw",nimo1248,"nakw1240, nimo1247"
Nim Yokuts,"Tule-Kaweah Yokuts, Northern Yokuts",,yok,nimy1236,"tule1245, yoku1256"
Ninam,"Central Ninam, Northern Ninam, Southern Ninam",shb,,nina1238,"cent2369, nort2981, sout2993"
Ninam-Yanomam-Yaroame,"Ninam, Yanomam-Yaroame",,shb,nina1239,"nina1238, yano1266"
Nindi,,nxi,,nind1242,
Ninde-Nati,"Ninde, Nati",,mwi,nind1243,"labo1244, nati1244"
Ningil,,niz,,ning1273,
Ninggerum,"Daupka, Kasuwa",nxr,,ning1274,"daup1249, kasu1252"
Ningera,,nby,,ning1275,
Ningil-Yil,"Ningil, Yil",,"niz, yll",ning1276,"ning1273, yill1241"
Ningic,"Gamo-Ningi, Kudu-Camo",,"bte, kov",ning1277,"gamo1241, kudu1241"
Ninia Yali,,nlk,,nini1235,
Ninzo,,nin,,ninz1246,
Ninzic,"Aninka, Ayu, Bu, Kanufi-Ninkyob-Angan, Numana, Nungu, Rukubic",,"aqk, ayu, jid, nbr, rin",ninz1247,"anin1242, ayuu1242, buuu1244, kanu1282, numa1252, nung1292, ruku1240"
Nipsan,,nps,,nips1240,
Nisa-Anasi,,njs,,nisa1239,
Nisenan,,nsz,,nise1244,
Nisga'a,,ncg,,nisg1240,
Nishga-Gitxsan,"Gitxsan, Nisga'a",,"git, ncg",nish1242,"gitx1241, nisg1240"
Nisi (China),,yso,,nisi1238,
Dafla,,dap,,nisi1239,
Nisoid,"Nisu-Nyisu, Nuclear Nisoid, Unclassified Nisoid",,,niso1234,"nisu1237, nucl1739, uncl1517"
Nisu-Nyisu,"Nisu, Nyisu",,,nisu1237,"nisu1238, nyis1235"
Nisu,"Far Northwestern Nisu, Nuclear Nisu",,nsf,nisu1238,"farn1234, nucl1833"
Nisvai,,,,nisv1234,
Nithi-Meru,"Meru, Mwimbi-Muthambi",,"mer, mws",nith1234,"meru1245, mwim1241"
Nitita,,,,niti1249,
Nititi-Vivti,"Nitita, Vivti",,,niti1250,"niti1249, vivt1234"
Niuafo'ou,,num,,niua1240,
Niuatoputapu,,nkp,,niua1241,
Niuean,,niu,,niue1239,
Nivaclé,"Forest Nivaclé, River Nivaclé",cag,,niva1238,"fore1271, rive1261"
Nivkh,"Amur Nivkh, Nighvng",,niv,nivk1234,"gily1242, sakh1247"
Nizaa-Mambila-Vute,"Konja-Mambila-Vute, Nizaa",,sgi,niza1234,"konj1251, suga1248"
Njalgulgule,,njl,,njal1239,
Njanga,,,,njan1240,
Njebi,,nzb,,njeb1242,
Njebi (B.50),"Ndjavi A, Ndjavi B, Vili of Ngounie",,,njeb1244,"ndja1234, ndja1235, vili1239"
Njemic,"Koonzime, Njyem",,"ozm, njy",njem1234,"koon1245, njye1238"
Njen,,njj,,njen1238,
Njerup,"Luo (Cameroon), Njerep, Yeni",,"luw, njr, yei",njer1241,"luoc1235, njer1242, yeni1253"
Njerep,,njr,,njer1242,
Njila,"Northern Njila, Southern Njila",,,njil1234,"nort3257, sout3233"
Njyem,,njy,,njye1238,
Nkafa-Kirya-Bana,"Bana, Nkafa-Kirya",,bcw,nkaf1238,"bana1305, higi1242"
Nkambe,"Dzodinka, Limbum, Mbe', Mfumteic, Yamba",,"add, lmp, mtk, yam",nkam1238,"dzod1238, limb1268, mbee1250, mfum1239, yamb1251"
Nkami,,nkq,,nkam1239,
Nkangala,,nkn,,nkan1238,
Nkari,,nkz,,nkar1238,
Nkem-Nkum,"Nkem, Nkum",isi,,nkem1242,"nkem1243, nkum1250"
Nkhumbi,"Handa (Nkhumbi), Hinga, Humbe, Ngwena, Nkumbi, Nkwankwa, Pungu",khu,,nkhu1238,"hand1240, hing1234, humb1241, ngwe1239, nkum1251, nkwa1239, pung1240"
N'Ko,,nqo,,nkoa1234,
Nkonya-Nkami,"Nkami, Nkonya",,"nkq, nko",nkon1245,"nkam1239, nkon1248"
Nkongho,,nkc,,nkon1247,
Nkonya,,nko,,nkon1248,
Nkoroo,,nkx,,nkor1239,
Nkore-Kiga-Nyoro-Tooro,"Nkore-Kiga, Nyoro-Tooro",,,nkor1240,"nkor1241, nyor1247"
Nkore-Kiga,"Chiga, Nyankole",,"cgg, nyn",nkor1241,"chig1238, nyan1307"
Nkoya,"Lukolwe, Lushangi, Mashasha, Mbowela, Nuclear Nkoya, Shasha",nka,,nkoy1244,"luko1238, lush1250, mash1265, mbow1244, nucl1385, shas1264"
Nkukoli,,nbo,,nkuk1238,
Nkutu,"Elembe, Kongola-Meno, Lokalo, Ngongo (Nkutu), Saka (DRC)",nkw,,nkut1238,"elem1254, kong1288, loka1253, ngon1273, saka1285"
Nkutsuic,"Bushoong-Wongo-Lele, Nkutsu-Lokenye, Ombo, Tetelaic, Yela-Kela",,"oml, yel",nkut1239,"bush1251, nkut1240, ombo1238, tete1254, yela1238"
Nkutsu-Lokenye,"Dengese, Songomenic",,dez,nkut1240,"deng1250, song1311"
Nmi-Fij-Fwa,"Hyenghene, Pije",,piz,nmif1235,"hyen1234, pije1237"
Nmi-Pij-Fwa-Pam-Pap,"Nmi-Fij-Fwa, Pwaamei, Pwapwa",,"pme, pop",nmip1235,"nmif1235, pwaa1237, pwap1237"
Nnam,,nbp,,nnam1238,
Nnam-Ekajuk,"Ekajuk, Nnam",,"eka, nbp",nnam1239,"ekaj1238, nnam1238"
N||ng,"||Ng!ke, N|u",ngh,,nngg1234,"ngke1238, nuuu1242"
Noakhali,"Feni (Noakhali), Hatia islands, Maijdi",,,noak1234,"feni1234, hati1234, maij1234"
Nobiin Nubian,"Nobiin, Old Nubian",,"fia, onw",nobi1239,"nobi1240, oldn1245"
Nobiin,"Fiyadikka, Mahas",fia,,nobi1240,"fiya1238, maha1295"
Nobonob,Ari (Papua New Guinea),gaw,,nobo1238,arii1244
Nocamán,,nom,,noca1240,
Nocte Naga,"Kuwa, Hakhun, Hahon Naga, Laju, Nuclear Nocte, Bote Naga, Hame Naga, Kaasik Naga, Hathim Naga, Lama Naga",njb,,noct1238,"kuwa1253, hakh1236, hakh1237, laju1238, nucl1786, bote1240, hame1244, hasi1235, hath1235, lama1296"
Noctean,"Nocte Naga, Tutsic",,njb,noct1239,"noct1238, tuts1236"
Nogai,"Alabugat Tatar, Black Nogai, Central Nogai, Karagash, Steppe Crimean Tatar, White Nogai, Yurt Tatar",nog,,noga1249,"alab1256, blac1266, cent1996, kara1509, nort2692, whit1262, yurt1234"
Noiri,Barutiya,noi,,noir1238,baru1265
Nokuku,,nkk,,noku1237,
Nomaande,"Nomeng, Nonyambaye-Nobanye, Nuceko",lem,,noma1260,"nome1234, nony1234, nuce1234"
Nomane,"Kiari, Megne, Kewa-Meba",nof,,noma1262,"kiar1239, megn1236, nucl1616"
Nomatsiguenga,,not,,noma1263,
Nomu,,noh,,nomu1240,
Nong Zhuang,,zhn,,nong1247,
Non-Khoekhoe,"Ost-Kxoe, Ts'ixa, West-Kxoe",,,nonk1236,"ostk1235, tsix1234, west2506"
Nonuya-Ocaina,"Nonuya, Ocaina",,"noj, oca",nonu1240,"nonu1241, ocai1244"
Nonuya,,noj,,nonu1241,
Nooksack,,nok,,nook1247,
Noon,"Cangin-Noon, Padee, Saawii",snf,,noon1242,"cang1246, pade1238, saaw1241"
Noone,,nhu,,noon1243,
Noon-Lehar,"Lehar, Noon",,"cae, snf",noon1244,"leha1242, noon1242"
Nooni-Ncane,"Ncane-Cung, Noone",,nhu,noon1245,"ncan1246, noon1243"
Nootka,,noo,,noot1239,
Nopala Chatino,,cya,,nopa1235,
Noric,,nrc,,nori1240,
Norman Pama,"Kok-Nar, Kuthant-Gurdjar, Walangama",,"gko, nlw",norm1247,"kokn1236, kuth1239, wala1263"
Norra,,nrr,,norr1243,
Nor,"Kopar, Murik (Papua New Guinea)",,"xop, mtf",norr1244,"kopa1248, muri1260"
North Picene,,nrp,,nort1401,
North-Eastern Tasmanian,"Ben-Lomond-Cape-Portland, North Midlands Tasmanian",,"xpb, xph",nort1442,"benl1235, neta1235"
North Central Alacufan,"Alacalufe-Central, Qawasqar",,alc,nort1506,"alac1240, qawa1238"
Northern Sahaptin,"Northeast Sahaptin, Northwest Sahaptin",,"waa, yak",nort1527,"wall1238, yaki1237"
Northern Guiyang Hmong,,huj,,nort1545,
Northern Mashan Hmong,,hmp,,nort1546,
Northern Daly,"Mullukmulluk, Tyaraity",,"mpb, woa",nort1547,"mull1237, tyar1236"
Taos Northern Tiwa,Taos,twf,,nort1550,taos1236
Northern East Cree,,crl,,nort1552,
Northern Frisian,"Insular Northern Frisian, Föhr-Amrum, Amrum, Ferring, Aasdring, Weesdring, Helgoland, Sölreng, Mainland Northern Frisian, Hallingen, Karrharde, Bökingharde, Ostermooring, Westermooring, Norder-Mittelgoesharde, Wiedingharde",frr,,nort2626,"insu1255, fohr1234, amru1234, ferr1240, aasd1234, wees1234, helg1238, solr1238, main1285, hall1241, karr1238, moor1245, oste1243, west2910, nord1237, wied1234"
Eastern Low German,"Märkisch, Mittelmärkisch, Nordmärkisch, Südmärkisch, Mittelpommersch, Niederprussisch, Mecklenburg-Vorpommern, Mecklenburgish, Strelitzsch, Voorpommerisch",nds,,nort2627,"bran1235, mitt1255, nord1236, sudm1234, east2293, lowe1387, meck1238, meck1239, stre1234, west2358"
German Northern Low Saxon,"Dithmarsch, East Frisian Low Saxon, Emsländisch, Holsteinisch, North Hanoveranian, Oldenburgisch, Schleswigsch",frs,,nort2628,"dith1234, east2288, emsl1234, hols1234, nort3307, olde1241, schl1236"
Northwestern Fars,,faz,,nort2640,
Northern Kurdish,"Northern Kurmanji, Bayezidi, Bitlis Kurmanji, Erevan Kurmanji, Mush Kurmanji, Van Kurmanji, Southern Kurmanji, Ashiti, Boti, Southeastern Kurmanji, Akre, Amadiye Kurdish, Barwari Jor, Gulli, Hakkari, Mhallami, Sheikhan-Dohuk, Shemdinani, Surchi, Zakho Kurdish, Western Kurmanji, Northwest Kurmanji, Elbistan Kurmanji, Sivas, Southwest Kurmanji, Aleppo Kurmanji, Khorasani Kurmanji, Urfa Kurmanji",kmr,,nort2641,"nort3328, baye1238, bitl1234, erev1241, mush1241, vank1234, sout3316, ashi1242, boti1239, sout3317, akre1239, amad1240, barw1242, gull1240, heka1238, mhal1238, shei1239, shem1238, surc1239, zakh1242, west2933, nort3329, mara1374, siva1240, sout3318, alep1242, khor1267, urfa1239"
Northern Tatic,"Harzani-Kilit, Karingani-Kalasuri-Khoynarudi",,"hrz, kgn",nort2642,"harz1239, kari1303"
Northern Luri,"Andimeshki, Bala-Gariva'i, Borujerdi, Cagani, Khorramabadi, Mahali (Iran), Nahavandi",lrc,,nort2645,"andi1253, bala1298, boru1243, caga1240, khor1268, maha1286, naha1259"
Northern Pashto,"Durani, Ghilzai, Ningraharian Pashto, Northwestern Pakhto, Northeastern Pashto, Afridi, Kohat Pashto, Mohmand, Shilmani, Shinwari, Yusufzai",pbu,,nort2646,"dura1243, ghil1238, ning1268, nort2647, nort2648, afri1271, koha1244, mohm1238, shil1260, shin1262, yusu1238"
Northern Hindko,"Kaghani, Tinauli",hno,,nort2662,"kagh1234, tina1256"
Northwest Pashayi,"Alasai, Bolaghain, Gulbahar, Kohnadeh, Laurowan, Najil, Nangarach, Pachagan, Pandau, Parazhghan, Pashagar, Sanjan, Shamakot, Shutul (Northwest Pashayi), Uzbin, Wadau",glh,,nort2665,"alas1253, bola1240, gulb1238, kohn1238, laur1248, naji1238, nang1257, pach1239, pand1261, para1300, pash1271, sanj1275, sham1274, shut1242, uzbi1238, wada1258"
Northeast Pashayi,"Aret, Chalas, Kandak, Kurangal, Kurdar",aee,,nort2666,"aret1240, chal1263, kand1293, kura1247, kurd1258"
North Saami,"Finnmárku Saami, Eastern Finnmarku Saami, Western Finnmarku Saami, Sea Lappish, Torne Saami, Čohkkiras, Gárasavvon",sme,,nort2671,"finn1320, east2866, west2962, seal1238, torn1243, cohk1234, gara1271"
Northern Great Andamanese,"Bo-Cari, Jeru-Kora",,,nort2678,"boca1235, jeru1239"
North Aslian,"Chewong, Maniq-Menraq-Batek",,cwg,nort2682,"chew1245, mani1290"
Northern Khmer,"Buriram, Sisaket, Surin",kxm,,nort2684,"buri1257, sisa1246, suri1265"
Northern Altai,"Chelkan, Kondoma Shor, Kumandin, Tuba-Kizi",atv,,nort2686,"chel1242, kond1293, kuma1284, tuba1280"
Sakha-Dolgan,"Dolgan, Sakha",,"dlg, sah",nort2688,"dolg1241, yaku1245"
Northern Uzbek,,uzn,,nort2690,
North Kipchak,"Bashkiric, Siberian Tatar",,sty,nort2696,"bash1267, sibe1250"
North Azerbaijani,"Eastern Azerbaijani, Baku, Derbend Azerbaijani, Lenkaran, Quba (Turkic), Salyan, Shamakhi, Northern Azerbaijani, Nukha, Qabala, Zaqatala (Turkic), Qyzylbash, Southern Azerbaijani, Karapapak, Nakhchivan, Ordubad, Terekeme, Yerevan, Western Azerbaijani, Airym, Borcala, Central Azerbaijani, Ganja, Shusha, Qazakh",azj,,nort2697,"east2839, baku1259, derb1245, lenk1246, quba1245, saly1245, sham1275, nort3322, nukh1239, qaba1238, zaqa1241, qyzy1236, sout3306, kara1470, nakh1244, ordu1239, tere1273, yere1242, west2924, airy1239, borc1242, cent2356, ganj1240, shus1247, qaza1238"
North Dravidian,"Brahui, Kurux-Malto",,brh,nort2698,"brah1256, kuru1300"
Northwestern Kolami,"Madka-Kinwat, Maregaon, Pulgaon, Wani",kfb,,nort2699,"madk1237, mare1259, pulg1238, wani1241"
Northern Gondi,"Amravati, Betul, Bhandara, Chhindwara, Mandla (Dravidian), Nagpur, Seoni, Yavatmal",gno,,nort2702,"amra1237, betu1237, bhan1241, chhi1244, mand1414, nagp1250, seon1237, yava1251"
Northern Karen,"Geko Karen, Kayan Lahwi, Yinbaw Karen, Lahta-Zayein Karen",,"ghk, pdu, kvu, kxk",nort2703,"geko1235, kaya1315, yinb1236, zaye1235"
Northern Pwo Karen,"Phrae Pwo Karen, Pwo Northern Karen",,"kjt, pww",nort2704,"phra1235, pwon1235"
Northern Ghale,"Jagat, Khorla, Nyak, Philim, Uiya",ghh,,nort2709,"jaga1246, khor1243, nyak1258, phil1244, uiya1236"
Northern-Southern Muji,"Northern Muji, Southern Muji",,"ymx, ymc",nort2715,"nort2716, sout2722"
Northern Muji,,ymx,,nort2716,
Northern Nisu,"North-Central Nisu, Northwestern Nisu",,"nos, yiv",nort2717,"east2349, nort2718"
Northwestern Nisu,"Eshan Nasu, Xinping Nisu",yiv,,nort2718,"esha1238, xinp1238"
Northern Burmish,"Hpon, Maruic",,hpo,nort2720,"hpon1238, maru1254"
Northern Qiang,"Cimulin, Heihu, Jiaochang, Luhua, South Songpan, West Maoxian-South Heishui Qiang, Sanlong, Weigu, Yadu",cng,,nort2722,"cimu1238, heih1238, jiao1241, luhu1242, sout3258, west2876, sanl1247, weig1238, yadu1238"
Northern Pumi,"Jīsū, Lābó Pumi, Mùdǐqīng Pumi, Sānyǎnlóng, Taoba, Táobā, Tuōqī Pumi, Zuŏsuŏ",pmi,,nort2723,"jisu1234, labo1245, mudi1234, sany1234, taob1238, taob1239, tuoq1234, zuos1234"
Northern Bai,"Bijiang Bai, Ega Bai, Enqi Bai, Luobenzhuo Bai, Jinman Bai, Tuoluo Bai",bfc,,nort2724,"biji1251, egab1234, enqi1234, luob1236, nuji1238, tuol1234"
Northern Rengma Naga,,nnl,,nort2725,
Lohorung,Biksit,lbr,,nort2727,biks1238
Northwestern Kiranti,"Bahing, Sunwar, Wayu",,"bhj, suz, vay",nort2730,"bahi1252, sunw1242, wayu1241"
Northern Tujia,"Baojing Tujia, Longshan Tujia",tji,,nort2732,"baoj1238, long1377"
Northern Kam,"Cao Miao, Northern Dong",,"cov, doc",nort2734,"caom1238, nort2735"
Northern Dong,,doc,,nort2735,
Northern Shanic,"Sipsongpannic, Tai Nüa",,tdd,nort2739,"luey1235, tain1252"
Northern Thai,"Bandu, Nan, Tai Wang",nod,,nort2740,"band1336, nann1238, taiw1246"
Northeastern Thai,"Central Isan, Northern Isan, Southern Isan",tts,,nort2741,"cent2011, nort2742, sout2745"
Northern Buyang,"E'ma Buyang, En, Langnian Buyang",,"yzg, enc, yln",nort2744,"emab1235, ennn1243, lang1316"
Northern Yukaghir,,ykg,,nort2745,
Northern Yeniseian,"Ket, Yugh",,"ket, yug",nort2746,"kett1243, yugh1239"
Northern Qiandong Miao,,hea,,nort2747,
North Hmongic,"Eastern Xiangxi Miao, Western Xiangxi Miao",,"muq, mmr",nort2748,"east2371, west2430"
Northern Huishui Hmong,,hmi,,nort2749,
Northern Worrorran,"Forrest River, Wilawila, Wunambal",,"wil, wub",nort2751,"forr1234, wila1240, wuna1249"
Northern Thura-Yura,"Adnyamathanha, Banggarla, Guyani",,"adt, bjb, gvy",nort2752,"adny1235, bang1339, guya1249"
Northern Sunraysia,"Keramin, Kureinji, Yari-Yari",,,nort2756,"kera1256, kure1240, yari1243"
Northern Maric,"Gudjal, Warungu-Gugu Badhun",,,nort2757,"gudj1237, waru1263"
Northern Pama,"Albatross Bay, Arritinngithigh, Gudang-Northeast Paman, Linngithigh-Alngith, Mbiywom, Mpalityanh-Luthigh, Ngkoth, Yinwum",,"rrt, yxm",nort2758,"alba1272, arit1239, guda1246, leni1237, mbiy1238, mpal1237, ngko1236, yinw1236"
Umpilaic,"Kanju, Kuuku-Ya'u, Umpila",,"kbe, kuy, ump",nort2759,"kanj1260, kuuk1238, umpi1239"
Northern Inland Yuin,"Gundungurra, Ngunawal",,"xrd, xul",nort2760,"gund1248, ngun1277"
Northern Costal Yuin,"Dhurga, Thurawal",,"dhu, tbh",nort2761,"dhur1239, thur1254"
Northern Kissi,"Kama, Liaro, Teng, Tung",kqs,,nort2765,"kama1356, liar1238, teng1263, tung1284"
Northern Bia,"Anufo, Anyinic, Baoulé, Sehwi",,"cko, bci, sfw",nort2767,"anuf1239, anyi1246, baou1238, sehw1238"
North Fali,"Bossoum, Bveri, Dourbeye",fll,,nort2770,"boss1241, bver1238, dour1238"
Northern Mbum,"Dama-Galke, Tupuri-Mundang-Mambai",,,nort2773,"dama1266, tupu1245"
Northern Ngbandi,,ngb,,nort2774,
Northwest Gbaya,"Banginda, Bodoe, Gaymona, Gbaya Kara, Lai, Lombu, Mbai (Northwest Gbaya), Mbere (Northwest Gbaya), Mombe, Yaáyuwee",gya,,nort2775,"bang1346, bodo1270, gaym1238, gbay1283, laii1239, lomb1259, mbai1247, mber1255, momb1253, yaay1238"
Northern Central Gur,"Bwamu-Oti-Volta, Koromfé",,kfz,nort2777,"bwam1248, koro1298"
Northern Dagara,"Lober, Nura, Wule",dgi,,nort2780,"lobe1241, nura1238, wule1238"
Northern Grusi,"Kalamsé, Lyélé, Nuna-Kasem, Pana (Burkina Faso)",,"knz, lee, pnq",nort2782,"kala1383, lyel1241, nuna1234, pana1295"
Northern Nuni,"Northwestern Nuni, Northeastern Nuni",nuv,,nort2784,"nort2785, nort2786"
Northern Toussian,"Kebeenton, Ter, Tru, Wenteene",tsp,,nort2787,"kebe1238, terr1239, truu1238, went1241"
North-South Central Delta Cross,"Koring-Kukele, Ubaghara-Kohumono",,,nort2790,"kori1259, ubag1244"
Zimbabwean Ndebele,,nde,,nort2795,
Northern Grebo,"Chedepo, E Je, Fopo-Bua, Gbepo, Jedepo, Klepo, Northeastern Grebo, Ketiepo, Nitiabo, Sabo, Tuobo, Webo, Palipo, Tienpo",gbo,,nort2810,"ched1238, ejee1238, fopo1238, gbep1238, jede1238, klep1238, nort2811, keti1246, niti1248, sabo1240, tuob1242, webo1238, pali1275, tien1243"
Northern Lwoo,"Anuak, Belanda Bor, Luwo-Thuri, Päri, Shilluk",,"anu, bxb, lkr, shk",nort2814,"anua1242, bela1256, luwo1240, pari1256, shil1265"
Northeastern Dinka,"Abiliang, Ageer, Dongjol, Luac, Ngok-Sobat, Rut, Thoi",dip,,nort2815,"abil1238, agee1238, dong1295, luac1241, ngok1245, rutt1238, thoi1238"
Northwestern Dinka,"Alor (Nilotic), Ngok-Kordofan, Pan Aru, Pawany",diw,,nort2816,"alor1246, ngok1246, pana1299, pawa1254"
Northern Bobo Madaré,"Jèrè, Kukoma, Kure, Sankuma, Tankri, Yaba",bbo,,nort2819,"jere1245, kuko1238, kure1239, sank1252, tank1238, yaba1247"
Northwest Songhay,"Koyra Chiini Songhay, Northern Songhay",,khq,nort2822,"koyr1240, nort2823"
Northern Songhay,"Korandje, Tadaksahak, Tagdal, Tasawaq",,"kcy, dsq, tda, twq",nort2823,"kora1291, tada1238, tagd1238, tasa1240"
North Plateau Dogon,"Dogul Dom Dogon, Yanda-Bondum-Tebul",,dbg,nort2824,"dogu1235, yand1255"
North Moluccan Malay,,max,,nort2828,
Northwest Sumatra-Barrier Islands,"Gayo, Nuclear Barrier Islands, Batakic",,gay,nort2829,"gayo1244, nucl1463, toba1265"
Northern Batak,"Batak Alas-Kluet, Batak Karo, Batak Dairi",,"btz, btx, btd",nort2831,"bata1292, bata1293, bata1294"
North and West Guadalcanal,"Ghari, Lengo, Malango",,"gri, lgr, mln",nort2832,"ghar1239, leng1259, mala1484"
Central-Northern Malaita,"Gula'alaa, Kwaio, Kwara'ae, North Malaitan, Wala",,"gmb, kwd, kwf, lgl",nort2833,"gula1270, kwai1243, kwar1239, nort3284, wala1266"
North Efate,"Buninga, Emau, Livara, Nguna, Paunangis, Sesake",llp,,nort2836,"buni1246, emau1237, liva1239, ngun1274, paun1240, sesa1243"
North Ambrym,"Magam, Olal",mmg,,nort2839,"maga1262, olal1237"
North Marquesan,"Hatutu, Nuku Hiva, Ua Huka, Ua Pou",mrq,,nort2845,"hatu1243, nuku1261, uahu1237, uapo1237"
North Tanna,"East Tanna, Imafin, West Tanna",tnn,,nort2847,"east2450, imaf1237, west2520"
North Papuan Mainland-D'Entrecasteaux linkage,"Anuki, Are-Taupota linkage, Bwaidoga linkage, Dobu-Duau linkage, Gumawana, Kakabai linkage",,"aui, gvs",nort2848,"anuk1239, aret1241, bwai1241, dobu1240, guma1254, kaka1266"
North Watut,,una,,nort2857,
North Huon Gulf linkage,"Bugawac, Kela (Papua New Guinea), Yabem",,"buk, kcl, jae",nort2858,"buga1250, kela1255, yabe1254"
North Babaric,"Dai, Dawera-Daweloor, North Babar",,"dij, ddw, bcd",nort2859,"daii1240, dawe1237, nort2860"
North Babar,,bcd,,nort2860,
Wemale,"Horale, Kasieh, Uwenpantai",weo,,nort2864,"hora1237, kasi1255, uwen1237"
North Nuaulu,,nni,,nort2867,
Sangil-Sangir,"Sangir, Sangil",,"sxn, snl",nort2871,"sang1336, sang1337"
North Mangyan,"Alangan, Iraya, Tadyawan",,"alj, iry, tdy",nort2873,"alan1249, iray1237, tady1237"
Northern Alta,,aqn,,nort2875,
Northern Kankanay,,xnn,,nort2877,
Northern Catanduanes Bicolano,,cts,,nort2883,
North Manobo,"Kagayanen, Kinamiguin-Bukidnon",,cgc,nort2884,"kaga1256, kina1254"
Northern Subanen,"Dapitan, Dikayu, Salog",stb,,nort2885,"dapi1237, dika1237, salo1238"
North Minahasan,"Northeast Minahasan, Tontemboan",,tnt,nort2886,"nort2887, tont1239"
Northeast Minahasan,"Tombulu, Tondano, Tonsea",,"tom, tdn, txs",nort2887,"tomb1243, tond1251, tons1240"
North East Greater Barito,"Lawangan, Tawoyan",,"lbx, twy",nort2888,"lawa1257, tawo1243"
Northern Betsimisaraka Malagasy,,bmm,,nort2890,
North West Greater Barito,"Kohin, Ot Danum, Siang",,"kkx, otd, sya",nort2891,"kohi1250, otda1235, sian1254"
Northern South Sulawesi,"Mamuju, Mandar, Masenrempulu, Pitu Ulunna Salu, Torajic",,"mqx, mdr",nort2894,"mamu1255, mand1442, mase1250, pitu1237, tora1260"
Northern Tomini,"Dondo, Lauje, Tomini",,"dok, law, txm",nort2897,"dond1249, lauj1238, tomi1243"
Northern Kaili-Wolio,"Greater Kaili, Pamona-Tombelala, Topoiyo, Uma-Sarudu",,toy,nort2898,"kail1254, pamo1251, topo1243, umas1234"
Northwest Formosan,"Pazeh-Kahabu, Kulon, Saisiyat",,"pzh, uon, xsy",nort2899,"kulo1237, kulo1238, sais1237"
Northern East Formosan,"Basay, Kavalan, Ketangalan",,"byq, ckv, kae",nort2900,"basa1287, kava1241, keta1243"
Northern One,,onr,,nort2907,
North Binanderean,"Suena, Zia",,"sue, zia",nort2909,"suen1241, ziaa1250"
North Muyu,"Kanggewot, Toemoetoe",kti,,nort2916,"kang1290, toem1238"
Momogo-Pupis-Irogo,,nks,,nort2917,
North Awyu,,yir,,nort2918,
North Tairora,"Aantantara, Arau-Varosia, Arokaara, Saiqora",tbg,,nort2920,"aant1238, arau1254, arok1238, saiq1238"
North Wahgi,Banz-Nondugl,whg,,nort2921,banz1242
North Halmahera,"Northern North Halmahera, West Makian",,mqs,nort2923,"nort2924, west2600"
Northern North Halmahera,"Mainland North Halmaheran, Sahuan, Ternatean",,,nort2924,"main1282, sahu1244, tern1246"
Northeast Kiwai,"Arigibi, Gibaio, Kope, Urama",kiw,,nort2930,"arig1248, giba1246, kope1239, uram1241"
North Bougainville,"Ramopa, Rapoisi, Rotokas-Askopan",,"kjx, kyx",nort2933,"ramo1245, rapo1238, roto1248"
Northern Amami-Oshima,"Naze, Sani (Japonic)",ryn,,nort2935,"naze1238, sani1272"
Northern Haida,,hdn,,nort2938,
North Central Mixe,"Atitlín Mixe, Cotzocón Mixe, Mixe de San Juan Cotzocón, Mixistlan, Olotepec, Puxmetecín, Zacatepec",neq,,nort2939,"atit1238, cotz1238, mixe1283, mixi1242, olot1240, puxm1238, zaca1240"
Northern Tutchone,,ttm,,nort2941,
North Slavey,"Bearlake Slavey, Hare, Mountain Slavey",scs,,nort2942,"bear1241, hare1244, moun1257"
North Alaskan Inupiatun,"Malimiutun, Kobuk River Inupiatun, Kotzebue Sound Inupiatun, North Slope Inupiatun",esi,,nort2943,"mali1289, kobu1239, kotz1238, nort2944"
Seward Alaska Inupiatun,"Qawiaraq Inupiatun, Bering Strait Inupiatun",esk,,nort2945,"coas1299, king1259"
Northern Iroquoian,"Cayuga, Laurentian, Mohawk-Oneida, Onondaga, Seneca, Susquehannock, Tuscarora-Nottoway, Huron-Wyandot",,"cay, lre, ono, see, sqn, wya",nort2947,"cayu1261, laur1250, moha1257, onon1246, sene1264, susq1241, tusc1256, wyan1247"
Northern Interior Salish,"Lillooet, Thompsonic",,lil,nort2948,"lill1248, thom1244"
Northern Caddoan,"Pawnee-Kitsai, Wichita",,wic,nort2950,"pawn1252, wich1260"
Northwest Maidu,,mjd,,nort2951,
Northeast Maidu,,nmu,,nort2952,
Northern Uto-Aztecan,"Californian Uto-Aztecan, Hopi, Numic, Unclassified Northern Uto-Aztecan",,hop,nort2953,"cali1246, hopi1249, numi1242, unun9948"
Northern Paiute,"Bannock, North Northern Paiute, South Northern Paiute",pao,,nort2954,"bann1248, nort1551, sout2967"
Northern Tarahumara,,thh,,nort2956,
Northern Puebla Nahuatl,,ncj,,nort2957,
Northern Oaxaca Nahuatl,,nhy,,nort2958,
Northern Tepehuan,,ntp,,nort2959,
Northwestern Ojibwa,"Albany River Ojibwa, Berens River Ojibwa, Lac Seul Ojibwa, Lake of the Woods Ojibwa, Rainy River Ojibwa",ojb,,nort2961,"alba1270, bere1251, lacs1238, lake1257, rain1239"
Northern Wakashan,"Haisla, Kwakiutlan",,has,nort2964,"hais1244, kwak1268"
Northern-Central Pomoan,"Central Pomo, Northern Pomo",,"poo, pej",nort2965,"cent2138, nort2966"
Northern Pomo,"Guidiville, Sherwood Valley",pej,,nort2966,"guid1240, sher1259"
Northeastern Russian River Pomo,,pef,,nort2967,
Northern Sierra Miwok,,nsq,,nort2968,
San Francisco Bay Ohlone,"Chocheño, Ramaytush, Tamyen",cst,,nort2969,"east2548, sanf1261, sant1427"
Enlhet Norte,,enl,,nort2971,
Northern Emberá,,emp,,nort2972,
Northern Pastaza Quichua,Tigre Quechua,qvz,,nort2973,tigr1253
North Bolivian Quechua,"Apolo, Charazani, Chuma",qul,,nort2976,"apol1241, char1270, chum1263"
Northern Conchucos Ancash Quechua,,qxn,,nort2979,
North Junín Quechua,,qvn,,nort2980,
Northern Pame,,pmq,,nort2984,
Northern Tlaxiaco Mixtec,"Monte Verde Mixtec, Yosoñama",xtn,,nort2985,"mont1271, yoso1238"
Northwest Oaxaca Mixtec,,mxa,,nort2986,
Northern Core Zapotec,"Cajonosic, Choapan Zapotec, Rinconic, Sierra Juarezic",,zpc,nort2987,"cajo1239, choa1237, rinc1237, sier1251"
Northern Roglai,,rog,,nort2994,
Northern Magdalenic,"Arhuacic, Chimila",,cbg,nort3000,"arhu1241, chim1309"
North Mofu,"Douroun, Wazan",mfk,,nort3046,"dour1242, waza1238"
North Giziga,Muturuwa,gis,,nort3047,mutu1250
Levantine Arabic,"Aleppo, Beqaa Arabic, Cilicia-Antioch Arabic, Iqlim-Al-Kharrub Sunni Arabic, Jdaideh Arabic, North Lebanese Arabic, North-Central Lebanese Arabic, Saida Sunni Arabic, South-Central Lebanese Arabic, South Lebanese Arabic, South Levantine Arabic, Fellahi, Madani, Standard Lebanese Arabic, Sunni Beiruti Arabic",apc,ajp,nort3139,"alep1241, beqa1238, cili1234, iqli1238, jdai1238, nort3140, nort3141, said1240, sout3121, sout3122, sout3123, fell1238, mada1297, stan1323, sunn1238"
North Mesopotamian Arabic,"Anatolian Qeltu, Diyarbakir, Kozluk-Sason-Mush, Mardinic, Azex, Kosa-Mhallami, Mardin Town, Mardin Villages, Mardin Plains, Mosul Arabic, Siirt, Euphrat Qeltu, Tigris Qeltu",ayp,,nort3142,"anat1261, diya1234, kozl1234, mard1246, azex1234, kosa1252, mard1247, mard1248, mard1249, mosu1235, siir1234, euph1239, tigr1278"
Northwestern Tamang,,tmk,,nort3144,
Wojokesic,"Kamasa-Susuami, Kawacha, Safeyoka",,"kcb, apz",nort3145,"kama1359, kawa1276, safe1240"
North-Central Atlantic,"Cangin, Central Atlantic, Jaad, Naluic, Fula-Sereer, Tenda, Wolof-BKK",,,nort3146,"cang1245, cent2230, jaad1234, nalu1241, peul1234, tend1239, wolo1248"
Northern Tungusic,"Evenki, Ewenic, Negidalic, Oroqen",,"evn, orh",nort3147,"even1259, ewen1234, negi1246, oroq1238"
North Volta-Congo,"Bua-Kim-Day, Cameroun-Ubangian, Gbaya-Manza-Ngbaka, Gur, Kam, Senufo, Unclassified North Volta-Congo",,kdx,nort3149,"buak1234, came1255, gbay1279, gura1261, kamm1249, senu1239, uncl1526"
North Bahnaric,"Hre-Sedang-Todrah-Monam, Kayong-Jeh-Halang, Katua, Lamamic, Takua",,"kta, tkz",nort3150,"hres1236, jehh1244, katu1273, lama1291, taku1254"
North Munda,"Kherwarian, Korku",,kfq,nort3151,"kher1245, kork1243"
Northwest Germanic,"North Germanic, Older Runic, West Germanic",,,nort3152,"nort3160, olde1239, west2793"
Northern Nambiquaran,"Mamaindé, Roosevelt",,wmd,nort3153,"mama1278, roos1235"
North Coast Pama-Nyungan,"Gumbaynggiric, Waka-Kabic",,,nort3154,"gumb1242, waka1283"
Northern Chinese,"Jinyu Chinese, Mandarinic",,cjy,nort3155,"jiny1235, mand1471"
North Biu-Mandara,"Musguic, Gidar, Higic, Kotoko-Buduma, Lamang-Hdi, Margi-Mandara-Mofu, Maroua",,gid,nort3156,"bium1279, gida1247, higi1241, koto1267, lama1287, marg1267, maro1246"
North Masa,"Marba-Musey-Ham, Masa-Gizey-Zumaya",,,nort3157,"marb1244, masa1324"
Northern-Eastern-Western Agaw,"Northeastern Agaw, Qimant",,ahg,nort3158,"nort3163, qima1242"
North Germanic,"North Scandinavian, South Scandinavian, West Scandinavian",,,nort3160,"nort3266, sout3248, west2805"
North-West Ometo,"Basketo, Central Ometo, Male (Ethiopia)",,"bst, mdy",nort3161,"bask1236, cent2046, male1284"
Northeastern Agaw,"Bilin, Xamtanga",,"byn, xan",nort3163,"bili1260, xamt1239"
Northern West Rift South Cushitic,"Alagwa, Iraqwoid",,wbj,nort3164,"alag1248, iraq1240"
Northwest Semitic,"Aramaic, Canaanite",,,nort3165,"aram1259, cana1267"
Northern Bullom,"Bom-Kim, Bullom So",,"bmf, buy",nort3167,"bomk1234, bull1247"
Northern Bantoid,"Dakoid, Mambiloid, Tikar",,tik,nort3168,"dako1256, mamb1309, tika1246"
Northern Benue-Congo Plateau,"Iku-Gora-Ankwa, Nuclear Northern Benue-Congo Plateau",,ikv,nort3169,"ikug1238, nucl1832"
North Sarawakan,"Berawan-Lower Baram, Bintulu, Dayic, Kenyahic",,bny,nort3171,"bera1263, bint1246, kela1257, keny1280"
Northeast Sabahan,"Bonggi, Ida'an",,"bdg, dbj",nort3172,"bong1289, idaa1241"
Northern Sangiric,"Sangil-Sangir, Talaud",,tld,nort3174,"nort2871, tala1285"
North Sea Germanic,"Altsächsisch, Anglo-Frisian",,,nort3175,"alts1234, angl1264"
Northwestern Iranian,"Balochic, Caspian, Central Iran Kermanic, Komisenian, Laki-Kurdish, Parthian, Semnani-Biyabuneki, Adharic",,"xpr, smy",nort3177,"balo1260, casp1236, cent2264, komi1276, laki1246, part1239, semn1249, tati1243"
Northern Ngayarda,"Ngarla, Nyamal",,"nrk, nly",nort3178,"ngar1296, nyam1271"
Northeastern Kuki-Chin,"Sizangic, Thadoic",,,nort3179,"siza1239, thad1239"
Northern Daic,"Northern Tai, Yongnan-Yongbei, Zuojiang Zhuang",zha,zzj,nort3180,"nort3189, yong1274, zuoj1238"
Northwestern-Saulteaux Ojibwa,"Northwestern Ojibwa, Western Ojibwa",,"ojb, ojw",nort3181,"nort2961, west1510"
North-Central Edoid,"Afenmai-Bendel, Central Plains Edoid",,,nort3182,"afen1234, cent2259"
Northwestern Edoid,"Igwic, Osse, Southern Northwestern Edoid",,,nort3183,"igwi1234, osse1244, sout3171"
Northwestern Benue-Congo Plateau,"Gyong-Kamantan, Hyamic, Koroic",,,nort3184,"gyon1234, hyam1246, koro1301"
Northern Palawanic,"Batak-Central Tagbanwa, Tagbanwa",,tbw,nort3185,"bata1317, tagb1258"
Northern Murutic,"Gana, Lowland Murut, Paluan, Sumambu-Tagal",,"gnq, plz",nort3186,"gana1277, lowl1273, palu1253, suma1273"
Northeastern Luzon,"Dupaninan Agta, Nuclear Northeastern Luzon",,duo,nort3187,"dupa1235, nucl1755"
Northern Gelao,"Ahouic, Gelao Mulao",,giu,nort3188,"ahou1236, gela1264"
Northern Tai,"Bouyei, Guibei Zhuang, Hongshui He, Lianshan-Liujiang, Unclassified Northern Tai, Yei Zhuang, Youjiang Zhuang",,"pcc, zgb, zyj",nort3189,"bouy1240, guib1245, hong1247, lian1261, unun9894, yeiz1235, youj1238"
Northwest South Bauchi,"Gejic, Polci-Luri",,,nort3190,"geji1246, nyam1284"
North African Arabic,"Algerian Arabic, Algerian Saharan Arabic, Hassaniyya, Judeo-Tripolitanian Arabic, Judeo-Moroccan Arabic, Libyan Arabic, Malta-Tunisian Arabic, Moroccan-Andalusian Arabic",,"arq, aao, mey, yud, aju, ayl",nort3191,"alge1239, alge1240, hass1238, jude1264, jude1265, liby1240, malt1259, moro1295"
North Tivoid,"Abon, Ambo, Batu, Bitare",,"abo, amb, btu, brt",nort3192,"abon1238, ambo1249, batu1255, bita1251"
North-Central Liberian Grebo,"Barclayville-Gboloo-Central Liberian Grebo, Northern Grebo",,gbo,nort3193,"barc1236, nort2810"
North and Central Vanuatu,"Central Vanuatu, Northern Vanuatu",,,nort3195,"cent2269, nort3205"
North-Central Malagasic,"Kibosy Kiantalaotsy-Majunga, Central-Eastern Malagasic, Northern Malagasic",,buc,nort3196,"bush1250, cent2382, nort3207"
Northwestern Romani,"Kalo Finnish Romani, Sinte-Manus Romani",,"rmf, rmo",nort3197,"kalo1256, sint1235"
Northeastern Alta Mixtec,"Apasco-Apoala Mixtec, Soyaltepec Mixtec",,"mip, vmq",nort3198,"apas1235, soya1236"
Northern Alta Mixtec,"Coatzospan Mixtec, Cuyamecalco Mixtec",,"miz, xtu",nort3199,"coat1241, cuya1240"
Northern Baja Mixtec,"Chazumba Mixtec, Chigmecatitlán Mixtec, Southern Puebla Mixtec",,"xtb, mii, mit",nort3200,"chaz1235, chig1239, sout3001"
Northwestern Otomi,"Mezquital Otomi, Querétaro Otomi",,"ote, otq",nort3201,"mezq1235, quer1236"
North Guerrero Nahuatl,"Coatepec Nahuatl, Tlamacazapa Nahuatl",,"naz, nuz",nort3202,"coat1240, tlam1239"
Northeast Savanna Bantu,"Central Kenya Bantu, Great Lakes Bantu, Kilimanjaro-Taita, Northeast Coastal Bantu, Southern Tanzania Highlands Bantu, Sukuma-Nyamwezi (F.20), Unclassified Northeast Savanna Bantu",,,nort3203,"cent2274, grea1289, kili1269, nort3209, sout3185, suku1274, uncl1498"
North Guang,"Gonja-Dompo, Nkonya-Nkami, Nterato, Oti North Guang",,,nort3204,"gonj1242, nkon1245, nter1234, otin1234"
Northern Vanuatu,"Ambae, Espiritu Santo, Hano, Maewo, Torres-Banks linkage",,lml,nort3205,"amba1270, espi1234, hano1246, maew1234, torr1262"
North New Guinea linkage,"Huon Gulf, Ngero-Vitiaz linkage, Sarmi-Jayapura Bay, Schouten linkage",,,nort3206,"huon1245, nger1241, sarm1241, scho1242"
Northern Malagasic,"Antankarana Malagasy, Tsimihety-Betsimisaraka",,xmv,nort3207,"anta1255, tsim1259"
Northwestern Shifted Romance,"Gallo-Italian, Gallo-Rhaetian",,,nort3208,"gall1279, gall1280"
Northeast Coastal Bantu,"Coastal NEC Bantu, Pare-Taveta, Ruvu",,,nort3209,"coas1317, pare1274, ruvu1235"
Northern Jos,"Lameic, Lere, Ningic, North-Central Jos, Sheni-Ziriya",,"gnh, scv",nort3210,"lame1269, lere1241, ning1277, nort3215, shen1251"
Mid-Northern New Caledonian,"Jawe, Nmi-Pij-Fwa-Pam-Pap, Voh-Kone-Cem-Pac",,jaz,nort3211,"jawe1237, nmip1235, vohk1236"
Northern Okani,"Himba-Pinji, Kande",,kbs,nort3213,"himb1234, kand1300"
North-Central Jos,"Boze-Loro, Chokobo-Lemoro-Sanga, Iguta, Janji, Tunzu",,"nar, jni, dza",nort3215,"boze1240, chok1248, igut1238, janj1240, tunz1235"
North Lembata-Adonara,"Adonara, Ile Ape",,"adr, ila",nort3216,"adon1237, ilea1237"
Cape Cumberland,"Nokuku, Piamatsina, Tasmate, Valpei, Vunapu",,"nkk, ptr, tmt, vlp, vnp",nort3217,"noku1237, piam1242, tasm1246, valp1237, vuna1239"
Northern Tanna linkage,"Lenakel, Whitesands-North Tanna linkage",,tnl,nort3218,"lena1238, whit1270"
Northern Cham,"Northern Roglai, Tsat",,"rog, huq",nort3219,"nort2994, tsat1238"
North Nyanza,"Ganda, Gwere, Singa, Soga-Kenyi, Syan",,"lug, gwr, sgm",nort3220,"gand1255, gwer1238, sing1266, soga1244, syan1242"
Northwest Seram,"Hulung, Lisabata-Nuniali, Loun, Saleman, Ulat Inai",,"huk, lcs, lox, sau",nort3221,"hulu1246, lisa1239, loun1239, sale1244, ulat1237"
North Efatic,"Lelepa, North Efate",,"lpa, llp",nort3222,"lele1267, nort2836"
Northern Malakula,"Malua-Tepërav, North Coast Malakula",,mll,nort3223,"malu1245, nort3230"
Northwest Solomonic,"Choiseul, Mono-Uruavan, North Bougainville Oceanic, New Georgia, Banoni-Piva, Santa Isabel, West Santa Isabel",,,nort3225,"choi1242, mono1280, neha1246, newg1239, piva1237, sant1458, west2523"
Northern Kalinga,"Limos Kalinga, Northwest Kalinga",,kmk,nort3226,"limo1248, nort3231"
North Mara,"Gusii, Kuriaic, Suba, Unclassified North Mara",,"guz, sxb",nort3227,"gusi1247, kuri1276, suba1238, unun9920"
North Rutara,"Hema, Nkore-Kiga-Nyoro-Tooro, Ruuli, Talinga-Bwisi",,"nix, ruc, tlj",nort3228,"hema1238, nkor1240, ruul1235, tali1258"
Northwestern Sisaala,"Sissala of Burkina Faso, Western Sisaala",,"sld, ssl",nort3229,"siss1242, west2465"
North Coast Malakula,"Botovro-Vovo-Vao, Nese",,,nort3230,"boto1250, nese1235"
Northwest Kalinga,"Banao Itneg, Mabaka Valley Kalinga",,"bjx, kkg",nort3231,"bana1288, maba1279"
Northern Mijikenda,"Chonyi-Dzihana-Kauma, Duruma, Giryama",,"coh, dug, nyf",nort3232,"chon1287, duru1249, giry1241"
Northern Sotho,"Birwa, Sepedic",,brl,nort3233,"birw1238, sepe1241"
Northwest Oti-Volta,"Mossi-Farefare, Safaliba-Dagaare",,,nort3234,"moss1237, safa1246"
Carolinean Outlier Polynesian,"Kapingamarangi, Nukuoro",,"kpg, nkr",nort3235,"kapi1249, nuku1260"
Northeast Ambon,"Hitu, Tulehu",,"htu, tlu",nort3236,"hitu1239, tule1244"
North-West Dagaric,"Birifor, Northern Dagara",,dgi,nort3237,"biri1257, nort2780"
Northern Luzon,"Arta, Cagayan Valley, Iloko, Meso-Cordilleran, Northeastern Luzon, Unclassified Northern Luzon",,"atz, ilo",nort3238,"arta1239, caga1241, ilok1237, meso1254, nort3187, unun9992"
Northern Kalenjin,"Markweeta, Pökoot",,"enb, pko",nort3239,"mark1255, poko1263"
North-Eastern Neo-Aramaic,"Assyrian Neo-Aramaic, Chaldean Neo-Aramaic, Jewish Babylonian Aramaic (ca. 200-1200 CE), Northwestern Jewish Neo-Aramaic, Trans-Zab",,"aii, cld, tmr",nort3241,"assy1241, chal1275, jewi1240, nort3242, tran1290"
Northwestern Jewish Neo-Aramaic,"Barzani Jewish Neo-Aramaic, Lishana Deni",,"bjf, lsd",nort3242,"barz1241, lish1247"
Northern Indo-Portuguesic,"Daman-Diu Portuguese, Korlai Portuguese",,"idb, vkp",nort3243,"dama1278, korl1238"
Northern Hmong,,,,nort3244,
North Khoekhoe,"Hai//om-Akhoe, Nama (Namibia)",,"hgm, naq",nort3245,"haio1238, nama1264"
Northern Outlier Polynesian-East Polynesian,"Carolinean Outlier Polynesian, Solomons Northern Outlier Polynesian-East Polynesian",,,nort3246,"nort3235, solo1260"
Northeast Bainounk,,,,nort3247,
Northwestern Moroccan Berber,"Ghomara, Senhaja De Srair",,"gho, sjs",nort3248,"ghom1257, senh1238"
Northern Zhuang,,ccx,,nort3249,
North Korowai,,krg,,nort3250,
Northern Nambikuára,,mbg,,nort3251,
North Borneo Malayo-Polynesian,"Kayan-Murik-Modang, North Sarawakan, Sabahan, Central Sarawak",,,nort3253,"kaya1335, nort3171, saba1285, sara1342"
North Senufo,"Mamara Senoufo, Nanerigé Sénoufo, Senar de Kankalaba, Supyiric",,"myk, sen, seq",nort3254,"mama1271, nane1238, sena1262, supy1238"
Northern Ryukyuan,"Amami, Okinawa",,,nort3255,"amam1245, okin1244"
Northeastern Pama,"Umpilaic, Umbindhamuic",,,nort3256,"nort2759, umbi1242"
Northern Njila,"Mbala-Holu-Sondi (K.10), Mbundu (H.20)",,,nort3257,"mbal1259, mbun1247"
Northwest Gondi,"Northern Gondi, Southwest Gondi",gon,gno,nort3258,"nort2702, sout3367"
Northern Samba-Duru,"Doyayo, Vere-Gimme",,dow,nort3259,"doya1240, vere1249"
Northern Alantika Vere,"Eilim, Kobom, Nissim",,,nort3260,"eili1234, kobo1255, niss1234"
Northwestern Malakula,"Big Nambas, Tirax, Maragus",,"nmb, mme, mrs",nort3261,"bign1238, maee1241, mara1399"
Northern Tidung,"Labuk (Tidund), Tanjung Aru",ntd,,nort3262,"labu1253, tanj1249"
Northern Khanty,"Kazym-Berezover-Suryskarer Khanty, Obdorsk Khanty",,kca,nort3264,"khan1273, obdo1234"
Northern Totonacan,"Coahuitlán Totonac, Necaxan, Xicotepec De Juárez Totonac",,too,nort3265,"coah1253, neca1234, xico1235"
North Scandinavian,"East-Central Swedic, Archaic Gutnish, Narrow North Scandinavian",,,nort3266,"east2780, gutn1238, narr1283"
Nuclear Northern Kikongo,"Doondo, Laari, Suundi",,"dde, ldi, sdj",nort3267,"doon1238, laar1238, suun1239"
Northern Pinghua,"Dong of Xinning, Guilin Pinghua",cnp,,nort3268,"dong1299, guil1241"
Northern Katang,,ncq,,nort3270,
North-Central Mansi,"Central Mansi, Northern Mansi",,mns,nort3271,"cent2322, mans1258"
North Andamanese-Akakede,"Akakede, Northern Great Andamanese",,akx,nort3276,"akak1252, nort2678"
North-Central Datooga,"Buraadiga, Barabayiiga-Gisamjanga, Isimjeega-Rootigaanga",,tcc,nort3277,"bura1273, dato1239, isim1234"
Northeast Paman,"Uradhic, Wuthathi",,,nort3278,"urad1238, wuth1237"
North Finnic,"Ladogan, Nuclear Finnish",,,nort3282,"lado1234, nucl1717"
North Malaitan,"Baeggu, Baelelea, Fataleka, Lau, To'abaita",,"bvd, bvc, far, llu, mlu",nort3284,"baeg1237, bael1237, fata1245, lauu1247, toab1237"
Northern Tangkhul Naga,,,,nort3286,
North-Central Tangkhul Naga,,,,nort3287,
North Alemannic,"Colonia Tovar German, Swabian",,"gct, swg",nort3310,"colo1254, swab1242"
Northern New Caledonian,"Extreme Northern New Caledonian, Mid-Northern New Caledonian",,,nort3325,"extr1244, nort3211"
Northern Daic-Sek,"Northern Daic, Saek",,"zha, skb",nort3326,"nort3180, saek1240"
Northwestern Lingala,,,,nort3345,
Northwestern Chinantec,"Chinantec Group I, Chinantec Group II",,,nort3349,"chin1486, chin1487"
North-Central Mephaa,"Malinaltepec Me'phaa, West-Central Mephaa",,tcf,nort3350,"mali1285, west2948"
Northwestern Canada Athabaskan,"Chipewyan, Cordillera Athabaskan, Slaveyic",,chp,nort3354,"chip1261, cord1235, hare1243"
Central Meto,"Baikeno, Uab Meto",,"bkx, aoz",nort3357,"baik1238, uabm1237"
Northern Romanian,"Eastern Romanian, Istro-Romanian",,ruo,nort3361,"east2865, istr1245"
Northeast Japura-Colombia,"Baniwa-Curripaco-Tariano, Cabiyarí, Piapoco-Achagua, Cassiquiare",,cbb,nort3362,"bani1258, cabi1241, piap1247, ware1256"
Northeast Tehuantepec,"Guevea De Humboldt Zapotec, Petapa Zapotec",,"zpg, zpe",nort3369,"guev1238, peta1247"
Northeast Yautepec,"Lachiguiri Zapotec, Quiavicuzas Zapotec",,"zpa, zpj",nort3370,"lach1250, quia1235"
Northern Bakor,"Abanyom-Nkem-Nkum, Nnam-Ekajuk",,,nort3374,"aban1245, nnam1239"
North-Central Makaaic,"Byep-Besep, Makaa",,"mkk, mcp",nort3375,"byep1241, maka1304"
North Zaire River,"Inner Basin Bantu, Rivers Bantu",,,nort3376,"inne1246, rive1266"
Northwest Kasai-Ngounie,"Mbere (B.60), Nzebi-Laali-Yaa",,,nort3377,"mber1262, nzeb1234"
Northern Bikwin-Jen,"Burak-Loo, Mak-Tal",,,nort3378,"bura1270, makt1234"
Northern Adelbert,"Gavak, Kaukombaran, Kumil-Tibor, Manep-Barem, Numugenan",,dmc,nort3379,"dimi1244, kauk1240, kumi1250, mane1269, numu1240"
Northern Iban,"Iban, Remun",,"iba, lkj",nort3387,"iban1264, remu1237"
Northern Sumatra Malay,"Bangka-Belitung Malay, Jambi Malay, Kerinci-Minangkabau",,jax,nort3388,"bang1370, jamb1236, keri1253"
North-Eastern Tibetic,"Amdo Tibetan, Dongna, Gser-Rdo",,adx,nort3398,"amdo1237, dong1304, gser1236"
North Arabian Beduin Arabic,"Baharna Arabic, Dhofaric, Gulf Arabic, Najdi Arabic, Omani Arabic",,"abv, afb, ars, acx",nort3402,"baha1259, dhof1236, gulf1241, najd1235, oman1239"
Northern Luyia,"Bukusu, Masaaba",,"bxk, myx",nort3404,"buku1249, masa1299"
North Greek,"Ancient North Greek, Tsakonian",,tsd,nort3405,"anci1249, tsak1248"
Northern Baja Mazatec,"Ixcatlán Mazatec, Soyaltepec Mazatec",,"mzi, vmp",nort3406,"ixca1246, soya1237"
Northern Kirinyaga,"Nithi-Meru, Tharaka",,thk,nort3413,"nith1234, thar1283"
Northern Eastern Algonquian,"Abenaki, Micmacic",,,nort3414,"aben1250, micm1234"
Northwestern Tasmanian,"Circular Head, Macquarie Harbour, Robbins Island, Western Northwestern Tasmanian",xpw,,nort3415,"circ1241, macq1234, robb1234, west3002"
Northeastern Tungusic,"Central-Eastern Tungusic, Northern Tungusic",,,nort3417,"cent2235, nort3147"
North Georgia Central Salish,"Comox, Pentlatch, Sechelt",,"coo, ptw, sec",nort3421,"como1259, pent1242, sech1246"
Northern Altai-Lower Chulym,"Lower Chulym Turkic, Northern Altai",,"clw, atv",nort3423,"chul1246, nort2686"
Northwest Kipchak,"North Kipchak, West Kipchak",,,nort3424,"nort2696, west1472"
Northeastern Qiandongic Miao,"Eastern Qiandong Miao, Northern Qiandong Miao",,"hmq, hea",nort3428,"east2370, nort2747"
Norwegian Sign Language,"Holmestrand, Oslo, Trondheim",nsl,,norw1255,"holm1236, oslo1237, tron1237"
Norwegian,"Nordnorsk, Norwegian Bokmål, Norwegian Nynorsk, Østnorsk, Trøndersk, Vestnorsk",nor,"nob, nno",norw1258,"nord1235, norw1259, norw1262, stno1234, trnd1234, vest1240"
Norwegian Sign,"Madagascar Sign Language, Norwegian Sign Language",,"mzc, nsl",norw1261,"mada1271, norw1255"
Notre,,bly,,notr1240,
Notsi,,ncf,,nots1237,
Nottoway,,ntw,,nott1246,
Nouchi,,,,nouc1234,
Novial,,nov,,novi1234,
Noy,,noy,,noyy1238,
Nsari,,asj,,nsar1238,
Nsari-Nooni-Ncane,"Nooni-Ncane, Nsari",,asj,nsar1239,"noon1245, nsar1238"
Nsenga,"Kunda, Chipata Nsenga, Petauke Nsenga",nse,,nsen1242,"kund1254, ngon1271, nucl1397"
Nshi,,nsc,,nshi1235,
Nsongo,,nsx,,nson1238,
Nsong-Mpiin-Ngong,"Ngongo, Nsong-Mpiin",,"noq, soo",nson1239,"ngon1267, song1299"
Gurma A,"Akaselem, Ntcham",,"aks, bud",ntch1241,"akas1242, ntch1242"
Ntcham,"Bitaapul, Ceemba, Linangmanli, Ncanm, Ntaapum",bud,,ntch1242,"bita1250, ceem1238, lina1243, ncan1244, ntaa1241"
Nterato,,,,nter1234,
Ntomba,"Imona, Mpongo, Nkole, Nuclear Ntomba, Sakanyi, Saw (Ntomba), Soko",nto,,ntom1248,"imon1244, mpon1253, nkol1238, nucl1399, saka1286, saww1238, soko1248"
Patakai,"North Nuaulu, South Nuaulu",,"nni, nxl",nuau1240,"nort2867, sout2895"
Nubaca,"Baca (Cameroon), Kélendé, Nibieg",baf,,nuba1241,"baca1249, kele1266, nibi1234"
Nubian,"Central Nubian, Midob, Nile Nubian",,mei,nubi1251,"cent2232, mido1240, nile1239"
Nubi,,kcn,,nubi1253,
Gyalsumdo-Nubri,"Gyalsumdo, Nubri, Lho, Namrung, Prok, Sama (Nepal)",kte,gyo,nubr1241,"gyal1236, nubr1243, lhoo1238, namr1238, prok1238, sama1294"
Eastern Armenian,"Agulis-Meghri, Agulis, Meghri, Ararat, Ardvin-Tbilisi, Artvin, Tbilisi, Ashkharik, Astrakhan Armenian, Bayazet, Djugha, Erevan, Gharabagh-Shamakhi, Aresh-Havarik, Burdur, Dzhulfa (Azerbaijan), Jolfâ (Iran), Gharabagh, Kazakh-Kirovabad, Krzen, Mehtishen, Shamakhi (Armenian), Khoy-Maragha",hye,,nucl1235,"agul1245, agul1243, megh1234, arar1266, ardv1234, artv1238, tbil1238, ashk1245, astr1245, baya1264, djug1234, erev1240, kara1458, ares1234, burd1239, dzhu1238, jolf1238, kara1459, kaza1249, krze1234, meht1234, sham1273, khoi1249"
Mumuye,"North-East Mumuye, Gôla (Nigeria), Gnoore, Gongla, Jeng Mumuye, Kwaji, Mang (Nigeria), Meeka, Yaa, Yakoko, Zing, South-West Mumuye, Kpugbong, Jalingo, Kasaa, Lankaviri, Nyaaja, Saawa, Yoro, Monkin, Kugong, Sagbee, Shaari",mzm,,nucl1240,"nort3407, gola1256, gnoo1238, gong1252, jeng1242, kwaj1241, mang1386, meek1238, yaaa1241, yako1251, zinn1239, sout3386, kpug1234, jali1243, kasa1249, lank1241, nyaa1241, saaw1242, yoro1242, monk1234, kugo1238, sagb1238, shaa1243"
Nuclear Hlaic,"Cun-Nadou, Hlai",,"cuq, lic",nucl1241,"cunn1236, hlai1239"
Western Left May,"Ama (Papua New Guinea), Iteri-Bo, Nimo-Nakwi",,amm,nucl1244,"amap1240, iter1240, nimo1248"
Nuclear Pashto,"Central Pashto, Northern Pashto, Southern Pashto",pus,"pst, pbu, pbt",nucl1276,"cent1973, nort2646, sout2649"
Zhenkang Wa,"En (China), Kentung Wa, La, Son, Wa Lon, Wu",wbm,,nucl1290,"ennn1242, kent1254, laaa1238, sonn1238, walo1238, wuuu1240"
Nuclear Katu,"Eastern Katu, Western Katu",,"ktv, kuf",nucl1297,"east1236, west2398"
Nuclear West Bahnaric,"Brao, Loven-Suq, Nyaheun, Oy, Sapuan",,"brb, nev, oyb, spu",nucl1299,"lave1249, love1237, nyah1249, oyyy1238, sapu1248"
Turkish,"Anatolian Turkish, Dinler, Edirne, Eskisehir, Gaziantep, Urfa, Yürük, Cypriot Turkish, Karamanli, Ottoman Turkish, Syrian Turkmen Turkish",tur,ota,nucl1301,"anat1259, dinl1238, edir1241, eski1263, gazi1244, urfa1238, yuru1261, cypr1251, kara1469, otto1234, syri1244"
Georgian,"Central Georgian, Kartlian, Lower Kartlian, Upper Kartlian, Meskhur-Javakhuri, Eastern Georgian, Fereydan, Ingilo, Kaxetian, Tianetian, Northwest Georgian, Imeretian-Judeo-Georgian, Imeretian, Lower Imeretian, Upper Imeretian, Judeo-Georgian, Racha-Lechxum, Northeast Georgian, Moxev, Mtiuletian-Gudamaqrian, Pshav, Tush, Xevsur, Southwest Georgian, Adzhar, Gurian, Imerxev",kat,,nucl1302,"cent2387, imer1247, lowe1458, uppe1479, mesk1241, east2870, fere1244, ingi1240, kaxe1238, tian1239, nort3381, imer1250, imer1248, lowe1457, uppe1478, jude1258, rach1238, nort3382, moxe1238, mtiu1238, psha1238, tush1241, xevs1238, sout3358, adzh1238, guri1246, imer1249"
Kannada,"Northeastern Kannada, Havyaka Kannada, Kundapura Kannada, Northern Kannada, Southern Kannada, Arebhashe, Bangalore Kannada, Mangalore-Literary Kannada, Mangalore Kannada, Standard Literary Kannada, Mysore Kannada, Shimoga Kannada",kan,,nucl1305,"bija1244, havy1234, kund1259, nort3390, sout3362, areb1239, bang1375, mang1437, mang1438, stan1328, myso1234, shim1254"
Nuclear Dzongkhic,"Dzongkha, Layakha, Lunanakha",,"dzo, lya, luk",nucl1307,"dzon1239, laya1253, luna1243"
Nuclear Core Muji,"Bokha-Phuma, Muzi, Northern-Southern Muji",,ymz,nucl1309,"bokh1236, muzi1235, nort2715"
Burmese,"Bomang, Mandalay-Yangon, Yaw",mya,,nucl1310,"boma1245, mand1476, yaww1238"
Nuclear Zemeic,"Liangmai Naga, Mzieme-Zeme",,njn,nucl1313,"lian1251, mzie1236"
Samur,"Eastern Samur, Southern Samur, Western Samur",,,nucl1321,"east2790, sout2753, west2428"
Limilngan,,lmc,,nucl1327,
Nuclear Mayabic,"Maykulan, Ngawun",,"mnt, nxn",nucl1332,"mayk1239, ngaw1240"
Nuclear Kulin,"Wathawurrung, Western Victoria, Woiwurrung-Thagungwurrung",,"wth, wyi",nucl1335,"wath1238, west2443, woiw1237"
Temein,"Oroñe, Umm Kurum",teq,,nucl1339,"oron1234, ummk1234"
Wolof,"Central Wolof, Baol Wolof, Cayor, Jander, Saloum, Northern Wolof, Dyolof, Waalo",wol,,nucl1347,"cent2383, baol1238, cayo1238, jand1247, lebo1243, nort3363, dyol1239, waal1239"
Nuclear Tulaic,"Bangwinji, Dadiya, Tula",,"bsj, dbd, tul",nucl1371,"bang1348, dadi1249, tula1252"
Kinga,Mahanji,zga,,nucl1379,maha1296
Sena,"Bangwe, Caia, Gombe (Sena), Gorongosa, Podzo, Rue, Sangwe",seh,,nucl1396,"bang1351, caia1239, gomb1249, goro1256, podz1238, ruee1238, sang1332"
Igbo,"Afikpo, Aniocha, Bonny-Opobo, Eche, Egbema, Mbaise, Ngwa, Nsa, Nsuka, Oguta, Ohuhu, Oka (Nigeria), Onitsha, Orlu, Owerri, Umuahia, Unwana",ibo,,nucl1417,"afik1238, anio1238, bonn1242, eche1239, egbe1246, mbai1248, ngwa1247, nsaa1238, nsuk1238, ogut1238, ohuh1238, okaa1243, onit1238, orlu1238, ower1238, umua1240, unwa1238"
Bassa,"Central Bassa, Gba Sor, Gbor, Hwen Gba Kon, Mabahn, Rivercess Bassa",bsq,,nucl1418,"cent2040, gbas1238, gbor1241, hwen1238, maba1271, rive1258"
Nuclear Maa,"Masai, Samburu",,"mas, saq",nucl1431,"masa1300, samb1315"
Masalit,"Dar Fur, Northern Masalit, Nyala, Southern Masalit, Western Masalit",mls,,nucl1440,"darf1238, nort2818, nyal1251, sout2839, west2497"
Macro-Maba,"Karanga, Kendeje, Maba (Chad), Marfa",,"kth, klf, mde, mvu",nucl1441,"kara1484, kend1253, maba1277, marf1238"
Nuclear Bozo,"Jenaama Bozo, Ti-Bozo",,bze,nucl1444,"jena1242, tibo1240"
Nuclear Mokole,"Kuranko, Lele (Guinea), Mixiforic",,"knk, llc",nucl1445,"kura1250, lele1266, mixi1243"
Mombum,,mso,,nucl1452,
Walio,,wla,,nucl1453,
Yawa,"Central Yawa, East Yawa, North Yawa, South Yawa, West Yawa",yva,,nucl1454,"cent2052, east2434, nort2825, sout2846, west2509"
Monumbo,,mxk,,nucl1458,
Madurese,"Bangkalan, Bawean, Pamekesan, Sampang (Indonesia), Sapudi, Sumenep",mad,,nucl1460,"bang1364, bawe1237, pame1258, samp1251, sapu1249, sume1242"
Nuclear Barrier Islands,"Mentawai-Nias-Sikule, Simeulue",,smr,nucl1463,"ment1248, sime1241"
Nuclear Guadalcanal-Nggelic,"Nggelic, North and West Guadalcanal",,,nucl1470,"ngge1240, nort2832"
Nuclear Polynesian,"Anuta, East Futuna, East Uvean-Niuafo'ou, Ellicean, Northern Outlier Polynesian-East Polynesian, Vaeakau-Taumako, Rennell-Bellona, Tikopia, Vanuatu-Loyalty Outliers",,"aud, fud, piv, mnv, tkp",nucl1485,"anut1237, east2447, east2758, elli1239, nort3246, pile1238, renn1242, tiko1237, vanu1245"
Nuclear West Central Papuan linkage,"Kuni, Lala, Mekeo, Toura (Papua New Guinea), Waima",,"kse, nrz, mek, don, rro",nucl1506,"kuni1263, lala1268, meke1243, tour1243, waim1251"
Western Bel,"Bilibil, Gedaged, Marik, Matukar, Takia",,"brz, gdd, dad, mjk, tbc",nucl1510,"bilb1241, geda1237, mari1428, matu1261, taki1248"
Nuclear Southern Cordilleran,"Ibaloi, I-Wak, Kalanguya, Karao",,"ibl, iwk, kyj",nucl1542,"ibal1244, iwak1237, kall1244, kara1487"
Nuclear Muna-Buton,"Butonic, Munan",,,nucl1573,"buto1237, muni1256"
Eleman,"Eastern Eleman, Western Eleman",,,nucl1580,"east2494, west2573"
Nuclear Central Sepik Hill,"Bisis, Kapriman-Watakataui, Mari (East Sepik Province), Sumariup",,"bnw, mbx, siv",nucl1586,"bisi1244, kapr1244, mari1432, suma1269"
Nuclear Maimai,"Heyo-Yahang, Siliput",,mkc,nucl1590,"heyo1241, sili1247"
Kwomtari,"Ekos-Yenabi-Maragin, West Central Kwomtari",kwo,,nucl1593,"ekos1238, west2581"
Mairasi,Northeastern Mairasi,zrs,,nucl1594,nort2908
Kwerba,"Nogukwabai, Sasawa, Serikenam",kwe,,nucl1595,"nogu1238, sasa1251, seri1256"
Nuclear Binanderean,"Binandere, South Binanderean",,bhg,nucl1603,"bina1277, sout2934"
Nuclear Simbu,"Golinic, Kuman-Dom-Gunaa",,,nucl1617,"goli1246, kuma1279"
Wahgi,"Kambia, Kunjip, Kup-Minj, Mid-Wahgi, Pukamigl-Andegabu",wgi,,nucl1620,"kamb1305, kunj1247, kupm1238, midw1243, puka1243"
Marindic,"Bian Marind, Marind",,"bpv, mrz",nucl1621,"bian1251, nucl1622"
Marind,"Central Marind, Coastal Marind, Gawir, Southeast Marind, Tugeri",mrz,,nucl1622,"cent2332, hali1245, gawi1240, sout2944, tuge1242"
Barai,"Birarie, Muguani",bbb,,nucl1630,"bira1255, mugu1243"
Nuclear Sentanic,"Sentani-Nafri, Tabla",,tnm,nucl1631,"sent1262, tabl1243"
Sentani,"Central Sentani, East Sentani, West Sentani",set,,nucl1632,"cent2123, east2518, west2602"
Nimboran,,nir,,nucl1633,
Skou,,skv,,nucl1634,
Nuclear West Bomberai,"Baham, Iha",,"bdw, ihp",nucl1641,"baha1258, ihaa1241"
Nuclear Ndu,"Ambulas-Hanga-Hundi, Manambu-Yalaku, Sawosic",,,nucl1642,"ambu1246, mana1303, sawo1235"
Japanese,"Eastern Japanese, Hokkaidō, Kantō, Eastern Kantō, Chiba, Ibaraki, Tochigi, Western Kantō, Bōshū, Chichibu, Gunma, Kanagawa, Tama (Japonic), Tōkyō, Hyōjungo, Shitamachi, Tōhoku, Northern Tōhoku, Akita, Morioka, Nambu (Japanese), Shimokita, Shōnai, Southern Tōhoku, Aizu, Fukushima, Kesen, Mogami, Sendai, Yamagata, Yonezawa, Tōkai-Tōsan, Echigo, Jōetsu, Nagaoka, Niigata, Uonuma, Gifu-Aichi, Hida, Mikawa, Eastern Mikawa, Western Mikawa, Mino, Owari, Chita, Nagoya, Nagano-Yamanashi-Shizuoka, Enshū, Izu, Nagano, Chūshin, Hokushin, Nanshin, Okushin, Tōshin, Shizuoka, Yamanashi, Kyūshū, Hichiku, Chikuho-ben, Chikugo-ben, Ōmuta-ben, Yanagawa-ben, Hakata-ben, Hita-ben, Kumamoto-ben, Nagasaki-ben, Hirado-ben, Sasebo-ben, Saga-ben, Tsushima-ben, Hōnichi, Kitakyūshū-ben, Miyazaki-ben, Ōita-ben, Western Japanese, Chūgoku, Fukuyama, Hiroshima, Iwami, Okayama, Tajima, Tango, Tottori, Yamaguchi, Hokuriku, Fukui, Kanazawa, Noto, Sado, Toyama, Kinki, Banshū, Kobe (Japonic), Kyoto, Gion, Gosho, Muromachi, Maizuru, Mie, Iga, Ise, Shima, Oku-yoshino, Ōsaka, Kawachi, Semba, Senshū, Shiga, Wakasa, Wakayama, Shikoku, Hata-ben, Iyo-ben, Kagawa-ben, Tokushima-ben, Umpaku, Izumo-ben, Yonago-ben",jpn,,nucl1643,"east2526, hokk1249, kant1251, east2527, chib1248, ibar1242, toch1258, west2608, bosh1242, chic1269, gunm1237, kana1290, tama1337, toky1238, hyoj1237, shit1242, toho1244, nort2934, akit1240, mori1272, namb1295, shim1253, shon1252, sout2953, aizu1241, fuku1243, kese1237, moga1249, send1240, yama1262, yone1237, toka1245, echi1237, joet1237, naga1406, niig1237, uonu1237, gifu1238, hida1245, mika1255, east2528, west2609, mino1244, owar1237, chit1283, nago1242, naga1407, ensh1237, izuu1237, naga1408, chus1237, hoku1243, nans1238, okus1237, tosh1237, shiz1237, yama1263, kyus1238, hich1237, chik1251, chik1252, omut1237, yana1269, haka1241, hita1244, kuma1281, naga1405, hira1247, sase1237, saga1265, tsus1237, honi1246, kita1251, miya1258, oita1237, west2607, chug1253, fuku1242, hiro1237, iwam1258, okay1237, taji1247, tang1357, tott1237, yama1261, hoku1242, fuku1241, kana1289, noto1243, sado1237, toya1237, kink1238, bans1249, kobe1244, kyot1238, gion1237, gosh1237, muro1241, maiz1237, miee1237, igaa1237, isee1237, shim1252, okuy1237, osak1237, kawa1282, semb1241, sens1241, shig1237, waka1278, waka1279, shik1243, hata1244, iyob1237, kaga1258, toku1245, umpa1238, izum1237, yona1240"
Nuclear Amami,"Okinoerabu-Tokunoshima, Oshima",,,nucl1644,"okin1245, oshi1235"
Southern-Coastal Tsimshian,"Coast Tsimshian, Southern Tsimshian",tsi,,nucl1649,"coas1300, sout2962"
Nuclear Kuikuroan,"Kuikúro-Kalapálo, Matipuhy",,"kui, mzo",nucl1656,"kuik1246, mati1253"
Nuclear Witotoan,"Minica-Murui, Nüpode Huitoto",,hux,nucl1659,"mini1255, nupo1240"
Nuclear Kamakanan,"Cotoxo, Kamakan, Menien",,vkm,nucl1661,"coto1237, kama1372, meni1247"
Kujubim-More,"Itene, Kuyubi",,ite,nucl1662,"iten1243, kuyu1236"
Central-Southern Aymara,"Central Aymara, Southern Aymara",aym,"ayr, ayc",nucl1667,"cent2142, sout2996"
Katukína,,kav,,nucl1668,
Daba,"Nive, Pologozom",dbq,,nucl1683,"nive1238, polo1246"
Gyaazi,"Bolu, Geji, Pelu",gyz,,nucl1692,"bolu1244, geji1247, pelu1234"
Tulai,,tvi,,nucl1693,
Bole,"Fika Bole, Gadam-Bara",bol,,nucl1695,"fika1239, gada1263"
Tangale,"Biliri, Kaltungo, Shongom, Ture",tan,,nucl1696,"bili1259, kalt1239, shon1256, ture1239"
Nteng,,nqt,,nucl1698,
Oromoid,"Konsoid, Nuclear Oromo",,,nucl1701,"kons1242, nucl1736"
Neo-Mandaic,"Ahwaz, Iraqi Neo-Mandaic, Shushtar",mid,,nucl1706,"ahwa1239, iraq1245, shus1252"
Nuclear Torricelli,"Beli (Papua New Guinea), Kombio-Arapesh-Urat, Laeko-Libuat, Marienberg, Nuclear Maimai, Unclassified Nuclear Torricelli, Urim, Wapei-Palei, West Wapei, Wom (Papua New Guinea)",,"bey, lkl, uri, wmo",nucl1708,"beli1258, komb1276, laek1243, mari1433, nucl1590, unun9969, urim1252, wape1249, west2580, womp1235"
Nuclear Trans New Guinea,"Greater Binanderean, Asmat-Awyu-Ok, Chimbu-Wahgi, Dani, Enga-Kewa-Huli, Finisterre-Huon, Kainantu-Goroka, Madang, Mek, Paniai Lakes",,,nucl1709,"bina1276, cent2116, cent2120, dani1287, enga1254, fini1244, kain1273, mada1298, mekk1240, pani1259"
Nuclear-Macro-Je,"Jabuti, Je, Karajá, Maxakali-Borum, Ofayé, Rikbaktsa",,"kpj, opy, rkb",nucl1710,"jabu1249, jeee1236, kara1500, maxa1249, ofay1240, rikb1245"
Nuclear Tirio,"Baramu, Bitur, Makayam, Were",,"bmz, mcc, aup, wei",nucl1713,"bara1378, bitu1242, maka1315, were1244"
Nuclear Hmongic-Ho Ne,"Jiongnai-Ho Ne, Nuclear Hmongic",,,nucl1714,"jion1235, nucl1720"
Nuclear Celtic,"Cisalpine Celtic, Core Celtic",,,nucl1715,"cisa1238, tgbc1234"
Nuclear Tuparic,"Corumbiara, Wayoro-Tupari",,,nucl1716,"akun1243, wayo1240"
Nuclear Finnish,"Finnish, Kven Finnish, Meänkieli",,"fin, fkv, fit",nucl1717,"finn1318, kven1236, torn1244"
Nuclear SBB Occidental,"Fer-Gula, Nduga-Luto, Saraic",,,nucl1719,"ferg1237, ndug1243, sara1349"
Nuclear Hmongic,"East Hmongic, North Hmongic, West Hmongic",,,nucl1720,"east2369, nort2748, west2803"
Nuclear Palai,"Bragat-Aruop-Amol, Yangum-Ambrak",,,nucl1722,"brag1241, yang1294"
Nuclear Ojibwe,"Central-Eastern-Southwestern Ojibwa, Northwestern-Saulteaux Ojibwa",,,nucl1723,"cent2252, nort3181"
Nuclear Pintupic,"Pintupi-Luritja, Wangkatja-Tjarra",,piu,nucl1724,"pint1250, wang1300"
Nuclear Subanen,"East Nuclear Subanen, Lapuyan Subanun",,laa,nucl1726,"east2769, lapu1236"
Nuclear Makassaric,"Bentong, Makasar",,"bnu, mak",nucl1727,"bent1237, maka1311"
Nuclear Himachali,"Indo-Aryan Kinnauri, Hinduri, Kullu Pahari, Mahasu Pahari, Sirmauri",,"kjo, hii, kfx, bfz, srx",nucl1728,"hari1246, hind1267, kull1236, maha1287, sirm1239"
Nuclear Tamang,"Eastern Tamang, Western Tamang",,"taj, tdg",nucl1729,"east2347, west2415"
Nuclear Idoma,"Agatu, Alago, Idoma, Yala",,"agc, ala, idu, yba",nucl1732,"agat1236, alag1242, idom1241, yala1263"
Nuclear Lisoid,"Lisu-Laluba-Lavu, Tanglang-Toloza",,ytl,nucl1734,"lisu1252, tang1372"
Nuclear Boleic,"Galambu-Bele, Gera-Geruma-Kubi-Deno",,,nucl1735,"gala1265, gera1247"
Nuclear Oromo,"Central-Eastern Oromo, West Central Oromo",,gaz,nucl1736,"cent2302, west2721"
Nuclear Ngbandic,"Dendi (Central African Republic), Mbangi, Northern Ngbandi, Sangoic, Southern Ngbandi, Yakoma",,"deq, mgn, ngb, nbw, yky",nucl1737,"dend1242, mban1262, nort2774, sang1327, sout2784, yako1252"
Nuclear Palawan,"Brooke-Canipaan Palawan, Central Palawano",,plc,nucl1738,"broo1240, cent2091"
Nuclear Nisoid,"Southern Awu (Lope), Nasu-Nosu, Unclassified Nuclear Nisoid",,yiu,nucl1739,"awuu1235, nasu1236, unun9956"
Nuclear Bafia (A.50),"Dimbong, Lefa-Bafia",,dii,nucl1740,"dimb1238, lefa1243"
Nuclear Bwamu,"Buamu, Cwi Bwamu, Láá Láá Bwamu",,"box, bwy, bwj",nucl1742,"buam1238, cwib1235, laal1241"
Nuclear Oti-Volta,"Gurma-Yom-Oti-Volta Occidental, Oti-Volta Oriental",,,nucl1743,"gurm1247, otiv1240"
Nuclear Papuan Tip linkage,"North Papuan Mainland-D'Entrecasteaux linkage, Suauic",,,nucl1744,"nort2848, suau1243"
Yambassa (A.60),"Mmala-Elip-Gunu, Nuasue",,yav,nucl1746,"mmal1234, yang1293"
Nuclear Yoruba,"Lucumi-Yoruba, Ulukwumi",,ulb,nucl1747,"lucu1239, uluk1257"
Nuclear Oti-Volta Occidental,"Northwest Oti-Volta, Southeast Western Oti-Volta",,,nucl1748,"nort3234, sout3205"
Nuclear Trukic,"Central Trukic, Mapia, Woleaian",,"mpy, woe",nucl1749,"cent2290, mapi1250, wole1240"
Nuclear North Bougainville Oceanic,"Buka, Nehan, Papapana",,"nsn, ppn",nucl1750,"buka1262, neha1247, papa1265"
Nuclear Cordilleran,"Balangao, Bontok-Kankanay, Ifugaw, Isinai",,"blw, inn",nucl1754,"bala1310, bont1246, ifug1247, isin1239"
Nuclear Northeastern Luzon,"Casiguran-Nagtipunan Agta, Paranan-Pahanan",,"dgc, agp",nucl1755,"casi1235, para1320"
Siane-Yagaria,"Benabena, Kamano-Yagaria, Siane, Yaweyuha",,"bef, snp, yby",nucl1756,"bena1264, kama1374, sian1257, yawe1241"
Nuclear Maraic,"Lautu, Mara Chin, Shendu, Zyphe",,"clt, mrh, shl, zyp",nucl1757,"laut1236, mara1382, shen1247, zyph1238"
Nuclear Nicobaric,"Central Nicobar, Chowra-Teressa",,,nucl1758,"cent2305, chow1240"
Nuclear Sahuan,"Gamkonora, Sahu-Waioli",,gak,nucl1759,"gamk1238, sahu1246"
Nuclear Goroka,"Fore-Gimi, Gahuku, Siane-Yagaria",,,nucl1760,"fore1273, gahu1246, nucl1756"
CSLic,"Chinese Sign Language, Hong Kong-Macau Sign Language",,"csl, hks",nucl1761,"chin1283, hong1241"
Nuclear Angan,"Baruya-Simbari, Kapau-Menya, Wojokesic, Ankave-Tainae-Akoye, Yagwoia",,ygw,nucl1763,"baru1271, kapa1251, nort3145, sout3130, yagw1240"
Nuclear Japura-Colombia,"Northeast Japura-Colombia, Caqueta",,,nucl1764,"nort3362, yucu1252"
Core Zapotec,"Narrow Core Zapotec, Macrocoatecano, Papabuco",,,nucl1765,"core1259, macr1276, papa1270"
Nuclear Oghuz,"Central Oghuz, East Oghuz, Qashqa'i, West Oghuz",,qxq,nucl1769,"azer1255, east2334, qash1240, west2406"
Nuclear Warisic,"Imonda, Manem, Senggi, Simog-Daonda, Waina-Punda, Waris",,"imn, jet, snu, wrs",nucl1773,"imon1245, mane1266, seng1285, simo1242, wain1248, wari1266"
Nuclear Warup,"Degenanic, Forak, Molet-Asaroo, Muratayak, Unclassified Nuclear Warup",,"frq, asx",nucl1777,"dege1250, fora1245, mole1240, mura1271, uncl1512"
Nuclear Modern Greek,"Modern Greek, Romano-Greek",,"ell, rge",nucl1783,"mode1248, roma1240"
Nuclear Central Iran Kermanic,"Gazic, Judeo-Hamadani-Borujerdi, Kashanic, Khunsaric, Yazdi-Kermani-Nayini",,"gzi, kfm",nucl1790,"gazi1243, jude1268, kash1282, khun1255, yazd1241"
Nuclear Santo,"East Santo, Shark Bayic, South Santo",,,nucl1793,"east2754, shar1251, sout3339"
Nuclear Taupota linkage,"Eastern Taupota, Tawala, Wedauic",,tbo,nucl1794,"east2762, tawa1275, weda1242"
Nuclear Zaric,"Izeric, Katabic",,,nucl1795,"izer1242, kata1275"
Nuclear Barian,"Bari, Kuku",,"bfa, ukv",nucl1796,"bari1284, kuku1285"
Nuclear Bandaic,"Central Bandaic, Mbandja, Ngbundu, Ngbugu-Langbasi, West Central Banda",,"zmz, nuu, bbp",nucl1797,"cent2021, mban1263, ngbu1241, sout2786, west2458"
Nuclear South West-Central Malagasic,"Inland-Western Malagasic, Mahafaly-Antanalana Malagasy",,,nucl1799,"inla1273, maha1309"
Nuclear Bendic,"Bete-Obanliku, Bokyi, Bukpic, Bumaji, Utugwang-Irungene-Afrike",,"bky, byp, afe",nucl1801,"bete1267, boky1238, bukp1239, buma1244, putu1241"
Nuclear Mbam,"Bati-Mbure-Yambassa, Sanaga-West Mbam (A.40)",,,nucl1802,"bati1255, sana1299"
Nuclear Ngomic,"Akeleic, Mbangwe, Sake-Ndambomo",,zmn,nucl1803,"akel1234, mban1268, sake1249"
Nuclear KLC,"Kikongoic, Yaka-Suku",,,nucl1804,"kiko1234, yaka1278"
Nuclear Malayic,"Betawic, Central Sumatran Malay, East Borneo Malay, South Sumatra Malay, Northern Sumatra Malay, Greater Riau-Johoric, Standard Malay-Indonesian, Vehicular Malay",,,nucl1806,"beta1260, cent2391, east2755, high1292, nort3388, sing1270, stan1327, vehi1234"
Nuclear Mranmaic,"Arakanese-Marma, Burmese, Old Burmese, Tavoyan",,"mya, obr, tvn",nucl1811,"arak1255, nucl1310, oldb1235, tavo1242"
Nuclear Shastan,"Okwanuchu, Shasta",,sht,nucl1814,"okwa1235, shas1239"
Nuclear Ghale,"Northern Ghale, Southern Ghale",,"ghh, ghe",nucl1818,"nort2709, sout2715"
Nuclear Eastern Dardic,"Kohistani, Shinaic",,,nucl1819,"kohi1251, shin1270"
Nuclear Alor-Pantar,"Central Alor, Kafoa, West Alor-Straits-Pantar",,kpu,nucl1821,"alor1250, kafo1240, west2994"
Nuclear Eastern Fijian,"Gone Dau, Viwa-Lomaiviti-East Viti Levu",,goo,nucl1823,"gone1237, viwa1234"
Nuclear RSLic,"Central RSLic, Georgian Sign Language, Lithuanian Sign Language, Mongolian Sign Language",,"lls, msr",nucl1824,"cent2419, geor1254, lith1236, mong1264"
Nuclear Southern Bantu,"Dimsuffix Southern Bantu, Venda",,ven,nucl1826,"dims1234, vend1245"
Nuclear Nguni,"Southern Ndebele-Lowland, Sumayela Ndebele",,,nucl1827,"ngun1267, sout2808"
Nuclear Guahiboan,"Central Guahibo, Hitnu",,mbn,nucl1828,"guah1253, maca1259"
Nuclear Tangkhulic,"Southern Tangkhul Naga, Lairamlo, Northern Tangkhul Naga, North-Central Tangkhul Naga, East-Central Tangkhul Naga",,nmf,nucl1829,"khan1277, lair1234, nort3286, nort3287, tang1336"
Nuclear West Chadic B.2,"Ciwogai, Mburku, Central West Chadic B.2, Western West Chadic B.2, Zumbun",,"tgd, bbt, jmb",nucl1830,"ciwo1236, mbur1239, warj1254, west2998, zumb1240"
Nuclear Zeemic,"Chaari, Tulai, Zeem",,"cxh, tvi, zem",nucl1831,"dans1239, nucl1693, zeem1242"
Nuclear Northern Benue-Congo Plateau,"Ejuele, Ikulu, Kadara, Kuturmi-Ajiya",,"dbi, ikl, kad",nucl1832,"doka1242, ikul1238, kada1284, kutu1268"
Nuclear Nisu,"Northern Nisu, Southern Nisu",,nsd,nucl1833,"nort2717, sout2723"
Nuclear Guerrero Mixtec,"Alacatlatzala Mixtec, Alcozauca Mixtec, Southwestern Guerrero Mixtec",,"mim, xta",nucl1835,"alac1244, alco1235, sout3401"
Nuclear Lower Cross,"Central Lower Cross, Usaghade, West Lower Cross",,usk,nucl1838,"cent2253, usag1244, west3012"
Nuclear Central European Sign,"Austrian Sign Language, Czech Sign Language, Hungarian Sign Language, Slovakian Sign Language",,"asq, cse, hsh, svk",nucl1839,"aust1252, czec1253, hung1263, slov1263"
Nuclear Spanish Sign,"Catalan Sign Language, Spanish Sign Language, Valencian Sign Language",,"csc, ssp, vsv",nucl1840,"cata1241, span1263, vale1251"
Nuer-Reel,"Nuer, Reel",,"nus, atu",nuer1245,"nuer1246, reel1238"
Nuer,"Abigar, Cien, Dor, Eastern Jikany, Eastern Nuer, Lou (Nilotic), Nyuong, Thiang, Thognaath, Western Jikany",nus,,nuer1246,"abig1238, cien1238, dorr1240, east2421, east2422, louu1244, nyuo1238, thia1238, thog1238, west2494"
Nueva Vida Maijuna Sign Language,,,,nuev1238,
Nugunu (Australia),,nnv,,nugu1241,
Nugunu (Cameroon),"Northern Gunu, Southern Gunu",yas,,nugu1242,"nort2808, sout2825"
Nukak Makú,,mbr,,nuka1242,
Nuk,"North Nuk, South Nuk",noc,,nukk1240,"nort2911, sout2935"
Nukna,,klt,,nukn1238,
Nukuma,"Kwanga-Mende, Kwoma",,kmo,nuku1256,"kwan1286, kwom1262"
Nukumanu,,nuq,,nuku1258,
Nukuria,,nur,,nuku1259,
Nukuoro,,nkr,,nuku1260,
Nukuini,Cuyanawa,nuc,,nuku1263,cuya1239
Numao,"Dongmeng, Doumo, Nu Mhou",,,numa1251,"dong1303, doum1240, numh1234"
Numana,"Gbantu, Janda, Ningye, Numbu",nbr,nns,numa1252,"gban1261, jand1249, ning1271, numb1246"
Numanggang,"East Numanggang, West Numanggang",nop,,numa1254,"east2507, west2588"
Numan,"Bile, Mbula-Bwazza",,"bil, mbu",numa1256,"bile1244, mbul1260"
Numbami,,sij,,numb1247,
Nume,,tgs,,nume1241,
Numee,"Kwenyii, Nuclear Numee, Ouen",kdk,,nume1242,"kwen1247, nucl1484, ouen1237"
Numidian,,nxm,,numi1241,
Numic,"Central Numic, Southern Numic, Western Numic",,,numi1242,"cent2130, sout2968, west2621"
Numugenan,"Karian-Usan-Yaben, Yarawata-Parawen-Ukuriguma",,,numu1240,"kari1319, yara1256"
Nuna-Kasem,"Kasem, Nuni",,xsm,nuna1234,"kase1253, nuni1253"
Nung (Myanmar),"Byabe, Cholo, Gwaza, Kizolo, Miko, Nora",nun,,nung1282,"byab1238, chol1277, gwaz1238, kizo1238, miko1239, nora1239"
Nung (Viet Nam),"Giang, Khen Lài, Nùng An, Nùng Inh, Nùng Phan Slình, Nùng Cháo, Nùng Qúy Rin, Nùng Lòi, Xuòng",nut,,nung1283,"gian1240, khen1242, nung1284, nung1285, nung1286, nung1287, nung1288, nung1289, xuon1238"
Wubuy,,nuy,,nung1290,
Nungali,,nug,,nung1291,
Nungu,"Gudi, Rindre",rin,,nung1292,"gudi1238, rind1238"
Nungish,"Gunong, Rawang",,raw,nung1293,"guno1235, rawa1265"
Nuni,"Northern Nuni, Southern Nuni",,"nuv, nnw",nuni1253,"nort2784, sout2795"
Nun MCNB,"Bamali, Bamenyam, Bamukumbit, Ndzerem",,"bbq, bce, bqt",nunm1234,"bama1251, bame1260, bamu1254, ndze1235"
Nunusaku,"Kayeli, Patakai-Manusela, Piru Bay, Three Rivers",,kzl,nunu1252,"kaye1241, pata1263, piru1243, thre1238"
Nupbikha,,npb,,nupb1238,
Macro-Nupoid,"Gbagyi-Gbari, Nupoid",,,nupe1252,"gbag1256, nupo1239"
Nupe-Nupe-Tako,"Nupe Tako, Nupe Central",nup,,nupe1254,"nupe1255, nupe1256"
Nupoid,"Asu (Nigeria), Dibo-Kupa, Koro Zuba, Nupe-Nupe-Tako",,"aum, vkz, nup",nupo1239,"asun1235, dibo1249, koro1324, nupe1254"
Nüpode Huitoto,,hux,,nupo1240,
Nuristani,"Ashkun, Katë, Prasun, Nuristani Kalasha-Tregami",,"ask, bsh, prn",nuri1243,"ashk1246, kati1270, pras1239, waig1246"
Nuru,"Duduela, Kwato, Ogea, Uya, Yangulam",,"duk, kop, eri, usu, ynl",nuru1240,"dudu1240, kwat1244, ogea1238, uyaa1238, yang1298"
Nusa Laut,,nul,,nusa1245,
Nusoish,"Nusu, Zauzou",,"nuf, zal",nuso1234,"nusu1239, zauz1238"
Nusu,"Central Nusu, Northern Nusu, Southern Nusu",nuf,,nusu1239,"cent2003, nort2719, sout2724"
Nuu-chah-nulth,,nuk,,nuuc1236,
Ghaap-Kalahari,"Danster !Ui, N||ng",,"gku, ngh",nuuu1241,"dans1240, nngg1234"
Nwa-Ben,"Ben-Gban, Unclassified Nwa-Ben, Wan-Mwan",,,nwab1239,"beng1285, unun9970, wanm1243"
Nyabwa,"Nuclear Nyabwa, Nyedebwa",nwb,,nyab1255,"nucl1419, nyed1238"
Nyadu,,nxj,,nyad1241,
Nyaheun,,nev,,nyah1249,
Nyahkur,,cbn,,nyah1250,
Nyakyusa-Ngonde,"Kukwe, Mwamba, Ngonde, Nkonde, Nyakyusa, Selya",nyy,,nyak1260,"kukw1245, mwam1244, ngon1268, nkon1246, nyak1261, sely1242"
Nyakyusa-Ndali,"Ndali, Nyakyusa-Ngonde",,"ndh, nyy",nyak1264,"ndal1241, nyak1260"
Nyali,,nlj,,nyal1250,
Nyala Dajuic,"Baygo, Dar Fur Daju",,"byg, daj",nyal1252,"bayg1239, darf1239"
Belep,"Belep Proper, Yalayu",yly,,nyal1254,"bele1250, yala1265"
Bantu D33,"Belueli, Budu-Ndaka-Mbo, Vanuma-Nyali",,,nyal1255,"belu1239, budu1266, vanu1247"
Nyalayu,"Balade, Belep",,yly,nyal1256,"bala1316, nyal1254"
Nyamal,,nly,,nyam1271,
Nyamwanga,"Iwa, Tambo",mwn,,nyam1275,"iwaa1242, tamb1252"
Nyamwezi,"Mweri, Nyanyembe, Takama",nym,,nyam1276,"mwer1249, nyan1306, taka1239"
Nyambo,Yakahanga,now,,nyam1277,yaka1271
Nyamusa-Molo,"Molo (Nyamusa-Molo), Nyamusa",nwm,,nyam1279,"molo1259, nyam1280"
Polci-Luri,"Luri, Polcic",,ldd,nyam1284,"luri1256, polc1245"
Nyam,,nmi,,nyam1285,
Nyamwezic,"Kimbu, Konongo-Ruwila, Nyamwezi, Sukuma",,"kiv, kcz, nym, suk",nyam1286,"kimb1242, kono1265, nyam1276, suku1261"
Yangkaal,,nny,,nyan1300,
Nyangumarta,"Northern Coastal Nyangumarta, Southern inland Nyangumarta",nna,,nyan1301,"nort2754, sout2763"
Nyangbo,,nyb,,nyan1302,
Nyanga-li,,nyc,,nyan1303,
Nyanga,"Ifuna, Ikumbure, Inyanga, Itiri",nyj,okc,nyan1304,"ifun1238, ikum1241, inya1238, itir1238"
Nyaneka,"Cilenge, Mwila, Ovanyaneka",nyk,,nyan1305,"cile1234, mwil1238, ovan1235"
Nyankole,"Hima, Hororo, Orutagwenda",nyn,,nyan1307,"hima1248, horo1246, orut1238"
Nyanja,"Chewa, Manganja, Ngoni (Nyanja), Nuclear Nyanja, Nyasa, Peta",nya,,nyan1308,"chew1246, mang1391, ngon1270, nucl1395, nyas1241, peta1244"
Nyang'i,,nyp,,nyan1313,
Nyangatom,,nnj,,nyan1315,
Nyangbo-Tafi,"Nyangbo, Tafi",,"nyb, tcd",nyan1316,"nyan1302, tafi1243"
Greater Lega,"Bembe-Buyu, Holoholo, Mituku-Lega, Nyanga, Unclassified Greater Lega",,"hoo, nyj",nyan1317,"bemb1261, holo1240, mitu1241, nyan1304, unun9918"
Nyanza Mara,"North Mara, South Mara",,,nyan1318,"nort3227, sout3201"
Nyanjaic,"Mwera (Nyasa), Nyanja",,"mjh, nya",nyan1319,"mwer1247, nyan1308"
Nyaneka-Nkhumbi,"Nkhumbi, Nyaneka",,"khu, nyk",nyan1320,"nkhu1238, nyan1305"
Nyarafolo Senoufo,,sev,,nyar1245,
Nyaturu,"Chahi, Ginyamunyinganyi, Girwana",rim,,nyat1246,"chah1242, giny1242, girw1238"
Nyaturu-Nilamba,"Isanzu, Nilamba, Nyaturu",,"isn, nim, rim",nyat1247,"isan1243, nila1242, nyat1246"
Nyawaygi,,nyt,,nyaw1247,
Nyawaygic,"Nyawaygi, Wulguru, Yuru",,"nyt, qgu, ljx",nyaw1248,"nyaw1247, wulg1239, yuru1264"
Nyemba,,nba,,nyem1238,
Upper Mangdep,"Chutobikha, Phobjikha",neh,,nyen1254,"chut1248, phob1239"
Nyeng,,nfg,,nyen1255,
Nyengo,,nye,,nyen1257,
Nyeu,,nyl,,nyeu1238,
Nyigina,"Big Nykina, Small Nyikina",nyh,,nyig1240,"bign1237, smal1240"
Nyiha (Malawi),,nyr,,nyih1239,
Nyiha (Tanzania),Wandya,nih,,nyih1240,wand1265
Nyikinic,"Nyigina, Warrwa",,"nyh, wwr",nyik1244,"nyig1240, warr1258"
Nyika (Malawi and Zambia),,nkv,,nyik1246,
Nyika (Tanzania),,nkt,,nyik1247,
Nyika,"Central and Southern Nyika, Nyika (Tanzania)",,nkt,nyik1249,"cent2285, nyik1247"
Nyika-Lambya,"Lambya, Nyika",,lai,nyik1250,"lamb1272, nyik1249"
Nyimang,"Afitti, Ama (Sudan)",,"aft, nyi",nyim1244,"afit1238, amas1236"
Nyindu,,nyg,,nyin1248,
Nyindrou,Babon,lid,,nyin1250,babo1242
Nyisu,,,,nyis1235,
Nyishi-Hill Miri,"Aka Lel, Hill Miri, Nishang",njz,,nyis1236,"akal1238, hill1258, nish1241"
Nyo,"Agneby, Attié, Avikam-Alladian, Potou-Tano",,ati,nyoa1234,"agne1238, atti1239, avik1242, poto1254"
Nyokon,,nvo,,nyok1243,
Nyole,"Hadyo, Menya (Uganda), Sabi (Uganda), Wesa",nuj,,nyol1238,"hady1238, meny1244, sabi1246, wesa1238"
Nyong,,muo,,nyon1241,
Nyore,,nyd,,nyor1244,
Nyoro,"Orunyoro, Rutagwenda",nyo,,nyor1246,"orun1241, ruta1240"
Nyoro-Tooro,"Nyoro, Tooro",,"nyo, ttj",nyor1247,"nyor1246, toor1238"
Nyulnyul,,nyv,,nyul1247,
Nyulnyulan,"Eastern Nyulnyulan, Western Nyulnyulan",,,nyul1248,"east2381, west2872"
Nyulnyulic,"Dyaberdyaber, Nyulnyul",,"dyb, nyv",nyul1250,"dyab1238, nyul1247"
Nyunga,"Bibbulman, Goreng, Kaniyang, Pinjarup, Wajuk, Wardandi",nys,"xbp, xgg, pnj, xwj, wxw",nyun1247,"bibb1234, gore1235, kani1276, pinj1244, waju1234, ward1248"
Nyungwe,,nyu,,nyun1248,
Nzadi,,nzd,,nzad1234,
Nzadic,"Lweric, Nzadi",,nzd,nzad1235,"lwer1234, nzad1234"
Nzakambay,"Nuclear Nzakambay, Zoli",nzy,,nzak1246,"nucl1360, zoli1238"
Nzakara,,nzk,,nzak1247,
Nzanyi,"Dede, Hoode, Lovi, Magara, Maiha, Mutidi, Nggwoli, Paka, Rogede",nja,,nzan1240,"dede1238, hood1240, lovi1238, maga1269, maih1239, muti1238, nggw1243, paka1255, roge1238"
Nzanyic,"Holma, Nzanyi",,"hod, nja",nzan1241,"holm1250, nzan1240"
Nzebi-Laali-Yaa,"Laali-Yaa, Njebi (B.50)",,,nzeb1234,"laal1244, njeb1244"
Nzima,Evalue,nzi,,nzim1238,eval1238
Oaxaca Mixe,"Lowland-Midland-South Highland Mixe, Totontepec Mixe, Ulterior-Mixe",,mto,oaxa1241,"lowl1268, toto1305, ulte1235"
Obanliku,"Basang, Bebi, Bishiri, Bisu (Atlantic-Congo), Busi",bzy,,oban1244,"basa1278, bebi1241, bish1245, bisu1245, busi1239"
Obdorsk Khanty,,,,obdo1234,
Obispeño,,obi,,obis1242,
Oblo,,obl,,oblo1238,
Obokuitai,,afz,,obok1239,
Lower Cross,"Nuclear Lower Cross, Obolo",,ann,obol1242,"nucl1838, obol1243"
Obolo,"Ataba, Ibot Obolo, Ngo, Okoroete, Unyeada",ann,,obol1243,"atab1238, ibot1241, ngoo1241, okor1249, unye1238"
Obo Manobo,"Arakan Manobo, Kidapawan Manobo, Magpet Manobo",obo,,obom1235,"arak1253, kida1237, magp1237"
Obulom-Ochichi,"Obulom, O'chi'chi'",obu,xoc,obul1239,"obul1238, ochi1235"
Ocaina,"Dukaiya, Ibo'tsa",oca,,ocai1244,"duka1249, ibot1242"
Occitan,"Gascon, Aranese, Nuclear Gascon, Ariégeois, Baish Aranés, Béarnais, Landais, Mijaranés Aranés, Naut Aranés, Northern Occitan, Auvergnat Occitan, Bas-Auvergnat, Haut-Auvergnat, Limousin Occitan, Bas-Limousin, Haut-Limousin, Vivaro-Alpine Occitan, Southern Occitan, Languedocian Occitan, Bas-Languedocien, Guyennais, Haut-Languedocien, Languedocien Moyen, Provençal, Dauphinois, Gavot, Maritime Provençal, Niçard, Rhodanien, Transalpin",oci,,occi1239,"gasc1240, aran1260, nucl1269, arie1239, bais1241, bear1240, land1254, mija1240, naut1238, nort2608, auve1239, basa1276, haut1245, limo1246, basl1242, haut1246, viva1235, sout2612, lang1309, basl1241, guye1238, haut1244, lang1310, prov1235, daup1248, gavo1238, mari1412, nica1249, rhod1240, tran1278"
Occitanic,"Gardiol, Occitan, Old Provençal",,"oci, pro",occi1240,"gard1245, occi1239, oldp1253"
Occidental,,occ,,occi1241,
Oceanic,"Admiralty Islands, Central Pacific linkage, Micronesian, North and Central Vanuatu, Southeast Solomonic, Southern Melanesian, St. Matthias, Temotu, Western Oceanic linkage, Yapesic",,,ocea1241,"admi1239, cent2060, micr1243, nort3195, sout2853, sout3173, stma1240, temo1244, west2818, yape1250"
Ocotepec Mixtec,Santa Catarina Yosonotu,mie,,ocot1243,sant1438
Ocotlán Zapotec,,zac,,ocot1244,
Od,,odk,,oddd1238,
Odiai,,bhf,,odia1239,
Odoodee,,kkc,,odoo1238,
Odual,"Adibom, Arughunya",odu,,odua1238,"adib1240, arug1238"
Odut,,oda,,odut1238,
O'du,,tyh,,oduu1239,
Ofayé,,opy,,ofay1240,
Ofo,,ofo,,ofoo1242,
Ogbah,"Egnih, Igburu-Usomini",ogc,,ogba1241,"egni1238, igbu1242"
Ogbia,"Agholo, Anyama, Oloibiri",ogb,,ogbi1239,"agho1238, anya1245, oloi1238"
Ogbogolo,,ogg,,ogbo1242,
Ogbronuagum,,ogu,,ogbr1243,
Ogea,,eri,,ogea1238,
Oghuz,"Nuclear Oghuz, Salar",,slr,oghu1243,"nucl1769, sala1264"
Ogonoid,"East Ogonoid, West Ogonoid",,,ogon1240,"east2401, west2469"
Ohio Valley Siouan,"Southeastern Siouan, Tutelo",,tta,ohio1234,"sout2988, tute1247"
Oil,"Central Oil, Francoprovencalic, Old French (842-ca. 1400), Walloon",,"fro, wln",oila1234,"cent2283, fran1269, oldf1239, wall1255"
Oinam,,,,oina1234,
Eastern Mongolic,"Khalkha-Buriat, Khamnigan Mongol",,ykh,oira1260,"khal1273, kham1281"
Oirata,,oia,,oira1263,
Ojibwa-Potawatomi,"Ojibwa, Potawatomi",,pot,ojib1240,"ojib1241, pota1247"
Ojibwa,"Nuclear Ojibwe, Ottawa, Severn-Algonquin",,otw,ojib1241,"nucl1723, otta1242, seve1242"
Ojitlán Chinantec,,chj,,ojit1237,
Okanagan,"Colville, Lakes Okanagan, Sanpoil, Southern Okanogan",oka,,okan1243,"colv1241, lake1256, sanp1257, sout2963"
Okanaganic,"Kalispel-Spokane, Okanagan",,oka,okan1244,"kali1307, okan1243"
Okiek,"Nuclear Okiek, Sogoo, Suiei (Okiek)",oki,,okie1245,"nucl1432, sogo1244, suie1241"
Okiek-Akie,"Akie, Okiek",,"mwy, oki",okie1247,"mosi1247, okie1245"
Okinawa,"Central Okinawan, Kunigami",,"ryu, xug",okin1244,"cent2126, kuni1268"
Okinoerabu-Tokunoshima,"Oki-No-Erabu, Toku-No-Shima",,"okn, tkn",okin1245,"okin1246, toku1246"
Oki-No-Erabu,"East Oki-No-Erabu, West Oki-No-Erabu",okn,,okin1246,"east2529, west2610"
Ok,"Morop-Dintere, Kwer-Kopkaka-Burumakok, Lowland Ok, Mountain Ok, Ngalum, Tangko-Nakai",,"iwo, szb",okkk1242,"iwur1240, kwer1266, lowl1259, moun1253, ngal1298, tang1376"
Okobo,,okb,,okob1241,
Okodia,,okd,,okod1238,
Oko-Eni-Osayen,"Eni, Oko, Osayen",oks,,okoe1238,"enii1238, okoo1245, osay1238"
Okojuwoi,,okj,,okoj1239,
Ok-Oksapmin,"Ok, Oksapmin",,opm,okok1235,"okkk1242, oksa1245"
Okolod,,kqv,,okol1241,
Okol-Opucikwar,"Akakol, Apucikwar",,"aky, apq",okol1242,"akak1253, apuc1241"
Okolie,,oie,,okol1243,
Okop Usem,"Anaang, Efik-Ibibio",,anw,okop1234,"anaa1238, efik1246"
Okpamheri,"Emhalhe, Okulosho, Dagbala, Makeke, Oja, Ojirami, Oma, Western Okpamheri, Aiyegunle, Bekuma, Ebunn-Ugbo, Ebunn-Oke, Eko, Ekpe, Igbo-Ola-Sale, Igbo-Ola-Oke, Ikaran-Ele, Ikaran-Oke, Ikpesa, Imoga, Lankpese, Ogbe-Sale, Ogbe-Oke, Ogugu (Western Okpamheri), Onumo",opa,,okpa1238,"emha1238, okul1238, dagb1247, make1248, ojaa1238, ojir1238, omaa1238, west2472, aiye1241, beku1238, ebun1241, ebun1242, ekoo1238, ekpe1252, igbo1256, igbo1257, ikar1241, ikar1242, ikpe1244, imog1238, lank1242, ogbe1245, ogbe1246, ogug1242, onum1238"
Okpe (Northwestern Edo),,okx,,okpe1249,
Okpe (Southwestern Edo),,oke,,okpe1250,
Okpe-Akuku-Idesa,"Akuku, Okpe (Northwestern Edo)",,"ayk, okx",okpe1251,"akuk1235, okpe1249"
Oksapmin,,opm,,oksa1245,
OKSLic,"Martha's Vineyard Sign Language, Old Kentish Sign Language",,"mre, okl",oksl1234,"mart1251, oldk1238"
Oku,,oku,,okuu1243,
Okwanuchu,,,,okwa1235,
Okwa,,,,okwa1236,
Old Aramaic-Sam'alian,"Old Aramaic (up to 700 BCE), Sam'alian",oar,,olda1245,"olda1246, sama1317"
Old Bomokandian,"Komoic, Middle Bomokandian, Ngbele-Ngenda",,,oldb1234,"komo1265, midd1348, ngbe1239"
Old Burmese,,obr,,oldb1235,
Old Bangkok Sign Language,,,,oldb1247,
Old Chinese,"Late Han Chinese, Shanggu Hanyu",och,,oldc1244,"late1251, shan1294"
Old Cayman Sign Language,,,,oldc1248,
Old Chiangmai-Bangkok Sign,"Chiangmai Sign Language, Old Bangkok Sign Language",,csd,oldc1250,"chia1237, oldb1247"
Old Cornish,,oco,,oldc1252,
Old Dutch-Old Frankish,"Old Frankish, Old Dutch",odt,frk,oldd1237,"fran1264, oldd1238"
Old English (ca. 450-1100),"Anglian, Mercian, Northumbrian, Kentish, West Saxon",ang,,olde1238,"angl1267, merc1243, nort3320, kent1253, west2922"
Older Runic,,,,olde1239,
Old French (842-ca. 1400),,fro,,oldf1239,
Old Frisian,,ofs,,oldf1241,
Old Georgian,,oge,,oldg1234,
Old High German (ca. 750-1050),,goh,,oldh1241,
Old Hungarian,,ohu,,oldh1242,
Old Indic,,qmx,,oldi1244,
Early Irish,"Archaic Irish (7th century), Early Goidelic (to 4th century), Hiberno-Scottish Gaelic, Middle Irish (10-12th century), Old Irish (8-9th century), Primitive Irish (4-6th century)",sga,"ghc, mga",oldi1245,"arch1247, earl1246, hibe1235, midd1360, oldi1246, prim1243"
Old Japanese,,ojp,,oldj1239,
Old Kentish Sign Language,,okl,,oldk1238,
Old Khmer,,qok,,oldk1249,
Old Kannada,,qkn,,oldk1250,
Northwestern Kuki-Chin,"Anal-Lamgang, Central Old Kuki, Kolhrengic, Moyon-Monsang Naga, Halam, Sorbung",,rnl,oldk1252,"anal1240, cent2411, kolh1241, moyo1240, rang1267, sorb1250"
Old Latin,,qbb,,oldl1238,
Old Mon,,omx,,oldm1242,
Old Malay,,,,oldm1243,
Old Marathi,,omr,,oldm1244,
Early Old Tibetan,"Classical Tibetan, Western Archaic Tibetan, Middle Old Tibetan",,xct,oldm1245,"clas1254, lada1242, tibe1276"
Old-Modern Welsh,"Old-Middle Welsh, Welsh",,"owl, cym",oldm1247,"oldw1239, wels1247"
Old-Modern Marathi,"Modern Marathi, Old Marathi",,omr,oldm1248,"mode1268, oldm1244"
Old Norse,"Old East Norse, Old Norn, Old West Norse",non,nrn,oldn1244,"olde1240, oldn1246, oldw1240"
Old Nubian,,onw,,oldn1245,
Old Ossetic,,oos,,oldo1234,
Old Provençal,,pro,,oldp1253,
Old Persian (ca. 600-400 B.C.),,peo,,oldp1254,
Old Persian,,ope,,oldp1255,
Old Russian,,orv,,oldr1238,
Old Spanish,,osp,,olds1249,
Old Saxon,,osx,,olds1250,
Old Turkish,,otk,,oldt1247,
Old Tamil,,oty,,oldt1248,
Old Telugu,,,,oldt1249,
Old Turkic,"Old Uyghur, Qarakhanid, Runiform Old Turkic, Orkhon Turkic, Talas Turkic, Yenisei Runiform Turkic",oui,,oldu1238,"oldu1239, qara1244, runi1234, orkh1234, tala1299, yeni1257"
Old Wanji,,,,oldw1238,
Old-Middle Welsh,"Middle Welsh, Old Welsh",owl,,oldw1239,"midd1363, oldw1241"
Olekha,"Eastern Black Mountain Mönpa, Northeastern Olekha, Southeastern Olekha, 'Ole",ole,,olek1239,"east2810, nort3291, sout3272, olee1239"
Oleran,"Cuba, Lopa",,"cbq, lop",oler1234,"cuba1236, lopa1238"
Oli-Bidiman,,,,olib1234,
Olkol,,olk,,olko1234,
Ollari-Gadaba,"Mudhili Gadaba, Pottangi Ollar Gadaba",,"gau, gdb",olla1234,"mudh1235, pott1240"
Olo-Elkei,"Elkei, Olo",,"elk, ong",oloe1234,"elke1240, oloo1241"
Oloma,,olm,,olom1241,
Olo,"Payi, Wapi",ong,,oloo1241,"payi1239, wapi1251"
Olu'bo,,lul,,olub1238,
Olulumo-Ikom,"Ikom, Okuni, Olulumo",iko,,olul1245,"ikom1244, okun1240, olul1246"
Oluta Popoluca,,plo,,olut1240,
Omagua-Kokama,"Cocama-Cocamilla, Omagua",,"cod, omg",omag1247,"coca1259, omag1248"
Omagua,"Old Omagua, San Joaquin de Omaguas",omg,,omag1248,"cura1243, curu1244"
Omaha-Ponca,"Omaha, Ponca",oma,,omah1247,"omah1248, ponc1241"
Omani Arabic,,acx,,oman1239,
Omati,,mgx,,omat1240,
Ombo,Mbuli,oml,,ombo1238,mbul1259
Omejes,,ome,,omej1234,
Ometepec Nahuatl,,nht,,omet1237,
Ometo,"Chara, East Ometo, North-West Ometo",,cra,omet1238,"char1269, east2423, nort3161"
Ömie,"Asapa, Gora-Bomahouji, Zuwadza",aom,,omie1241,"asap1239, gora1266, zuwa1238"
Omi,,omi,,omii1238,
Omomil,,,,omom1235,
Omosan,"Kobol, Pal",,"kgu, abw",omos1240,"kobo1248, pall1244"
Omotik,Suiei,omt,,omot1239,suie1242
Omo-Tana,"Eastern Omo-Tana, Western Omo-Tana",,,omot1245,"east2653, west2723"
Omurano,,omu,,omur1241,
Selk'nam,"Koyuká, Nuclear Selk'nam, Selknam del Sur, Selknam del Centro, Selknam del Norte",ona,,onaa1245,"koyu1239, nucl1800, selk1255, selk1256, selk1257"
One,"Central-Northern One, Kwamtim One, Southern One",,"okk, osu",onee1245,"cent2238, kwam1254, sout2932"
Oneida,,one,,onei1249,
Ongamo-Maa,"Ngasa, Nuclear Maa",,nsg,onga1238,"ngas1238, nucl1431"
Önge,,oon,,onge1236,
Ong-Ir,,oog,,ongg1239,
Ong-Ta'oih,"Lower Ta'oih, Ong-Ir, Upper Ta'oih",,"tto, oog, tth",ongt1234,"lowe1395, ongg1239, uppe1406"
Onin Pidgin,,onx,,onin1237,
Oninic,"Onin, Sekar, Uruangnirin",,"oni, skz, urn",onin1244,"onin1245, seka1247, urua1244"
Onin,"Nikuda, Ogar, Patipi, Sepa",oni,,onin1245,"niku1237, ogar1237, pati1239, sepa1243"
Onin-based pidgin,Onin Pidgin,,onx,onin1246,onin1237
Onjob,,onj,,onjo1240,
Onobasulu,,onn,,onob1238,
Onondaga,,ono,,onon1246,
Ono,"Amugen, Ziwe",ons,,onoo1246,"amug1239, ziwe1239"
Ontenu,,ont,,onte1239,
Luangiua,"Nuclear Luangiua, Pelau",ojv,,onto1237,"luan1260, pela1243"
Ooku,,,,ooku1235,
Oorlams,,oor,,oorl1238,
Opao,,opo,,opao1240,
Teguima,,opt,,opat1246,
Opata-Eudeve,"Eudeve, Teguima",,"eud, opt",opat1247,"eude1234, opat1246"
Opón-Carare,,,,opon1234,
Central Koman,"Dana-Opo, Komo-Uduk",,,opuu1238,"dana1255, twam1235"
Opo,"Bikol Opo, Bilugu-Modin, Bilugu Opo, Modin, Pame-Kigile, Kigile-Kusgilo, Pame Opo, Pilakoy",lgn,,opuu1239,"biko1241, bilu1246, bilu1247, modi1234, pame1261, kusg1238, pame1262, pila1247"
Orang Kanaq,,orn,,oran1258,
Orang Seletar,,ors,,oran1259,
Oraon Sadri,"Borail Sadri, Mokkan Tila Sadri, Nurpur Sadri, Uchai Sadri",sdr,,orao1237,"bora1261, mokk1242, nurp1238, ucha1239"
Oregon Athabaskan,"Rogue River, Tolowa-Chetco, Upper Umpqua",,"tol, xup",oreg1242,"rogu1236, tolo1259, uppe1436"
Maijiki,"Northern Maihiki, Southern Maihiki, Western Maihiki",ore,,orej1242,"nort3353, sout3336, west2951"
Oriente Quechua,"Napo Lowland Quechua, Pastaza Quechua, Tena Lowland Quichua",,"qvo, quw",orie1242,"napo1242, past1249, tena1240"
Original Costa Rican Sign Language,,,,orig1234,
Oring,"Okpoto, Ufia, Ufiom",org,,orin1239,"okpo1243, ufia1239, ufio1238"
Oriya-Gauda-Kamrupa,"Gauda-Kamrupa, Macro-Oriya",,,oriy1254,"gaud1237, macr1269"
Odia,"Halbi (Nuclear Oriya), Midnapore Oriya, Mughalbandi, Northwestern Oriya, North Balasore Oriya, Southern Oriya, Western Oriya",ory,,oriy1255,"halb1245, midn1239, mugh1242, nort2659, nort2660, sout2666, west2384"
Orizaba Nahuatl,Ixhuatlancillo Nahuatl,nlv,,oriz1235,ixhu1238
Orkon-Fanbak,,fnb,,orko1234,
Orma,"Munyo, Nuclear Orma, Orma (Kenya)",orc,,orma1241,"muny1242, nucl1702, waat1239"
Ormuri,"Kanigurami, Logar",oru,,ormu1247,"kani1241, loga1242"
Ormu,,orz,,ormu1248,
Ormuri-Parachi,"Ormuri, Parachi",,"oru, prc",ormu1249,"ormu1247, para1299"
Oroch,"Kjakela, Namunka, Orichen, Tez",oac,,oroc1248,"kjak1239, namu1247, oric1239, tezz1239"
Oroch-Udihe,"Oroch, Udihe",,"oac, ude",oroc1249,"oroc1248, udih1248"
Oroha,,ora,,oroh1237,
Oroic,"Ebughu-Oro, Enwang-Uda",,,oroi1234,"ebug1242, enwa1244"
Central-Western Tungusic,"Nanai, Ulchaic",,gld,orok1264,"nana1257, ulch1242"
Orok,"Poronaisk, Val-Nogliki",oaa,,orok1265,"poro1251, valn1238"
Oroko,"Bima (oroko), Ekombe, Lokoko, Lokundu, Lolue, Londo, Longolo, Lotanga, Mbonge",bdu,,orok1266,"bima1245, ekom1238, loko1253, loku1238, lolu1238, lond1243, long1394, lota1238, mbon1250"
Orokolo,,oro,,orok1267,
Orokaivic,"Aeka, Hunjara-Kaina Ke, Orokaiva",,"aez, hkk, okv",orok1268,"aeka1244, hunj1241, orok1269"
Orokaiva,,okv,,orok1269,
Orokaiva (Retired),,ork,,orok1270,
Oro,,orx,,oroo1241,
Oropom,,,,orop1234,
Oroqen,"Central Oroqen, Southeastern Oroqen, Birar, Shengli, Northeastern Oroqen, Western Oroqen",orh,,oroq1238,"gank1239, heil1245, bira1250, shen1253, nort3333, west2935"
Orowe,,bpk,,orow1242,
Oro Win,,orw,,orow1243,
Oruma,,orr,,orum1241,
Orya,"Orya Barat, Orya Timur, Yapsi-Taja",ury,,orya1242,"bara1373, timu1264, yaps1238"
Osage,,osa,,osag1243,
Osage-Kansa,"Kansa, Osage",,"ksk, osa",osag1244,"kans1243, osag1243"
Osamayi,,syx,,osam1235,
Osatu,,ost,,osat1238,
Oscan,"Hernican, Marrucinian, Nuclear Oscan, Paelignian, Vestinian",osc,xhr,osca1245,"hemi1234, marr1267, nucl1778, pael1234, vest1239"
Oshima,"Northern Amami-Oshima, Southern Amami-Oshima",,"ryn, ams",oshi1235,"nort2935, sout2954"
Osing,,osi,,osin1237,
Ososo,,oso,,osos1238,
Modern Ossetic,"Digor Ossetian, Iron Ossetian",,oss,osse1243,"digo1242, iron1242"
Osse,"Iyayu, Uhami, Ukue-Ehueun",,"iya, uha",osse1244,"iyay1238, uham1238, ukue1239"
Ossetic,"Old Ossetic, Modern Ossetic",,oos,osse1245,"oldo1234, osse1243"
North Low Saxon,"Gronings, German Northern Low Saxon",,"gos, frs",ostf1234,"gron1242, nort2628"
Ost-Kxoe,"Shua, Tshwa Khoe",,shg,ostk1235,"shua1254, tshw1239"
Osum-Wadaginam-Pomoikan,"Pomoikan, Utarmbung, Wadaginam",,"omo, wdg",osum1243,"pomo1272, utar1238, wada1263"
Otank,,uta,,otan1238,
Ot Danum,"Dohoi, Kadorih, Ot Banu'u, Ot Balawan, Ot Murung 1, Ot Olang, Ot Tuhup, Sarawai, Sebaung, Ulu Ai'",otd,,otda1235,"doho1239, kado1243, otba1239, otba1240, otmu1237, otol1237, ottu1237, sara1328, seba1249, ulua1243"
Oti,,oti,,otii1244,
Oti North Guang,"Mountain Oti North Guang, River Oti North Guang",,,otin1234,"moun1254, rive1262"
Oti-Volta,"Buli-Koma, Nuclear Oti-Volta",,,otiv1239,"buli1253, nucl1743"
Oti-Volta Oriental,"Biali, Waama-Tayari-Ditammari",,beh,otiv1240,"bial1238, waam1245"
Otomaco-Taparita,"Otomaco, Taparita",,,otom1276,"otom1301, tapa1262"
Otomian,"Mazahua, Otomi, Southwestern Otomi",,,otom1297,"maza1293, otom1300, sout3168"
Otomanguean,"Eastern Otomanguean, Western Otomanguean",,,otom1299,"east2557, west2783"
Otomi,"Eastern Otomi, Northwestern Otomi, Southern Otomi",,,otom1300,"east2737, nort3201, sout3245"
Otomaco,,,,otom1301,
Otopame-Chinantecan,"Chinantecan, Otopamean",,,otop1241,"chin1484, otop1242"
Otopamean,"Chichimeca-Jonaz, Matlatzincan, Otomian, Pamean",,pei,otop1242,"chic1272, matl1258, otom1297, pame1260"
Otoro,"Dogoridi, Dorobe, Dugujur, Dukwara",otr,,otor1240,"dogo1297, doro1263, dugu1250, dukw1238"
Ottawa,,otw,,otta1242,
Ottawa-based pidgin,Broken Oghibbeway,,,otta1243,brok1252
Otuho,"Koriok, Logiri, Logotok, Lomya, Lorwama, Lowudo",lot,,otuh1238,"kori1260, logi1238, logo1260, lomy1239, lorw1238, lowu1240"
Otuke,,otu,,otuk1240,
Ouargli-Oued Righ,"Ouargli, Oued Righ",,"oua, tjo",ouar1239,"taga1278, tema1243"
Ouma,,oum,,ouma1237,
Oumic,"Magoric, Ouma",,oum,oumi1237,"mago1247, ouma1237"
!O!ung,,oun,,oung1238,
Ounge,,oue,,oung1239,
Outer Indus Kohistani,"Bateri-Mankiyali, Chilisso, Gowro",,"clh, gwf",oute1238,"bate1269, chil1275, gowr1239"
Outer South Ethiopic,"N-Group, TT-Group",,,oute1258,"ngro1237, ttgr1237"
Outer Enga,"Bisorio, Nete",,"bir, net",oute1259,"biso1243, nete1240"
Outer Nimboranic,"Mekwei, Mlap-Gresi-Kemtuik",,msf,oute1261,"mekw1241, mlap1239"
Owa,"Santa Catalina, Santa Ana (Solomon Islands), Tawarafa",stn,,owaa1237,"sant1413, sant1414, tawa1274"
Oweina,,wsr,,owen1244,
Owiniga,,owi,,owin1240,
Oya'oya,,oyy,,oyao1237,
Oyda,,oyd,,oyda1235,
Oyster Bay-Big River-Little Swanport,,xpd,,oyst1235,
Oy,"Inn Tea, Jeng, Kranyeu, Riyao, Sok, Tamal Euy",oyb,"jeg, skk",oyyy1238,"innt1238, jeng1241, kran1247, riya1238, sokk1239, tama1324"
Ozolotepec Zapotec,"San Gregorio Ozolotepec Zapotec, San Marcial Ozolotepec Zapotec",zao,,ozol1235,"sang1340, sanm1300"
Ozumacín Chinantec,Ayotzintepec,chz,,ozum1235,ayot1238
Pa'a,,pqa,,paaa1242,
Pááfang,,pfa,,paaf1237,
Paama,"North Paama, South Paama",pma,,paam1238,"nort2838, sout2858"
Paasaal,"Gilbagala, Pasaali",sig,,paas1238,"gilb1242, pasa1241"
Pacahuaras-Castillo,,,,paca1243,
Pacaraos Quechua,,qvp,,paca1245,
Pacahuara,,pcp,,paca1246,
Pacific Coast Athabaskan,"California Athabaskan, Kwalhioqua-Clatskanie, Oregon Athabaskan",,qwt,paci1277,"cali1245, kwal1258, oreg1242"
Pacific Gulf Yupik,"Chugach, Koniag",ems,,paci1278,"chug1254, koni1262"
Pacific Creole English,"Early Melanesian Pidgin, Hawai'i Creole English, Kriol",,"hwc, rop",paci1280,"earl1243, hawa1247, krio1252"
Pacoh,Pahi (Austroasiatic),pac,,paco1243,pahi1245
Pa Di,,pdi,,padi1241,
Padoe,,pdo,,pado1242,
Paekche,,pkc,,paek1234,
Páez,"North Páez, South Páez, Central Páez",pbb,,paez1247,"nort3373, pani1260, pita1247"
Pagabeteic,"Bwa, Pagibete",,"bww, pae",paga1238,"bwaa1238, pagi1243"
Pagibete,"Momveda, Mongbapele, Ndundusana",pae,,pagi1243,"momv1238, mong1334, ndun1250"
Pagi,"Eastern Pagi, Western Pagi",pgi,,pagi1244,"east2531, west2612"
Pagi-Kilmeri,"Ainbai, Kilmeri, Pagi",,"aic, kih, pgi",pagi1245,"ainb1238, kilm1241, pagi1244"
Pagu,"Isam, Nuclear Pagu, Toliwiku",pgu,,pagu1249,"isam1243, nucl1627, toli1245"
Paguic,"Kao, Pagu",,"kax, pgu",pagu1251,"kaoo1238, pagu1249"
Pahari Potwari,"Chibhali, Mirpur Panjabi, Pahari, Pothwari, Punchic, Punchhi, Shah-Mansuri, Zaghloli, Zirak-Boli",phr,pmu,paha1251,"chib1247, mirp1238, paha1252, poth1238, punc1240, punc1239, shah1256, zayo1238, zira1238"
Southern Kra,"Baha Buyang, Laha (Viet Nam)",,"yha, lha",paha1254,"baha1256, laha1250"
Paharic,"Pahari Potwari, Sirajic",,phr,paha1255,"paha1251, sira1263"
Pahari Newari,"Jamune Pahari Newari, Lalitpur Pahari Newari",phj,,paha1257,"jamu1234, lali1243"
Paheng-Younuo,"Paheng, Younuo Bunu",,buh,pahe1239,"pahe1240, youn1235"
Paheng,"Pa-Hng, Wunai Bunu",,"pha, bwn",pahe1240,"pahn1237, wuna1248"
Pahi,,lgt,,pahi1246,
Pahlavani,,phv,,pahl1240,
Pahlavi,,pal,,pahl1241,
Pa-Hng,,pha,,pahn1237,
Pahoturi,"Agob-Ende-Kawam, Idi-Taeme",,"kit, idi",paho1240,"agob1244, idii1243"
Paicî,,pri,,paic1239,
Pai,"Havasupai-Walapai-Yavapai, Paipai",,"yuf, ppi",paii1252,"hava1248, paip1241"
Pai-lang,,,,pail1244,
Paipai,,ppi,,paip1241,
Paisaci Prakrit,,qpp,,pais1238,
Pai-Sinen-Walio,"Walio, Pei",,"wla, ppq",pais1239,"nucl1453, peii1238"
Paite Chin,"Bukpi, Dapzal, Dim, Dimpi, Lamzang, Lousau, Telzang, Tuichiap",pck,,pait1244,"bukp1238, dapz1238, dimm1239, dimp1238, lamz1238, lous1238, telz1238, tuic1245"
Pai Tavytera,,pta,,pait1247,
Paitanic,"Abai Sungai, Serudung Murut, Tombonuo, Upper Kinabatangan-Lobu",,"abf, srk, txa",pait1248,"abai1240, seru1246, tomb1244, uppe1426"
Paiwan,,pwn,,paiw1248,
Pakanha,,pkn,,paka1251,
Pakistan Sign Language,,pks,,paki1242,
Pak-Tong,"Pak, Tong",pkg,,pakt1239,"pakk1242, tong1326"
Paku Karen,"Bilichi, Dermuha",jkp,,paku1238,"bili1249, derm1238"
Paku,,pku,,paku1239,
Pfaelzisch-Lothringisch,"Lothringisch, Nordpfälzisch, Ostpfälzisch, Südhessisch, Südreinfränkisch, Vorderpfälzisch, Westpfälzisch",pfl,,pala1330,"loth1238, nord1238, ostp1234, sudh1239, sudr1234, vord1234, west2911"
Palaic,,plq,,pala1331,
Palaung,"Ruching Palaung, Shwe Palaung",,"pce, pll",pala1336,"ruch1235, shwe1236"
Palaka Senoufo,,plr,,pala1342,
Palauan,,pau,,pala1344,
Palaihnihan,"Achumawi, Atsugewi",,"acv, atw",pala1350,"achu1247, atsu1245"
Palantla Chinantec,,cpa,,pala1351,
Palaungic,"Danau, East Palaungic, West Palaungic",,dnu,pala1352,"dana1252, east2331, west2791"
Palawanic,"Northern Palawanic, Southern Palawanic",,,pala1354,"nort3185, sout3165"
Palatinate,"Pfaelzisch-Lothringisch, Pennsylvania German",,"pfl, pdc",pala1355,"pala1330, penn1240"
Palawa Kani,,,,pala1356,
Palewyami Yokuts,,,,pale1254,
Palenquero,,pln,,pale1260,
Palen,,pnl,,pale1262,
Pali,"Buddhist Hybrid Sanskrit, Magadhan Pali",pli,,pali1273,"budd1234, maga1272"
Paliyan,Mala Pulayan,pcf,,pali1274,mala1462
Palikúr,,plu,,pali1279,
Palku,"Arabana-Wangganguru, Pitta-Pitta",,,palk1239,"arab1266, pitt1246"
Pallanganmiddang,,pmd,,pall1243,
Pal,,abw,,pall1244,
Palmela,,,,palm1241,
Palor,,fap,,palo1243,
Palor-Ndut,"Ndut, Palor",,"ndv, fap",palo1244,"ndut1239, palo1243"
Palpa,,plp,,palp1242,
Palumata,,pmc,,palu1237,
Palu'e,,ple,,palu1252,
Paluan,"Dalit Murut, Makaheeliga, Nuclear Paluan, Pandewan, Sook Murut, Takapan",plz,,palu1253,"dali1243, maka1309, nucl1558, pand1267, sook1243, taka1266"
Palu,,pbz,,palu1254,
Dangari,"Kalkoti, Palula",,"xka, phl",palu1255,"kalk1245, phal1254"
Palya Bareli,,bpx,,paly1238,
Pama-Nyungan,"Arandic-Thura-Yura, Desert Nyungic, Dyirbal, East Queensland Border Pama Nyungan, Kalkatungic, Ganaic, Greater Maric, Kala Lagaw Ya, Karnic, Macleay-New England, Ngarna, Nyawaygic, Paman, Rockhampton-Gladstone, South-West Pama-Nyungan, Southeastern Pama-Nyungan, Unclassified Pama-Nyungan, Warrgamay, Yarli-Baagandji, Yimidhirr-Yalanji-Yidinic, Yuulngu",,"dbl, mwp, wgy",pama1250,"aran1266, dese1234, dyir1250, east2770, galg1238, gana1279, grea1282, kala1377, karn1253, macl1239, ngar1290, nyaw1248, pama1251, rock1234, sout3134, sout3135, unun9964, warr1255, yarl1237, yimi1234, yuul1239"
Paman,"Alaya-Athima, Compromise Middle Pama, Finasleigh Pama, Gugadj, Lamalamic, Mayabic, Mbara-Yanga, Norman Pama, Northern Pama, Southwest Pama",,"ggd, mvl",pama1251,"alay1234, comp1236, fina1240, guga1239, lama1273, maya1279, mbar1254, norm1247, nort2758, sout3141"
Paman Kuku,"Kuku-Uwanh, Kuku-Ugbanh, Kuku-Mu'inh, Kuku-Muminh",,"uwa, ugb, xmp, xmh",pama1253,"kuku1280, kuku1281, kuku1282, kuku1283"
Pama-Nyungan (Unattested),Wik-Keyangan,,wif,pama1255,wikk1239
Pambia,,pmb,,pamb1243,
Pamean,"Central Pame, Northern Pame, Southern Pame",,"pbs, pmq, pmz",pame1260,"cent2145, nort2984, sout2999"
Pam (Cameroon),,pmn,,pamm1242,
Pamona-Tombelala,"Pamona, Tombelala",,"pmf, ttp",pamo1251,"pamo1252, tomb1245"
Pamona,"Ampana-Togian, Laiwonu, Lake Poso, Lalaeo, Poso-Tojo, Pu'u Mboto, Rapangkaka, Sinohoan, Tobau, Tokondindi, Topada",pmf,,pamo1252,"ampa1240, laiw1240, lake1263, lala1271, poso1239, puum1234, rapa1246, sino1247, toba1283, toko1244, topa1242"
Pamosu,"Hinangave, Hinihon, Mesekol, Perene, Yauru",hih,,pamo1253,"hina1234, hini1234, mese1245, pere1235, yaur1241"
Pamona (Retired),,bcx,,pamo1255,
Pampanga,,pam,,pamp1243,
Pamplona Atta,,att,,pamp1244,
Pamunkey,,,,pamu1240,
Panang,,pcr,,pana1292,
Pana (Central African Republic),"Gonge, Man, Pana, Pondo",pnz,,pana1293,"gong1240, mann1247, pana1294, pond1249"
Pana (Burkina Faso),"Pana South, Pana North",pnq,,pana1295,"pana1296, pana1297"
Panawa,,pwb,,pana1298,
Panasuanic,"Budong-Budong, Panasuan",,"bdx, psn",pana1302,"budo1241, pana1303"
Panasuan,,psn,,pana1303,
Panamint,,par,,pana1305,
Panao Huánuco Quechua,,qxh,,pana1306,
Panará,,kre,,pana1307,
Panamanian Sign Language,,lsp,,pana1308,
Panama-Baudo-Atrato,"Emberá-Baudó, Northern Emberá",,"bdc, emp",pana1309,"embe1259, nort2972"
Pa Na,,,,pana1310,
Panare Trade Spanish,,,,pana1311,
Panao-Union,"Margos-Yarowilca-Lauricocha Quechua, Panao Huánuco Quechua",,"qvm, qxh",pana1312,"marg1254, pana1306"
Panche,,,,panc1242,
Panchpargania,,tdb,,panc1246,
Pancana,"Kalende, Kapontori, Labuandiri",pnp,,panc1247,"kale1247, kapo1248, labu1251"
Pande,"Bogongo, Nuclear Pande",bkj,,pand1264,"bogo1240, nucl1398"
Pangwali,,pgg,,pang1282,
Pangseng,"Jega, Komo, Nuclear Pangseng",pgs,,pang1286,"jega1239, komo1259, nucl1356"
Pangwa,Kimwela,pbr,,pang1287,kimw1238
Pangasinan,,pag,,pang1290,
Pangutaran Sama,,slm,,pang1291,
Paniya,,pcg,,pani1256,
Panim,,pnr,,pani1258,
Paniai Lakes,"Auye-Dao, Mee-Wodani, Moni",,mnz,pani1259,"auye1239, meew1234, moni1261"
Panim-Isebe-Bau,"Bau, Isebe, Panim",,"bbd, igo, pnr",pani1263,"bauu1244, iseb1246, pani1258"
Eastern Panjabi,"Rathi (Panjabi), Bhattiyani, Doabi, Majhi (Panjabi), Malwa, Ludhianwi, Patialwi, Powadhi",pan,,panj1256,"bath1239, bhat1264, doab1238, majh1252, malw1235, panj1257, pati1240, powa1244"
Pankararé,,pax,,pank1235,
Pangkhua,,pkh,,pank1249,
Pankararú,,paz,,pank1250,
Pannei,"Bulo (Indonesia), Tapango",pnc,,pann1239,"bulo1244, tapa1259"
Panoan Katukína,"Ararapina, Ararawa, Arara-Shawanawa, Sanainawa",knt,,pano1254,"arar1263, arar1264, arar1265, sana1283"
Panobo,,pno,,pano1255,
Panoan,"Mainline Pano, Mayoruna Branch",,,pano1256,"main1279, mayo1277"
Pano Nawa,"Bolivian Nawa, Cashinawa of the Tarauacá river, Chama subgroup, Headwaters Pano, Madre de Dios Pano, Marubo Subgroup, Poyanawa Subgroup, Remo of the Blanco river, Tuxináwa",,tux,pano1257,"boli1261, cash1253, cham1314, head1239, madr1238, maru1251, poya1240, remo1250, tuxi1238"
Pano-Tacanan,"Panoan, Tacanan",,,pano1259,"pano1256, taca1255"
Pano-Tacanan (Unattested),"Kontanáwa, Mayo (Brazil), Papavô, Pisabo, Shinabo, Xipináwa",,"ppv, pig, snh, xip",pano1260,"kont1246, mayo1267, papa1263, pisa1244, shin1267, xipi1238"
Pantar,"Nedebang, Teiwa-Sar",,nec,pant1258,"nede1245, teiw1236"
Panytyima,"Mijaranypa, Pantikura",pnw,,pany1241,"mija1241, pant1254"
Panytyima-Yinhawangka,"Panytyima, Yinhawangka",,"pnw, ywg",pany1247,"pany1241, yinh1234"
Panzaleo,,,,panz1235,
Pa'o Karen,"Northern Pa'o, Southern Pa'o",blk,,paok1235,"nort2705, sout2712"
Pao,,ppa,,paoo1245,
Papantla Totonac,"Cerro del Carbón, El Escolín, El Tajín",top,,papa1238,"cerr1236, eles1234, elta1234"
Papavô,,ppv,,papa1263,
Papapana,,ppn,,papa1265,
Papar,,dpp,,papa1268,
Papasena,,pas,,papa1269,
Papabuco,"Elotepec Zapotec, Texmelucan Zapotec, Zaniza Zapotec",,"zte, zpz, zpw",papa1270,"elot1235, texm1235, zani1235"
Papel,,pbo,,pape1239,
Papiamento,,pap,,papi1253,
Papi,,ppe,,papi1255,
Papiu Yanomama Sign Language,,,,papi1256,
Papora-Hoanya,"Hoanya, Papora",ppu,,papo1239,"hoan1238, nucl1579"
Papuan Malay,,pmy,,papu1250,
Papuma,,ppm,,papu1251,
Papuan Tip linkage,"Nuclear Papuan Tip linkage, Peripheral Papuan Tip linkage",,,papu1253,"nucl1744, peri1258"
Papuan Pidgin English,,,,papu1254,
Papua New Guinean Sign Language,,pgz,,papu1255,
Parachi,"Ghujulan, Nijrau, Shutul",prc,,para1299,"ghuj1238, nijr1238, shut1241"
South Wa,,prk,,para1301,
Jejara Naga,,pzn,,para1302,
Paranan,Palanan Dumagat,prf,,para1306,pala1347
Parawen,,prw,,para1307,
Paravilhana-Pauxiana,"Paravilhana, Pauxiana, Sapara",,,para1308,"para1309, paux1236, sapa1254"
Paravilhana,,,,para1309,
Pará Arára,,aap,,para1310,
Paraguayan Guaraní,"Jopará, Modern Paraguayan Guarani, Old Guarani",gug,,para1311,"jopa1240, mode1267, oldp1258"
Parakanã,,pak,,para1312,
Paranawát,,paf,,para1313,
Pará-Maranhão Gavião,"Pykobjê, Krinkati, Parkatejê",gvp,xri,para1315,"krik1239, krin1238, timb1254"
Paraujano,"Alile, Toa",pbg,,para1316,"alil1239, toaa1239"
Paraguayan Sign Language,,pys,,para1318,
Paraguay-Brazil Guarani,"Chiripá, Kaiowa, Paraguayan Guaraní",,"nhd, gug",para1319,"chir1286, kaio1234, para1311"
Paranan-Pahanan,"Agta-Pahanan, Paranan",agp,"apf, prf",para1320,"agta1234, para1306"
Parauana,,,,para1324,
Parbate Kham,"Eastern Parbate Kham, Western Parbate Kham",,"kif, kjl",parb1234,"east2354, west2420"
Pardhi,"Neelishikari, Pittala Bhasha, Takari",pcl,,pard1243,"neel1238, pitt1245, taka1260"
Pardhan,,pch,,pard1245,
Gorum-Parenga,,pcj,,pare1266,
Pare,,ppt,,pare1271,
Parecís,,pab,,pare1272,
Xaray,"Parecis-Nawe, Saraveca",,sar,pare1273,"pare1278, sara1331"
Pare-Taveta,"Pareic, Taveta",,tvs,pare1274,"pare1277, tave1240"
Parenic,"Baniva de Maroa, Yavitero-Pareni",,"gae, yvt",pare1275,"guar1293, yavi1244"
Pareic,"Asu (Tanzania), Mbugu",,"asa, mhd",pare1277,"asut1235, mbug1240"
Parecis-Nawe,"Enawené-Nawé, Parecís",,"unk, pab",pare1278,"enaw1238, pare1272"
Päri,,lkr,,pari1256,
Parji-Ollari-Gadaba,"Duruwa, Ollari-Gadaba",,pci,parj1243,"duru1236, olla1234"
Parkari Koli,,kvx,,park1237,
Parkwa,,pbi,,park1239,
Parsi,,prp,,pars1251,
Parsi-Dari,,prd,,pars1252,
Parthian,,xpr,,part1239,
Parukotoan,"Kaxuiâna, Waiwaian",,kbb,paru1239,"kaxu1237, waiw1245"
Parya,,paq,,pary1242,
Pashto,"Nuclear Pashto, Waneci",,"pus, wne",pash1269,"nucl1276, wane1241"
Pashayi,"Eastern Pashayi, Western Pashayi",,,pash1270,"east2322, west2387"
Pasismanua,"Aighon, Karore, Kaulong, Miu, Sengseng",,"aix, xkx, pss, mpo, ssz",pasi1254,"aigh1235, karo1298, kaul1240, miuu1237, seng1281"
Pasi,,psq,,pasi1259,
Pass Valley Yali,"Apahapsili, Landikma, Abenaho",yac,,pass1247,"apah1238, land1260, pass1248"
Passe,,,,pass1250,
Pasto,,,,past1243,
Pastoral Surmic,"Me'en, Tirma-Chai-Mursi",,mym,past1248,"meen1242, suri1266"
Pastaza Quechua,"Northern Pastaza Quichua, Southern Pastaza Quechua",,"qvz, qup",past1249,"nort2973, sout2990"
Pastoral Guerrero Nahuatl,"Central Guerrero Nahuatl, Santa María La Alta Nahuatl",,"ngu, nhz",past1250,"guer1241, sant1423"
Patagon,,,,pata1255,
Patani,,ptn,,pata1260,
Pataxó Hã-Ha-Hãe,,pth,,pata1261,
Patamona,,pbc,,pata1262,
Patakai-Manusela,"Manusela-Huaulu, Patakai",,,pata1263,"manu1263, nuau1240"
Patep,Dengalu,ptp,,pate1247,deng1252
Pathiya,,pty,,path1235,
Patla-Chicontla Totonac,,tot,,patl1234,
Patpatar,"Nuclear Patpatar, Pala, Sokirik",gfk,,patp1243,"nucl1490, pala1343, soki1239"
Patpatar-Minigir-Tolai,"Minigir-Tolai, Patpatar",,gfk,patp1244,"mini1257, patp1243"
Pattapu,,ptq,,patt1247,
Pattani,"Central Pattani, Chamba-Lahuli, Eastern Pattani",lae,,patt1248,"cent2002, cham1308, east2348"
Kelantan-Pattani Malay,"Kelantan Malay, Pahang Malay, Pattani-Nonthaburi Malay, Nonthaburi Malay, Pattani Malay, Terengganu Malay",mfa,,patt1249,"kela1264, paha1256, patt1253, nont1234, patt1254, tere1283"
Patwin,"Nuclear Patwin, Hill Patwin, River Patwin, Southern Patwin",pwi,,patw1250,"nucl1784, hill1259, rive1264, sout3315"
Paulohi,,plh,,paul1238,
Paumari,"Purus Paumari, Ituxi Paumari, Tapauá Paumari",pad,,paum1247,"kuru1310, paum1248, uaia1240"
Paunaka,,pnk,,paun1241,
Pauri Bareli,,bfb,,paur1238,
Pauri-Nahali,"Bhilali, Nahali-Baglani, Pauri Bareli, Rathwi Bareli",,"bhi, nlx, bfb, bgd",paur1240,"bhil1253, naha1261, paur1238, rath1242"
Warázu,,psm,,paus1244,
Pauwi,,,,pauw1243,
Pauwasi,"Eastern Pauwasi, Western Pauwasi",,,pauw1244,"east2530, west2611"
Pauxi,,,,paux1235,
Pauxiana,,,,paux1236,
Pawaia,"Aurama, Hauruha",pwa,,pawa1255,"aura1242, haur1243"
Pawnee-Kitsai,"Kitsai, Pawnee-Arikara",,kii,pawn1252,"kits1249, pawn1253"
Pawnee-Arikara,"Arikara, Pawnee",,"ari, paw",pawn1253,"arik1262, pawn1254"
Pawnee,"Skiri, South Band",paw,,pawn1254,"skir1238, sout2966"
Payagua,,,,paya1236,
Payaya,,,,paya1237,
Manat,,pmr,,payn1244,
Pearic,"Pear, Western Pearic",,pcb,pear1246,"pear1247, west2394"
Pear,,pcb,,pear1247,
Peba-Yagua,"Peba-Yameo, Yagua",,yad,peba1241,"peba1242, yagu1244"
Peba-Yameo,"Peba, Yameo",,yme,peba1242,"peba1243, yame1242"
Peba,,,,peba1243,
Pech,,pay,,pech1241,
Pecheneg,,xpc,,pech1242,
Pedi,"Dzwabo, Gananwa, Kgaga, Koni, Kopa, Lobedu, Masemola, Matlala-Moletshi, Pai-Pulana-Kutswe, Khutswe, Pai (Pedi), Pulana, Phalaborwa, Tlokwa, Tswene",nso,,pedi1238,"dzwa1238, gana1272, kgag1238, koni1259, kopa1247, lobe1242, mase1248, matl1257, paip1242, khut1241, paii1250, pula1264, phal1258, tlok1241, tswe1238"
Pye,,pai,,peee1238,
Peere,"Dan Muure, Peer Muure, Zongbi",pfe,,peer1241,"danm1238, peer1242, zong1242"
Pei,,ppq,,peii1238,
Pekal,,pel,,peka1242,
Peka,"Sop, Sumau, Urigina-Danaru",,"urw, six",peka1243,"sopp1247, suma1270, urig1241"
Pekodian,"Bakairí, Xinguan",,bkq,peko1235,"baka1277, xing1247"
Pela,,bxd,,pela1242,
Pele-Ata,"Ata (New Britain), Pele (New Britain)",ata,,pele1245,"ataa1241, pele1246"
Pémono,,pev,,pemo1245,
Pemong-Panare,"Panare, Pemongan",,pbh,pemo1246,"enap1235, pemo1247"
Pemongan,"Kapong, Macushi, Pemon",,"mbc, aoc",pemo1247,"kapo1251, macu1259, pemo1248"
Pemon,"Camaracoto, Taurepang-Arekuna, Arecuna, Taurepan",aoc,,pemo1248,"cama1252, taul1252, arec1238, taur1239"
Penang Sign Language,,psg,,pena1248,
Penange,,,,pena1270,
Penan,"Eastern Penan, Western Penan-Sebop",,pez,pena1271,"east2485, west2562"
Penangic,"Ampari Dogon, Bunoge Dogon, Mombo Dogon, Penange",,"aqd, dgb, dmb",pena1272,"ampa1238, buno1241, momb1254, pena1270"
Penchal,,pek,,penc1239,
Pendau,,ums,,pend1242,
Pending Report Release,"Akyaung Ari Naga, Burma Tangkhul Naga, Dawik Kui, Ekai Chin, Jogi in the Sindh area, Kokak Naga, Laitu Chin, Rungtu Chin, Songlai Chin, Thaipum Chin",,"nqy, ntx, dwk, cey, jog, nxk, clj, rtc, csj, cth",pend1244,"akya1234, burm1267, dawi1234, ekai1234, jogi1234, koka1245, lait1239, rung1263, song1313, thai1262"
Pengo,"Awe, Indi",peg,,peng1244,"awee1240, indi1256"
Peninsular Eastern Saami,"Kildin Saami, Ter Saami",,"sjd, sjt",peni1240,"kild1236, ters1235"
Pennsylvania German,"Amish Pennsylvania German, Non-Amish Pennsylvania German",pdc,,penn1240,"amis1245, nona1239"
Peñoles Mixtec,"San Mateo Tepantepec, Santa María Peñoles, Santiago Tlazoyaltepec",mil,,peno1244,"sanm1297, sant1445, sant1446"
Māngarongaro,,pnh,,penr1237,
Pentlatch,,ptw,,pent1242,
Peranakan Indonesian,,pea,,pera1256,
Perai,"Moning, Uhak",wet,,pera1257,"moni1260, uhak1237"
Perai-Tugun-Aputai,"Perai-Aputai, Tugun",,tzn,pera1258,"pera1259, tugu1245"
Perai-Aputai,"Aputai, Perai",,"apx, wet",pera1259,"aput1237, pera1257"
Perema-Mumbake,"Nyong, Wom (Nigeria)",,"muo, wom",pere1234,"nyon1241, womn1235"
Pericú,,,,peri1250,
Peripheral Mongolian,"Chahar, Ejine, Jirim Mongolian, Jostu, Jo-Uda, Ordos, Shilingol, Tumut, Ulanchab",mvf,,peri1253,"chah1241, ejin1238, jiri1239, jost1238, joud1238, ordo1245, shil1261, tumu1241, ulan1238"
Peripheral Karen,"Pa'o Karen, Pwo",,blk,peri1254,"paok1235, pwoo1239"
Peripheral Papuan Tip linkage,"Central Papuan Oceanic, Kilivila-Misima, Nimoa-Sudest",,,peri1258,"cent2070, kili1270, nimo1245"
Peripheral Kuki-Chin,"Khomic, Northeastern Kuki-Chin, South Peripheral Kuki-Chin",,,peri1260,"khom1240, nort3179, sout3160"
Peripheral Central Bisayan,"Bantayanon, Capiznon-Ilonggo-Kawayan, Masbate-Sorsogon, Porohanon",,"bfx, prh",peri1261,"bant1293, capi1240, masb1239, poro1253"
Peripheral Western Malakula,"Ninde-Nati, Northwestern Malakula, Southwestern Malakula",,,peri1262,"nind1243, nort3261, sout3240"
Permian,"Komi, Udmurt",,"kom, udm",perm1256,"komi1267, udmu1245"
Pero,,pip,,pero1241,
Zaban Eshareh Irani,,psc,,pers1244,
Persian-Indic,"Afghanistan Gorbat, Caspian and eastern Persia Gypsy, Central-Southern Persian Gypsy, Magati",,,pers1247,"afgh1240, casp1241, cent2304, maga1271"
Peruvian Sign Language,,prl,,peru1235,
Peruvian-Inmaculada Sign,"Inmaculada Sign Language, Peruvian Sign Language",,prl,peru1236,"inma1234, peru1235"
Pesisir,"Komering, Lampung Api",,"kge, ljp",pesi1234,"kome1238, lamp1243"
Petats,"Hitau-Pororan, Matsungan, Sumoun",pex,,peta1245,"hita1242, mats1242, sumo1242"
Petapa Zapotec,,zpe,,peta1247,
Petjo,,pey,,petj1238,
Fula-Sereer,"Fula, Sereer",,"ful, srr",peul1234,"fula1264, sere1260"
Peve,"Dari (Chadic), Doe (Chadic), Lamé",lme,,peve1243,"dari1254, doee1242, lame1268"
PF-Jola,"Her-Ejamat, Kwatay-Karon-Mlomp",,,pfjo1234,"here1250, kwat1245"
Prai,,prt,,phai1238,
Phake,,phk,,phak1238,
Palula,"Ashreti, Northern Palula, Biori, Kalkatak, Purigal",phl,,phal1254,"ashr1238, nort2667, bior1234, kalk1248, puri1264"
Phala,,ypa,,phal1256,
Phana',,phq,,phan1254,
Phangduwali,,phw,,phan1256,
Phayeng,,,,phay1241,
Phay-Pram,"Pramic, Ksingmul, Tinic",,puo,phay1242,"pram1235, puoc1238, tini1248"
Pheende-Kwezo,"Kwese, Mbangala, Phende",,"kws, mxg, pem",phee1234,"kwes1244, mban1264, phen1239"
Phende,,pem,,phen1239,
Philippine Sign Language,,psp,,phil1239,
Phimbi,,phm,,phim1238,
Phobjib-Chali-Bumthangic,"Chali-Bumthangic, Upper Mangdep",,neh,phob1238,"chal1266, nyen1254"
Phoenician-Punic,"Phoenician, Punic",,"phn, xpu",phoe1238,"phoe1239, puni1241"
Phoenician,,phn,,phoe1239,
Pholo,,yip,,phol1235,
Pholic,"Alo Phola, Phola",,"ypo, ypg",phol1236,"alop1235, phol1237"
Phola,,ypg,,phol1237,
Phom Naga,Yongyasha,nph,,phom1236,yong1271
Phong-Kniang,,pnx,,phon1246,
Phowa,"Ani-Labo, Hlepho-Phukha",,,phow1235,"anil1235, hlep1235"
Phrae Pwo Karen,,kjt,,phra1235,
Phrygian,Mysian,xpg,yms,phry1239,mysi1239
Phuan,,phu,,phua1239,
Phudagi,,phd,,phud1238,
Phuie,,pug,,phui1238,
Phukha,,phh,,phuk1235,
Phuma,,ypm,,phum1235,
Phunoi-Coong,"Côông, Phunoi",,"cnc, pho",phun1244,"coon1239, phun1245"
Phunoi,"Black Khoany, Hwethom, Khaskhong, Mung, White Khoany",pho,,phun1245,"blac1268, hwet1239, khas1272, mung1263, whit1264"
Phuong,,phg,,phuo1238,
Phupha-Alugu,"Alugu, Phupha",,"aub, yph",phup1236,"alug1235, phup1237"
Phupha,,yph,,phup1237,
Phupa-Phuza,"Phupa, Phuza",,"ypp, ypz",phup1238,"phup1239, phuz1235"
Phupa,,ypp,,phup1239,
Phu Thai,,pht,,phut1244,
Phuthi,,,,phut1246,
Phuza,"Dabaqi, Suobendi",ypz,,phuz1235,"daba1263, suob1234"
Piamatsina,,ptr,,piam1242,
Piame,,pin,,piam1243,
Piapoco,,pio,,piap1246,
Piapoco-Achagua,"Achagua, Piapoco",,"aca, pio",piap1247,"acha1250, piap1246"
Piapung-Koenoem,"Koenoem, Pyapun",,"kcs, pcw",piap1250,"koen1239, pyap1239"
Piaroa,,pid,,piar1243,
Piawi,"Haruai, Pinai-Hagahai",,"tmd, pnn",piaw1238,"haru1245, pina1252"
Picard,"Amienois, Artois, Belgian Picard, Boulonnais, Calaisis, Cambresis, Hainaut, Lillois, Ponthieu, Santerre, Vermandois, Vimeu",pcd,,pica1241,"amie1238, arto1238, belg1240, boul1236, cala1255, camb1242, hain1252, lill1247, pont1254, sant1408, verm1238, vime1238"
Pichis Ashéninka,,cpu,,pich1237,
Pictish,,xpi,,pict1238,
Picuris Northern Tiwa,,,,picu1248,
Pidgin Fijian,,,,pidg1237,
Pidgin Delaware,,dep,,pidg1246,
Pidgin Ngarluma,,,,pidg1247,
Pidgin Gulf Arabic,,,,pidg1248,
Pidgin Hawaiian,,,,pidg1249,
Pidgin Hindustani,,,,pidg1251,
Pidgin Madam,,,,pidg1252,
Pidgin Sign Language,International Sign,,ils,pidg1253,inte1259
Pidgin Chinook Jargon,,,,pidg1254,
Pidgin Kaurna,,,,pidg1255,
Pidgin Carib,,,,pidg1256,
Pidgin Tukang Besi,,,,pidg1257,
Pidgin,"Arabic-based pidgin, Assamese-based pidgin, Basque-based pidgin, Bobangi-based pidgin, Chinook-based pidgin, Choctaw-based pidgin, Delaware-based pidgin, Dutch-based pidgin, Duvle-based pidgin, Enga-based pidgin, English-based pidgin, Eskimo-based pidgin, Ewondo-based pidgin, Fijian-based pidgin, French-based pidgin, Galibi-based pidgin, German-based pidgin, Hamar-based pidgin, Hausa-based pidgin, Hawaiian-based pidgin, Hindustani-based pidgin, Icelandic-based pidgin, Iha-based pidgin, Japanese-based pidgin, Kaurna-based pidgin, Malay-based pidgin, Manambu-based pidgin, Mekeo-based pidgin, Minigir-based pidgin, Motu-based pidgin, Ngarluma-based pidgin, Onin-based pidgin, Ottawa-based pidgin, Portuguese-based pidgin, Romance-based pidgin, Russian-based pidgin, Sepik Iwam-based pidgin, Spanish-based pidgin, Swahili-based pidgin, Swedish-based pidgin, Tahitian-based pidgin, Tobi-based pidgin, Trio-based pidgin, Tukang Besi-based pidgin, Yimas-based pidgin, Zulu-based pidgin",,,pidg1258,"arab1397, assa1271, basq1268, boba1251, chin1492, choc1282, delw1234, dutc1258, duvl1243, enga1255, engl1287, eski1267, ewon1242, fiji1244, fren1279, gali1266, germ1289, hama1242, haus1258, hawa1248, hind1272, icel1249, ihab1242, japa1257, kaur1273, mala1547, mana1302, meke1244, mini1258, motu1248, ngar1294, onin1246, otta1243, port1294, roma1335, russ1269, sepi1259, span1268, swah1255, swed1256, tahi1243, tobi1240, trio1239, tuka1250, yima1247, zulu1250"
Pidgin Bobangi,,,,pidg1259,
Pidgin Hamer,,,,pidg1260,
Piemontese,"High Piemontese, Low Piemontese, Turinese",pms,,piem1238,"high1267, lowp1238, turi1245"
Piemontese-Lombard,"Lombard, Piemontese",,"lmo, pms",piem1239,"lomb1257, piem1238"
Pijao,,pij,,pija1235,
Pije,,piz,,pije1237,
Pijin,,pis,,piji1239,
Pilaga-Toba,"Pilagá, Toba",,"plg, tob",pila1244,"pila1245, toba1269"
Pilagá,"Chaco Pilagá, Toba-Pilagá",plg,,pila1245,"chac1252, toba1270"
Pilbara,"Kanyara, Mantharta, Ngayarda",,,pilb1234,"kany1246, mant1266, ngay1241"
Vaeakau-Taumako,"Aua (Pileni), Matema, Nuclear Pileni, Nukapu, Nupani, Taumako",piv,,pile1238,"auaa1240, mate1237, nucl1486, nuka1241, nupa1238, taum1237"
Pima Bajo,"Chihuahua Pima Bajo, Sonora Pima Bajo",pia,,pima1248,"chih1238, sono1245"
Piman,"Pima Bajo, Tohono O'odham",,"pia, ood",pima1249,"pima1248, toho1245"
Pimbwe,,piw,,pimb1238,
Pimenteira,,,,pime1237,
Pimpama,,,,pimp1234,
Pinai-Hagahai,"Luya-Ginam-Mamusi, Pinai",pnn,,pina1252,"luya1242, pina1253"
Pindiu,"Dedua, Kosorong-Burum-Mindik, Kulungtfu-Yuanggeng-Tobo",,"ded, kgf",pind1245,"dedu1240, koso1246, kube1244"
Pingelapese,,pif,,ping1243,
Pinghua,"Northern Pinghua, Southern Pinghua",,"cnp, csp",ping1245,"nort3268, sout3250"
Pinigura,,pnv,,pini1244,
Lake Carnegie Western Desert,"Pini, Tjupan",tjp,pii,pini1245,"pini1248, tjup1235"
Pinji,,pic,,pinj1243,
Pinotepa Nacional Mixtec,,mio,,pino1237,
Pintupi-Luritja,,piu,,pint1250,
Pintiini,,pti,,pint1251,
Pintupic,"Kukatja, Nuclear Pintupic",,kux,pint1254,"kuka1246, nucl1724"
Pinyin,,pny,,piny1238,
Pipil,,ppl,,pipi1250,
Pirahã,Múra,myp,,pira1253,mura1273
Wa'ikhana,,pir,,pira1254,
Piratapuyic,"Arapaso-Miriti, Wa'ikhana",,pir,pira1255,"arap1281, pira1254"
Pirlatapa,,bxi,,pirl1238,
Pirlatapa-Dieric,"Dieric, Pirlatapa",,bxi,pirl1239,"dier1240, pirl1238"
Piro,,pie,,piro1248,
Western Yineic,"Mashco Piro, Yine",,"cuj, pib",piro1249,"mash1270, yine1238"
Pirriya-Kungkari,"Kuungkari of Barcoo River, Pirriya",,"lku, xpa",pirr1239,"kuun1236, pirr1240"
Pirriya,,xpa,,pirr1240,
Piru,,ppr,,piru1241,
Piru Bay,"East Piru Bay, West Piru Bay",,,piru1243,"east2752, west2843"
Pisaflores Tepehua,,tpp,,pisa1237,
Pisabo,,pig,,pisa1244,
Pisamira,,,,pisa1245,
Pisamira-Yuruti,"Pisamira-Carapana, Tuyuca-Yuruti",,,pisa1246,"pisa1247, tuyu1245"
Pisamira-Carapana,"Carapana, Pisamira",,cbc,pisa1247,"cara1272, pisa1245"
Piscataway,,psy,,pisc1239,
Pisidian,,xps,,pisi1234,
Pitaguary,,,,pita1243,
Pitcairn-Norfolk,,pih,,pitc1234,
Pite Saami,,sje,,pite1240,
Pithauragarh,"Darma-Byangsi-Chaudangsi, Rangkas",,rgk,pith1234,"darm1241, rang1266"
Piti-Atsam,"Atsam, Piti",,"cch, pcn",piti1242,"atsa1241, piti1243"
Piti,Riban,pcn,,piti1243,riba1246
Pitjantjatjara,,pjt,,pitj1243,
Pitta-Pitta,"Pitta Pitta, Wanggamala",,"pit, wnm",pitt1246,"pitt1247, wang1289"
Pitta Pitta,,pit,,pitt1247,
Pitu Ulunna Salu,"Dakka, Matangnga-Aralle-Tabulahan, Pannei",,"dkk, pnc",pitu1237,"dakk1238, mata1312, pann1239"
Piu,,pix,,piuu1237,
Banoni-Piva,"Bannoni, Lawunuia",,"bcm, tgi",piva1237,"bann1247, lawu1237"
Piya-Kwonci,"Kwonci, Piya",piy,,piya1245,"kwon1238, piya1246"
Plains Indian Sign Language,,psd,,plai1235,
Plains Dogon,"Jamsay Dogon, Toro Tegu Dogon, Western Plains Dogon",,"djm, dtt",plai1257,"jams1239, toro1253, west2508"
Plains Cree,"Northern Alberta Cree, Nuclear Plains Cree, Western York Cree",crk,,plai1258,"nort2960, nucl1654, west2629"
Plains Miwok,,pmw,,plai1259,
Plains Creeic,"Heritage Michif, Plains Cree",,"crg, crk",plai1264,"mich1243, plai1258"
Plapo Krumen,,ktj,,plap1239,
Plateau Malagasy,"Antaimoro, Antambohoaka, Betsileo, Bezanozano, Merina, Sihanaka, Tañala",plt,,plat1254,"anta1259, anta1260, bets1235, beza1235, meri1243, siha1244, tana1285"
Plateau Shona,"Central Shona, Manyika, Tewe",,"mxc, twx",plat1259,"cent2310, many1258, tewe1238"
Plateau Central Kalenjin,"Tugen, Western Plateau Central Kalenjin",,tuy,plat1260,"tuge1241, west3004"
Plautdietsch,"Am Trakt-Alexandertal, Nehrung, Chortitza, Manitoban Chortitza, Belize Plautdietsch, Chihuahua-Kansas Plautdietsch, Chihuahua Plautdietsch, Kansas Plautdietsch, Manitoba Plautdietsch, Menno Plautdietsch, Santa Cruz Plautdietsch, Texas Plautdietsch, Werder, Molotschna, Übersee Molotschna, Fernheim Plautdietsch, Neuland Plautdietsch, Rio Grande do Sol Plautdietsch, Santa Catarian Plautdietsch, West Siberian Plautdietsch",pdt,,plau1238,"amtr1234, nehr1234, chor1277, mani1308, beli1263, chih1239, chih1240, kans1244, mani1309, menn1234, sant1465, texa1235, werd1234, molo1268, uber1234, fern1235, neul1234, riog1240, sant1464, west2975"
Playero,"Yamalero, Pepojivi",gob,,play1240,"maya1284, pepo1234"
Pnar,"Jaintia, Barato, Batau, Jowai, Lakadong, Martiang, Mynso, Nongtalang, Raliang, Rymbai, Shangpung, Sumer, Sutnga, Nongtung",pbv,,pnar1238,"jain1238, bara1355, bata1284, jowa1238, laka1251, mart1253, myns1238, nong1246, rali1240, rymb1238, shan1273, sume1240, sutn1238, nong1245"
Pochuri-Northern Rengma,"Northern Rengma Naga, Pochuri Naga",,"nnl, npo",poch1242,"nort2725, poch1243"
Pochuri Naga,,npo,,poch1243,
Pochutec,,xpo,,poch1244,
Poqom,"Poqomam, Poqomchi'",,"poc, poh",poco1241,"poqo1253, poqo1254"
Podena,,pdn,,pode1237,
Podoko,"Matal, Parkwa",,"mfh, pbi",podo1243,"mata1306, park1239"
Kilombero,"Ndamba, Pogolo",,"ndj, poy",pogo1242,"ndam1239, pogo1243"
Pogolo,,poy,,pogo1243,
Pohnpeian,"Kiti, Ponapean, Sapwuahfik",pon,,pohn1238,"kiti1240, pona1249, sapw1237"
Poke,"Baluombila, Likolo, Liutwa, Lombooki",pof,,poke1238,"balu1256, liko1250, liut1238, lomb1261"
Pokomo,"Gwano, Kinakomba, Malalulu, Ndera (Pokomo), Ndura, Zubaki",pkb,,poko1261,"gwan1243, kina1249, mala1474, nder1245, ndur1238, zuba1238"
Pökoot,"East Pokot, West Pokot",pko,,poko1263,"east2420, west2492"
Polari,,pld,,pola1249,
Polabian,,pox,,pola1255,
Pesse,,pze,,polc1243,
Polcic,"Buli (Bauchi State), Pesse, Zulic",,"uly, pze",polc1245,"buli1260, polc1243, zuli1234"
Polish Sign Language,,pso,,poli1259,
Polish,"Great Poland, Little Poland, Old Polish",pol,,poli1260,"grea1303, litt1243, oldp1256"
Polish-Silesian,"Polish, Silesian",,"pol, szl",poli1262,"poli1260, sile1253"
Pollapese,,,,poll1238,
Polonombauk,"Ati (Espiritu Santo), Narmoris",plb,,polo1242,"atie1234, narm1234"
Polynesian,"Nuclear Polynesian, Tongic",,,poly1242,"nucl1485, tong1324"
Pom,Jobi,pmo,,pomm1237,jobi1237
Pol,"Azom, Polri Kinda",pmm,,pomo1271,"azom1238, pori1238"
Pomoikan,"Anam, Anamuxric",,pda,pomo1272,"anam1247, anam1250"
Pomoan,"Northeastern Russian River Pomo, Russian River and Eastern, Southeastern Pomo",,"pef, pom",pomo1273,"nort2967, russ1265, sout2982"
Pomo-Kweso,"Kweso, Pomo",,,pomo1276,"kwes1246, pomo1277"
Chuukic-Ponapeic,"Ponapeic, Trukic",,,pona1247,"pona1248, truk1243"
Ponapeic,"Mokilese, Pingelapese, Pohnpeian",,"mkj, pif, pon",pona1248,"moki1238, ping1243, pohn1238"
Ponam,,ncc,,pona1250,
Ponares,,pod,,pona1251,
Pongu,"Akwa (Nigeria), Asebi, Awege, Azhiga, Cagere, Camajere, Cansu, Caundu, Ubwebwe",png,,pong1250,"akwa1247, aseb1238, aweg1238, azhi1238, cage1238, cama1248, cans1238, caun1238, ubwe1238"
Pongyong,,pgy,,pong1252,
Ponosakan,,pns,,pono1240,
Pontic,"Eastern Pontic Greek, Inland Pontic Greek, Muslim Pontic Greek, Of, Sürmene, Tonya, Niotika",pnt,,pont1253,"east2844, inla1270, musl1237, offf1234, surm1245, tony1234, niot1234"
Pontic-Cappadocian Greek,"Cappadocian Greek, Pontic",,"cpg, pnt",pont1257,"capp1239, pont1253"
Ponthai,,,,pont1258,
Pounyiu-Gongvan Naga,"Gongvan, Pounyiu",npg,,pony1234,"gong1257, poun1234"
Popoloca-Zapotecan,"Popolocan-Mazatecan, Zapotecan",,,popo1292,"popo1293, zapo1436"
Popolocan-Mazatecan,"Ixcatec-Chocho-Popolocan, Mazatecan",,,popo1293,"ixca1247, maza1295"
Popolocan,"San Luís Temalacayuca Popoloca, San Marcos Tlalcoyalco Popoloca, Southwestern Popolocan",,"pps, pls",popo1294,"sanl1248, sanm1301, sout3385"
Popti',,jac,,popt1235,
Poqomam,,poc,,poqo1253,
Poqomchi',,poh,,poqo1254,
"Poqomam, Southern",,pou,,poqo1255,
"Poqomchi', Western",,pob,,poqo1256,
"Poqomam, Eastern",,poa,,poqo1257,
Porohanon,,prh,,poro1253,
Portuguese Sign Language,"Lisbon, Oporto",psr,,port1277,"lisb1236, opor1243"
Port Sorell,,xpl,,port1278,
Portuguese,"Beira, Brazilian Portuguese, Estremenho, Galician Portuguese, Madeira-Azores, Old Portuguese",por,,port1283,"beir1241, braz1246, estr1243, gali1257, made1251, oldp1257"
Port Sandwich,,psw,,port1285,
Daakie,,ptv,,port1286,
Orkon-West Ambrym,"Orkon-Fanbak, West Ambrym",,fnb,port1292,"orko1234, port1293"
West Ambrym,"Dalkalaen, Southwest Ambrym",,,port1293,"dalk1234, sout3403"
Portuguese-based pidgin,Macao Pidgin Portuguese,,,port1294,maca1264
Port Sandwich-Axamb-Avok,"Avok, Axamb, Port Sandwich",,"ahb, psw",port1295,"avok1244, axam1237, port1285"
Potawatomi,,pot,,pota1247,
Potou,"Ebrié, Mbato",,"ebr, gwa",poto1250,"ebri1238, mbat1247"
Potou-Tano,"Potou, Tano",,,poto1254,"poto1250, tano1248"
Pottangi Ollar Gadaba,,gdb,,pott1240,
Poumei Naga,,pmx,,poum1235,
Poumaic,"Oinam, Poumei Naga",,pmx,poum1236,"oina1234, poum1235"
Pouye,"Bouye, Maurom",bye,,pouy1238,"bouy1241, maur1241"
Pouye-Karawa,"Karawa, Pouye",,"xrw, bye",pouy1239,"kara1495, pouy1238"
Powari,"Bhoyar Powari, Govari of Seoni, Khalari, Koshti, Kumbhari, Lodhi (Indo-European), Marari, Vyneganga Powari",pwr,,powa1246,"bhoy1242, gova1250, khal1272, kosh1244, kumb1266, lodh1245, mara1376, vyne1238"
Powhatan,,pim,,powh1243,
Poya,,,,poya1239,
Poyanawa Subgroup,"Isconahua, Nawa, Nukuini, Poyanáwa, Remo of the Jaquirana river",,"isc, nuc, pyn",poya1240,"isco1239, nawa1239, nuku1263, poya1241, remo1249"
Poyanáwa,,pyn,,poya1241,
Pramic,"O'du, Phong-Kniang, Theen",,"tyh, pnx",pram1235,"oduu1239, phon1246, thee1239"
Prasun,"Central Prasun, Lower Prasun, Upper Prasun",prn,,pras1239,"cent1976, lowe1390, uppe1402"
Pray 3,,pry,,pray1239,
Pre-Andine Maipuran,"Asha-Ashe-Kak-Matsi-Nan, Nomatsiguenga",,not,prea1240,"asha1244, noma1263"
Pre-Western Tani,"Damu-Tangam, Western Tani",,,prew1234,"damu1237, west2797"
Principense,,pre,,prin1242,
Providencia Sign Language,,prz,,prov1243,
Provençal (Retired),,prv,,prov1247,
Providencia-Cayman Sign,"Old Cayman Sign Language, Providencia Sign Language",,prz,prov1248,"oldc1248, prov1243"
Old Prussian,"Altpreussisch, Sudovian, West Galindian",prg,xsv,prus1238,"altp1234, sudo1236, west3001"
Psikye,"Nuclear Psikye, Wula, Zlenge",kvj,,psik1239,"nucl1685, wula1250, zlen1238"
Puare,,pux,,puar1240,
Pudtol Atta,,atp,,pudt1235,
Puebla and Northeastern Mazatec,"San Francisco Huehuetlán Mazatec, San Lorenzo Cuanecuiltitla Mazatec, Santa Ana Ateixtlahuaca Mazatec",pbm,,pueb1234,"sanf1265, sanl1250, sant1456"
Puelche,,pue,,puel1244,
Puerto Rican Sign Language,,psl,,puer1237,
Puimei Naga,,npu,,puim1234,
Puinave,,pui,,puin1248,
Pukapuka,,pkp,,puka1242,
Pukaunu,,,,puka1244,
Pukapukic,"Pukapuka, Samoan-Tokelauan",,pkp,puka1245,"puka1242, samo1310"
Pu Ko,,puk,,puko1234,
Pular,"Fula Peta, Kebu Fula, Krio Fula",fuf,,pula1262,"fula1267, kebu1245, krio1246"
Pulaar,"Fulacunda, Toucouleur",fuc,,pula1263,"fula1268, touc1238"
Pulabu,,pup,,pula1267,
Pula Yi,,ypl,,pula1268,
Puluwatese,"Nuclear Puluwatese, Pulapese, Pulusukese",puw,,pulu1242,"nucl1478, pula1265, pulu1243"
Puluwatese-Pollapese,"Pollapese, Puluwatese",,puw,pulu1244,"poll1238, pulu1242"
Puma,,pum,,puma1239,
Pumé,,yae,,pume1238,
Pumi,"Northern Pumi, Southern Pumi",,"pmi, pmj",pumi1242,"nort2723, sout2729"
Pumpokol,,xpm,,pump1237,
Punan Tubu,,puj,,puna1266,
Punan Aput,,pud,,puna1267,
Punan Merah,,puf,,puna1268,
Punan Merap,,puc,,puna1274,
Punan Bah-Biau,"Punan Bah, Punan Biau",pna,,puna1275,"puna1276, puna1277"
Punan Batu 1,,pnm,,puna1278,
Punan-Muller-Schwaner,"Muller-Schwaner, Punan",,,puna1279,"mull1247, puna1280"
Punan,"Aput-Busang-Merah-Kohi, Bukat-Ukit-Beketan-Lugat-Lisum, Punan Tubu-Bah",,,puna1280,"aput1239, buka1263, puna1281"
Punan Tubu-Bah,"Punan Tubu, Punan Bah-Biau, Sajau-Latti",,"puj, pna, sjb",puna1281,"puna1266, puna1275, saja1241"
Punic,Neo-Punic,xpu,,puni1241,neop1239
Puno Quechua,Cailloma Quechua,qxp,,puno1238,cail1238
Punu,,puu,,punu1239,
Punu-Vungu,"Punu, Vumbu",,"puu, vum",punu1240,"punu1239, vumb1238"
Ksingmul,,puo,,puoc1238,
Puquina,,puq,,puqu1242,
Puragi,,pru,,pura1253,
Purari,Iai,iar,,pura1257,iaii1238
Purepecha,"Comachuén-Turicuaro, Cuanajó, Eastern Lake Patzcuaro, Lake Patzcuaro Islands and Western Shore, Northern Lake Patzcuaro, Zapacu, Zipiajo",tsz,,pure1242,"coma1247, cuan1234, east2899, lake1262, nort3409, zapa1254, zipi1234"
Purik-Sham-Nubra,"Purik, Sham-Nubra, Ldumra, Shamma",prx,,puri1258,"puri1263, sham1283, nubr1242, sham1264"
Purisimeño,,puy,,puri1259,
Puri-Coroado,"Coroado-Puri, Puri",,prr,puri1261,"coro1249, puri1262"
Puri,,prr,,puri1262,
Puroikic,"Eastern Puroik, Western Puroik",,suv,puro1234,"sulu1241, west2873"
Purum (Retired),,puz,,puru1262,
Puruborá,,pur,,puru1264,
Purus,"Apurinã, Iñapari, Unclassified Purus, Yineic",,"apu, inp",puru1265,"apur1254, inap1242, uncl1523, yine1239"
Purum,,pub,,puru1266,
Puruguay,,,,puru1267,
Purubora-Ramarama,"Puruborá, Ramarama",,pur,puru1268,"puru1264, rama1257"
Purus-Chamicuro,"Chamicuro-Morike, Purus",,,puru1269,"cham1317, puru1265"
Putai,,mfl,,puta1243,
Putoh,,put,,puto1237,
Utugwang-Irungene-Afrike,"Afrike, Irungene, Mgbenege, Okorogung, Ukwortung, Utugwang",afe,,putu1241,"afri1272, obee1238, obos1238, okor1247, okor1248, utug1238"
Puwa Yi,,ypw,,puwa1234,
Pu-Xian Chinese,"Putian, Xianyou",cpx,,puxi1243,"puti1238, xian1252"
Puyuma,"Nanwang, Pinan",pyu,,puyu1239,"nanw1237, pina1251"
Pwaamei,,pme,,pwaa1237,
Pwapwa,,pop,,pwap1237,
Pwo Eastern Karen,"Kanchanaburi Pwo Karen, Kawkareik, Pa'an, Ratchaburi Pwo Karen, Tavoy",kjp,,pwoe1235,"kanc1245, kawk1239, paan1239, ratc1238, tavo1241"
Pwo Northern Karen,"Mae Ping, Mae Sarieng, Omkoi",pww,,pwon1235,"maep1238, maes1238, omko1238"
Pwo,"Eastern-Western Pwo Karen, Northern Pwo Karen",,,pwoo1239,"east2341, nort2704"
Pwo Western Karen,"Maubin, Tuan Tet",pwo,,pwow1235,"maub1238, tuan1238"
Pyapun,,pcw,,pyap1239,
Pye Krumen,"Dugbo, Gbowe-Hran, Pie, Trepo, Wlepo, Wluwe-Hawlo, Yapo, Yrewe",pye,,pyek1235,"dugb1238, gbow1238, piee1238, trep1238, wlep1238, wluw1238, yapo1245, yrew1238"
Pyen,,pyy,,pyen1239,
Pyu,,pby,,pyuu1245,
Pubiao-Qabiao,,laq,,qabi1235,
Qahvehkhaneh Sign Language,,,,qahv1234,
Q'anjob'al,,kjb,,qanj1241,
Qaqet,,byx,,qaqe1238,
Qashqa'i,"Afsharic, Kashkay, Qazwin Turkic, Solayman-Abad Turkic",qxq,,qash1240,"afsh1239, kash1283, qazw1234, sola1234"
Qatabanian,,xqt,,qata1238,
Central Gelao-Qau,"Qau, Wanzi Gelao",gqu,,qaua1234,"qauu1238, wanz1234"
Qawasqar,"Wellington Kawésqar, Tawokser",alc,,qawa1238,"aksa1237, tawo1245"
Qeltu,"Judeo-Iraqi Arabic, North Mesopotamian Arabic",,"yhd, ayp",qelt1235,"jude1266, nort3142"
Qiangic,"Muya, Pumi, Qiang, Queyu, Gyalrongic, Unclassified Qiangic, Zhaba",,"qvy, zhb",qian1263,"muya1239, pumi1242, qian1264, quey1238, rgya1241, uncl1511, zhab1238"
Qiang,"Southern Qiang, Upstream-Nu Qiang",,qxs,qian1264,"sout2728, upst1234"
Qila Muji,,ymq,,qila1235,
Qimant,"Dembiya, Falasha, Qwara, Kimant",ahg,,qima1242,"demb1239, fala1246, hwar1238, nucl1704"
Eastern Ong-Be,"Changliu, Laocheng, Longtang, Longqiao, Longquan, Shishan",,,qion1238,"chan1328, laoc1234, long1419, long1420, long1421, shis1234"
Qiubei Zhuang,,zqe,,qiub1238,
Qom,"Mocoví, Pilaga-Toba",,moc,qomm1235,"moco1246, pila1244"
Quapaw,,qua,,quap1242,
Quebec Sign Language,,fcs,,queb1245,
Quechan,,yum,,quec1382,
Quechua I,"Central Quechua I, Yauyosic, Pacaraos Quechua",,qvp,quec1386,"cent2141, huan1255, paca1245"
Quechuan,"Cajamarca-Lambayeque Quechua, Classical Quechua, Colombia-Ecuador Quechua, Quechua I, Southern Quechua, San Martin-Amazonas Quechua",,qwc,quec1387,"caja1240, clas1251, colo1257, quec1386, quec1389, sanm1306"
Southern Quechua,"Ayacuchan Quechua, Bolivian-Argentinian Quechua, Cuscan Quechua",,,quec1389,"ayac1238, boli1262, cusc1235"
Quechua-Puquina,Callawalla,,caw,quec1390,call1235
Queensland Kanaka English,,,,quee1234,
Quenya,,qya,,quen1234,
Quepos,,,,quep1238,
Querétaro Otomi,,otq,,quer1236,
Querandi,,,,quer1237,
Quetzaltepec Mixe,,pxm,,quet1239,
Queyu,,qvy,,quey1238,
Quiavicuzas Zapotec,,zpj,,quia1235,
Quichean-Mamean,"Greater Quichean, Greater Mamean",,,quic1274,"grea1276, grea1277"
Quiche-Achi,"Achi, K'iche'",,"acr, quc",quic1275,"achi1256, kich1262"
Quignam,,,,quig1235,
Quileute,"Hoh, Nuclear Quileute",qui,,quil1240,"hohh1236, nucl1246"
Quillacinga,,,,quil1251,
Quinqui,,quq,,quin1236,
Quinault,Lower Chehalis (Quinault),qun,,quin1251,lowe1426
Quinigua,,,,quin1252,
Quiotepec Chinantec,Yolox Chinanteco,chq,,quio1240,yolo1240
Quioquitani-Quieri Zapotec,"Quierí Zapotec, Quioquitani Zapotec",ztq,,quio1241,"quie1238, quio1242"
Qujiang Hakka-Shibei Shaoguan Tuhua,,,,quji1234,
Rabha,"Maitaria, Rangdania",rah,,rabh1238,"mait1251, rang1268"
Rade,"Adham, Blo, Kodrao, Krung 1, Ndhur, Rde Kpa",rad,,rade1240,"adha1237, bloo1242, kodr1238, krun1243, ndhu1237, rdek1237"
Rade-Jarai,"Bih, Jarai, Rade",,"ibh, jra, rad",rade1241,"biha1246, jara1266, rade1240"
Raetic,,xrr,,raet1238,
Rahambuu,,raz,,raha1237,
Rai Coast,"Evapia, Kabenau, Mindjim, Nuru, Peka, Unclassified Rai Coast, Yaganon",,,raic1241,"evap1240, kabe1245, mind1258, nuru1240, peka1243, unun9972, yaga1258"
Rajah Kabunsuwan Manobo,,mqk,,raja1254,
Raja Ampat-South Halmahera,"Ambel-Biga, As, Maya-Matbat, Salawati-Batta, South Halmahera",,asz,raja1255,"ambe1249, asss1237, maya1288, sala1285, sout3231"
Rajasthani,"Bagri-Jandavra, Eastern Rajasthani, Merwari, Mewaric, Mewati-Gojri, Shekhawati, Unclassified Rajasthani, Western Rajasthani",,"wry, swv",raja1256,"bagr1245, east2890, merw1238, mewa1253, mewa1254, shek1243, uncl1534, west2831"
Raja Ampat Maya,"Kawe, Legenyem, Misool-Salawati Ma'ya, Wauyai",,"kgb, lcc, slz, wuy",raja1258,"kawe1240, lege1241, maya1282, wauy1237"
Rajbanshi,,rjs,,rajb1243,
Rajbanshi (Retired),,rjb,,rajb1244,
Raji-Raute,"Raji, Raute-Rawat",,rji,raji1239,"raji1240, raut1240"
Raji,,rji,,raji1240,
Rajong,,rjg,,rajo1237,
Rajput Garasia,,gra,,rajp1235,
Rakahanga-Manihiki,,rkh,,raka1237,
Rakhine,,rki,,rakh1245,
Ralte,,ral,,ralt1242,
Ramarama,"Karo (Brazil), Urumi",,"arr, uru",rama1257,"karo1305, urum1250"
Rama,,rma,,rama1270,
Ramanos,,,,rama1271,
Ramand-Karaj,"Eshtehardi, Razajerdi, Takestani",,"esh, rat, tks",rama1272,"esht1238, raza1238, take1255"
Ram,"Awtuw, Pouye-Karawa",,kmn,ramm1241,"awtu1239, pouy1239"
Ramoaaina,"Aalawa, Makada, Molot",rai,,ramo1244,"aala1237, maka1306, molo1260"
Ramopa,,kjx,,ramo1245,
Rampi,"Nuclear Rampi, Rato",lje,,ramp1243,"nucl1569, rato1237"
Rampi-Seko-Badaic,"Badaic, Rampi, Seko",,lje,ramp1244,"bada1260, ramp1243, seko1241"
Ramu,"Agoan, Aian, Banaro, Goam, Lower Ramu, Rao",,"byz, rao",ramu1234,"agoa1234, aian1241, bana1292, goam1234, lowe1439, raoo1244"
Rana Tharu,,thr,,rana1246,
Ranau (Retired),,rae,,rana1249,
Central-Eastern Kamta,"Bahe, Kamta (India), Rangpuri (Bangladesh)",rkt,,rang1265,"bahe1242, kamt1243, rang1272"
Rangkas,,rgk,,rang1266,
Halam,"Bongcher, Bong, Chorai, Dab, Hrangkhol (Halam), Kaipeng, Kaloi, Lankai, Molsom, Morsephang, Ranglong, Rupini",rnl,,rang1267,"bong1300, bong1301, chor1276, dabb1234, hran1240, kaip1242, kalo1267, lank1243, mols1234, mors1234, rang1271, rupi1234"
Rang,,rax,,rang1269,
Ranya,,,,rany1238,
Rao,"Li'o (Papua New Guinea), Ndramini'o",rao,,raoo1244,"lioo1241, ndra1238"
Rapanui,,rap,,rapa1244,
Mangaia-Old Rapa,"Mangaia, Old Rapa",ray,,rapa1245,"mang1402, oldr1239"
Rapoisi,,kyx,,rapo1238,
Rapting,,rpt,,rapt1240,
Rara Bakati',,lra,,rara1235,
Rara-Sara Bakati',"Rara Bakati', Sara Bakati'",,"lra, sre",rara1236,"rara1235, sara1329"
Southern Cook Island Maori,"Aitutaki, Atiu, Mauke, Mitiaro, Rarotonga",rar,,raro1241,"aitu1237, atiu1237, mauk1238, miti1242, raro1242"
Rasawa-Saponi,"Rasawa, Saponi",,"rac, spi",rasa1242,"rasa1243, sapo1254"
Rasawa,,rac,,rasa1243,
Rashad,"Tagoi, Tegali",,"tag, ras",rash1249,"tago1246, tega1236"
Ratahan,,rth,,rata1244,
Ratagnon,"Nuclear Ratagnon, Santa Teresa",btn,,rata1245,"nucl1545, sant1420"
Rathwi Bareli,,bgd,,rath1242,
Rathawi,,rtw,,rath1243,
Rathawi-Palya,"Palya Bareli, Rathawi",,"bpx, rtw",rath1244,"paly1238, rath1243"
Raute,,rau,,raut1239,
Raute-Rawat,"Raute, Rawat",,"rau, jnl",raut1240,"raut1239, rawa1264"
Ravula,"Adiya, Pani Yerava, Panjiri Yerava",yea,,ravu1237,"adiy1237, pani1257, panj1258"
Ravulic,"Paniya, Ravula",,"pcg, yea",ravu1238,"pani1256, ravu1237"
Rawat,,jnl,,rawa1264,
Rawang,"Agu, Hpungsi, Htiselwang, Kunlang, Longmi, Matwanly, Mutwang, Nuclear Rawang, Serhta, Serwang, Tangsarr, Taron, Wadamkong, Wahke, Zithung",raw,,rawa1265,"aguu1241, hpun1238, htis1238, kunl1238, long1385, matw1238, mutw1238, nucl1319, serh1238, serw1238, tang1339, taro1261, wada1259, wahk1238, zith1239"
Rawa,"Karo (Papua New Guinea), Nuclear Rawa",rwo,,rawa1267,"karo1302, nucl1609"
Rawas (Retired),,rws,,rawa1268,
Rawlinson,"Sankwep, Pindiu",,,rawl1234,"naba1257, pind1245"
Rawo-Main Serra,"Rawo, Womo-Sumararu",,"rwa, wmx",rawo1243,"rawo1244, womo1238"
Rawo,,rwa,,rawo1244,
Northeast Chiapas Zoque,"Chapultenango, Ocotepec-Tapalapa, Rayón-Pantepec Zoque",zor,,rayo1235,"chap1265, ocot1242, rayo1236"
Razajerdi,,rat,,raza1238,
Red Gelao,,gir,,redg1235,
Red Tai,"Tai Daeng-Meuay, Tai Muong, Tày Tac",,"tyr, tyt",redt1235,"taid1249, taim1254, tayt1241"
Reefs-Santa Cruz,"Äiwoo, Nanggu, Natugu-Nalogo",,"nfl, ngr",reef1242,"ayiw1239, nang1262, natu1250"
Reel,,atu,,reel1238,
Rejang,"Kebanagung, Lebong, Rejang Musi, Pasisir, Rawas",rej,,reja1240,"keba1250, lebo1245, musi1242, pasi1255, rawa1266"
Rejang Kayan,"Lemena, Lisum, Long Badan, Long Murun, Long Geng, Long Kehobo, Ma'aging, Uma Daro, Uma Juman",ree,,reja1241,"leme1239, lisu1251, long1408, long1409, long1410, long1411, maag1237, umad1241, umaj1240"
Rejang-Makaham Kayan,"Busang Kayan, Kayan Mahakam, Rejang Kayan",,"bfg, xay, ree",reja1244,"busa1255, kaya1324, reja1241"
Reli,,rei,,reli1238,
Rema,,bow,,rema1238,
Rembarrnga,,rmb,,remb1249,
Rembong-Wangka,"Rembong, Wangka",reb,,remb1250,"nucl1516, wang1298"
Hatang Kayi,,agv,,remo1247,
Remo of the Moa river,,rem,,remo1248,
Remo of the Jaquirana river,,,,remo1249,
Remo of the Blanco river,,,,remo1250,
Rempi,,rmp,,remp1241,
Rempic,"Garus, Rempi, Yoidik",,"gyb, rmp, ydk",remp1242,"garu1246, remp1241, yoid1240"
Remun,,lkj,,remu1237,
Rendille,,rel,,rend1243,
Rengao,"Bahnar-Rengao, Sedang-Rengao, Western Rengao",ren,,reng1252,"bahn1261, seda1260, west2400"
Rengma-Simi,"Southern Rengma Naga, Sumi Naga",,"nre, nsm",reng1253,"sout2732, sumi1235"
Rengmitca,,,,reng1255,
Rennellese Sign Language,,rsi,,renn1236,
Rennell-Bellona,"Mungiki, Munggava",mnv,,renn1242,"mung1270, mung1271"
Rerau,,rea,,rera1240,
Rer Bare,,rer,,rerb1235,
Rerep,Tisman,pgk,,rere1240,tism1237
Reshe,,res,,resh1242,
Resígaro,,rgr,,resi1247,
Reta,,ret,,rett1240,
Réunion Creole French,,rcf,,reun1238,
Reyesano,,rey,,reye1240,
Gyalrongic,"Core Gyalrong, West Gyalrongic",,,rgya1241,"core1262, west2973"
Rhenish Franconian,"Palatinate, Hunsrik",,hrx,rhin1244,"pala1355, riog1239"
Riang,"Riang (Myanmar), Yinchia",,"ril, yin",rian1260,"rian1261, yinc1238"
Riang (Myanmar),,ril,,rian1261,
Riang (India),,ria,,rian1262,
Riantana,,ran,,rian1263,
Rib-Gurdjar,"Areba, Gurdjar",,"aea, gdj",ribg1235,"areb1238, gurd1238"
Ribun,,rir,,ribu1241,
Rien,,rie,,rien1238,
Rikbaktsa,,rkb,,rikb1245,
Rincón Zapotec,"Eastern Rincón Zapotec, Las Delicias Zapotec, Southern Rincon Zapotec",zar,"zcd, zsr",rinc1236,"east2891, lasd1234, sout3004"
Rinconic,"Rincón Zapotec, Yatee Zapotec",,"zar, zty",rinc1237,"rinc1236, yate1242"
Ring,"Center-West Ring, Lamnso', South Ring",,lns,ring1243,"cent2385, lamn1239, sout2822"
Ringgou,"Landu, Nuclear Ringgou, Oe Pao",rgu,,ring1244,"land1257, nucl1538, oepa1237"
Hunsrik,,hrx,,riog1239,
Ripuarian,"Kölsch, Limburgan",,"ksh, lim",ripu1236,"kols1241, limb1263"
Ririo,,rri,,riri1237,
Rishiwa,,rsw,,rish1234,
Ritharrngu,,rit,,rita1239,
Riung,"Lengkosambi Dialect, Nggolonio, Nggolombay Dialect",riu,,riun1237,"leng1264, nggo1234, nggo1235"
Riverine Phula,"Downriver Riverine Phula, Upriver Riverine Phula",,,rive1256,"down1239, upri1239"
Riverain Sango,,snj,,rive1257,
River Yuman,"Maricopa, Mohave, Quechan",,"mrc, mov, yum",rive1260,"mari1440, moha1256, quec1382"
River Oti North Guang,"Chumbuli, Kplang, Krache, Nchumbulu-Dwang",,"kph, kye",rive1262,"chum1265, kpla1238, krac1238, nchu1239"
River Western Mundu-Baka,"Bwaka, Gbanziri-Boraka, Monzomboic",,gbg,rive1263,"bwak1244, gban1258, monz1253"
Rivers Bantu,"Mboshi (C.20), Likouala-Sangha, Ngiri",,,rive1266,"koyo1244, liko1251, ngir1248"
Robinia,,,,robi1235,
Rockhampton-Gladstone,"Bayali, Dharumbal",,"bjy, xgm",rock1234,"baya1257, dhar1248"
Rocorona,,,,roco1235,
Rogo,,rod,,rogo1238,
Rogo-Sagamuk-Sama-Sambuga,"Rogo, Sagamuk-Sama-Sambuga",,rod,rogo1239,"rogo1238, saga1266"
Rogue River,"Coquille, Galice, Tututni",,"coq, gce, tuu",rogu1236,"coqu1236, gali1261, tutu1242"
Rohingya,,rhg,,rohi1238,
Romano-Greek,,rge,,roma1240,
Romanian Sign Language,,rms,,roma1324,
Romansh,"Lower Engadine, Rumantsch Grischun, Surmiran-Albula, Sursilvan, Sursilvan-Oberland, Sutsilvan, Scharans Sutsilvan, Upper Engadine",roh,,roma1326,"lowe1386, ruma1247, surm1243, surs1244, surs1245, suts1235, scha1237, uppe1396"
Romanian,"Banat-Ungureni, Banat Romanian, Ungureni, Bayash-Rudar, Crishana, Lesser Wallachia-Tarani, Oltenia-Lesser Wallachia, Tarani, Maramuresh, Moldavian, Muntenian, Transylvanian Romanian, Wallachic",ron,mol,roma1327,"bana1311, bana1280, timo1262, baya1255, cris1238, less1244, olte1239, tara1329, mara1372, mold1248, munt1238, tran1277, wall1263"
Romagnol,"Northern Romagnolo, Sammarinese, Southern Romagnolo",rgn,,roma1328,"nort2607, samm1243, sout2611"
Romani,"Balkan Romani, Baltic Romani, Caló, Central Romani, Anglo-Northwestern Romani, Vlax Romani",rom,"rmn, rml, rmq, rmc, rmy",roma1329,"balk1252, balt1257, calo1236, carp1235, roma1330, vlax1238"
Anglo-Northwestern Romani,"British Romani, Northwestern Romani",,,roma1330,"brit1245, nort3197"
Romam,,rmx,,roma1331,
Roma,,rmm,,roma1332,
Romanian Pidgin Arabic,,,,roma1333,
Romance,"Eastern Romance, Italo-Western Romance, Southern Romance",,,roma1334,"east2714, ital1285, sout3158"
Romance-based pidgin,Mediterranean Lingua Franca,,pml,roma1335,ling1242
Romanova,,rmv,,roma1338,
Rombo,"Keni, Mashati, Mkuu, Usseri",rof,,romb1244,"keni1245, mash1266, mkuu1238, usse1238"
Romblomanon,"Basiq, Romblon, Sibuyan",rol,,romb1245,"basi1248, romb1246, sibu1251"
Romkun,,rmk,,romk1240,
Rongpo,"Marchha (India), Tolchha",rnp,,rong1264,"marc1245, tolc1238"
Rongmei Naga,Songbu,nbu,,rong1266,song1297
Ronga,"Kalanga (Ronga), Konde, Putru",rng,,rong1268,"kala1385, kond1296, putr1238"
Rongga,,ror,,rong1269,
Ronic,"Kulere, Mangar, Mundat-Karfa, Ron, Sya",,"kul, cla, scw",roni1235,"kule1247, mang1417, mund1337, ronn1241, shaa1247"
Ronji,,roe,,ronj1237,
Ron,"Bokkos, Daffo-Butura",cla,,ronn1241,"bokk1242, daff1239"
Roon,,rnn,,roon1237,
Roosevelt,"Lakondê, Latundê, Tawandê",,"lkd, ltn, xtw",roos1235,"lako1248, latu1238, tawa1278"
Roquetas Pidgin Spanish,,,,roqu1234,
Mores,,rga,,rori1237,
Rote-Meto,"Nuclear Rote, West Rote",,,rote1234,"east2858, west2955"
Rotokas-Askopan,"Askopan, Rotokas",,"eiv, roo",roto1248,"asko1238, roto1249"
Rotokas,"Aita, Atsilima, Pipipaia",roo,,roto1249,"aita1238, atsi1239, pipi1249"
Rotuman,,rtm,,rotu1241,
Roviana,,rug,,rovi1238,
Rovianic,"Hoava-Kusaghe, Roviana",,rug,rovi1239,"hoav1239, rovi1238"
Ruching Palaung,"Bulei, Raojin",pce,,ruch1235,"bule1241, raoj1238"
Rudbari,"Dogowharani, Jamshidabadi, Jubanic, Lakei, Oskulaki, Rostamabadi, Sefidrud Rudbari, Shahrani, Tutkaboni",rdb,,rudb1238,"dogo1301, jams1240, juba1243, lake1260, osku1234, rost1234, sefi1234, shah1263, tutk1234"
Rufiji,,rui,,rufi1234,
Rufiji-Ruvuma,"Rufijic, Ruvuma",,,rufi1235,"rufi1236, ruvu1234"
Rufijic,"Matengic, Matumbic, Mbunga, Ndwewe, Unclassified Rufijic",,"mgy, nww",rufi1236,"mate1261, matu1263, mbun1248, ndwe1234, unun9917"
Ruga,,ruh,,ruga1238,
Rukai,"Budai, Labuan, Maga, Mantauran, Tanan, Tona",dru,,ruka1240,"buda1252, labu1252, maga1265, mant1271, tana1287, tona1238"
Rukubic,"Che, Mada (Nigeria), Ninzo",,"ruk, mda, nin",ruku1240,"chee1238, mada1282, ninz1246"
Rumai Palaung,,rbb,,ruma1248,
Ruma,,ruz,,ruma1250,
Rumsen,,,,rums1243,
Rumu,,klq,,rumu1243,
Runa,,rna,,runa1235,
Rundi-Kitwa,,,,rund1241,
Rundi,,run,,rund1242,
Rundic,"Ha, Hangaza-Shubi, Rundi",,"haq, run",rund1244,"haaa1252, hang1264, rund1242"
Rungwa,,rnw,,rung1255,
Runga-Kibet,"Kibet, Runga",,"kie, rou",rung1257,"kibe1241, rung1258"
Runga,,rou,,rung1258,
Rungus,"Gonsomon, Nuclear Rungus, Nulu",drg,,rung1259,"gons1237, nucl1563, nulu1237"
Rungus-Mangkaak-Labuk,"Dumpas-Sukang, Rungus",,drg,rung1260,"dump1244, rung1259"
Rungtu Chin,,rtc,,rung1263,
Russian-Tajik Sign Language,"Kazakh-Russian Sign Language, Russian Sign Language, Tajik Sign Language",rsl,,russ1255,"kaza1251, russ1271, taji1251"
Russian,"Central Russian, Kodiak Creole Russian, Ninilchik, North Russian, Novgorod North Russian, Olonets, Pomor, Vladimir-Volga, Vologda-Kirov, South Russian, Doukhobor, Lipovan, Molokan, Nuclear South Russian",rus,,russ1263,"cent2343, kodi1252, nini1236, nort2597, novg1241, olon1246, pomo1275, vlad1234, volo1239, sout2602, douk1234, lipo1245, molo1267, nucl1775"
Russia Buriat,"Alar, Barguzin, Bohaan, Bulagat, Ekhirit, Ninzne-Udinsk, Oka, Tunka, Unga",bxr,,russ1264,"alar1239, barg1250, boha1238, bula1254, ekhi1238, ninz1245, okaa1242, tunk1240, unga1252"
Russian River and Eastern,"Eastern Pomo, Russian River",,peb,russ1265,"east2545, russ1266"
Russian River,"Northern-Central Pomoan, Southern Pomoan-Kashaya",,,russ1266,"nort2965, sout2983"
Russenorsk,,,,russ1267,
Russian-based pidgin,"Chinese Pidgin Russian, Russenorsk, Taimyr Pidgin Russian",,,russ1269,"kjac1234, russ1267, taim1252"
RSLic,"Estonian Sign Language, Nuclear RSLic",,eso,russ1270,"esto1238, nucl1824"
Rusyn,"Carpatho-Rusyn, Lemko, Prešov, Transcarpathian Rusyn, Pannonian Ruthenian",rue,rsk,rusy1239,"carp1236, lemk1239, pres1241, tran1299, pann1240"
Rutara,"North Rutara, South Rutara",,,ruta1242,"nort3228, sout3202"
Rutul,"Borch, Ixreko-Muxrek, Shina (Nakh-Daghestan)",rut,,rutu1240,"borc1243, ixre1238, shin1265"
Ruuli,"Eastern Ruli, Western Ruli",ruc,,ruul1235,"east2410, west2477"
Ruund,"Kahemba, Kalamb, Musumb, Wiin-Kaninciin",rnd,,ruun1238,"kahe1239, kala1407, musu1241, wiin1239"
Ruund-Salampasu,"Lunda-Ruund-Kete, Salampasu",,slx,ruun1239,"lund1275, sala1268"
Ruund-Kete,"Kete, Ruund",,"kcv, rnd",ruun1240,"kete1252, ruun1238"
Ruvuma,"Makonde-Makwe, Unclassified Ruvuma, Yaoic",,,ruvu1234,"mako1254, unun9916, yaoi1234"
Ruvu,"East Ruvu, Kagulu, West Ruvu",,kki,ruvu1235,"east2756, kagu1239, west2846"
Rwa,Kihai,rwk,,rwaa1238,kiha1242
West Highlands Kivu,"Kinyarwanda, Rundi-Kitwa, Rundic, Vinza",,"kin, vin",rwan1241,"kiny1244, rund1241, rund1244, vinz1238"
Rwandan Sign Language,,rsn,,rwan1246,
Ryukyuan,"Northern Ryukyuan, Southern Ryukyu",,,ryuk1243,"nort3255, ryuk1244"
Southern Ryukyu,"Macro-Yaeyama, Miyako",,mvi,ryuk1244,"macr1267, miya1259"
Sa'a,"Uki Ni Masi, Ulawa",apb,,saaa1240,"ukin1237, ulaw1237"
Sa,"Lolatavola, Ninebulo, Ponorwal",sax,,saaa1241,"lola1247, nine1237, pono1239"
Saafi-Saafi,"Boukhou, Diobass, Hasab, Sebikotane, Sindia",sav,,saaf1238,"bouk1238, diob1238, hasa1247, sebi1238, sind1276"
Saafi-Noon-Lehar,"Noon-Lehar, Saafi-Saafi",,sav,saaf1239,"noon1244, saaf1238"
Saami,"Eastern Saami, Western Saami",,,saam1281,"east2324, west2390"
Saam,"Bungla, Sambya",raq,,saam1282,"bung1263, samb1304"
Saamia,,lsm,,saam1283,
Saamia-Wanga-Bukusu,"Northern Luyia, Saamia-Wanga",,,saam1284,"nort3404, saam1285"
Saamia-Wanga,"Central-Eastern Luyia, Western Luyia",,,saam1285,"cent2288, west2858"
Saaroa,,sxr,,saar1237,
Sabaot,"Bong'omeek, Book, Koony",spy,,saba1262,"bong1286, book1240, koon1246"
Sabah Malay,,msi,,saba1263,
Sa'ban,"Nuclear Sa'ban, Pa' Dalan, Tang Paye",snv,,saba1265,"nucl1810, pada1263, tang1383"
Sabah Bisaya,,bsy,,saba1267,
Sabanê,,sae,,saba1268,
Saba,,saa,,saba1276,
Sabaic,,xsa,,saba1279,
Sabakor,"Buruwai, Kamberau",,"asi, irx",saba1280,"buru1308, kamb1302"
Saba-Sokoro-Tamki,"Saba, Sokoro, Tamki",,"saa, sok, tax",saba1281,"saba1276, soko1263, tamk1242"
Sabaki-Swahili,"Ilwana, Mwani, Swahili (G.40)",,"mlk, wmw",saba1282,"ilwa1237, mwan1247, swah1254"
Sabahan,"Bolongan, Northeast Sabahan, Southwest Sabahan",,blj,saba1285,"bolo1268, nort3172, sout3154"
Old Sabellic,"Pre-Samnite, Sabine, South Picene",qhr,"sbv, spx",sabe1248,"pres1240, sabi1245, sout2618"
Sabellic,"Oscan, Old Sabellic, Umbrian",,"osc, qhr, xum",sabe1249,"osca1245, sabe1248, umbr1253"
Sabi,"Malungu-Central Sabi, Nsenga",,nse,sabi1248,"malu1252, nsen1242"
Sabüm,,sbo,,sabu1253,
Hawu,"Liae, Mesara, Raijua, Seba (Indonesia), Timu",hvn,,sabu1255,"liae1237, mesa1246, raij1237, seba1248, timu1261"
Sacapulteco,,quv,,saca1238,
Sacata,,,,saca1239,
India-Nepal-Bangladesh Sadri,"Oraon Sadri, Sadri",,"sdr, sck",sada1242,"orao1237, sadr1248"
Sadanic,"Kudmali, Sadri-Panchpargania",,kyw,sada1243,"kudm1238, sadr1250"
Sadri,"Common Sadri, Kisan, Lower Sadri",sck,,sadr1248,"comm1243, kisa1260, lowe1391"
Sadri-Panchpargania,"Panchpargania, India-Nepal-Bangladesh Sadri",,tdb,sadr1250,"panc1246, sada1242"
Sadu,,,,sadu1234,
Saek,"Khamkeut-Na Kadok, Western Saek, At Samat-Phay Lom, Nam Noi, Beuk-Na Mèèw, Na Mơơj, Teung",skb,,saek1240,"naka1259, west3013, atsa1243, kham1289, beuk1234, namo1251, teun1243"
Saep,,spd,,saep1240,
Safaliba,,saf,,safa1243,
Safaliba-Dagaare,"Dagaaric, Safaliba",,saf,safa1246,"daga1276, safa1243"
Safeyoka,"Aiewomba, Wajakes",apz,,safe1240,"aiew1238, waja1260"
Safwa,"Guruka, Mbwila, Poroto, Songwe",sbk,,safw1238,"guru1263, mbwi1238, poro1252, song1301"
Sagala,"Itumba, Kondoa (Sagala), Kweny, Nkwifiya",sbm,,saga1256,"itum1246, kond1297, kwen1246, nkwi1238"
Sagalla,"Dambi (Kenya), Gimba, Kasigau, Kishamba, Mugange, Teri",tga,,saga1262,"damb1244, gimb1238, kasi1253, kish1246, muga1242, teri1243"
Sagamuk-Sama-Sambuga,"Eastern Acipa, Shama-Sambuga",,"acp, sqa",saga1266,"east2403, sham1278"
Sahaptian,"Nez Perce, Sahaptin",,nez,saha1239,"nezp1238, saha1240"
Sahaptin,"Northern Sahaptin, Southern Sahaptin",,,saha1240,"nort1527, sout1502"
Saharan,"Eastern Saharan, Western Saharan",,,saha1256,"east2432, west2505"
Saho-Afar,"Afar, Saho",,"aar, ssy",saho1245,"afar1241, saho1246"
Saho,"Central Saho, Dabrimeela, Minifire, Northern Saho, Assaorta, Tharuuca, Southern Saho, Irob, Xazo",ssy,,saho1246,"cent2359, dabr1234, mini1259, nort3327, assa1272, thar1285, sout3314, irob1238, xazo1234"
Sahuan,"Ibu, Nuclear Sahuan",,ibu,sahu1244,"ibuu1240, nucl1759"
Sahu,"Pa'disua, Tala'i",saj,,sahu1245,"padi1242, tala1288"
Sahu-Waioli,"Sahu, Waioli",,"saj, wli",sahu1246,"sahu1245, waio1238"
Saidi Arabic,"Asyūṭ–Gina, Gina–Assuan, Northern Middle Egypt Arabic, South Gize-North Bani Swēf-ilFayyūm, South Bani Swēf–ilMinya, Southern Minya, Upper Egypt Arabic, Asyūṭ–Luxor, Bʿēri, Esna–Assuan and South of Luxor–Assuan, Nagʿ Ḥammādi–South of Gina, Western Desert Egyptian Arabic",aec,,said1239,"asyu1234, gina1240, midd1342, sout3324, sout3325, sout3323, uppe1453, asyu1235, beri1256, esna1234, nagh1239, west2939"
Saint Lucian Creole French,"St Lucian Patois, San Miguel Creole French",acf,scf,sain1246,"pato1243, sanm1305"
Saisiyat,"Taai, Tungho",xsy,,sais1237,"taai1237, tung1292"
Sajolang,"Eastern Miji, Western Miji",sjl,,saja1240,"east2847, west2937"
Sajau-Latti,"Latti, Punan Sajau, Punan Batu 2, Punan Basap",sjb,,saja1241,"latt1234, puna1271, puna1272, puna1273"
Sakachep-Chorei,"Chorei, Sakachep",sch,,saka1283,"chor1278, sake1246"
Sakata,"Bay (Democratic Republic of Congo), Batere-Ylyele, Badia, Keshaa, Riverine Sakata",skt,,saka1287,"baii1247, bate1270, djia1238, nucl1401, rive1265"
Wanohe,"Nkep, Sakao",sku,,saka1289,"hogh1234, port1296"
West Malagasy Sakalava,,skg,,saka1291,
Sakam,,skm,,saka1292,
Jalking,,,,saka1296,
Sakam-Som,"Sakam, Som",,"skm, smc",saka1297,"saka1292, somm1240"
Saka,"Khotanese, Tumshuqese",,"kho, xtq",saka1298,"khot1251, tums1237"
Western Malagasic,"Masikoro Malagasy, West Malagasy Sakalava",,"msh, skg",saka1299,"masi1268, saka1291"
Sakan,,xsk,,saka1300,
Sakata-Tiinic,"Tiinic, Sakata",,skt,saka1301,"boma1248, saka1287"
Saka-Wakhi,"Saka, Wakhi",,wbl,saka1303,"saka1298, wakh1245"
Sake,,sak,,sake1247,
Sake-Ndambomo,"Ndambomo, Sake",,"nxo, sak",sake1249,"ndam1254, sake1247"
Sakhalin Ainu,,,,sakh1245,
Nighvng,"Central Sakhalin Nivkh, East Sakhalin Nivkh, South Sakhalin Nivkh",,,sakh1247,"cent2402, east2373, sout3327"
Sakizaya,,szy,,saki1247,
Mekens,"Guaratira, Sakurabiat, Siokweriat",skf,,saki1248,"guar1295, saku1239, siok1234"
Luish,"Chak, Chakpa-Kadu-Ganan, Unclassified Luish",,ckh,sakk1239,"chak1270, chak1277, uncl1508"
Sakon Nakhon,"Northeastern Thai, Yoy",,"tts, yoy",sako1234,"nort2741, yoyy1238"
Salar,"Qinghai-Gansu Salar, Chumar-Ashnu, Jiezi, Mengda, Xinjiang Salar",slr,,sala1264,"qing1243, chum1266, jiez1238, meng1262, xinj1234"
Sala,,shq,,sala1266,
Salampasu,Luntu,slx,,sala1268,lunt1238
Salas,,sgu,,sala1269,
Tungurahua Highland Quichua,"Chibuleo Highland Quichua, Platillos Highland Quichua, Salasaca Highland Quichua",qxl,,sala1272,"chib1272, plat1261, sala1284"
Salamãi,,mnd,,sala1273,
Salawati-Batta,"Batanta, Salawati",,xmx,sala1285,"bata1295, made1253"
Salchuq,,slq,,salc1238,
Saleman,,sau,,sale1244,
Salinan,"Antoniano Salinan, Migueleño Salinan",sln,,sali1253,"anto1235, migu1236"
Salishan,"Bella Coola, Coast Salish, Interior Salish",,blc,sali1255,"bell1243, coas1325, inte1241"
Saliba,"Logeya, Nuclear Saliba",sbe,,sali1295,"loge1237, nucl1502"
Saliban,"Maco-Piaroa, Sáliba",,slc,sali1297,"maco1238, sali1298"
Sáliba,,slc,,sali1298,
Salt-Yui,"Keri, Salt (Salt-Yui)",sll,,salt1242,"keri1251, salt1245"
Saluan-Banggai,"Eastern Saluan-Banggai, Taliaboic, Western Saluan-Banggai",,,salu1251,"east2491, tali1261, west2571"
Saluanic,"Batui-Saluan, Bobongko",,bgb,salu1252,"batu1263, bobo1255"
Saluan,,loe,,salu1253,
Salumá,,slj,,salu1254,
Salvadoran Sign Language,,esn,,salv1237,
Samarokena,,tmj,,sama1240,
Samatao,,ysd,,sama1295,
Samatu,,,,sama1296,
Sama-Bajaw,"Inabaknon, Sulu-Borneo, Yakan",,"abx, yka",sama1302,"inab1237, sulu1242, yaka1277"
Samaritan,,smp,,sama1313,
Samar-Waray,"Baybayanon, Kinabalian, Waray (Philippines)",,"bvy, cbw, war",sama1315,"bayb1234, kina1252, wara1300"
Samba Leko,"Bangla, Chamba Donga, Deenu, Nuclear Samba Leko, Samba de Wangai, Sampara",ndi,,samb1305,"bang1341, cham1337, deen1238, nucl1357, samb1306, samp1250"
Sambe,,xab,,samb1307,
Samba,,smx,,samb1309,
Sama Mum,"Sama Daka, Sama of Mapeo, Sama Nnakenyare, Sama Jangani, Taram",ccg,,samb1311,"nucl1416, samb1312, samb1313, samb1314, tara1314"
Samburu,Chamus,saq,,samb1315,cham1311
Sambalic,"Abellen-Botolan, Ambala Ayta, Bataan Ayta, Mag-Ayta, Tina-Bolinao",,"abc, ayt",samb1319,"abel1234, amba1267, bata1297, maga1270, tina1255"
Samberigi,,ssx,,samb1321,
Central Adamawa,"Mumuye-Yandang, Samba-Duru, Unclassified Central Adamawa",,,samb1322,"mumu1249, samb1323, uncl1524"
Samba-Duru,"Northern Samba-Duru, Southern Samba-Duru, Unclassified Samba-Duru",,,samb1323,"nort3259, sout3238, unun9905"
Samba-Leko-Perema-Mumbake,"Perema-Mumbake, Samba Leko",,ndi,samb1324,"pere1234, samb1305"
Sambalpuri,,spv,,samb1325,
Samei,,smh,,same1240,
Sam,,snx,,samm1244,
Samoyedic,"Enets-Nenets, Kamas-Selkup, Mator-Taigi-Karagas, Nganasan",,"mtm, nio",samo1298,"enet1251, kama1376, mato1250, ngan1291"
Samo-Busa,"Busan, Mande Samo",,,samo1302,"busa1252, mand1437"
Samo,,smq,,samo1303,
Samoan,,smo,,samo1305,
Samosa,,swm,,samo1306,
Samoan Plantation Pidgin,,,,samo1307,
Northwestern Mande,"Duun-Bobo, Soninke-Bozo",,,samo1308,"duun1243, soni1257"
Duun-Seenku,"Duun, Seeku",,sos,samo1309,"duun1245, seek1238"
Samoan-Tokelauan,"Samoan, Tokelau",,"smo, tkl",samo1310,"samo1305, toke1240"
Sampang,"Bhalu, Halumbung, Khartamche, Khotang, Phali, Samarung, Tana (Nepal), Tongeccha",rav,,samp1249,"bhal1246, halu1238, khar1290, khot1254, phal1257, sama1297, tana1278, tong1311"
Samre of Siem Reap,,sxm,,samr1245,
Samtao,,stu,,samt1238,
Samu,"Natioro, Palen, Samue",,"nti, pnl, wbf",samu1243,"nati1243, pale1262, wara1292"
Samvedi,,smv,,samv1238,
Sanaga (A.60),"Leti (Cameroon), Tuki",,"leo, bag",sana1278,"leti1245, tuki1240"
Sanapaná (Retired),,sap,,sana1281,
San Agustín Mixtepec Zapotec,,ztm,,sana1286,
Sanaani Arabic,,ayn,,sana1295,
San Andres Creole English,,icr,,sana1297,
Sanapaná,,spn,,sana1298,
Sanaga-West Mbam (A.40),"Sanaga (A.60), West Mbam (A.40)",,,sana1299,"sana1278, west2826"
San Baltazar Loxicha Zapotec,,zpx,,sanb1241,
San Blas Kuna,"Bayano, Chuana",cuk,,sanb1242,"baya1263, chua1255"
Makira,"Arosi, Bauro, Fagani, Kahua, Owa",,"aia, bxa, faf, agw, stn",sanc1243,"aros1241, baur1252, faga1239, kahu1241, owaa1237"
Sandawe,,sad,,sand1273,
San Dionisio del Mar Huave,,hve,,sand1278,
San Dionisio-San Mateo Huave,"San Dionisio del Mar Huave, San Mateo del Mar Huave",,"hve, huv",sand1283,"sand1278, sanm1287"
San Francisco del Mar Huave,,hue,,sanf1258,
San Francisco Matlatzinca,,mat,,sanf1262,
San Felipe Otlaltepec Popoloca,"Huejonapan, Santa María Nativitas",pow,,sanf1264,"huej1238, sant1453"
San Francisco Solano,,xso,,sanf1266,
San Francisco-Santa María Huave,"San Francisco del Mar Huave, Santa María del Mar Huave",,"hue, hvv",sanf1267,"sanf1258, sant1422"
Sangisari,,sgr,,sang1315,
Sangkong,,sgk,,sang1320,
Sangtam Naga,"Kizare, Phelongre, Photsimi, Pirr, Purr, Thukumi",nsa,,sang1321,"kiza1238, phel1241, phot1238, pirr1238, purr1238, thuk1239"
Sangoic,"Riverain Sango, Sango",,"snj, sag",sang1327,"rive1257, sang1328"
Sango,,sag,,sang1328,
Sanga (Nigeria),Bujiyel,xsn,,sang1329,buji1243
Sangu (Tanzania),,sbp,,sang1330,
Sanga (Democratic Republic of Congo),,sng,,sang1331,
Sangu (Gabon),,snq,,sang1333,
Sangar,,,,sang1334,
Sangiric,"Northern Sangiric, Southern Sangiric",,,sang1335,"nort3174, sout3155"
Sangir,"Manganitu, North Tabukang, Siau (Sangir), South Tabukang, Tamako",sxn,,sang1336,"mang1409, nort2872, siau1244, sout2900, tama1333"
Sangil,"Mindanao, Sarangani",snl,,sang1337,"mind1256, sara1325"
Sangab Mandaya,,myt,,sang1338,
Sanggau,,scg,,sang1339,
Sangu-Sira-Punu,"Punu-Vungu, Sangu-Sira",,,sang1341,"punu1240, sang1345"
Sanglechi-Ishkashimi,"Ishkashimi, Sanglechi",sgl,"isk, sgy",sang1343,"ishk1246, sang1344"
Sanglechi,,sgy,,sang1344,
Sangu-Sira,"Sangu (Gabon), Sira-Barama",,snq,sang1345,"sang1333, sira1270"
Sanie,,ysy,,sani1265,
Axioid,"Azha, Sani-Axi-Azhe",,aza,sani1266,"azha1235, sani1267"
Sani-Axi-Azhe,"Sani, Sani-Axi",,ysn,sani1267,"sani1269, sani1275"
Sani,"Northern Sani, Southern Sani",ysn,,sani1269,"nort2714, sout2721"
Saniyo-Hiyewe,"Hiyowe, Saniyo",sny,,sani1270,"hiyo1238, sani1271"
Sani-Axi,"Axi Yi, Azhe",,"yix, yiz",sani1275,"axiy1235, azhe1235"
San Juan,"Epena, Upper San Juan",,sja,sanj1278,"epen1239, uppe1440"
San Juan Colorado Mixtec,,mjc,,sanj1281,
Teita-Tataltepec Mixtec,"San Juan Teita, Santa Maria Tataltepec",xtj,,sanj1282,"sanj1292, sant1444"
Western Tlacolula Valley Zapotec,"Jalieza Zapotec, San Juan Guelavía Zapotec, San Martín Tilcajete Zapotec, Teotitlán del Valle Zapotec",zab,,sanj1284,"jali1244, sanj1289, sanm1299, teot1238"
San Juan Atzingo Popoloca,,poe,,sanj1285,
San Jerónimo Tecóatl Mazatec,"San Antonio Eloxochitlán Mazatec, San Lucas Zoquiapan Mazatec, San San Jerónimo Mazatec, Santa Cruz Ocopetatillo Mazatec",maa,,sanj1286,"sana1287, sanl1249, sans1275, sant1455"
Sankaran Maninka,,msc,,sank1253,
San Luís Temalacayuca Popoloca,,pps,,sanl1248,
San Mateo del Mar Huave,,huv,,sanm1287,
Migueleño Chiquitano,,,,sanm1288,
San Martín Quechua,,qvs,,sanm1289,
San Miguel Piedras Mixtec,,xtp,,sanm1294,
San Miguel El Grande Mixtec,"San Miguel Chalcatongo, San Pedro Molinos, Santa María Yosoyúa, Santa Catarina Ticuá",mig,,sanm1295,"sanm1296, sanp1259, sant1442, sant1443"
San Martín Itunyoso Triqui,,trq,,sanm1298,
San Marcos Tlalcoyalco Popoloca,,pls,,sanm1301,
San Martin-Amazonas Quechua,"Chachapoyas Quechua, San Martín Quechua",,"quk, qvs",sanm1306,"chac1250, sanm1289"
San Pedro Amuzgos Amuzgo,,azg,,sanp1260,
San Pedro Quiatoni Zapotec,,zpf,,sanp1261,
Sanqiao,,,,sanq1234,
Sansimoniano,,,,sans1265,
Sanskrit,"Classical Sanskrit, Vedic Sanskrit",san,,sans1269,"clas1258, vedi1234"
Sansi,Sochi,ssi,,sans1271,soch1238
San Salvador Kongo,"Cisundi Cabinda, Cizali, Ikoci, Iwoyo, Kakongo, Mboka, Ndingi, Ciwoyo",kwy,,sans1272,"cisu1234, ciza1234, ikoc1234, iwoy1234, kako1243, mbok1242, ndin1244, west2473"
Sansu,,sca,,sans1276,
Santali,"Kamari-Santali, Karmali, Lohari-Santali, Mahali (Santali), Manjhi (Santali), Paharia",sat,,sant1410,"kama1353, karm1240, loha1252, maha1292, manj1249, paha1253"
Santa María del Mar Huave,,hvv,,sant1422,
Santa María La Alta Nahuatl,,nhz,,sant1423,
Santa Teresa Cora,"Dolores Cora, Nuclear Santa Teresa Cora, Rosarito Cora, San Blasito Cora, San Juan Corapan Cora",cok,,sant1424,"dolo1238, nucl1652, rosa1238, sanb1240, sanj1277"
Awaswas,,,,sant1428,
Santiago del Estero Quichua,"Catamarca y La Rioja, Santiago del Estero",qus,,sant1432,"cata1288, sant1460"
Santa María Zacatepec Mixtec,,mza,,sant1436,
Santa Lucía Monteverde Mixtec,,mdv,,sant1439,
Santa Inés Yatzechi Zapotec,Zaachila,zpn,,sant1447,zaac1238
Santa Catarina Albarradas Zapotec,,ztn,,sant1448,
Santo Domingo Albarradas Zapotec,,zas,,sant1450,
Santa María Quiegolani Zapotec,,zpi,,sant1451,
Santiago Xanica Zapotec,,zpr,,sant1452,
Santa Inés Ahuatempan Popoloca,"Ahuatempan Popoloca, Todos Santos Almolonga Popoloca",pca,,sant1454,"ahua1238, todo1238"
Santalic,"Kol (Bangladesh), Mahali, Santali",,"ekl, mjx, sat",sant1457,"kolb1241, maha1291, sant1410"
Santa Isabel,"Central Santa Isabel, East Santa Isabel",,,sant1458,"cent2063, east2452"
Sanumá,"Sanöma de Awaris, Sanöma de Hokomawä, Sanöma de Aracaca",xsu,,sanu1240,"sano1234, sano1235, sano1236"
San Vicente Coatlán Zapotec,,zpt,,sanv1242,
Sa'och,,scq,,saoc1239,
São Paulo Kaingáng,,zkp,,saop1235,
Sãotomense,,cri,,saot1239,
Sao Tome and Principe Sign Language,,,,saot1241,
Saotomic,"Angolar, Sãotomense",,"aoa, cri",saot1242,"ango1258, saot1239"
Saparua-Latu,"Latu, Saparua",,"ltu, spr",sapa1250,"latu1237, sapa1251"
Saparua,"Iha-Seram, Iha-Saparua, Kulur, Siri-Sori",spr,,sapa1251,"ihas1239, ihas1240, kulu1256, siri1271"
Sapara,,,,sapa1254,
Sapa-Southwestern Tai,"Southwestern Tai, Tày Sa Pa",,tys,sapa1255,"sout3184, tays1238"
Sapé,,spc,,sape1238,
Sapo,"Juarzon, Kabade, Nomopo, Putu, Sinkon, Waya",krn,,sapo1251,"juar1239, kaba1280, nomo1238, putu1242, sink1244, waya1266"
Saposa-Tinputz,"Saposa, Tinputzic",,sps,sapo1252,"sapo1253, tinp1238"
Saposa,"Nuclear Saposa, Taiof",sps,,sapo1253,"nucl1495, taio1240"
Saponi,,spi,,sapo1254,
Sapuan,,spu,,sapu1248,
Sara Peripherique,"Barh Keita, Koulfaic",,,sara1318,"barh1234, koul1239"
Sara Kaba,,sbz,,sara1319,
Sara Dunjo,,koj,,sara1320,
Sara Kaba Náà,"Banga, Dunje, Na (Sara), Tie",kwv,,sara1321,"bang1359, dunj1238, naaa1246, tiee1238"
Sara Kaba Deme,"Kuruwer, Mara (Central Sudanic), Siime",kwg,,sara1322,"kuru1304, mara1395, siim1238"
Sarasira,,zsa,,sara1323,
Sarangani Blaan,,bps,,sara1326,
Sarangani Manobo,Governor Generoso Manobo,mbs,,sara1327,gove1241
Sara Bakati',,sre,,sara1329,
Saraveca,,sar,,sara1331,
Saramaccan,"Matawai, Nuclear Saramaccan",srm,,sara1340,"mata1310, sara1339"
Sara-Bongo-Bagirmi,"Bongo, Baka-Beli, SBB Occidental, Sinyar",,"bot, sys",sara1341,"bong1285, moro1282, sbbo1237, siny1243"
Central Sarawak,"Melanau-Kajang, Punan-Muller-Schwaner",,,sara1342,"mela1262, puna1279"
Sara Central Chari,"Gulay, Horo, Sar",,"gvl, hor, mwm",sara1344,"gula1268, horo1247, sarr1246"
Sara Central Logone,"Gore, Ngambay",,sba,sara1345,"gore1234, ngam1268"
Sara Central Logone-Chari,"Bediondo, Sido",,,sara1346,"bedi1236, sido1234"
Sarangani-Tasaday-Cotabato,"Cotabato Manobo, Sarangani Manobo",,"mta, mbs",sara1347,"cota1241, sara1327"
Sara-Kaba,"Sara Kaba, Sara Kaba Náà, Sara Kaba Deme",,"sbz, kwv, kwg",sara1348,"sara1319, sara1321, sara1322"
Saraic,"Bagirmic, Sara Central, Sara Peripherique",,,sara1349,"bagi1248, cent2044, sara1318"
Sarawak Bisaya,,bsd,,sara1350,
Sardo-Corsican,"Corsic, Sardinian",,,sard1256,"cors1242, sard1257"
Sardinian,"Campidanese Sardinian, Logudorese Sardinian",,"sro, src",sard1257,"camp1261, logu1236"
Sarikoli,,srh,,sari1246,
Sarmi-Jayapura Bay,"Jayapura Bay, Sarmi",,,sarm1241,"jaya1243, sarm1242"
Sarmi,"Anus-Podena, Bonggo, Kaptiau, Masimasi, Sobei-Liki-Wakde, Tarpia, Yamna",,"bpg, kbi, ism, tpf, ymn",sarm1242,"anus1238, bong1287, kapt1235, masi1265, sobe1239, tarp1240, yamn1237"
Sar,"Majingai, Nar (Chad), No",mwm,,sarr1246,"maji1238, narr1278, nooo1238"
Sar (Indonesia),,,,sarr1247,
Sarsi,,srs,,sars1236,
Sartang,"Jerigaon, Khoitam, Khoina, Rahung",onp,,sart1249,"jeri1243, khoi1252, khoi1253, rahu1234"
Sarudu,"Kulu, Nunu'",sdu,,saru1242,"kulu1257, nunu1251"
Saruga,,sra,,saru1243,
Sarua,,swy,,saru1245,
Sarwa-Sumray,"Sarua, Somrai",,"swy, sor",sarw1240,"saru1245, somr1248"
Sasaru,,sxs,,sasa1247,
Sasak-Sumbawa,"Sasak, Sumbawa",,"sas, smw",sasa1248,"sasa1249, sumb1241"
Sasak,"Kuto-Kute, Meno-Mene, Mriak-Mriku, Ngeno-Ngene, Ngeto-Ngete",sas,,sasa1249,"kuto1237, meno1251, mria1237, ngen1254, nget1237"
Sasaru-Igwe,"Igwe, Sasaru",,"igw, sxs",sasa1252,"igwe1238, sasa1247"
Sassarese Sardinian,,sdc,,sass1235,
Satawalese,,stw,,sata1237,
Satawalese-Carolinian,"Macro-Carolinian, Satawalese",,stw,sata1238,"macr1274, sata1237"
Ems-Weser Frisian,"Ems Frisian, Weser Frisian",stq,,sate1242,"emsf1235, wese1237"
Sateré-Mawé,,mav,,sate1243,
Kagoshima,"Morogata, Osumi-ben, Satsuma-ben",,,sats1241,"moro1291, osum1242, sats1242"
Saudi Arabian Sign Language,,sdl,,saud1238,
Ma Manda,,skc,,sauk1252,
Sauk-Nimi,"Nimi, Ma Manda",,"nis, skc",sauk1253,"nimi1240, sauk1252"
Saurashtra,"Northern Saurashtra, Southern Saurashtra",saz,,saur1248,"nort2652, sout2653"
Sauria Paharia,"Godda, Hiranpur, Litipara, Sahibganj",mjt,,saur1249,"godd1237, hira1245, liti1240, sahi1237"
Sauri-Kofei,"Kofei, Sauri",,"kpi, srt",saur1250,"kofe1239, saur1251"
Sauri,,srt,,saur1251,
Sauraseni Prakrit,,psu,,saur1252,
Sausi,,ssj,,saus1246,
Sause,,sao,,saus1247,
Savara,,svr,,sava1244,
Sauji,,sdg,,savi1242,
Savosavo,,svs,,savo1255,
Sawai,"Faya-Mafa, Kobe (Indonesia), Messa-Dote, Nuclear Sawai, Weda",szw,,sawa1247,"faya1237, kobe1243, mess1248, nucl1467, weda1240"
Sawabantu,"Bengaic, Dualaic",,,sawa1251,"beng1289, dual1244"
Saweru,,swr,,sawe1240,
Sawila,"Lalamana, Lona, Nuclear Sawila, Salimana, Sileba",swt,,sawi1256,"lala1269, lona1239, nucl1585, sali1296, sile1254"
Sawi,,saw,,sawi1257,
Sawila-Wersing,"Sawila, Wersing",,"swt, kvw",sawi1258,"sawi1256, wers1238"
Sawknah-Fogaha,,swn,,sawk1238,
Iatmulic,"Iatmul, Keak, Sos Kundi",,"ian, keh, sdk",sawo1234,"iatm1242, keak1239, sosk1235"
Sawosic,"Burui-Gaikundi, Koiwat, Iatmulic, Sengo",,"kxt, spk",sawo1235,"bund1258, koiw1243, sawo1234, seng1284"
Saxwe Gbe,"Daxe, Saxwe, Se",sxw,,saxw1241,"daxe1238, saxw1242, seee1238"
Sayan,"Taiga Sayan Turkic, Tuvinian",,"kim, tyv",saya1244,"kara1462, tuvi1240"
Saya,"Sigidi, Zaar, Gambar Zaar, Kal, Lere (Sayanci), Lusa, Zakshi",say,,saya1246,"sigi1234, zaar1253, gamb1260, kall1245, lere1243, lusa1234, zaks1239"
Sayhadic,"Hadrami, Minaean, Modern Sayhadic, Qatabanian, Sabaic",,"xhd, inm, xqt, xsa",sayh1236,"hadr1235, mina1279, mode1270, qata1238, saba1279"
Sayula Popoluca,,pos,,sayu1241,
SBB Occidental,"Nuclear SBB Occidental, Yulu-Binga",,yul,sbbo1237,"nucl1719, yulu1243"
East Danish,"Blekingska, Bornholmska, Halländska, Skånska",,,scan1238,"blek1238, born1251, hall1240, skan1239"
Scandinavian Romani,"Tavringer Romani, Traveller Norwegian",,"rmu, rmg",scan1239,"tavr1235, trav1236"
Schiermonnikoog Frisian,,,,schi1234,
Schlesisch-Wilmesau,"Eastern Yiddish, Lower Silesian, Wymysorys",,"ydd, sli, wym",schl1237,"east2295, lowe1388, wymy1235"
Schouten linkage,"Kairiru-Manam, Siau",,,scho1242,"kair1261, siau1243"
Scots,"Insular Scots, Orcadian Scots, Bungee, Orkney Scots, Shetland Scots, Mid Scots, Eastern Mid Scots, Southern Mid Scots, Ulster, Western Mid Scots, Northern Scots, Mid Northern Scots, North Northern Scots, South Northern Scots, Southern Scots, East Dumfries Scots, Mid Dumfries Scots, Roxburgh Scots, Selkirk Scots",sco,,scot1243,"insu1251, orca1234, bung1271, orkn1236, shet1241, mids1245, east2836, sout3303, ulst1239, west2923, nort2617, midn1242, nort3321, sout3304, sout2620, east2837, midd1361, roxb1234, selk1254"
Scottish Gaelic,"Church Gaelic, East Sutherlandshire",gla,,scot1245,"chur1260, east2323"
Derong-nJol Tibetan,"Bodgrong, gYagrwa, mBalhag, sPomtserag, West Yunling Mountain, Tseku, Tsharethong",tsk,,sder1236,"bodg1236, gyag1236, mbal1265, spom1236, west2988, tsek1238, tsha1248"
Seba,,kdg,,seba1247,
Sebat Bet Gurage,"Chaha, Ezha, Gumer, Gura (Semitic), Muher",sgw,,seba1251,"chah1248, ezha1238, gume1239, gura1260, muhe1234"
Seberuang,,sbx,,sebe1242,
Sebop,"Bah Malei, Lirong, Long Luyang, Long Atun, Long Pokun, Long Ekang, Tinjar Sibop",sib,,sebo1238,"bahm1237, liro1237, long1397, long1398, long1399, long1400, tinj1237"
Seb Seliyer,,,,sebs1234,
Sechuran,"Olmos, Sec",,,sech1236,"olmo1234, secc1234"
Sechelt,,sec,,sech1246,
Secoya,"Angotero, Ecuadorian Siona",sey,,seco1241,"ango1256, ecua1247"
Sedang,"Central Sedang, Dak Sut Sedang, Greater Sedang, Kon Hring Sedang, Kotua Sedang",sed,,seda1262,"cent1991, daks1239, grea1268, konh1238, kotu1238"
Sedoa,,tvw,,sedo1237,
Seeku,"Northern Seeku, Southern Seeku",sos,,seek1238,"nort2820, sout2841"
Segai,"Kelai, Segah",sge,,sega1243,"kela1259, sega1244"
Seget,,sbg,,sege1235,
Seget-Moi,"Moi (Indonesia), Seget",,"mxn, sbg",sege1236,"moii1235, sege1235"
Segeju,,seg,,sege1246,
Sehwi,,sfw,,sehw1238,
Seimat,,ssg,,seim1238,
Seit-Kaitetu,"Kaitetu, Seit",hik,,seit1239,"kait1239, seit1240"
Sekar,,skz,,seka1247,
Sekapan,,skp,,seka1248,
Sekani,,sek,,seka1250,
Seke (Nepal),"Chuksang, Tangbe, Tetang",skj,,seke1240,"chuk1269, tang1333, teta1238"
Seke (Vanuatu),,ske,,seke1241,
Seke-Sowa,"Seke (Vanuatu), Sowa",,"ske, sww",seke1242,"seke1241, sowa1244"
Seki,,syi,,seki1238,
Seko,"Panasuanic, Seko Tengah, Seko Padang",,"sko, skx",seko1241,"pana1302, seko1242, seko1243"
Seko Tengah,,sko,,seko1242,
Seko Padang,"Hono', Lodang",skx,,seko1243,"hono1237, loda1240"
Sekpele,"Nuclear Sekpele, Sekwa",lip,,sekp1241,"nucl1348, sekw1241"
Selangor Sign Language,,kgi,,sela1253,
Selaru,Kandar,slu,,sela1259,kand1302
Selayar,,sly,,sela1260,
Selako,,skl,,sela1262,
Selee,,snw,,sele1249,
Selepet,"North Selepet, South Selepet",spl,,sele1250,"nort2913, sout2937"
Selepet-Komba,"Komba, Selepet",,"kpf, spl",sele1251,"komb1273, sele1250"
Selkup,"Kety-Central-Southern Selkup, Kety-Central Selkup, Central Selkup, Narym, Tym, Vasyugan Selkup, Srednyaya Ob-Ket, Southern Selkup, Taz-Turukhan",sel,,selk1253,"kety1234, kety1235, cent2328, nary1239, tymm1241, vasy1234, sred1238, sout3262, tazz1244"
Seluwasan,"Makatian, Nuclear Seluwasan",sws,,selu1242,"maka1307, nucl1525"
Selungai Murut,,slg,,selu1243,
Selungai-Sembakung Murut,"Selungai Murut, Sembakung Murut",,"slg, sbr",selu1244,"selu1243, semb1240"
Semaq Beri,,szc,,sema1265,
Semai,"Betau, Bidor, Bil, Cameron, Jelai, Lipis, Orang Tanjong of Ulu Langat, Perak II, Perak I, Sungkai, Telom, Ulu Kampar",sea,,sema1266,"beta1249, bido1238, bill1238, came1250, jela1244, lipi1238, oran1256, pera1254, pera1255, sung1267, telo1238, uluk1256"
Onya Darat,"Baram Onya Darat, Kualan, Semandang, Simpang",sdm,sdq,sema1269,"bara1411, kual1255, nucl1557, simp1234"
Sembakung Murut,,sbr,,semb1240,
Semelai-Semaq,"Semaq Beri, Semelai, Temoq",,"szc, sza, tmo",seme1246,"sema1265, seme1247, temo1243"
Semelai,,sza,,seme1247,
Semimi,,etz,,semi1264,
Semitic,"East Semitic, Unclassified Semitic, West Semitic",,,semi1276,"east2678, uncl1507, west2786"
Semnani-Biyabuneki,"Biyabuneki, Semnan",smy,,semn1249,"biya1234, semn1251"
Semnam,,ssm,,semn1250,
Sempan,,xse,,semp1241,
Senar de Kankalaba,,seq,,sena1262,
Senagi,"Angor, Dera (Indonesia)",,"agg, kbv",sena1264,"ango1254, dera1245"
Senaic,"Barwe, Malawi Sena, Sena, Nyungwe, Phimbi",,"bwg, swk, seh, nyu, phm",sena1270,"barw1243, mala1475, nucl1396, nyun1248, phim1238"
Sena-Nyanja,"Chikunda, Nyanjaic, Senaic",,kdn,sena1271,"kund1255, nyan1319, sena1270"
Sene,,sej,,sene1263,
Seneca,,see,,sene1264,
Sened,"Nuclear Sened, Tmagourt",sds,,sene1271,"nucl1705, tmag1238"
Sengmai,,,,seng1275,
Sengele,,szg,,seng1278,
Sengseng,,ssz,,seng1281,
Sengo,,spk,,seng1284,
Senggi,,snu,,seng1285,
Senhaja De Srair,"Ayt Bunsar, Ayt Hmed, Ayt Mezduy, Ayt Seddat, Ketama, Taghzut, Zerqet",sjs,,senh1238,"aytb1234, ayth1234, aytm1234, ayts1234, keta1244, tagh1234, zerq1234"
Senoic,"Lanoh-Semnam-Temiar, Semai",,sea,seno1278,"lano1244, sema1266"
Sensi,,sni,,sens1242,
Sentinel,,std,,sent1241,
Senthang Chin,,sez,,sent1260,
Sentanic,"Demta, Nuclear Sentanic",,dmy,sent1261,"demt1241, nucl1631"
Sentani-Nafri,"Nafri, Sentani",,"nxx, set",sent1262,"nafr1241, nucl1632"
Senufo,"Senari, Karaboro, North Senufo, South Senufo",,sef,senu1239,"ceba1235, kara1479, nort3254, sout3153"
Sepa (Papua New Guinea),,spe,,sepa1241,
Sepa (Indonesia),,spb,,sepa1242,
Sepen,,spm,,sepe1240,
Sepedic,"Pedi, Tswapong",,"nso, two",sepe1241,"pedi1238, tswa1237"
Sepik Iwam,,iws,,sepi1255,
Sepik Tama,"Mayo-Pasi, Mehek-Pahi",,,sepi1256,"mayo1278, mehe1244"
Sepik,"Abau, Amal, Iwam-Wogamus, Nukuma, Ram, Sepik Tama, Sepik Hill, Yellow River",,"aau, aad",sepi1257,"abau1245, amal1242, iwam1259, nuku1256, ramm1241, sepi1256, sepi1258, yell1247"
Sepik Hill,"Central Sepik Hill, Eastern Sepik Hill, Western Sepik Hill",,,sepi1258,"cent2234, east2496, west2576"
Sepik Iwam-based pidgin,Hauna Trade Language,,,sepi1259,haun1238
Saraiki,"Bahawalpuri, Central Siraiki, Derawali, Multani, Jhangi, Sindhi Siraiki, Thali",skr,,sera1259,"baha1254, cent2408, dera1244, mult1243, jang1253, sira1262, thal1241"
Sera,,sry,,sera1260,
Seram Straits,"Ambonic, Kaibobo, Uliase",,kzb,sera1270,"ambo1254, kaib1244, ulia1238"
Sera-Sissano,"Sera, Sissanoic",,sry,sera1271,"sera1260, siss1245"
Serengeti Dorobo,,,,sere1258,
Sereer,"Baol Sereer, Jegem, Fadyut-Palmerin, Njagañaaw, Mbour, Niominka, Saalum, Siin",srr,,sere1260,"baol1242, dyeg1238, fady1238, njag1237, segu1238, niom1238, saal1237, sine1238"
Sereic,"Feroge-Mangaya, Sere-Indri",,,sere1262,"fero1243, sere1266"
Sere-Bviri,"Bai-Viri, Ndogo-Sere",,,sere1263,"baiv1238, ndog1247"
Sere,,swf,,sere1264,
Sere-Indri,"Indri-Togoyo, Sere-Bviri",,,sere1266,"indr1246, sere1263"
Serili,,sve,,seri1255,
Seri,,sei,,seri1257,
Serra Hills,"Puare, Rawo-Main Serra",,pux,serr1253,"puar1240, rawo1243"
Serran,"Serrano, Tongva",,"ser, xgf",serr1254,"serr1255, tong1329"
Serrano,"Kitanemuk, Nuclear Serrano, Vanyume",ser,,serr1255,"kita1252, nucl1789, vany1234"
Serui-Laut,,seu,,seru1244,
Serua,,srw,,seru1245,
Serudung Murut,,srk,,seru1246,
Seru,,szd,,seru1247,
Serui-Busami,"Busami, Serui-Laut",,"bsm, seu",seru1248,"busa1254, seru1244"
Seselwa Creole French,,crs,,sese1246,
Sesotho-Lozi,"Lozi, Southern Sotho",,"loz, sot",seso1234,"lozi1239, sout2807"
Seta,,stf,,seta1245,
Setaman,,stm,,seta1246,
Seti,,sbi,,seti1248,
Setic,"Benggoi, Hoti of East Seram, Liana-Seti, Salas",,"bgy, hti, ste, sgu",seti1249,"beng1287, hoti1237, lian1255, sala1269"
KiSetla,,sta,,sett1235,
Seuta,"Bondei-Shambala, Zigua-Nguu",,,seut1234,"bond1249, zigu1243"
Severn Ojibwa,"Big Trout Lake Severn Ojibwa, Severn River Ojibwa, Winisk River Ojibwa, Deer Lake Severn Ojibwa",ojs,,seve1240,"bigt1234, seve1241, wini1244, deer1234"
Severn-Algonquin,"Algonquin, Severn Ojibwa",,"alq, ojs",seve1242,"algo1255, seve1240"
Sewa Bay,"Bwakera, Central Sewa Bay, Darubia, Maiabare, Miadeba, Sewataitai, Sibonai",sew,,sewa1251,"bwak1246, cent2068, daru1244, maia1252, miad1237, sewa1252, sibo1241"
Seychelles Sign Language,,lsw,,seyc1234,
Seze,,sze,,seze1235,
Sgaw,"S'gaw Karen, Wewaw",,"ksw, wea",sgaw1244,"sgaw1245, wewa1238"
S'gaw Karen,"Palakhi, Panapu",ksw,,sgaw1245,"pala1338, pana1290"
Sya,,scw,,shaa1247,
Shabak-Bajalani,"Bajelani, Shabaki",,"bjm, sdb",shab1250,"baje1238, shab1251"
Shabaki,"Chabak, Sarli",sdb,sdf,shab1251,"chab1240, sarl1241"
Shabo,,sbf,,shab1252,
Shahmirzadi,,srz,,shah1253,
Shahrudi-Southern Talysh,"Shali-Kolur, Shandermani, Southern Talyshi, Massali, Masulei",shm,,shah1254,"shal1243, shan1296, sout2639, mass1260, masu1234"
Shakara,,nfk,,shak1238,
Shall-Zwall,"Shall, Zwall",sha,,shal1242,"shal1238, zwal1238"
Shamang,,xsh,,sham1277,
Shama-Sambuga,"Sambuga, Shama",sqa,,sham1278,"samb1308, sham1243"
Shambala,"Korogwe, Lushoto, Mlalo",ksb,,sham1280,"koro1321, lush1257, mlal1234"
Shamskatic,"Balti, Purik-Sham-Nubra",,"bft, prx",sham1282,"balt1258, puri1258"
Stodsde,"Dayili, Puxi, Zongke",jih,,shan1274,"dayi1243, puxi1242, zong1241"
Shanic,"Sukaphic, Southern Shanic",,,shan1276,"assa1264, sout2744"
Shan,"Kokant Shan, Tai Mao",shn,,shan1277,"koka1237, taim1251"
Shang,,,,shan1278,
Shanga,,sho,,shan1282,
Shanenawa,,swo,,shan1283,
Shanjo,,,,shan1291,
Ngen,,ssv,,shar1244,
Sharanahua,"Chandinahua, Marinahua, Mastanahua, Shawannawa",mcd,,shar1245,"chan1321, mari1443, mast1238, shaw1250"
Sharwa,,swq,,shar1249,
Sharwa-Tsuvan,"Sharwa, Tsuvan",,"swq, tsh",shar1250,"shar1249, tsuv1243"
Shark Bayic,"Nethalp, Ngen",,"lnn, ssv",shar1251,"lore1244, shar1244"
Shastan,"Konomihu, Nuclear Shastan, Unclassified Shastan",,,shas1238,"kono1241, nucl1814, uncl1531"
Shasta,,sht,,shas1239,
Shatt,,shj,,shat1244,
Shau,,sqh,,shau1238,
Shaurasenic,"Bihari, Eastern Hindi, Indo-Aryan Central zone, Sauraseni Prakrit",,psu,shau1239,"biha1245, east2726, indo1322, saur1252"
Shawnee,,sjw,,shaw1249,
Shebayo,,,,sheb1234,
She,"Lianhua, Luofu",shx,,shee1238,"lian1253, luof1238"
Jibbali,"Central Jibbali, Kuria Muria, Western Jibbali",shv,,sheh1240,"cent2214, kuri1269, west2759"
Shekhawati,"Jhunjhunu-Churu, Sikar",swv,,shek1243,"jhun1238, sika1258"
Shekkacho,,moy,,shek1244,
Sheko,"Bulla, Dorsha",she,,shek1245,"bull1248, dors1239"
Shelta,,sth,,shel1236,
Shendu,,shl,,shen1247,
Sheni-Ziriya,"Sheni, Ziriya",scv,zir,shen1251,"shen1250, ziri1239"
Sherpa-Jirel,"Jirel, Sherpaic",,jul,sher1254,"jire1238, sher1260"
Solu-Khumbu Sherpa,"Khumbu, Ramechap, Solu",xsr,,sher1255,"khum1246, rame1238, solu1238"
Sartang-Sherdukpen,"Sartang, Sherdukpen",,"onp, sdp",sher1256,"sart1249, sher1257"
Sherdukpen,"Rupa, Shergaon",sdp,,sher1257,"rupa1234, sher1261"
Sherbro,"Ndema Sherbro, Peninsula Sherbro, Shenge Sherbro, Sitia Sherbro",bun,,sher1258,"ndem1247, peni1239, shen1249, siti1240"
Sherpaic,"Naaba, Solu-Khumbu Sherpa",,"nao, xsr",sher1260,"naab1241, sher1255"
Sheshi Kham,"Jangkoti, Tapnanggi",kip,,shes1236,"jang1256, tapn1238"
Shifted Western Romance,"Northwestern Shifted Romance, Southwestern Shifted Romance",,,shif1234,"nort3208, sout3183"
Ru'us al-Jibal,,ssh,,shih1239,
Shi,"Hwindja, Lindja, Longe-Longe, Ziba",shr,,shii1238,"hwin1238, lind1247, long1391, ziba1238"
Shiki,"Gubi, Guru",gua,,shik1242,"gubi1238, guru1264"
Shilluk,"Gar Shilluk, Kwak Shilluk, Mwomo Shilluk",shk,,shil1265,"gars1234, kwak1271, mwom1234"
Shina,"Astori, Astor, Dras, Gurezi, Kharmangi, Satpara, Chilasi Kohistani, Chilas, Darel, Harban, Sazin, Tangir, Gilgiti, Bagrote, Bunji, Gilgit, Haramosh, Hunza-Nagar, Punial, Rondu",scl,,shin1264,"asto1242, asto1243, dras1242, gure1252, khar1285, satp1241, chil1276, chil1277, dare1241, harb1238, sazi1238, tang1331, gilg1242, bagr1244, bunj1245, gilg1243, hara1257, hunz1246, puni1238, rond1238"
Shinabo,,snh,,shin1267,
Shindzwani-Shimaore,"Maore Comorian, Ndzwani Comorian",,"swb, wni",shin1269,"maor1244, ndzw1235"
Shinaic,"Brokskat, Kohistanic Shina, Kundal Shahi, Shina, Western Shinaic",,"bkk, shd, scl",shin1270,"brok1247, kohi1247, kund1257, shin1264, west2860"
Shipibo-Konibo-Kapanawa,"Capanahua, Shipibo-Conibo",,"kaq, shp",ship1253,"capa1241, ship1254"
Shipibo-Conibo,"Conibo, Pisquibo, Shetebo, Shipibo, Shipibo del Madre de Dios",shp,,ship1254,"coni1241, pisq1240, shet1240, ship1255, ship1256"
Shirongol,"Baoanic, Monguoric",,,shir1260,"baoa1237, tuuu1240"
Shiroro-Kamuku,"Kamuku-Hungwarya, Shiroro",,,shir1273,"kamu1261, shir1275"
Shira-Southwestern Bade,"Bade, Shira",,bde,shir1274,"bade1248, shir1276"
Shiroro,"Bauchi, Fungwa, Gurmana, Pongu",,"bsf, ula, gvm, png",shir1275,"bauc1238, fung1245, gurm1246, pong1250"
Shira,"Auyokawa, Teshenawa",,"auo, twc",shir1276,"auyo1240, tesh1239"
Shiwa,,,,shiw1234,
Shixing,,sxg,,shix1238,
Sholaga,,sle,,shol1240,
Shom Peng,,sii,,shom1245,
Shona (S.10),"Core Shona, Kalanga-Nambya, Unclassified Shona (S. 10)",,,shon1250,"core1255, kala1405, unun9914"
Shona,"Hwesa, Karanga (Atlantic-Congo), Duma (Karanga), Govera, Jena, Mhari, Ngova, Nyubi, Korekore, Budya, Gova, Nyongwe, Pfunde, Shan Gwe, Tande, Tavara, Toko, Zezuru, Harava, Kachikwakwa, Kwazwimba, Mbire, Njanja, Nobvu, Nohwe, Shawasha, Tsunga",sna,,shon1251,"hwes1238, kara1480, duma1252, gove1240, jena1241, mhar1238, ngov1238, nyub1238, kore1281, budy1238, gova1253, nyon1242, pfun1238, shan1280, tand1251, tava1240, toko1242, zezu1238, hara1259, kach1283, kwaz1242, mbir1238, njan1239, nobv1238, nohw1238, shaw1248, tsun1243"
Shoo-Minda-Nye,"Lau (Jukunoid), Minda, Nye, Shoo",bcv,,shoo1247,"lauj1239, mind1254, nyee1238, shoo1248"
Mrassu Shor-Tutal,"Mrassa, Tutal Middle Chulym",cjs,,shor1247,"mras1239, tuta1234"
Shoshoni,"Gosiute, Northern Shoshoni, Western Shoshoni",shh,,shos1248,"gosi1242, nort2955, west2622"
Shuadit,,sdt,,shua1252,
Shua,"||'Aiye, Cara (Botswana), Danisi, Deti, Ganádi, N|oo-Khwe, |Oree-Khwe, Shua-Khwe, Tshidi-Khwe, |Xaise",shg,,shua1254,"aiye1242, cara1246, dani1286, deti1240, gana1276, nook1246, oree1238, shua1255, tshi1238, xais1238"
Shuaric,"Achuar-Shiwiar, Huambisa-Shuar",,acu,shua1256,"achu1248, huam1251"
Shuar,,jiv,,shua1257,
Shubi,,suj,,shub1238,
Shughni-Yazgulami,"Shughnic, Yazgulyam",,yah,shug1237,"shug1253, yazg1240"
Shughni,"Bartangi-Roshorvi, Bartangi, Oroshor, Roshani-Khufi, Khufi, Rushani, Shughni-Shahdara-Bajui, Bajui, Barwozi, Ghund Valley, Shughni-Shahdara, Nuclear Shughni, Shahdara",sgh,,shug1248,"bart1243, bart1238, oros1238, rosh1238, khuf1238, rush1239, shug1254, baju1247, barw1244, ghun1234, shug1255, nucl1239, shah1262"
Shughnic,"Old Wanji, Sarikoli, Shughni",,"srh, sgh",shug1253,"oldw1238, sari1246, shug1248"
Shumashti,,sts,,shum1235,
Shumcho,,scu,,shum1243,
Shumashtic,"Grangali-Ningalami, Shumashti",,"nli, sts",shum1244,"gran1245, shum1235"
Shuswap,"Eastern Shuswap, Western Shuswap",shs,,shus1248,"east2536, west2620"
Shuwa-Zamani,,ksa,,shuw1238,
Shwai,"Cerumba, Ndano, Shabun",shw,,shwa1239,"ceru1238, ndan1242, shab1253"
Shwe Palaung,,pll,,shwe1236,
Sialum,,slw,,sial1240,
Siamese,"Phuan, Phu Thai",,"phu, pht",siam1241,"phua1239, phut1244"
Siamou,Bandougou,sif,,siam1242,band1350
Siang,"Murung 2, Nuclear Siang",sya,,sian1254,"muru1269, nucl1556"
Sihan,,spg,,sian1255,
Siane,"Alango, Fowe, Kemanimowe, Keto, Kolepa, Komongu, Komoigaleka, Laiya, Lambau, Olumba, Ona (Papua New Guinea), Wando, Yamofowe, Yandime",snp,,sian1257,"alan1250, fowe1238, kema1244, keto1238, kole1238, komo1263, komo1264, laiy1247, lamb1275, olum1238, onaa1244, wand1269, yamo1248, yand1258"
Siar-Lak,,sjr,,siar1238,
Siau,"Sissano-Tumleo, Ulau-Suain",,svb,siau1243,"siss1244, ulau1237"
Siawi,,mmp,,siaw1243,
Sibe (Nasioi),,nco,,sibe1248,
Siberian Tatar,"Baraba Tatar, Tobol-Irtysh Tatar, Tara (Turkic), Tevriz, Tobol, Tyumen, Zabolotny, Tomsk Tatar",sty,,sibe1250,"bara1273, tobo1249, tara1312, tevr1238, tobo1250, tyum1239, zabo1238, tomm1241"
Sibu Melanau,"Banyok, Seduan",sdx,,sibu1258,"bany1246, sedu1237"
Sibu-Kanowit-Tanjong,"Kanowit-Tanjong Melanau, Sibu Melanau",,"kxn, sdx",sibu1259,"kano1244, sibu1258"
Sicana,,sxc,,sica1234,
Sichuan Yi,"Butuo Yi, Huili Yi, Northern Awu Yi, Yinuo Yi, Yishengzha Yi",iii,,sich1238,"butu1242, huil1243, nort2713, yinu1238, yish1238"
Sicilian,"Central Metafonetica, Eastern Nonmetafonetica, Isole Eolie, Messinese, Pantesco, Southern Calabro, Southeast Metafonetica, Western Sicilian",scn,,sici1248,"cent1963, east2279, isol1238, mess1247, pant1252, sout2616, sout2617, west2346"
Sìcìté Sénoufo,"Secere Senoufo, Syenara Senoufo",sep,shz,sici1249,"sece1236, syen1235"
Sicula,,scx,,sicu1234,
Sidamo,,sid,,sida1246,
Sidaama-Hadiyya-Kambaata,"Hadiyya-Kambaata, Sidaama-Gedeo",,,sida1247,"hadi1241, sida1248"
Sidaama-Gedeo,"Gedeo, Sidamo",,"drs, sid",sida1248,"gede1246, sida1246"
Sidetic,,xsd,,side1240,
Sido,"Dagba, Mbay, Ngam",,"dgk, myb, nmc",sido1234,"dagb1248, mbay1241, ngam1269"
Sie,"Nuclear Sie, Potnariven, Yoku",erg,,siee1239,"nucl1488, potn1237, yoku1254"
Sierra Leone Sign Language,,sgx,,sier1246,
Sierra Negra Nahuatl,,nsu,,sier1248,
Sierra Miwokan,"Central Sierra Miwok, Northern Sierra Miwok, Southern Sierra Miwok",,"csm, nsq, skd",sier1249,"cent2140, nort2968, sout2985"
Sierra de Juárez Zapotec,,zaa,,sier1250,
Sierra Juarezic,"Aloápam Zapotec, Sierra de Juárez Zapotec, Southeastern Ixtlán Zapotec, Yareni Zapotec",,"zaq, zaa, zpd, zae",sier1251,"aloa1235, sier1250, sout3005, yare1249"
Sierra de Puebla Nahuatl,"Highland Puebla Nahuatl, Huaxcaleca Nahuatl, Sierra Negra Nahuatl",,"azz, nhq, nsu",sier1253,"high1278, huax1236, sier1248"
Sighu,,sxe,,sigh1238,
Sign Language,"Auxiliary Sign Systems, L1 Sign Language, Pidgin Sign Language",,,sign1238,"auxi1235, deaf1237, pidg1253"
Sihan (Gum),,snr,,siha1245,
Sihuas Ancash Quechua,,qws,,sihu1235,
Sikaiana,,sky,,sika1261,
Sika,"Sara Krowe, Sikka Natar, Tana Ai",ski,,sika1262,"sara1324, sikk1243, tana1283"
Sikaritai,,tty,,sika1263,
North Sogeram,"Mum, Sirva",,"kqa, sbq",sika1264,"mumm1238, sile1255"
Sikiana,,sik,,siki1239,
Sikkimese,,sip,,sikk1242,
Siksika,"Blood, Piegan",bla,,siks1238,"bloo1239, pieg1239"
Sikule,"Lekon, Tapah",skh,,siku1242,"leko1247, tapa1258"
Sila,,slt,,sila1247,
Silacayoapan Mixtec,San Simón Zahuatlán,mks,,sila1250,sans1274
Sila-Wanya-Cosao,"Cosao, Sila",,slt,sila1251,"cosa1234, sila1247"
Silesian,,szl,,sile1253,
Sirva,,sbq,,sile1255,
Siliput,,mkc,,sili1247,
Silimo,Lower Samenage,wul,,sili1249,lowe1419
Silla,,,,sill1240,
Silopi,,xsp,,silo1240,
Silopi-Utu,"Silopi, Utu",,"xsp, utu",silo1241,"silo1240, utuu1240"
Silopic,"Bagupi, Mawan, Saruga, Silopi-Utu",,"bpi, mcz, sra",silo1242,"bagu1252, mawa1267, saru1243, silo1241"
Silte-Wolane,"Silt'e, Wolane",,"stv, wle",silt1239,"silt1240, wola1253"
Silt'e,,stv,,silt1240,
Silt'e (Retired),,xst,,silt1241,
Simaa,"Imilangu, Liyuwa, Makoma, Mulonga, Mwenyi, Nuclear Simaa, Nyengo (Simaa)",sie,,sima1258,"imil1242, liyu1238, mako1253, mulo1238, mwen1238, nucl1394, nyen1258"
Simaaic,"Nyengo, Simaa",,"nye, sie",sima1262,"nyen1257, sima1258"
Simba,,sbw,,simb1254,
Simbari,,smb,,simb1255,
Simbo,,sbb,,simb1256,
Simbu,"Chuave-Nomane, Nuclear Simbu",,,simb1258,"chua1249, nucl1617"
Simbali,,smg,,simb1259,
Simboic,"Ghanongga-Lungga, Simbo",,sbb,simb1260,"ghan1246, simb1256"
Simeulue,,smr,,sime1241,
Simeku,"Koopei, Mainoki",smz,,sime1242,"koop1238, main1276"
Simekuic,"Avaipa, Simeku",,smz,sime1243,"avai1234, sime1242"
Simog-Daonda,"Auwe, Daonda",,"smf, dnd",simo1242,"auwe1239, daon1243"
Simte,,smt,,simt1238,
Sinaugoro,"Alepa, Babagarupu, Balawaia, Boku, Buaga, Ikega, Ikolu, Kubuli, Kwaibida, Kwaibo, Omene, Oruone, Saroa, Taboro, Tubulamo, Vora, Wiga",snc,,sina1266,"alep1237, baba1269, bala1307, boku1237, buag1237, ikeg1236, ikol1237, kubu1240, kwai1244, kwai1245, omen1237, oruo1237, saro1238, tabo1240, tubu1241, vora1237, wiga1237"
Galu,,siu,,sina1269,
Sinasina,"Dinga, Gunangi, Kebai (Sinasina), Kere (Sinasina), Kondo, Nimai, Tabare",sst,,sina1271,"ding1240, guna1242, keba1253, kere1300, kond1304, nima1246, taba1262"
Sinagoro-Keapara,"Hula-Keapara, Sinaugoro",,snc,sina1272,"hula1245, sina1266"
Sinasina Sign Language,,,,sina1273,
Sindhi Bhil,"Badin, Mohrano, Nuclear Sindhi Bhil, Sindhi Meghwar",sbn,,sind1270,"badi1245, mohr1238, nucl1286, sind1271"
Sindhi,"Bhatia, Dukslinu, Kayasthi, Lari (Sindhi), Macharia, Sindhi Musalmani, Thareli, Thari, Viccholi",snd,,sind1272,"bhat1267, duks1238, kaya1313, lari1254, mach1263, sind1273, thar1281, thar1282, vicc1238"
Sindihui Mixtec,,xts,,sind1277,
Sindhi-Lahnda,"Greater Panjabic, Sindhic",,,sind1278,"lahn1241, sind1279"
Sindhic,"Khetrani, Lasi-Jadgali, Sindhi-Kachchi, Unclassified Sindhic",,xhe,sind1279,"khet1238, lasi1244, sind1282, uncl1504"
Sindang Kelingi,,sdi,,sind1280,
Sindarin,,sjn,,sind1281,
Sindhi-Kachchi,"Kachchi, Sindhi",,"kfr, snd",sind1282,"kach1277, sind1272"
Sindihuic,"San Miguel Piedras Mixtec, Sindihui Mixtec",,"xtp, xts",sind1284,"sanm1294, sind1277"
Singapore Sign Language,,sls,,sing1237,
Northern Jinghpaw,"Northwestern Jinghpaw, Numphuk, Turung (Jinghpaw), Northeastern Jinghpaw, Dingga, Duleng",sgp,,sing1264,"nort3288, nump1234, turu1252, nort3289, ding1242, dulo1242"
Singa,,sgm,,sing1266,
Greater Riau-Johoric,"Balinese Malay, Jakun, Northeastern Peninsular Malay, Central Malay, Orang Kanaq, Orang Seletar, Temuan, Tenggarong Kutai Malay",,"mhp, jak, zlm, orn, ors, tmw, vkt",sing1270,"bali1279, jaku1244, keda1253, mala1479, oran1258, oran1259, temu1239, teng1267"
Dhivehi-Sinhala,"Dhivehi, Sinhalaic",,div,sinh1245,"dhiv1236, sinh1247"
Sinhala,Rodiya,sin,,sinh1246,rodi1239
Sinhalaic,"Sinhala, Veddah",,"sin, ved",sinh1247,"sinh1246, vedd1240"
Sininkere,,skq,,sini1242,
Sinicahua Mixtec,,xti,,sini1243,
Sinitic,"Classical-Middle-Modern Sinitic, Min, Old Chinese, Waxianghua",,"och, wxa",sini1245,"clas1255, minn1248, oldc1244, waxi1236"
Sinicahua-Tijaltepec,"Sinicahua Mixtec, Tijaltepec Mixtec",,"xti, xtl",sini1248,"sini1243, tija1235"
Sino-Tibetan,"Bodic, Brahmaputran, Burmo-Qiangic, Dhimal-Lhokpu-Toto, Kman-Meyor, Gongduk, Himalayish, Karenic, Kho-Bwa, Kuki-Chin-Naga, Macro-Tani, Macro-Bai, Miji, Digarish, Mruic, Nungish, Olekha, Raji-Raute, Sinitic, Unclassified Sino-Tibetan",,"goe, ole",sino1245,"bodi1256, brah1260, burm1265, dhim1247, gema1234, gong1251, hima1249, kare1337, khob1235, kuki1245, macr1268, macr1275, miji1239, mish1241, mrui1235, nung1293, olek1239, raji1239, sini1245, unun9951"
Tangkhulic,"Challow, East Tusom, Kongai, Nuclear Tangkhulic, Suansu",,,sino1246,"chal1279, east2902, kong1298, nucl1829, suan1234"
Kou,"Asas, Saipa",snz,asd,sins1241,"asas1240, saip1238"
Sinte-Manus Romani,"Gadschkene, Praistiki, Western Gadschkene, Eftawagaria, Witembergaria, Lallere, Manouche, Sastike, Southern Sinti, Abbruzzesi, Estracharia, Lombard-Venetian Sinti, Kranaria, Krantiki, Piedmont Sintí",rmo,,sint1235,"gads1256, prai1243, west2928, efta1238, wite1234, lall1238, mano1274, sast1234, sout3309, abbr1238, estr1244, lomb1263, kran1245, kran1246, pied1241"
Sinyar,,sys,,siny1243,
Siona-Tetete,,snn,,sion1247,
Siona-Secoya,"Secoya, Sionan",,sey,sion1248,"seco1241, sion1249"
Sionan,"Macaguaje, Siona-Tetete",,"mcl, snn",sion1249,"maca1261, sion1247"
Sio,,xsi,,sioo1240,
Siouan,"Catawban, Core Siouan",,,siou1252,"cata1285, core1249"
Sioux,"Dakota, Lakota",,"dak, lkt",siou1253,"dako1258, lako1247"
Sipacapense,,qum,,sipa1247,
Sirajic,"Rambani, Siraji of Doda",,,sira1263,"ramb1240, sira1264"
Sira,,swj,,sira1266,
Sirayaic,"Lamai, Makatao, Siraya, Pangsoia-Dolatok, Taivoan",fos,tvx,sira1267,"lama1281, maka1313, nucl1578, pang1293, taiv1237"
Sira-Barama,"Barama, Sira",,"bbg, swj",sira1270,"bara1362, sira1266"
Siraikic,"Inku, Saraiki",,"jat, skr",sira1271,"jaka1245, sera1259"
Old Sirenik,,ysr,,sire1246,
Sirionó,,srq,,siri1273,
Siriano,,sri,,siri1274,
Siri,,sir,,siri1278,
Sirionoid,"Jorá, Sirionó, Yuqui",,"jor, srq, yuq",siri1279,"jora1240, siri1273, yuqu1240"
Siriano-Desano,"Desano, Siriano",,"des, sri",siri1280,"desa1247, siri1274"
Sirmauri,"Dharthi, Giripari",srx,,sirm1239,"dhar1245, giri1243"
Siroi,,ssd,,siro1249,
Sisaala-Chakali,"Chakalic, Sisaala",,,sisa1247,"chak1272, sisa1248"
Sisaala,"Northwestern Sisaala, Paasaal, Tumulung Sisaala",,"sig, sil",sisa1248,"nort3229, paas1238, tumu1242"
Sisiqa,,,,sisi1250,
Sissala of Burkina Faso,,sld,,siss1242,
Sissano,,sso,,siss1243,
Sissano-Tumleo,"Ali-Tumleo, Sera-Sissano",,,siss1244,"alit1234, sera1271"
Sissanoic,"Arop-Sissano, Malol, Sissano",,"aps, mbk, sso",siss1245,"arop1242, malo1245, siss1243"
Siti,,,,siti1241,
Situ,"Jinchuan, Lixian, Maerkang, Xiaojin",,,situ1238,"jinc1238, lixi1238, maer1238, xiao1244"
Siuslaw,,sis,,sius1254,
Sivandi,,siy,,siva1239,
Sivia Sign Language,,lsv,,sivi1235,
Siwai,Baitsi,siw,,siwa1245,bait1248
Libyan-Egyptian Oases Berber,"Sawknah-Fogaha, Siwi",,"swn, siz",siwi1238,"sawk1238, siwi1239"
Siwi,,siz,,siwi1239,
Siwu,"Akpafu, Lolobi",akp,,siwu1238,"akpa1243, lolo1260"
Sizang Chin,,csy,,siyi1240,
Sizangic,"Gangte-Vaiphei, Ngawn Chin, Simte, Sizang Chin, Zou",,"cnw, smt, csy, zom",siza1239,"gang1271, ngaw1239, simt1238, siyi1240, zouu1235"
Skepi Creole Dutch,,skw,,skep1238,
Skolt Saami,"Notozer, Yokan",sms,,skol1241,"noto1238, yoka1242"
Sko,"I'saka, Skou-Serra-Piore",,ksi,skoo1245,"kris1246, skou1238"
Skou-Serra-Piore,"Barupu Lagoon, Serra Hills, Skouic",,,skou1238,"lago1243, serr1253, skou1239"
Skouic,"Eastern Skouic, Skou",,skv,skou1239,"east2892, nucl1634"
Slave,"North Slavey, South Slavey",den,"scs, xsl",slav1253,"nort2942, sout2959"
Slavomolisano,,svm,,slav1254,
Slavic,"East Slavic, South Slavic, West Slavic",,,slav1255,"east1426, sout3147, west2792"
Slavey-French-based pidgin,"Broken Slavey, Jargon Loucheux",,,slav1256,"brok1250, jarg1234"
Slovakian Sign Language,,svk,,slov1263,
Slovenian,"Lower Carniola, Prekmurski, Primorski, Resia, Stajerski, Upper Carniola, Carinthia",slv,,slov1268,"lowe1384, prek1239, prim1242, resi1246, staj1239, uppe1393, wind1243"
Slovak,,slk,,slov1269,
Gha-mu,,sfm,,smal1236,
Smärky Kanum,"Ngkantia, Ngkrnc, Ngkrnc of Tomerau and Rawa Biru, Barkali, Ngkrnc of Rawa Biru, Ngkrnc of Tomerau",kxq,,smar1235,"ngka1237, ngkr1236, ngkr1237, bark1251, ngkr1235, ngkr1238"
Sobei,,sob,,sobe1238,
Sobei-Liki-Wakde,"Sobei-Liki, Wakde",,wkd,sobe1239,"sobe1240, wakd1237"
Sobei-Liki,"Liki, Sobei",,"lio, sob",sobe1240,"liki1241, sobe1238"
So (Cameroon),"Emvane So, Melan So",sox,,soca1235,"emva1238, mela1253"
Sochiapam Chinantec,,cso,,soch1239,
So (Democratic Republic of Congo),,soc,,sode1235,
Soga,"Gabula, Lamogi, Tenga",xog,,soga1242,"gabu1247, lamo1242, teng1265"
Soga-Kenyi,"Kenyi, Soga",,"lke, xog",soga1244,"keny1278, soga1242"
Sogdian,,sog,,sogd1245,
Sogdian-Yagnobi,"Sogdian, Yagnobi",,"sog, yai",sogd1246,"sogd1245, yagn1238"
Sogdic-Ossetic,"Ossetic, Sogdic",,,sogd1247,"osse1245, sogd1248"
Sogdic,"Khwarezmian, Sogdian-Yagnobi",,xco,sogd1248,"khwa1238, sogd1246"
Sogeram,"Apalic, East Sogeram, North Sogeram, Unclassified Sogeram",,,soge1235,"apal1258, east2767, sika1264, uncl1525"
Soic,"Abuzaydabadi, Arani-Bidgoli, Delijani, Jowshaqani, Kamu'i, Judeo-Kashani, Kesha'i, Meyma'i, Nashalji, Qohrudi, Soi, Tari (Median), Tarqi",soj,,soii1239,"abuz1234, aran1268, deli1234, jows1234, kamu1265, kash1276, kesh1234, meym1234, nash1234, qohr1234, soii1240, tari1269, tarq1234"
Sokoro,"Bedanga, Nuclear Sokoro",sok,,soko1263,"beda1245, nucl1673"
Sokoroic,"Miltuic, Saba-Sokoro-Tamki",,,soko1265,"milt1242, saba1281"
Solehua,"Paulohi, Seram Straits",,plh,sole1243,"paul1238, sera1270"
So-Lebonya,"Basoo, Lebonya",,,sole1244,"baso1234, lebo1246"
Soli,,sby,,soli1239,
Solos,,sol,,solo1257,
Solong,Nuclear Arawe,aaw,,solo1258,araw1271
Solomons Northern Outlier Polynesian-East Polynesian,"Central Northern Outlier Polynesian-East Polynesian, Sikaiana",,sky,solo1260,"cent2298, sika1261"
Solombala English,,,,solo1261,
Solomon Islands Sign Language,,szs,,solo1262,
Soltec,,,,solt1234,
Somahai,"Momina, Momuna",,"mmb, mqf",soma1242,"momi1242, momu1241"
Somali,"Af-Ashraaf, Benaadir, Degodia, Northern Somali, Ogaden",som,,soma1255,"afas1238, bena1268, dego1238, nort3051, ogad1238"
Som,,smc,,somm1240,
Somray of Battambang-Somre of Siem Reap,,smu,,somr1240,
Somrai,,sor,,somr1248,
Somyev,,kgt,,somy1238,
Sonaga,,ysg,,sona1244,
Sonde,,shc,,sond1250,
Nsong-Mpiin,"Mpiin, Nsong",soo,,song1299,"mpii1240, nson1240"
Songoora,"Gengele, North Binja, South Binja",sod,,song1300,"geng1244, nort2796, sout2811"
Songe,"Eastern Kalebwe, Mbagani, Western Kalebwe",sop,,song1303,"east2408, mbag1238, west2476"
Songa,,sgo,,song1304,
Ohendo,,soe,,song1305,
Songhay,"Eastern Songhay, Northwest Songhay",,,song1307,"east2431, nort2822"
Songomenic,"Nkutu, Ohendo",,"nkw, soe",song1311,"nkut1238, song1305"
Songlai Chin,,csj,,song1313,
Songola-Binja,"Songoora, Zimba",,"sod, zmb",song1314,"song1300, zimb1251"
Songlin,,,,song1316,
Sonha,,soi,,sonh1238,
Soninke-Bozo,"Bozo, Soninkean",,,soni1257,"bozo1252, soni1258"
Soninkean,"Sininkere, Soninke",,"skq, snk",soni1258,"sini1242, soni1259"
Soninke,"Azer, Gadyaga, Kinbakka, Xenqenna",snk,,soni1259,"azer1256, gady1242, kinb1238, xenq1238"
Sonia,,siq,,soni1260,
Sonsorol,"Pulo Anna, Sonsorolese",sov,,sons1242,"pulo1240, sons1243"
Sonsorol-Tobi,"Sonsorol, Tobian",,"sov, tox",sons1245,"sons1242, tobi1238"
Sô,"So Makon, So Phong, So Slouy, So Trong",sss,,sooo1254,"soma1241, soph1238, sosl1238, sotr1238"
Soo,,teu,,sooo1256,
So-Poke,"Poke, So-Lebonya",,pof,sopo1239,"poke1238, sole1244"
Sop,,urw,,sopp1247,
Soqotri,"'Abd Al-Kuri, Central Soqotri, Northern Soqotri, Northwest Central Soqotri, North Central Soqotri, Southern Soqotri, Western Soqotri",sqt,,soqo1240,"abda1238, cent2215, nort3090, nort3091, nort3092, sout3075, west2760"
Sora,,srb,,sora1254,
Sora-Juray-Gorum,"Gorum-Parenga, Sora-Juray",,pcj,sora1255,"pare1266, sora1256"
Sora-Juray,"Juray, Sora",,"juy, srb",sora1256,"jura1242, sora1254"
Sorbian,"Lower Sorbian, Upper Sorbian",,"dsb, hsb",sorb1249,"lowe1385, uppe1395"
Sorbung,,,,sorb1250,
Sori-Harengan,"Harengan, Sori",sbh,,sori1242,"hare1242, sori1243"
Sorkhei-Aftari,"Aftari, Sorkhei",sqo,,sork1239,"afta1234, sork1240"
Sorsogon Ayta,,ays,,sors1239,
Sorsorian,,,,sors1241,
Sos Kundi,,sdk,,sosk1235,
Sota Kanum,,krz,,sota1242,
Sotho-Tswana (S.30),"Northern Sotho, Western Sotho-Tswana",,,soth1248,"nort3233, west2997"
Souletin Basque,,bsz,,soul1243,
South-Eastern Tasmanian,"Bruny Island, South-Eastern-Tasmanian-Hinterland",,"xpz, xpf",sout1293,"brun1235, sout1439"
South African Sign Language,,sfs,,sout1404,
South-Eastern-Tasmanian-Hinterland,,xpf,,sout1439,
South West Bird's Head,"Kalabra, Moraid, Tehit",,"kzz, msg, kps",sout1499,"kala1256, mora1239, tehi1237"
Southern Sahaptin,"Tenino, Umatilla",,"tqn, uma",sout1502,"teni1238, umat1237"
South Bird's Head Family,"East South Bird's Head, Kaburi, Kais, Puragi",,"uka, kzm, pru",sout1516,"east1439, kabu1249, kais1235, pura1253"
Serbian-Croatian-Bosnian,"Chakavski, Burgenland Croatian, Nuclear Chakavian, Shtokavski, New Shtokavian, Bunjevac, Eastern Herzegovinian Shtokavian, Bosnian Standard, Croatian Standard, Montenegrin Standard, Serbian Standard, Eastern Bosnian Shtokavian, Karashevski, Kosovo-Resava, Prizren-South Morava, Slavonian Shtokavian, Smederevo-Vršac, Šumadija-Vojvodina, Timok, Užican, Zeta-Raška, Old Shtokavian",hbs,ckm,sout1528,"chak1265, burg1244, nucl1776, shto1241, news1236, bunj1247, east2821, bosn1245, croa1245, mont1282, serb1264, east2822, kara1507, koso1247, priz1234, slav1257, smed1234, suma1275, timo1264, uzic1234, zeta1234, olds1253"
Southeastern Kolami,"Asifabad, Metla-Kinwat, Naiki, Utnur",nit,,sout1549,"asif1237, metl1237, naik1250, utnu1237"
Southern Karen,"Paku Karen, Sgaw",,jkp,sout1554,"paku1238, sgaw1244"
Southern Guiyang Hmong,,hmy,,sout1555,
Southern Mashan Hmong,,hma,,sout1556,
Southern Interior Salish,"Coeur d'Alene, Columbia-Wenatchi, Okanaganic",,"crd, col",sout1559,"coeu1236, colu1241, okan1244"
South-Arabian-Unknown-k,,,,sout2466,
Southern Kurdish,"Ilami, Badre'i, Garrusi, Malekshahi, Lakic Southern Kurdish, Kermanshahi, Kordali, Peripheral Kermanshahic, Kalhori-Sanjabi-Zangane, Kalhori, Sanjabi, Zangane, Kolyai",sdh,,sout2640,"feyl1238, bayr1238, garr1245, male1280, laki1247, kerm1244, kord1245, peri1266, kalh1241, kalh1240, sanj1274, zang1256, koly1245"
Southern Balochi,"Bampuri, Barahuwi, Bashgaadi, Coastal Balochi, Huuti, Karachi Balochi, Kechi, Lashari, Makrani",bcc,,sout2642,"bamp1234, bara1352, bash1262, coas1290, huut1238, kara1513, kech1244, lash1244, makr1243"
Fars Dialects,"Ardakani, Buringuni, Davani, Judeo-Shirazi, Kalati, Kondazi, Masarmi, Papuni, Somghuni, Xullari",fay,,sout2645,"arda1234, buri1259, dava1250, jude1270, kala1411, kond1305, masa1326, papu1256, somg1234, xull1234"
Southern Luri,"Boyerahmadi, Kohgiluyeh, Mamasani, Shuli, Yasuji",luz,,sout2647,"boye1238, kohg1238, mama1269, shul1241, yasu1238"
Southern Pashto,"Kandahar Pashto, Quetta Pashto, Southwestern Pashto, Southeastern Pashto",pbt,,sout2649,"kand1291, quet1238, sout2436, sout2650"
Southern Hindko,"Attock Hindko, Avankari Hindko, Ghebi, Kohat Hindko, Western Hindko, Peshawar Hindko, Rural Peshawar Hindko",hnd,,sout2668,"atto1238, avan1234, gheb1234, koha1245, west2952, pesh1239, rura1239"
Southwest Pashayi,"Ishpi, Isken, Tagau",psh,,sout2671,"ishp1238, iske1238, taga1265"
Southeast Pashayi,"Alingar, Darrai Nur, Kunar (Southeast Pashayi), Laghman, Wegal",psi,,sout2672,"alin1238, darr1238, kuna1265, lagh1243, wega1238"
South Saami,,sma,,sout2674,
South Estonian,"Leivu, Võro-Mulgi-Tartu, Mulgi, Ugandi, Võro-Seto, Kraasna, Lutsi, Seto, Eastern Seto, Northern Seto, Southern Seto, Võro, Tartu South Estonian",vro,,sout2679,"leiv1235, voro1241, mulg1249, ugan1245, seto1243, kraa1234, luts1235, seto1244, east2808, nort3285, sout3268, voro1243, tart1244"
South Great Andamanese,"Akabea, Akarbale",,"abj, acl",sout2683,"akab1249, akar1243"
Southern Chong,"Sa'och, Suoy",,"scq, syo",sout2684,"saoc1239, suoy1242"
South Aslian,"Besisi, Semelai-Semaq",,mhe,sout2686,"besi1244, seme1246"
Southern Nicobarese,"Condul, Great Nicobar, Little Nicobar, Milo, Sambelong, Tafwap",nik,,sout2689,"cond1241, grea1267, litt1242, milo1241, samb1303, tafw1239"
South Bahnaric,"Koho-Maa, Mnong-Stieng-Chrau",,,sout2690,"koho1243, mnon1258"
Southern-Central Mnong,"Central Mnong, Kraol, Southern Mnong",,"cmo, rka, mnn",sout2691,"cent1992, krao1238, sout2692"
Southern Mnong,"Bunong, Prang (Southern Mnong)",mnn,,sout2692,"buno1240, pran1245"
South Siberian Turkic,"Northern Altai-Lower Chulym, Sayan-Yenisei Turkic",,,sout2693,"nort3423, yeni1256"
Southern Altai,"Altai-Kizi, Telengit (Kosh-Agach and Ulagan), Teleut-Kalmak, Kalmak Tatar, Teleut",alt,,sout2694,"alta1277, tala1279, tele1258, kalm1245, tele1257"
South Azerbaijani,"Afshari, Aynallu, Baharlu, Bayat, Dara-Gaz, Galugah, Kars, Kirkuk, Lotf-Abad, Moqaddam, Nafar, Pishagchi, Qajar, Qaragozlu, Shahsavani, Sonqor, Tabriz, Zanjan Turkic",azb,,sout2697,"afsh1238, ayna1239, baha1255, baya1256, dara1256, galu1241, kars1238, kirk1242, lotf1234, moqa1238, nafa1255, pish1238, qaja1238, qara1243, shah1257, sonq1234, tabr1242, zanj1239"
Southern Uzbek,,uzs,,sout2699,
South Kipchak,"Kara-Kalpak, Kazakh, Nogai",,"kaa, kaz, nog",sout2701,"kara1467, kaza1248, noga1249"
Southern Periphery Mongolic,"East Yugur, Shirongol",,yuy,sout2705,"east2337, shir1260"
Southern Gondi,"Eastern Gondi, Adilabad Gondi",,wsg,sout2711,"east2880, utno1237"
Southern Ghale,"Barpak, Kyaura, Laprak",ghe,,sout2715,"barp1238, kyau1238, lapr1238"
Southwestern Tamang,,tsf,,sout2718,
Awu,,,,sout2719,
Southern Muji,,ymc,,sout2722,
Southern Nisu,,nsd,,sout2723,
Southern Qiang,"Downward-e Southern Qiang, Dajishan, Eastern Lixian Qiang, Taoping Qiang, Tonghua Qiang, Inward-ji Southern Qiang, Longxi Qiang, Mianchi Qiang",qxs,,sout2728,"down1240, daji1238, east2793, taop1238, tong1330, inwa1234, long1374, mian1253"
Southern Pumi,"Central Pumi, Renhe Pumi, Xichuan Pumi, Xinyingpan Pumi, Western Pumi, Dayang Pumi, Qinghua Pumi",pmj,,sout2729,"cent2357, renh1234, xich1234, xiny1234, west2926, daya1246, qing1238"
Southern Bai,"Dali, Qiliqiao, Zhoucheng, Xiangyun",bfs,,sout2730,"dali1242, qili1234, zhou1234, xian1250"
Southern Rengma Naga,"Azonyu, Keteneneyu",nre,,sout2732,"azon1238, kete1251"
Southern Yamphu,"Gess, Pa-O Yamphe, Sibao Yamphe",lrr,,sout2734,"gess1238, paoo1246, siba1240"
Southern Central Kiranti,"Bantawic, Camling, Dungmali, Puma",,"rab, raa, pum",sout2736,"bant1280, caml1239, dung1252, puma1239"
Southern Tujia,,tjs,,sout2739,
Southern Dong,,kmc,,sout2741,
Southwestern Tai P,"Chiang Saeng, Kuan, Shanic, Tay Khang",,"uan, tnu",sout2743,"chia1264, kuan1246, shan1276, tayk1238"
Southern Shanic,"Shan, Wuding-Yuanyang Tai, Yuanic",,shn,sout2744,"shan1277, wudi1241, yuan1245"
Southern Thai,"Tak Bai, Thai Malay",sou,,sout2746,"takb1238, thai1260"
Southwestern Gelao,"Hagei Gelao, Duoluo Gelao",,"giq, giw",sout2749,"gree1278, whit1267"
Southern Yukaghir,,yux,,sout2750,
Southern Yeniseian,"Arin-Pumpokol, Kott-Assan",,zko,sout2751,"arin1242, kott1239"
Southern Samur,"Budukh, Kryz",,"bdk, kry",sout2753,"budu1248, kryt1240"
Southern Qiandong Miao,,hms,,sout2754,
Southwestern Huishui Hmong,,hmh,,sout2755,
Southwestern Guiyang Hmong,,hmg,,sout2756,
Southern Tangkic,"Ganggalida, Kayardild-Yangkaal",,gcd,sout2758,"gang1267, kaya1318"
Southern Thura-Yura,"Kaurna, Narungga",,"zku, nnr",sout2760,"kaur1267, naru1238"
Southern Maric,"Bidyaric, Gungabula, Guwamu, Kunggari, Mandandanyi, Margany-Gunya, Wadjigu",,"gyf, gwu, kgl, zmk, wdu",sout2765,"bidy1245, gung1248, guwa1243, kung1258, mand1417, marg1252, wadj1255"
Southern Ngarna,"Ngarru, Thawa",,,sout2766,"ngar1291, thaw1238"
Southern Inland Yuin,"Jaitmatang, Ngarigu",,"xjt, xni",sout2770,"jait1239, ngar1297"
Southern Coastal Yuin,,xtv,,sout2771,
Southern Daly,"Murriny Patha, Nangikurrunggurr",,"mwf, nam",sout2772,"murr1258, nang1259"
Southeast Ijo,"Akassa, Nembe",ijs,,sout2774,"akas1241, nemb1238"
Southern Kisi,"Luangkori, Tengia, Warn",kss,,sout2778,"luan1258, teng1264, warn1243"
Southern Bia,"Ahanta, Jwira-Nzima",,aha,sout2779,"ahan1243, jwir1243"
South Guang,"Awutu, Hill South Guang",,afu,sout2781,"awut1241, hill1256"
South Fali,"Bele, Fali-Tinguelin, Kangou",fal,,sout2782,"bele1248, fali1264, kang1284"
Southern Ngbandi,,nbw,,sout2784,
Southwest Gbaya,,gso,,sout2785,
Ngbugu-Langbasi,"Langbashe, South Central Banda",,"lna, lnl",sout2786,"lang1318, sout2787"
South Central Banda,"Langba, Ngbugu",lnl,,sout2787,"lang1317, ngbu1242"
Central Dagaare,,dga,,sout2789,
Southern Birifor,,biv,,sout2790,
Southern Nuni,"Basinyari, Bwana, Gori, Micari, Sankura, Yatini",nnw,,sout2795,"basi1246, bwan1240, gori1239, mica1242, sank1251, yati1238"
Southern Toussian,,wib,,sout2797,
Southeastern Benue-Congo Plateau,"Bo-Rukul, Horom-Fyem",,mae,sout2800,"boru1244, horo1248"
Southwestern Edoid,"Eruwa, Isoko, Okpe (Southwestern Edo), Urhobo, Uvbie",,"erh, iso, oke, urh, evh",sout2805,"eruw1238, isok1239, okpe1250, urho1239, uvbi1238"
Southern Sotho,"Phuthi (Southern Sotho), Taung",sot,,sout2807,"phut1245, taun1249"
Sumayela Ndebele,,,,sout2808,
South Ring,"Babungoic, Bamunka, Wushi",,"bvm, bse",sout2822,"babu1241, bamu1256, wush1238"
Southern Grebo,"Glebo, Jabo, Nyabo, Wrelpo",grj,,sout2826,"gleb1238, jabo1238, nyab1254, wrel1238"
Southern Moru-Madi,"Ma'di, Olu'bo, Southern Ma'di",,"mhi, lul, snm",sout2827,"madi1260, olub1238, sout2828"
Southern Ma'di,"Ogoko, Okollo, Rigbo",snm,,sout2828,"ogok1238, okol1240, rigb1238"
Southern Nilotic,"Kalenjin, Tatoga-Omotik",,kln,sout2830,"kale1246, tato1241"
Southern Lwoo,"Acoli, Adhola-Alur-Luo, Lango-Kumam",,ach,sout2831,"acol1236, adho1241, lang1323"
Southwestern Dinka,"Abiem, Aguok, Apuk, Awan, Lau (Nilotic), Luac (Southwestern Dinka), Malual, Palioupiny, Paliet, Rek, Tuic (Southwestern Dinka)",dik,,sout2832,"abie1238, aguo1238, apuk1238, awan1239, lauu1246, luac1242, malu1244, pali1276, pali1277, rekk1238, tuic1246"
South Central Dinka,"Agar, Aliap, Ciec, Gok",dib,,sout2833,"agar1249, alia1238, ciec1238, gokk1238"
Southeastern Dinka,"Athoc, Bor, Ghol, Nyarweng, Tuic",dks,,sout2834,"atho1238, borr1242, ghol1238, nyar1247, tuic1247"
South Gonga,"Kafa, Shekkacho",,"kbr, moy",sout2835,"kafa1242, shek1244"
South Surmic,"Southeast Surmic, Southwest Surmic",,,sout2836,"sout2837, sout2838"
Southeast Surmic,"Kwegu, Pastoral Surmic",,xwg,sout2837,"kweg1241, past1248"
Southwest Surmic,"Baale-Olam, Didinga-Murle",,,sout2838,"baal1234, didi1256"
Southern Bobo Madaré,"Benge, Sogokiré, Sya Bobo, Syabéré, Voré, Zara",bwq,,sout2840,"beng1283, sogo1245, syaa1239, syab1238, vore1241, zara1248"
Southwest Mande,"Kpelle, Mende-Loma",,,sout2842,"kpel1252, mend1263"
Southern Samo,Toma (Eastern Mande),sbd,,sout2844,toma1246
South Omotic,"AHK, Dime",,dim,sout2845,"ahkk1235, dime1235"
Tobaic,"Angkola-Mandailing, Batak Toba",,bbc,sout2849,"angk1248, bata1289"
Southeast Solomonic,"Guadalcanal-Nggelic, Longgu-Malaita-Makira",,,sout2853,"guad1241, mala1485"
Southeast Guadalcanal,"Birao, Talise",,"brr, tlr",sout2854,"bira1254, tali1259"
Nafsan,,erk,,sout2856,
Nahavaq,,sns,,sout2857,
Southeast Ambrym,"Ase-Taveak, Mele Maat, Penapo, Taveak, Toak, Endu",tvk,,sout2859,"aset1235, mele1255, pena1262, tave1241, toak1237, endu1237"
South Marquesan,"Fatu Hiva, Hiva Oa, Tahuta",mqm,,sout2866,"fatu1237, hiva1242, tahu1239"
Southern Vanuatu,"Aneityum, Erromanga, Tanna",,aty,sout2868,"anei1239, erro1239, tann1242"
Southwest Tanna,"Nowai, Nvhal",nwi,,sout2869,"nowa1237, nvha1237"
Southwest New Britain linkage,"Amara, Arawe-Pasismanua, Bibling",,aie,sout2874,"amar1272, araw1269, bibl1237"
South Watut,"Dangal, Maralango",mcy,,sout2877,"dang1263, mara1402"
South Huon Gulf linkage,"Buang linkage, Misim-Yamap, Iwal",,kbm,sout2878,"buan1245, hote1244, iwal1237"
South-East Admiralty,"Lenkau, Lou-Paluai, Nauna, Penchal",,"ler, ncn, pek",sout2879,"lenk1247, loup1244, naun1237, penc1239"
South Babar,"Masela-South Babar, Southwest Babar",,,sout2881,"mase1249, sout2882"
Southwest Babar,"Emplawas, Imroing, Tela-Masbuar",,"emw, imr, tvm",sout2882,"empl1237, imro1237, tela1241"
Southeast Babar,,vbb,,sout2883,
South Tanimbar,"Selaru, Seluwasan",,"slu, sws",sout2890,"sela1259, selu1242"
South Wemale,,tlw,,sout2892,
South Nuaulu,,nxl,,sout2895,
Eastern Atadei,,lmf,,sout2896,
Southern Alta,,agy,,sout2905,
Southern Cordilleran,"Ilongot, West Southern Cordilleran",,ilk,sout2907,"ilon1239, west2550"
Bangad,"Nuclear Bangad, Mallango, Sumadel, Tinglayan",ksc,,sout2908,"bang1366, mall1247, suma1265, ting1252"
Coastal-Virac Bikol,,bln,,sout2912,
South Manobo,"Sarangani-Tasaday-Cotabato, Tagabawa",,bgs,sout2913,"sara1347, taga1272"
South Mangyan,"Buhid-Taubuid, Hanunoo",,hnn,sout2915,"buhi1244, hanu1241"
Southwest Palawano,,plv,,sout2916,
Southern Sama,"Bajau Laut, Bajau Darat, Bajau Semporna, Bajau Banaran, Balimbing, Bongao, Laminusa, Languyan, Obian, Sama (Malaysia-Philippines), Sapa-Sapa, Sibutu', Sikubung, Simunul, Sitangkai, Tandubas, Ubian",ssb,,sout2918,"baja1260, baja1261, baja1262, baja1263, bali1281, bong1288, lami1238, lang1326, obia1237, sama1303, sapa1252, sibu1255, siku1243, simu1237, sita1237, tand1255, ubia1237"
Southeast Barito,"Dusun Witu, Maanyan-Paku, Malagasic",,duw,sout2919,"dusu1267, maan1240, mala1537"
Southern Betsimisaraka Malagasy,,bzc,,sout2920,
South West Greater Barito,"Bakumpai, Ngaju",,"bkr, nij",sout2921,"baku1263, ngaj1237"
Southern Land Dayak,"Jangkang, Mateq, Ribun, Sanggau, Onya Darat",,"djo, xem, rir, scg, sdm",sout2922,"jang1257, kemb1249, ribu1241, sang1339, sema1269"
South Sulawesi,"Tamanic-Bugis, Lemolang, Makassaric, Northern South Sulawesi, Rampi-Seko-Badaic",,ley,sout2923,"bugi1243, lemo1243, maka1310, nort2894, ramp1244"
Southern Tomini,"Balaesang, Dampelas, Pendau, Taje, Tajio",,"bls, dms, ums, pee, tdj",sout2925,"bala1314, damp1237, pend1242, taje1237, taji1246"
Southeastern Celebic,"Bungku-Tolaki, Muna-Buton",,,sout2928,"bung1268, muna1246"
Southern One,,osu,,sout2932,
South Binanderean,"Coastal Binanderean, Orokaivic",,,sout2934,"coas1297, orok1268"
South Muyu,Metomka,kts,,sout2940,meto1239
South Awyu,,aws,,sout2941,
South Tairora,"Aatasaara, Haaviqinra-Oraura, Omwunra-Toqura, Vaira-Ntosara, Veqaura, Vinaata-Konkompira",omw,,sout2943,"aata1238, haav1238, omwu1238, vair1238, veqa1238, vina1238"
South Bougainville,"Buinic, Nasioiic",,,sout2948,"buin1247, nasi1247"
Southern Kiwai,"Coast Kiwai, Daru Kiwai, Doumori, Eastern Kiwai, Island Kiwai, Southern Coast Kiwai",kjd,,sout2949,"coas1298, daru1245, doum1239, east2521, isla1274, sout2950"
Southern Amami-Oshima,,ams,,sout2954,
Southern Haida,,hax,,sout2956,
Southern Tutchone,,tce,,sout2957,
Southern Carrier,"Blackwater Carrier, Kluskus, Nazko, Red Bluff, Ulgatcho, Nechako-Fraser, Cheslatta, Lheidli, Nadleh, Stellakoh, Stoney Creek",caf,,sout2958,"blac1272, klus1234, nazk1234, redb1234, ulga1234, nech1234, ches1239, lhei1234, nadl1234, stel1239, ston1243"
South Slavey,,xsl,,sout2959,
Southern Tiwa,"Isleta, Sandia",tix,,sout2961,"isle1245, sand1277"
Southern Puget Sound Salish,"Duwamish, Muckleshoot, Nisqually, Puyallup, Snoqualmie, Suquh",slh,,sout2965,"duwa1239, muck1238, nisq1242, puya1240, snoq1240, suqu1238"
Southern Numic,"Kawaiisu, Ute-Southern Paiute",,"xaw, ute",sout2968,"kawa1283, utes1238"
Southwestern Tarahumara,,twr,,sout2971,
Southeastern Tarahumara,"Chinatú Tarahumara, Turuachi",tcu,,sout2972,"chin1482, turu1253"
Southeastern Puebla Nahuatl,,npl,,sout2973,
Southern Tepehuan,"Southeastern Tepehuan, Southwestern Tepehuan, Tepecano",,"stp, tla, tep",sout2975,"sout2976, sout2977, tepe1278"
Southeastern Tepehuan,,stp,,sout2976,
Southwestern Tepehuan,,tla,,sout2977,
Southern East Cree,,crj,,sout2978,
Southern Wakashan,"Makah-Nitinat, Nuu-chah-nulth",,nuk,sout2981,"maka1326, nuuc1236"
Southeastern Pomo,,pom,,sout2982,
Southern Pomoan-Kashaya,"Kashaya, Southern Pomo",,"kju, peq",sout2983,"kash1280, sout2984"
Southern Pomo,,peq,,sout2984,
Southern Sierra Miwok,,skd,,sout2985,
Southern Costanoan,"Chalon, Mutsun, Rumsen",,css,sout2986,"chal1270, muts1243, rums1243"
Southeastern Siouan,"Biloxi, Ofo",,"bll, ofo",sout2988,"bilo1248, ofoo1242"
Enxet Sur,,enx,,sout2989,
Southern Pastaza Quechua,,qup,,sout2990,
South Bolivian Quechua,"Chuquisaca, Cochabamba, Northwest Jujuy, Oruro, Potosí, Sucre",quh,,sout2991,"chuq1242, coch1274, nort2975, orur1238, poto1252, sucr1238"
Southern Conchucos Ancash Quechua,,qxo,,sout2992,
Southern Nambikuára,"Alatesu, Galera, Hahaintesu, Halotesu, Khithaulhu, Manduka, Sarare, Saxwentesu, Serra Azul, Waikisu, Wakalitesu, Wasusu",nab,,sout2994,"alat1246, gale1260, haha1244, halo1239, khit1238, mand1447, sara1330, saxw1243, serr1256, waik1245, waka1281, wasu1258"
Southern Aymara,,ayc,,sout2996,
Southern Pame,,pmz,,sout2999,
Southwestern Tlaxiaco Mixtec,"Nuyoo, Yucuhiti",meh,,sout3000,"nuyo1238, yucu1249"
Southern Puebla Mixtec,,mit,,sout3001,
Southeastern Nochixtlán Mixtec,,mxy,,sout3002,
Cisyautepequeño,"Lapaguía-Guivini Zapotec, Mixtepec-Quioquitani-Quieri Zapotec, Santa María Quiegolani Zapotec, Santiago Xanica Zapotec, Xadani Zapotec, Xanaguía Zapotec",,"ztl, zpi, zpr, zax, ztg",sout3003,"lapa1249, mixt1428, sant1451, sant1452, xada1235, xana1235"
Southeastern Ixtlán Zapotec,,zpd,,sout3005,
Barasano-Eduria-Macuna,"Barasana-Eduria, Macuna",,"bsn, myy",sout3006,"bara1380, macu1260"
Southern Roglai,Rai (Southern Roglai),rgs,,sout3010,raii1244
Southern Magdalenic,"Barí, Chibcha-Duit, Tunebo",,mot,sout3015,"bari1297, chib1269, tune1260"
South Giziga,"Mi Mijivin, Muturami, Rum",giz,,sout3051,"mimi1245, mutu1251, rumm1238"
South Cushitic,"Aasax, Kw'adza, West Rift South Cushitic",,"aas, wka",sout3054,"aasa1238, kwad1248, west2720"
Southern Lowland East Cushitic,"Mainstream Lowland East Cushitic, Transversal Lowland East Cushitic",,,sout3055,"main1283, tran1283"
South Ethiopic,"Amharic-Argobba, Harari-East Gurage, Outer South Ethiopic",,,sout3078,"amha1244, hara1270, oute1258"
Southern Betsimisaraka Malagasy (Retired),,bjq,,sout3125,
South Lucanian,,,,sout3126,
South Ucayali Ashéninka,,cpy,,sout3127,
Southwestern Nisu,,nsv,,sout3128,
Southern Lolopo,,ysp,,sout3129,
Ankave-Tainae-Akoye,"Ankave, Tainae-Akoye",,aak,sout3130,"anka1246, tain1255"
Southern Maipuran,"Bolivian Arawakan, Kampa-Amuesha, Purus-Chamicuro",,,sout3131,"boli1260, kamp1244, puru1269"
Southern Chumashan,"Central Chumashan, Cruzeño",,crz,sout3132,"cent2139, cruz1243"
South Dravidian,"South Dravidian I, South Dravidian II",,,sout3133,"sout3138, sout3139"
South-West Pama-Nyungan,"Kartu-Nhanda, Mirning, Nyunga, Pilbara, Yinggarda",,"nys, yia",sout3134,"kart1249, mirn1243, nyun1247, pilb1234, ying1247"
Southeastern Pama-Nyungan,"New South Wales Pama-Nyungan, North Coast Pama-Nyungan, Victorian Pama-Nyungan, Wiradhuric",,,sout3135,"news1235, nort3154, vict1234, wira1261"
Southern Uto-Aztecan,"Cahitan, Corachol-Aztecan, Opata-Eudeve, Tarahumara-Guarijio, Tepiman, Tubar, Unclassified Southern Uto-Aztecan",,tbu,sout3136,"cahi1243, cora1261, opat1247, tara1326, tepi1240, tuba1279, unun9947"
South Dravidian I,"Tamil-Kannada, South-Western Dravidian",,,sout3138,"tami1291, tulu1261"
South Dravidian II,"Gondi, Konda-Kui, Teluguic",,,sout3139,"gond1265, kond1294, telu1265"
Southeastern Mande,"Mano-Dan, Nwa-Ben",,,sout3140,"guro1245, nwab1239"
Southwest Pama,"Coastal Southwest Paman, Upper Southwest Paman",,,sout3141,"coas1313, uppe1456"
Southern Yolngu,"Ritharrngu, Southern-Eastern Yolngu",,rit,sout3142,"rita1239, sout3149"
Southwestern Kra,"Southern Kra, Western Kra",,,sout3143,"paha1254, west2798"
South Eastern Tucanoan,"Kueretu, Tanimuca-Retuarã, Yahuna",,"tnc, ynu",sout3144,"cure1236, tani1257, yahu1241"
South Biu-Mandara,"Bataic, Dabaic, Teraic, Matakam, Sukur",,syk,sout3145,"bium1271, bium1274, bium1275, mata1311, suku1272"
South Masa,"Herde, Mesme, Ngete, Peve",,"hed, zim, nnn, lme",sout3146,"herd1236, mesm1239, nget1241, peve1243"
South Slavic,"Eastern South Slavic, Western South Slavic",,,sout3147,"east2269, west2804"
South Adelbert,"Osum-Wadaginam-Pomoikan, Sogeram",,,sout3148,"osum1243, soge1235"
Southern-Eastern Yolngu,"Dayi, Dhangu, Dhuwal-Dhuwala",,"dax, dhg",sout3149,"dayi1244, dhan1270, dhuw1248"
Southwestern Saami,"South Saami, Ume Saami",,"sma, sju",sout3150,"sout2674, umes1235"
Southwestern Apachean,"Eastern Southwestern Apachean, Western Southwestern Apachean",,,sout3151,"east2723, west2810"
Southern Bantoid,"Beboid, Bendic, Bishuo, Buru-Angwe, Busuu, Ekoid-Mbe, Mamfe, Narrow Bantu, Tivoid, Wide Grassfields, Yemne-Kimbi",,"bwh, bqw, bju",sout3152,"bebo1243, bend1256, bish1246, buru1299, busu1244, ekoi1237, mamf1238, narr1281, tivo1239, wide1239, yemn1234"
South Senufo,"Nafanan, Nyarafolo Senoufo, Palaka Senoufo, Tagbana-Jimini",,"nfr, sev, plr",sout3153,"nafa1258, nyar1245, pala1342, tagb1262"
Southwest Sabahan,"Greater Dusunic, Greater Murutic",,,sout3154,"grea1293, grea1294"
Southern Sangiric,"Bantik, Ratahan",,"bnq, rth",sout3155,"bant1286, rata1244"
Southwestern Iranian,"Middle-Modern Persian, Old Persian (ca. 600-400 B.C.)",,peo,sout3157,"midd1352, oldp1254"
Southern Romance,"Sardo-Corsican, South Lucanian",,,sout3158,"sard1256, sout3126"
Southern Burmish,"Achangic, Mranmaic",,,sout3159,"acha1252, mran1234"
South Peripheral Kuki-Chin,"Ashoic, Choic",,,sout3160,"asho1237, choi1241"
South Bauchi East,"Boghomic, Guruntumic",,,sout3161,"bogh1240, guru1272"
South Bauchi West,"Northwest South Bauchi, Southwest South Bauchi",,,sout3162,"nort3190, sout3170"
South-Central Benue-Congo Plateau,"Irigwe, Nuclear Zaric",,iri,sout3163,"irig1241, nucl1795"
Southern Central Gur,"Baatonum, Dogoso-Khe, Kaansa-Dogose, Grusi, Kirma-Tyurama, Lobiri-Jaane",,bba,sout3164,"baat1238, dogo1293, gand1254, grus1239, kirm1250, lobi1246"
Southern Palawanic,"Molbog-Palawan, Taut Batu",,,sout3165,"molb1238, taut1234"
Southern Batak,"Batak Simalungun, Tobaic",,bts,sout3166,"bata1288, sout2849"
Southwestern Otomi,"Estado de México Otomi, Temoaya Otomi",,"ots, ott",sout3168,"esta1236, temo1245"
Southwest South Bauchi,"Dass, Zakse-Saya, Zeemic",,dot,sout3170,"dass1243, zaks1240, zeem1243"
Southern Northwestern Edoid,"Okpamheri, Okpe-Akuku-Idesa, Oloma",,"opa, olm",sout3171,"okpa1238, okpe1251, olom1241"
Southern Melanesian,"New Caledonian, Southern Vanuatu",,,sout3173,"newc1243, sout2868"
Southwestern Malagasic,"South West-Central Malagasic, Tandroy Malagasy",,tdx,sout3174,"sout3346, tand1256"
South Bisayan,"Butuan-Tausug, Surigao",,sul,sout3175,"butu1243, suri1274"
Southwestern Brythonic,"Middle-Modern Southwestern Brythonic, Old Cornish",,oco,sout3176,"midd1379, oldc1252"
Southern Tatic,"Alviri-Vidari, Ramand-Karaj, Vafsic",,avd,sout3177,"alvi1241, rama1272, vafs1241"
Southwest Grassfields,"Balo, Busam, Manta, Menka-Atong, Osatu",,"bqo, bxs, myg, ost",sout3181,"balo1264, busa1251, mant1267, menk1239, osat1238"
Southeastern Bengali,"Chakma, Chittagonian, Noakhali, Tangchangya",,"ccp, ctg, tnv",sout3182,"chak1266, chit1275, noak1234, tang1330"
Southwestern Shifted Romance,"Occitanic, Catalan, West Ibero-Romance",,cat,sout3183,"occi1240, stan1289, west2838"
Southwestern Tai,"Southwestern Tai P, Southwestern Thai PH",,,sout3184,"sout2743, sput1235"
Southern Tanzania Highlands Bantu,"Bena-Hehe, Kinga-Magoma, Kisi-Pangwa, Manda-Ngoni, Wanji-Sangu",,,sout3185,"bena1273, king1258, kisi1244, mand1475, wanj1243"
Southeastern Ede,"Ede Ije, Ede Nago, Nuclear Yoruba",,"ijj, nqg",sout3186,"edei1245, eden1244, nucl1747"
Southwestern Ede,"Ede Idaca, Ede Ica, Ifè, Manigri-Kambolé Ede Nago",,"idd, ica, ife, xkb",sout3187,"edei1244, edei1246, ifee1241, mani1294"
South Pentecost,"Apma, Sa, Seke-Sowa",,"app, sax",sout3188,"apma1240, saaa1241, seke1242"
Southern Okani,"Bubi, Viya, Tsogo",,"buw, gev, tsv",sout3191,"bubi1250, eviy1235, tsog1243"
South-Central Santo,"Amblong, Ande, Narango",,"alm, mrp, nrg",sout3194,"ambl1237, moro1286, nara1263"
Southern Tanna,"Kwamera, Southwest Tanna",,"tnk, nwi",sout3195,"kwam1252, sout2869"
South Efatic,"Eton (Vanuatu), Nafsan",,"etn, erk",sout3196,"eton1255, sout2856"
Southwest Coastal Malekula,"Na'ahai, Nahavaq",,"mlx, sns",sout3197,"malf1237, sout2857"
Southern Malaita,"'Are'are, Dori'o, Oroha",,"alu, dor, ora",sout3198,"area1240, dori1246, oroh1237"
South Castilic,"Ladino, Peruvian Amazonian Spanish, Palenquero, Ternate-Zamboanga-Cavite",,"lad, spq, pln",sout3200,"ladi1251, lore1243, pale1260, tern1253"
South Mara,"Southwest Mara, Western Serengeti",,,sout3201,"sout3373, west2987"
South Rutara,"Haya, Nyambo",,"hay, now",sout3202,"haya1250, nyam1277"
South Kalinga,"Butbut Kalinga, Bangad, Southeastern Kalinga",,"kyb, ksc",sout3203,"butb1235, sout2908, sout3207"
Southern Mijikenda,"Digo, Segeju",,"dig, seg",sout3204,"digo1243, sege1246"
Southeast Western Oti-Volta,"Kamara-Hanga, Kusaal, Mampruli-Dagbani",,kus,sout3205,"kama1375, kusa1250, mamp1246"
Southeastern Kalinga,"Tanudan Kalinga, Madukayang Kalinga",,"kml, kmd",sout3207,"lowe1412, madu1248"
Southeast Choiseul,"Babatana, Sisiqa",,baa,sout3208,"baba1268, sisi1250"
South Dagaric,"Dagaari Dioula, Wali (Ghana)",,"dgd, wlx",sout3209,"daga1272, wali1263"
Southern Lalo,,,,sout3210,
South-Central Cordilleran,"Central Cordilleran, Southern Cordilleran",,,sout3211,"cent2296, sout2907"
Southeastern Ngwi,"Highland Phula, Nisoid, Riverine Phula, Axioid, Unclassified Southeastern Ngwi",,,sout3212,"high1272, niso1234, rive1256, sani1266, unun9957"
Western Trans-Zab,"Koy Sanjaq Jewish Neo-Aramaic, Lishanid Noshan",,"kqd, aij",sout3213,"koys1242, lish1245"
South Khoekhoe,"Korana, Xiri",,"kqz, xii",sout3214,"kora1292, xiri1242"
South-Western Tibetic,"Dolpo-Tichurong, Humla, Kyirong-Kagate, Lhomi, Mustangic, Sherpa-Jirel, Walungge",,"hut, lhm, ola",sout3216,"dolp1238, huml1238, kyir1235, lhom1239, must1234, sher1254, walu1241"
Southern Tibetic,"Brokpake, Dur Brokkat, Dzongkhic, Lakha, Unclassified Southern Tibetic",,"sgt, bro, lkh",sout3217,"brok1248, brok1249, dzon1238, lakh1240, uncl1513"
South-East-North Oromo,"Eastern Oromo, Waata",,"hae, ssn",sout3218,"east2652, waat1238"
Southeast Santo,"Farafi, Polonombauk, Tambotalo",,"bnr, plb, tls",sout3220,"butm1237, polo1242, tamb1253"
Southern Zhuang,,ccy,,sout3221,
Southwest Gbaya (Retired),,mdo,,sout3222,
Sierra Negra Nahuatl-Southeastern Puebla Nahuatl,,nhs,,sout3223,
Southern Pesisir,,pec,,sout3224,
Southern Marakwet,,tle,,sout3225,
Southern Khanty,Irtysh Khanty,,,sout3226,sout2675
South Australian Pidgin English,,,,sout3227,
South African Sign,"Lesotho Sign Language, Namibian Sign Language, South African Sign Language",,"nbs, sfs",sout3228,"leso1234, nami1249, sout1404"
South Halmahera-West New Guinea,"Cenderawasih Bay, Lower Mamberamo, Mor (Mor Islands), Raja Ampat-South Halmahera, Tandia, Waropen",,"mhz, tni, wrp",sout3229,"cend1238, lowe1409, morm1235, raja1255, tand1253, waro1242"
Southwest Cenderawasih Bay,"Yaur-Yerisiam, Yeretuar",,gop,sout3230,"yaur1240, yere1243"
South Halmahera,"Central-Eastern South Halmahera, East Makian-Gane, Gebe",,gei,sout3231,"cent2270, east2439, gebe1237"
Southern Angkuic,"Hu, Man Met, Mok, Muak",,"huo, mml, mqt, tlq",sout3232,"huuu1240, manm1238, mokk1243, tail1246"
Southern Njila,"Chokwe-Lunda, Kunene",,,sout3233,"chok1246, kune1234"
Southeast Gondi,"South Bastar Gondi-Koya, Maria (India)",,mrr,sout3234,"hill1257, mari1414"
Southern Gumuz,,,,sout3236,
Southern New England Algonquian,"Nipmuck, Wampanoag, Western Southern New England Algonquian",,"xlo, wam",sout3237,"loup1243, wamp1249, west2999"
Southern Samba-Duru,"Diic, Sambaic, Longto, Peere",,"wok, pfe",sout3238,"diic1235, leko1246, long1387, peer1241"
Southeastern Malakula linkage,"Bwenelang, Maskelynes, Nasvang-Nisvai, Port Sandwich-Axamb-Avok",,klv,sout3239,"bwen1239, mask1242, nasv1235, port1295"
Southwestern Malakula,"Dixon Reef, Avava, Letemboi-Repanbitip, Nasarian, Navwien, Southwest Coastal Malekula, Unclassified Southwestern Malakula",,"dix, tmb, nms, nvh",sout3240,"dixo1238, katb1237, lete1241, nasa1240, navw1234, sout3197, uncl1500"
Southern Tidung,"Nonukan, Penchangan, Sedalir, Sembakung, Sesayap, Tarakan",itd,,sout3241,"nonu1239, penc1240, seda1264, semb1242, sesa1244, tara1317"
Southern-Western Balochi,"Southern Balochi, Western Balochi",,"bcc, bgn",sout3242,"sout2642, west2368"
Southeastern Timbira,"Canela-Krahô, Pará-Maranhão Gavião",,"ram, gvp",sout3244,"cane1242, para1315"
Southern Otomi,"Ixtenco Otomi, Tilapa Otomi",,"otz, otl",sout3245,"ixte1237, tila1239"
South Scandinavian,"Danish, Jutish, East Danish",,"dan, jut",sout3248,"dani1285, juti1236, scan1238"
Central-Southern Kikongo,"Southeastern Kikongo, West Kikongo",,,sout3249,"sout3353, west2874"
Southern Pinghua,"Nanning Pinghua, Nanning-Liuzhou Road Pinghua, Upriver Liuzhou Pinghua",csp,,sout3250,"nann1239, nann1240, upri1240"
Southern Katang,,sct,,sout3251,
Southeast Kewa,"East Kewa, Erave",,"kjs, kjy",sout3252,"east2516, erav1244"
Southern Mansi,,,,sout3253,
South-Central Bai,"Central Bai, Southern Bai",,"bca, bfs",sout3254,"cent2004, sout2730"
Southeast Maoxian Qiang,"Goukou Qiang, Yonghe Qiang",,,sout3257,"gouk1234, yong1287"
South Dargwa,"Kajtak, Southwestern Dargwa",,xdq,sout3260,"kajt1238, sout3261"
Southwestern Dargwa,"Sanzhi-Icari, Icari, Sanzhi, Sirhwa-Tanty, Amuzgu-Shiri, Upper-Vurqri, Amux, Khuduts, Qunqi",,,sout3261,"sanz1247, icar1234, sanz1248, sirh1234, sirz1237, uppe1463, amux1234, khud1234, qunq1234"
Southern Tuareg,"Tamasheq, Tawallammat Tamajaq, Tayart Tamajeq",,"taq, ttq, thz",sout3263,"tama1365, tawa1286, taya1257"
Southern Tupi-Guarani,"Tupi-Guarani Subgroup I, Tupi-Guarani Subgroup II, Tupi-Guarani Subgroup III",,,sout3271,"tupi1277, tupi1278, tupi1287"
South Itelmen,,,,sout3274,
Southwestern Dutch,"Western Flemish, Zeeuwic",,vls,sout3292,"vlaa1240, zeeu1239"
South Alemannic,"Central Alemannic, Walser",,"gsw, wae",sout3294,"swis1247, wals1238"
South Rupununi Sign,,,,sout3305,
Southern New Caledonian,"Extreme Southern New Caledonian, Mid-Southern New Caledonian",,,sout3313,"extr1245, mids1246"
Southern Akhvakh,"Cegob, Ratlub, Tljanub",,,sout3319,"cego1234, ratl1234, tlja1234"
Southeastern Chinantec,"Chinantec Group III, Chinantec Group IV",,,sout3333,"chin1485, chin1489"
Southern Alaskan Athabaskan,"Ahtena, Dena'ina",,"aht, tfn",sout3337,"ahte1237, tana1289"
South Santo,"Aore, Araki-Tangoa, Tamambo, Mores, Wanohe",,"aor, mla, rga, sku",sout3339,"aore1237, arak1257, malo1243, rori1237, saka1289"
South West-Central Malagasic,"Nuclear South West-Central Malagasic, Tesaka Malagasy",,tkg,sout3346,"nucl1799, tesa1236"
Southern Mbam-Nkam,"Bamileke, Mbam-Nkam Nun, Ngembaic",,,sout3350,"bami1239, mbam1253, ngem1254"
Southern Makaaic,"Kol (Cameroon), So (Cameroon)",,"biw, sox",sout3352,"kolc1235, soca1235"
Southeastern Kikongo,"Eastern Kikongo, Southern Kikongo",,,sout3353,"east2782, sout3354"
Southern Kikongo,"Hungu-Pombo, Koongo-Kituba",,hng,sout3354,"hung1280, koon1247"
Southern Bikwin-Jen,"Bambuka-Gomu-Leelau, Jen",,,sout3355,"bamb1263, jenn1241"
South-Central Nasioi,"Central Nasioi, South Nasioi",,,sout3363,"cent2394, sout3364"
South Nasioi,"Daantanai', Koromira",,"lni, kqj",sout3364,"daan1235, koro1313"
Southwest Gondi,"Muria, Southern Gondi",,,sout3367,"muri1262, sout2711"
Southwest Mara,"Ikizu, Zanaki",,"ikz, zak",sout3373,"ikiz1238, zana1238"
Southeast Grand Valley Dani,"Hupla, Lower Grand Valley Dani",,"hap, dni",sout3374,"hupl1238, lowe1415"
Southern Tosk,"Arbëreshë Albanian, Arvanitika Albanian",,"aae, aat",sout3378,"arbe1236, arva1236"
Southeast Dagan,"Ginuman, Kanasi",,"gnm, soq",sout3380,"ginu1240, kana1288"
Southwest Dagan,"Daga, Mapena",,"dgz, mnm",sout3381,"daga1275, mape1250"
Southwest Maluku,"Babar, East Damar, Luangic-Kisaric, Maku'a, South Tanimbar, Teun-Nila-Serua",,"dmr, lva",sout3382,"baba1274, east2472, luan1261, maku1277, sout2890, teun1242"
Southern East Polynesian Proximal,"Maoric, Māngarongaro, Rakahanga-Manihiki, Mangaia-Old Rapa, Southern Cook Island Maori, Tahitian-Austral, Tuamotuan",,"pnh, rkh, ray, rar, pmt",sout3383,"maor1247, penr1237, raka1237, rapa1245, raro1241, tahi1244, tuam1242"
South Arandic,"Upper Arrernte, Lower Southern Aranda",,axl,sout3384,"aran1263, lowe1436"
Southwestern Popolocan,"Coyotepec Popoloca, San Juan Atzingo Popoloca, Tepexi-Zapotitlan",,"pbf, poe",sout3385,"coyo1236, sanj1285, tepe1282"
Southern Bantu,"Nuclear Southern Bantu, Shona (S.10)",,,sout3387,"nucl1826, shon1250"
Southeast Puebla-Northern Oaxaca Nahuatl,"Northern Oaxaca Nahuatl, Southeastern Puebla Nahuatl",,"nhy, npl",sout3390,"nort2958, sout2973"
Southwestern Tasmanian,,xpx,,sout3391,
South Georgia Central Salish,"Halkomelem, Nooksack, Squamish",,"hur, nok, squ",sout3394,"halk1245, nook1247, squa1248"
Southeast Kipchak,"East Kipchak, South Kipchak",,,sout3396,"east2791, sout2701"
Southeastern Alta Mixtec,"Southeastern Nochixtlán Mixtec, Teozacoalco Mixtec, Tlazoyal-Penoles",,mxy,sout3400,"sout3002, teoz1234, tlaz1238"
Southwestern Guerrero Mixtec,"Ayutla Mixtec, Yoloxochitl Mixtec",,"miy, xty",sout3401,"ayut1236, yolo1241"
Southwestern Alta Mixtec,"Chalcatongic, Southwestern Tlaxiaco Mixtec",,meh,sout3402,"chal1278, sout3000"
Southwest Ambrym,"Dakaka, Daakie",,"bpa, ptv",sout3403,"daka1243, port1286"
South Qiandongic Miao,"Ná-Meo, Southern Qiandong Miao",,"neo, hms",sout3405,"name1237, sout2754"
South Bolivian-Argentinian Quechua,"Santiago del Estero Quichua, South Bolivian Quechua",,"qus, quh",sout3406,"sant1432, sout2991"
Southwestern Patkaian,"Chang-Phom-Konyak, Lao Naga, Wanchoic",,nlq,sout3407,"chan1331, laon1234, wanc1241"
South Sudanese Sign Language,,,,sout3410,
Sou,,sqq,,souu1238,
Sowa,,sww,,sowa1244,
Sowanda,,sow,,sowa1245,
Soyaltepec Mixtec,,vmq,,soya1236,
Soyaltepec Mazatec,,vmp,,soya1237,
Spanish Sign Language,,ssp,,span1263,
Spanish-Quechua,Media Lengua,,mue,span1267,medi1245
Spanish-based pidgin,"Panare Trade Spanish, Roquetas Pidgin Spanish",,,span1268,"pana1311, roqu1234"
Spanish Sign,"Nuclear Spanish Sign, Venezuelan Sign Language",,vsl,span1269,"nucl1840, vene1237"
Speech Register,"Atlantic-Congo Speech Register, Basque-Romani, Indo-European Speech Register, Irish-English, Quechua-Puquina, Zulu-Sotho",,,spee1234,"atla1282, basq1267, indo1335, iris1254, quec1390, zulu1249"
Spiti-Jad,"Jad, Spiti Bhoti",,"jda, spt",spit1239,"jadd1243, spit1240"
Spiti Bhoti,,spt,,spit1240,
Spokane,,spo,,spok1245,
Southwestern Thai PH,"Lao-Thai, Siamese",,,sput1235,"laot1235, siam1241"
Squamish,,squ,,squa1248,
Sranan Tongo,,srn,,sran1240,
Eastern Maroons,"Sranan Tongo, Ndyuka",,srn,sran1241,"sran1240, suri1272"
Sri Lankan Sign Language,,sqs,,sril1237,
Sri Lanka Malay,,sci,,sril1245,
Spanish,"Adaeseño Spanish, Latin American Spanish, Andean Spanish, Bolivian Spanish, Afro-Bolivian Spanish, Andean Bolivian Spanish, Camba Spanish, Chapaco Spanish, Valluno Spanish, Caribbean Spanish, Cuban Spanish, Dominican Spanish, Puerto Rican Spanish, Central American Spanish, Chilean Spanish, Mexican Spanish, Abajeño Mexican Spanish, Central Mexican Spanish, Coastal Mexican Spanish, Northeastern Mexican Spanish, Northwestern Mexican Spanish, Northern Peninsular Mexican Spanish, Southern Mexican Spanish, Western Mexican Spanish, Yucatecan Spanish, New Mexican Spanish, Rioplatense Spanish, Venezuelan Spanish, Andalusian, Modern Castilian of Aragon, Canaric Spanish, Brule Spanish, Canary Islands Spanish, Isleño Spanish of St. Bernard Parish, Castilian, Murcian, Navarrese, Spanish of Equatorial Guinea",spa,,stan1288,"adae1234, amer1254, ande1249, boli1265, afro1260, ande1250, camb1246, chap1272, vall1258, cari1288, cuba1237, domi1242, puer1238, cent2388, chil1286, mexi1248, abaj1234, cent2389, coas1329, nort3383, nort3384, nort3385, sout3359, west2971, yuca1256, newm1235, riop1234, vene1262, anda1279, arag1246, cana1258, brul1240, cana1269, loui1241, cast1244, murc1238, nava1242, span1270"
Catalan,"Català Oriental, Algherese, Balear, Eivissenc i formenterer, Mallorquí, Menorquí, Central Catalan, Barceloní, Català Central Septentrional de Transició, Salat (Català), Tarragoní, Xipella, Rossellonès, Català Occidental, Català Nord-Occidental, Pallarès, Ribagorçà, Tortosì, Valencià, Valencià Septentrional, Valencià Apitxat, Valencià Meridional, Old Catalan",cat,,stan1289,"cata1289, algh1238, bale1256, eivi1239, mall1248, meno1253, nons1235, barc1237, cata1292, sala1282, tarr1234, xipe1234, ross1234, cata1290, cata1291, pall1245, riba1251, tort1234, vale1252, vale1253, vale1254, vale1255, oldc1251"
French,"Acadian, Angevin, Anglo-Norman, Berrichon, Bourbonnais, Camfranglais, Dgernesiais, Franco-Ontarien, Jerriais, Langues d'Oil, Bourguignon, Champenois, Franc-Comtois, Gallo, Lorraine, Normand, Poitevin, Santongeais, Middle French, Québécois",fra,"xno, nrf, frm",stan1290,"acad1238, ange1244, angl1258, berr1239, bour1246, camf1234, dger1238, fran1263, jerr1238, lang1337, bour1247, cham1332, fran1270, gall1275, lorr1242, norm1245, poit1240, sant1407, midd1316, queb1247"
English,"Australic English, Australian English, Australian Vernacular English, Cameroon English, Fiji English, Acrolectal Fiji English, Pure Fiji English, Ghanaian English, Hong Kong English, Indian English, Irish English, Southern Irish English, North-West Irish English, South-West Irish English, West Irish English, Ulster English, Jamaican English, Kenyan English, Malaysian English, Maltese English, New Zealand English, Nigerian English, Northern English, Lower Northern English, Northumberland English, Palmerston Island English, North American English, Canadian English, Atlantic Provinces English, Northern Canadian English, Southern Canadian English, Eastern New England English, Boston English, Providence English, New York City English, Northern North American English, Inland North English, St. Louis Corridor English, Western New England English, North Central American English, Philippine English, Southeast American English, Florida English, Mid-Atlantic American English, Midland American English, Cincinnati English, St. Louis English, Southern American English, African American Vernacular English, Earlier African American Vernacular English, Liberian Settler English, Rural African American Vernacular English, Urban African American Vernacular English, American Inland South English, Appalachian English, Ozark English, Bahamian English, Charleston English, Lumbee English, Texas South English, Western Pennsylvania English, Western American English, Chicano English, New Mexican English, Nuclear Western American English, Pakistani English, Singlish, South-Central English, Central English, Eastern Central English, Leicestershire English, Lincolnshire English, South Yorkshire English, Western Central English, Lancashire English, Manx English, Staffordshire English, Southern English, Southwestern English, Eastern Southwestern English, Falkland Islands English, Mid-South Welsh English, Northern Southwestern English, North-West Welsh English, Southeastern Southwestern English, Berkshire, Lower Southeastern Southwestern English, Kent-Surrey, Sussex, Welsh English, Western Southwestern English, Channel Islands English, Dorset-Somerset, East Cornwall-Devon, Devon, East Cornwall, Newfoundland English, Wiltshire-Hampshire, Southeastern English, Central-East Southeastern English, Essex, Northamptonshire-Cambridgeshire, Eastern Counties Southeastern English, Southern African English, Black South African English, Cape Flats English, Indian South African English, St. Helena English, Tristan da Cunha English, White Zimbabwean English, White South African English, Sri Lankan English, Tanzanian English, Ugandan English",eng,,stan1293,"aust1313, aust1314, aust1315, came1256, fiji1245, acro1240, pure1243, ghan1247, hong1245, indi1255, iris1255, sout3298, nort3315, sout3299, west2918, ulst1241, jama1265, keny1281, mala1551, malt1247, newz1240, nige1260, nort3299, lowe1445, nort3300, palm1243, nort3314, cana1268, atla1283, nort3318, sout3301, east2835, bost1234, prov1249, newy1234, nort3316, inla1269, stlo1235, west2921, nort3317, phil1246, sout3300, flor1243, mida1234, midl1243, cinc1234, stlo1234, sout3302, afri1276, earl1247, libe1248, rura1252, urba1236, amer1259, appa1236, ozar1236, baha1263, char1284, lumb1253, texa1234, west2919, west2920, chic1275, newm1234, nucl1791, paki1244, sing1272, sout3281, cent2344, east2825, leic1234, linc1242, sout3283, west2900, lanc1236, manx1244, staf1234, sout3282, sout3284, east2826, falk1236, mids1244, nort3301, nort3319, sout3286, berk1234, lowe1446, kent1258, suss1239, wels1248, west2901, chan1327, dors1240, east2827, devo1240, east2828, newf1239, wilt1234, sout3285, cent2345, esse1265, nort3302, east2829, sout3331, blac1271, cape1242, indi1259, sthe1236, tris1241, whit1271, whit1272, sril1243, tanz1240, ugan1243"
German,"Berlin German, Hannover German, Mansfeld German",deu,,stan1295,"berl1235, hann1239, mans1257"
Standard Malay,,zsm,,stan1306,
Standard Arabic,"Classical Arabic, Siculo Arabic",arb,sqr,stan1318,"clas1259, sicu1235"
Standard Malay-Indonesian,"Standard Indonesian, Standard Malay",,"ind, zsm",stan1327,"indo1316, stan1306"
St George linkage,"Kandas-Duke of York, Konomala, Label-Bilur, Northwest Solomonic, Patpatar-Minigir-Tolai, Siar-Lak, Sursurunga, Tangga",,"koa, sjr, sgz, tgg",stge1234,"kand1307, kono1269, labe1241, nort3225, patp1244, siar1238, surs1246, tang1348"
Stieng,"Budeh Stieng, Bulo Stieng, Mel-Khaonh",,"stt, sti, hkn",stie1250,"bude1236, bulo1242, melk1242"
St. Matthias,"Mussau-Emira, Tenis",,"emi, tns",stma1240,"muss1246, teni1244"
Stod Bhoti,"Khoksar, Mayar, Stod",sbu,,stod1241,"khok1238, maya1278, stod1242"
Stoney,"Alexis-Paul Stoney, Morley Stoney",sto,,ston1242,"nort2970, sout2987"
Northern Straits Salish,"Lummi, Saanich, East Saanich, West Saanich, Samish, Semiahmoo, Songish, Sooke",str,,stra1244,"lumm1243, saan1246, east2824, west2898, sami1249, semi1266, song1308, sook1244"
Straits Salish,"Clallam, Northern Straits Salish",,"clm, str",stra1246,"clal1241, stra1244"
Suabo,,szp,,suab1238,
Suansu,,,,suan1234,
Asabano,,seo,,suar1238,
Suau,"Bonarua, Bona Bona, Dahuni, Daui, Leileiafa, Nuclear Suau, Sinaki",swp,,suau1242,"bona1252, bona1253, dahu1238, daui1237, leil1237, nucl1500, sina1264"
Suauic,"'Auhelawa, Buhutu, Bwanabwana, Oya'oya, Suau chain, Unubahe, Wagawaga",,"kud, bxh, tte, oyy, unu, wgb",suau1243,"auhe1237, buhu1237, bwan1241, oyao1237, suau1244, unub1234, waga1268"
Suau chain,"Saliba, Suau",,"sbe, swp",suau1244,"sali1295, suau1242"
Suba,,sxb,,suba1238,
Suba-Simbiti,"Iregi, Hacha, Kine, Kiroba, Rieri, Simbiti, Surwa, Sweta",ssc,,suba1252,"bwir1238, hach1240, kine1234, kiro1241, rier1234, simb1253, surw1234, swet1238"
Subanen,"Nuclear Subanen, Western Subanen",,,suba1253,"nucl1726, west2811"
Suba (Retired),,suh,,suba1254,
Subansiri,"Bangni-Tagin, Galo, Nyishi-Hill Miri",,"adl, njz",suba1255,"bang1372, galo1242, nyis1236"
Tupi-Guarani Subgroup V,"Arawetic, Xingú Asuriní",,asn,subg1264,"araw1290, xing1248"
Subiya,,sbs,,subi1246,
Subtiaba-Tlapanec,"Mephaa, Subtiaba",,sut,subt1249,"meph1234, subt1250"
Subtiaba,,sut,,subt1250,
Sudanese-Chadian Arabic,"Chadian Arabic, East Sudanic Arabic",,shu,suda1235,"chad1249, east2897"
Sudanese Arabic,"Ja'ali, Khartoum, North Kordofan Arabic, Shukri, Western Sudanese",apd,,suda1236,"jaal1238, khar1296, nort3133, shuk1244, west2773"
South Sudanese Creole Arabic,,pga,,suda1237,
Sudest,"Eastern Point, Griffin Point, Jelewaga, Pamela, Rambuso",tgo,,sude1239,"east2456, grif1237, jele1237, pame1259, ramb1241"
Suena,,sue,,suen1241,
Nizaa,,sgi,,suga1248,
Suganga,,sug,,suga1249,
Sugut Dusun,"Talantang, Tinagas",kzs,,sugu1243,"tala1287, tina1250"
Sugut-Minokok Kadazan,"Minokok, Sugut Dusun",,"mqq, kzs",sugu1244,"mino1243, sugu1243"
Suguti,"Jita, Kara (Tanzania), Kwaya",,"jit, reg, kya",sugu1245,"jita1239, kara1481, kway1241"
Sui,"Anyang, Pandong, Sandong",swi,,suii1243,"anya1244, pand1262, sand1270"
Suki-Gogodala,"Gogodalic, Suki",,sui,suki1244,"gogo1264, suki1245"
Suki,,sui,,suki1245,
Suku,"Angola Suku, Bangoondi Suku, Lukula Suku, Tungila Suku",sub,,suku1259,"ango1260, bang1374, luku1239, tung1295"
Sukuma,"Gwe, Kiya",suk,,suku1261,"gwee1241, kiya1238"
Sukurum,,zsu,,suku1264,
Sukur,,syk,,suku1272,
Sukuma-Nyamwezi (F.20),"Nyamwezic, Sumbwa",,suw,suku1274,"nyam1286, sumb1240"
Sula-Buru,"Buruic, Sula",,szn,sula1247,"buru1322, sula1248"
Sula,"Mangole, Sanana, Facei, Fagudu, Falahu",szn,mqc,sula1248,"mang1408, sula1245, face1237, fagu1237, fala1244"
Sulka,,sua,,sulk1246,
Sulod,,srg,,sulo1237,
Eastern Puroik,"Chayangtajoic, Chayangtajo, Lasumpatte, Kurung Kumey, Sario Saria",suv,,sulu1241,"chay1250, bugu1245, lasu1234, kuru1311, sari1249"
Sulu-Borneo,"Borneo Coast Bajaw, Inner Sulu Sama, Pangutaran Sama",,slm,sulu1242,"born1254, inne1244, pang1291"
Suma,,sqm,,suma1264,
Sumariup,,siv,,suma1269,
Sumau,,six,,suma1270,
Sumalpan,"Matagalpan, Sumuic",,sum,suma1272,"mata1287, sumu1234"
Sumambu-Tagal,"Tagal Murut, Tidung-Bulusu",,mvv,suma1273,"taga1273, tidu1238"
Sumbwa,,suw,,sumb1240,
Sumbawa,,smw,,sumb1241,
Sumba-Hawu,"Hawu-Dhao, Sumba",,,sumb1242,"hawu1234, sumb1243"
Sumba,"Central-East Sumbanese, Kodi-Gaura, Wewewa-Laboya",,,sumb1243,"kamb1320, kodi1251, wewe1239"
Sumerian,,sux,,sume1241,
Sumi Naga,"Dayang, Lazemi, Zhimomi, Zumomi",nsm,,sumi1235,"daya1244, laze1239, zhim1238, zumo1240"
Sumtu Chin,,csv,,sumt1234,
Sumuic,"Mayangna, Ulwa",sum,"yan, ulw",sumu1234,"maya1285, ulwa1239"
Sunam,,ssk,,suna1241,
Sundanese,"Banten (Sundanese), Badui, Pandeglang, Serang Sundanese, Tangerang Sundanese, Mid-East Sundanese, Brebes, Cirebon Sundanese, Indramayu Sundanese, Kuningan Sundanese, Majalengka Sundanese, North Coast Sundanese, Binong Sundanese, Bogor, Karawang Sundanese, Priangan, Bandung Sundanese, Ciamis, Garut, Sumedang, Tasikmalaya, Old Sundanese",sun,osn,sund1252,"bant1285, badu1237, pand1268, sera1273, tang1385, cire1239, breb1234, cire1241, indr1249, kuni1271, maja1243, nort3412, bino1239, bogo1241, kara1518, prin1241, band1361, ciam1234, garu1248, sume1243, tasi1238, sund1255"
Sungkai (Indonesia),,suu,,sung1271,
Sunwar,Surel,suz,,sunw1242,sure1238
Suoy,,syo,,suoy1242,
Supyire Senoufo,"Shempire Senoufo, Supide",spp,seb,supy1237,"shem1239, supi1236"
Supyiric,"Sìcìté Sénoufo, Supyire Senoufo",,"sep, spp",supy1238,"sici1249, supy1237"
Surbakhal,,sbj,,surb1238,
Surgut Khanty,"Agan, Tromagan, Jugan, Likisovskoje, Pim, Salym Khanty",,,surg1248,"agan1234, east2325, juga1234, liki1242, pimm1234, saly1246"
Tirma-Chai-Mursi,"Mursi, Tirma-Chai",,"muz, suq",suri1266,"murs1242, suri1267"
Tirma-Chai,"Chai, Tirma",suq,,suri1267,"chai1252, tirm1240"
Ndyuka,"Kwinti, Aukan",,"kww, djk",suri1272,"kwin1243, ndyu1242"
Surigaonon,"Cantilan, Jaun-Jaun, Nuclear Surigaonon",sgd,,suri1273,"cant1244, jaun1245, nucl1547"
Surigao,"Surigaonon, Tandaganon",sul,"sgd, tgn",suri1274,"suri1273, tand1258"
Surinamese Creole English,"Saramaccan, Eastern Maroons",,srm,suri1275,"sara1340, sran1241"
Surjapuri,,sjp,,surj1235,
Surmic,"Majang, South Surmic",,mpe,surm1244,"maja1242, sout2836"
Sur,,tdl,,surr1238,
Sursurunga,,sgz,,surs1246,
Vori,,sde,,suru1258,
Suruí Do Pará,,mdz,,suru1261,
Suruí,,sru,,suru1262,
Suruahá,,swx,,suru1263,
Susquehannock,,sqn,,susq1241,
Susu-Yalunka,"Susu, Yalunka",,"sus, yal",susu1249,"susu1250, yalu1240"
Susu,,sus,,susu1250,
Susuami,,ssu,,susu1251,
Suundi,,sdj,,suun1239,
Suwawa,Bunda,swu,,suwa1241,bund1256
Suyá,"Beiço de Pau, Yaruma",suy,,suya1243,"beic1238, yaru1258"
Svan,"Lashx, Lentex, Lower Bal, Upper Bal",sva,,svan1243,"lash1242, lent1241, lowe1397, uppe1407"
Swabian,,swg,,swab1242,
Swahili,"Amu, Bajuni, Fundi, Matondoni, Mgao, Mrima, Mvita, Mwini, Pate, Pemba, Shamba, Siu, Unguja",swh,,swah1253,"amuu1238, baju1245, fund1238, mato1251, mgao1238, mrim1238, mvit1238, mwin1241, pate1246, pemb1239, sham1281, siuu1238, ungu1238"
Swahili (G.40),"Chimwiini, Mombasa-Lamu-Inland Swahili",,,swah1254,"chim1312, momb1256"
Swahili-based pidgin,"KiKAR, Upcountry Swahili",,,swah1255,"kika1240, upco1238"
Swampy Cree,"Eastern Swampy Cree, Western Swampy Cree",csw,,swam1239,"east2541, west2628"
Swati,"Lala (Nguni), Nhlangwini, Siswati",ssw,,swat1243,"lala1263, nhla1239, sisw1234"
Swatic,"Zimbabwean Ndebele, Swati",,"nde, ssw",swat1244,"nort2795, swat1243"
Swedish Sign Language,,swl,,swed1236,
Swedish,"Götamål, Old Swedish, Standard Swedish, Sveamål",swe,,swed1254,"gota1234, olds1252, stan1279, svea1239"
Swedish-based pidgin,Borgarmalet,,,swed1256,borg1236
Swedish Sign,"Finnish Sign, Portuguese Sign Language, Swedish Sign Language",,"psr, swl",swed1257,"finn1319, port1277, swed1236"
Swiss-Italian Sign Language,,slf,,swis1235,
Swiss-German Sign Language,,sgg,,swis1240,
Swiss-French Sign Language,,ssr,,swis1241,
Central Alemannic,"High Alemannic, Bernese, Fribourg German, Graubenden-Grisons, Liechtensteinisch, Luzern German, Obwald, St. Gallen, Vorarlbergisch, Lower Wallis, Zürich German, Low Alemannic, Alsatian, Basel German, Lake Constance Alemannic, Schwarzwald Low Alemannic, Upper-Rhine Alemannic",gsw,,swis1247,"high1290, bern1242, frib1234, grau1238, liec1234, luce1238, obwa1238, stga1238, vora1238, wall1256, zuri1239, lowa1241, alsa1241, base1241, lake1259, schw1234, uppe1467"
Syan,,,,syan1242,
Sydney-Hawkesbury,"Hawkesbury, Sydney",,"xda, xdk",sydn1235,"hawk1239, sydn1236"
Sydney,,xdk,,sydn1236,
Sylheti,,syl,,sylh1242,
Syriem,,,,syri1242,
Taa,"East Taa, West !Xoon",,nmn,taaa1242,"huaa1248, xooo1239"
Taabwa,Shila,tap,,taab1238,shil1264
Tabasaran,"North Tabasaran, South Tabasaran",tab,,taba1259,"nort3393, sout2752"
Tabaru,"Adu, Nyeku",tby,,taba1263,"aduu1238, nyek1238"
Tabasco Zoque,,zoq,,taba1264,
Tabasco Nahuatl,,nhc,,taba1265,
Tabasco Chontal,"Buena Vista Chontal, Miramar Chontal, Tamulté de las Sábanas Chontal",chf,,taba1266,"buen1245, mira1253, tamu1247"
Tabaa Zapotec,,zat,,taba1268,
Tabancal,,,,taba1269,
Tabar linkage,"Lihir, Mandara, Notsi",,"lih, tbf, ncf",taba1270,"lihi1237, mand1440, nots1237"
Tabla,"Tepera, Yewena-Yongsu, Yokari",tnm,,tabl1243,"tepe1277, yewe1238, yoka1243"
Tabo,"Aramia River, Fly River",knv,,tabo1241,"aram1254, flyr1238"
Tabriak,,tzx,,tabr1243,
Tacanan,"Cavineña, Takanik-Chamik, Unclassified Tacanan",,cav,taca1255,"cavi1250, taka1267, unun9984"
Tacana,"Ixiameño, Tumpaseño",tna,,taca1256,"ixia1234, tump1234"
Tacahua-Yolotepec Mixtec,,xtt,,taca1257,
Tacanec,,mtz,,taca1258,
Tachoni,,lts,,tach1242,
Chaouia of the Aures,"Belezma, Central Aures, Eastern Tachawit, Tammusht",shy,,tach1249,"bele1253, cent2416, east2908, tamm1234"
Tachelhit,"Anti-Atlas, Haut-Atlas, Sus-Agadir",shi,,tach1250,"anti1248, haut1247, susi1238"
Tacunyape,,,,tacu1234,
Tadaksahak,,dsq,,tada1238,
Tadyawan,,tdy,,tady1237,
Tae',"Bua (Indonesia), Northeast Luwu, Rongkong, South Luwu",rob,,taee1237,"buaa1246, nort2895, rong1270, sout2924"
Taensa,,,,taen1234,
Tafi,,tcd,,tafi1243,
Tagakaulu Kalagan,,klg,,taga1268,
Tagalog-Filipino,"Filipino, Tagalog",,"fil, tgl",taga1269,"fili1244, taga1270"
Tagalog,"Bataan, Batangas, Bulacan, Lubang, Manila, Marinduque, Tanay-Paete, Tayabas",tgl,,taga1270,"bata1299, bata1300, bula1257, luba1251, mani1245, mari1431, tana1284, taya1253"
Tagabawa,,bgs,,taga1272,
Tagal Murut,"Alumbis, Maligan, Pensiangan Murut, Rundum, Salalir, Sapulot Murut, Sumambu, Tagal, Tawan, Tolokoson, Tomani",mvv,,taga1273,"alum1248, mali1282, pens1238, rund1243, sala1270, sapu1250, suma1266, taga1274, tawa1276, tolo1257, toma1247"
Ouargli,"Ouedghir, Tariyit, Temacin",oua,,taga1278,"oued1238, tari1264, tema1244"
Tagalaka,,tgz,,taga1279,
Tagalogic,"Kasiguranin, Tagalog-Filipino",,ksn,taga1280,"kasi1256, taga1269"
Tagbu,,tbm,,tagb1255,
Tagbanwa,,tbw,,tagb1258,
Tagbana-Jimini,"Djimini Senoufo, Tagwana Senoufo",,"dyi, tgw",tagb1262,"djim1235, tagw1240"
Tagbu-Sere,"Sere, Tagbu",,"swf, tbm",tagb1264,"sere1264, tagb1255"
Tagdal,"Tarbun, Kel Ilokkod, Tabarog",tda,,tagd1238,"airr1238, azaw1238, taba1272"
Tagish,,tgx,,tagi1240,
Tagin,,tgj,,tagi1241,
Tagoi,"Moreb, Goy, Orig, Tumale",tag,,tago1246,"more1254, nucl1449, orig1235, tuma1247"
Tagwana Senoufo,"Tafire, Tagbana Sud, Katiola, Djidanan, Fondebougou, Fourgoula, Gbo, Katiara, Takper, Niangbo, Niediekaha",tgw,,tagw1240,"tafi1244, tagb1263, kati1273, djid1238, fond1238, four1238, gboo1244, kati1274, niak1239, nian1244, nied1239"
Tahaggart Tamahaq,"Ghat, Hoggar",thv,,taha1241,"ghat1242, hogg1238"
Tahitian,,tah,,tahi1242,
Tahitian-based pidgin,"Maritime Polynesian Pidgin, Te Parau Tinito",,,tahi1243,"mari1446, tepa1234"
Tahitian-Austral,"Austral, Tahitian",,"aut, tah",tahi1244,"aust1304, tahi1242"
Nahanni,"Kaska, Tagish, Tahltan",,"kkz, tgx, tht",tahl1238,"kask1239, tagi1240, tahl1239"
Tahltan,,tht,,tahl1239,
Taiap,,gpn,,taia1239,
Tai Dam,,blt,,taid1247,
Tai Do-Mene-Yo,"Nyaw, Tai Do, Tai Mène",tyj,"nyw, tmp",taid1248,"nyaw1245, taid1252, taim1250"
Tai Daeng-Meuay,"Tai Daeng, Tày Meuay",tyr,,taid1249,"taid1253, taym1239"
Tai Dón,,twh,,taid1250,
Tai Pao (Retired),,thc,,taih1245,
Tai Hongjin,,tiz,,taih1246,
Tai,,taw,,taii1241,
Tai-Kana,"Khana, Tee",,"ogo, tkq",taik1252,"khan1278, teee1242"
Taikat-Awyi,"Awyi, Taikat",,"auw, aos",taik1254,"awyi1241, taik1255"
Taikat,,aos,,taik1255,
Tai-Kadai,"Hlaic, Kadaic, Kam-Tai",,,taik1256,"hlai1238, kada1291, kamt1241"
Muak,"Doi, Tai Loi",tlq,ukk,tail1246,"doii1241, nucl1289"
Tai Laing,,tjl,,tail1248,
Taimyr Pidgin Russian,,,,taim1252,
Tai Muong,"Tai Do-Mene-Yo, Tai Pao",,"tyj, tpo",taim1254,"taid1248, taip1250"
Tai Nüa,"Dehong, Tai Pong, Yongren",tdd,,tain1252,"deho1238, taip1249, yong1278"
Tainae,,ago,,tain1253,
Taino,"Borinquen, Lucaya, Taino of Haiti, Taino of Cuba, Yamaye",tnq,,tain1254,"bori1244, luca1234, tain1256, tain1257, yama1267"
Tainae-Akoye,"Akoye, Tainae",,"miw, ago",tain1255,"akoy1238, tain1253"
Tai Pao,,tpo,,taip1250,
Tairuma,,uar,,tair1256,
Tairora,"Binumarien, North Tairora, South Tairora, Waffa",,"bjr, tbg, omw, waj",tair1260,"binu1245, nort2920, sout2943, waff1241"
Cushitic Taita,,,,tait1247,
Tai Thanh,,tmm,,tait1248,
Taita-Sagalla,"Sagalla, Taita",,"tga, dav",tait1249,"saga1262, tait1250"
Taita,"Bura, Chawia, Mbale, Mbololo, Mwanda, Werugha",dav,,tait1250,"bura1272, chaw1244, mbal1256, mbol1248, mwan1248, weru1238"
Taiwan Sign Language,"Kaohsiung, Tainan, Taipei",tss,,taiw1241,"kaoh1238, tain1241, taip1235"
Tai Ya,,cuu,,taiy1242,
Ta'izzi-Adeni Arabic,"Adeni, Ta'izzi",acq,,taiz1242,"aden1241, taiz1243"
Taje,,pee,,taje1237,
Tajik,"Badakhshan, Darwazi, Derbent, Goron, Hissar Tajik, Karatag, Kuljub, Lyuli, Matchin, Vaxio-Bolo",tgk,drw,taji1245,"bada1264, darw1234, derb1246, goro1274, hiss1235, kara1511, kulj1234, luli1238, matc1242, vaxi1234"
Tajio,,tdj,,taji1246,
Tajiki Arabic,"Balkh Arabic, Buxara Arabic",abh,,taji1248,"balk1259, buxa1234"
Tajikic,"Bukharic, Tajik",,"bhh, tgk",taji1250,"bukh1238, taji1245"
Tajuasohn,,tja,,taju1238,
Takanik-Chamik,"Ese Ejja, Takanik",,ese,taka1267,"esee1248, taka1268"
Takanik,"Araona-Toromono, Reyesano, Tacana",,"rey, tna",taka1268,"arao1247, reye1240, taca1256"
Takestani,"Khalkhal, Kharaqan, Ramand, Tarom, Zanjan",tks,,take1255,"khal1271, khar1281, rama1256, taro1260, zanj1238"
Takelma,,tkm,,take1257,
Takia,"Megiar, Serang",tbc,,taki1248,"megi1245, sera1261"
Takpa (Retired),,tkk,,takp1246,
Takua,,tkz,,taku1254,
Takuu,,nho,,taku1257,
Takuuic,"Nukumanu, Nukuria, Takuu",,"nuq, nur, nho",taku1258,"nuku1258, nuku1259, taku1257"
Takwane,,tke,,takw1238,
Talaud,"Arangka'a, Awit, Beo, Dapalan, Essang, Kaburuang, Lirang, Nenusa-Maingas, South Karakelong",tld,,tala1285,"aran1264, awit1237, beoo1241, dapa1237, essa1237, kabu1255, lira1237, nenu1237, sout2902"
Tala,,tak,,tala1295,
Tala-Sho-Zangwal,"Ju, Tala-Zamwar",,juu,tala1296,"juuu1243, tala1298"
Tala-Zamwar,"Tala, Zangwal",,"tak, zah",tala1298,"tala1295, zang1255"
Talieng,,tdf,,tali1257,
Talinga-Bwisi,,tlj,,tali1258,
Talise,"Koo, Malagheti, Moli, Nuclear Talise, Poleo, Tolo (Solomon Islands)",tlr,,tali1259,"kooo1245, mala1483, moli1247, nucl1469, pole1240, tolo1254"
Taliaboic,"Kadai, Taliabu",,"kzd, tlv",tali1261,"kada1286, tali1262"
Taliabu,"Mananga, Mangei, Padang (Taliabu)",tlv,,tali1262,"mana1296, mang1407, pada1258"
Talic,"Piapung-Koenoem, Tal",,tal,tali1264,"piap1250, tall1250"
Ta-Li,"Caijia, Longjia-Luren",,,tali1265,"caij1234, long1422"
Tallán,"Catacaos, Colán",,,tall1235,"cata1293, cola1238"
Tal,,tal,,tall1250,
Tasomi-Tata,,tlo,,talo1250,
Talondo',,tln,,talo1251,
Taloki,,tlk,,talo1252,
Talossan,,tzl,,talo1253,
Lavu-Yongsheng-Talu,,yta,,talu1238,
North-Central Talysh,"Central Talyshi, Asalemi, Hashtpari, Northern Talyshi, Astara, Lenkoran, Lerik",tly,,taly1247,"cent1970, asal1234, hash1240, nort2639, asta1240, lenk1245, leri1235"
Taman (Myanmar),,tcl,,tama1328,
Tamaic,"Mararit, Tama-Sungor-Miisiirii",,mgb,tama1329,"mara1396, tama1330"
Tama-Sungor-Miisiirii,"Miisiirii, Tama-Sungor",,,tama1330,"miis1236, tama1368"
Tama (Chad),"Girga, Haura, Orra, Tama",tma,,tama1331,"girg1242, haur1242, orra1238, tama1332"
Tamanic,"Embaloh, Taman (Indonesia)",,"emb, tmn",tama1334,"emba1238, tama1335"
Taman (Indonesia),,tmn,,tama1335,
Tamagario,,tcg,,tama1336,
Tamanaku,,tmz,,tama1338,
Tamazola Mixtec,,vmx,,tama1339,
Tama (Colombia),,ten,,tama1340,
Tamasheq,"Tadghaq, Tadhaq, Timbuktu",taq,,tama1365,"tadg1238, tadh1242, timb1263"
Tamangic,"Eastern Gorkha Tamang, Gurungic, Nuclear Tamang, Seke (Nepal)",,"tge, skj",tama1367,"east2346, guru1260, nucl1729, seke1240"
Tama-Sungor,"Assangori, Tama (Chad)",,"sjg, tma",tama1368,"assa1269, tama1331"
Tambotalo,,tls,,tamb1253,
Tambora,,xxt,,tamb1257,
Tambas,,tdk,,tamb1267,
Tamil,"Adi Dravida, Aiyangar, Aiyar, Arava, Burgandi, Burma Tamil, Harijan, Hebbar, Kongar, Madrasi, Malaya Tamil, Mandyam Brahmin, Nuclear Tamil, Sanketi, Secunderabad Brahmin, South Africa Tamil, Sri Lanka Tamil, Tigalu",tam,,tami1289,"adid1237, aiya1239, aiya1240, arav1239, burg1245, burm1258, hari1247, hebb1237, kong1282, madr1237, mala1467, mand1410, nucl1304, sank1249, secu1237, sout2709, sril1244, tiga1243"
Tami,"Taemi, Wanam",tmy,,tami1290,"taem1237, wana1267"
Tamil-Kannada,"Badaga-Kannada, Tamil-Kota",,,tami1291,"bada1263, tami1292"
Tamil-Kota,"Kota (India), Tamil-Toda",,kfe,tami1292,"kota1263, tami1293"
Tamil-Toda,"Tamil-Irula, Toda",,tcx,tami1293,"tami1294, toda1252"
Tamil-Irula,"Irula-Muduga, Tamil-Kodagu",,,tami1294,"irul1245, tami1297"
Tamil-Kodagu,"Kodava, Tamil-Malayalam, Urali of Idukki",,"kfa, url",tami1297,"koda1255, tami1298, ural1274"
Tamil-Malayalam,"Malayalamoid, Tamiloid, Unclassified Tamil-Malayalam",,,tami1298,"mala1541, tami1299, uncl1509"
Tamiloid,"Mala Malasar, Malapandaram, Malasa-Eravallan, Muthuvan-Mannan, Old Tamil, Tamil-Paliyan, Yerukula-Korava-Kaikadi",,"ima, mjp, oty",tami1299,"mala1457, mala1468, mala1550, muth1243, oldt1248, tami1300, yeru1242"
Tamil-Paliyan,"Paliyan, Tamil",,"pcf, tam",tami1300,"pali1274, tami1289"
Tamki,,tax,,tamk1242,
Tamnim Citak,,tml,,tamn1235,
Tamolan,"Chini, Breri-Romkun, Itutang-Inapang, Unclassified Tamolan",,"afi, mzu",tamo1242,"akru1241, brer1241, inap1241, unun9900"
Tampuan,,tpu,,tamp1251,
Tampulma,,tpm,,tamp1252,
Tampias Lobu,,low,,tamp1254,
Tampuon-Bahnar,"Bahnar, Tampuan",,"bdq, tpu",tamp1256,"bahn1262, tamp1251"
Tanapag,,tpv,,tana1281,
Tanahmerah,,tcm,,tana1288,
Dena'ina,"Lower Inlet Denaina, Upper Inlet Denaina",tfn,,tana1289,"lowe1451, uppe1473"
Tanacross,,tcb,,tana1290,
Tananaic,"Lower Tanana, Upper Kuskokwim, Upper Tananaic",,"taa, kuu",tana1298,"lowe1425, uppe1438, uppe1472"
Tanana-Tutchone,"Tananaic, Tutchone",,,tana1299,"tana1298, tutc1236"
Tandia,,tni,,tand1253,
Tandroy Malagasy,,tdx,,tand1256,
Tandaganon,Naturalis,tgn,,tand1258,natu1247
Tanda,,,,tand1259,
Tanema,,tnx,,tane1237,
Tangchangya,,tnv,,tang1330,
Tangut,,txg,,tang1334,
Tangkhul-Maring,"Maringic, Tangkhulic",,,tang1335,"mari1415, sino1246"
East-Central Tangkhul Naga,"Central Tangkhul, Tangkhul Tui, Ukhrul, Eastern Tangkhul, Kachai, Phadang",nmf,,tang1336,"cent2412, tang1386, ukhr1238, east2903, kach1286, phad1238"
Tangkic,"Lardil, Southern Tangkic",,lbz,tang1340,"lard1243, sout2758"
Movono,,tgp,,tang1347,
Tangga,"Fanamaket, Niwer Mil-Warwar Feni, Warwar Feni, Niwer Mil",tgg,bjp,tang1348,"make1251, niwe1235, anir1237, niwe1234"
Tangko,,tkx,,tang1353,
Ataitan,"Andarum, Tanguat, Tangu-Igom",,"aod, tbs",tang1354,"anda1284, tang1356, tang1375"
Tanggu,,tgu,,tang1355,
Tanguat,,tbs,,tang1356,
Tangalic,"Dera (Nigeria), Nuclear Tangalic",,kna,tang1366,"dera1248, tang1367"
Nuclear Tangalic,"Kushi, Pero, Piya-Kwonci, Tangale-Kwami-Kupto",,"kuh, pip, piy",tang1367,"kush1236, pero1241, piya1245, tang1378"
Tanglang-Toloza,,ytl,,tang1372,
Tangwang,,,,tang1373,
Tangshewi,,tnf,,tang1374,
Tangu-Igom,"Kanggape, Tanggu",,"igm, tgu",tang1375,"kang1291, tang1355"
Tangko-Nakai,"Nakai, Tangko",,"nkj, tkx",tang1376,"naka1265, tang1353"
Tangam,,,,tang1377,
Tangale-Kwami-Kupto,"Kwami-Kupto, Tangale",,tan,tang1378,"kwam1256, nucl1696"
Tangsa,"Pangwa Naga, Tikhakic",,nst,tang1379,"tase1235, tikh1243"
Tanimbili,,tbe,,tani1255,
Tanimuca-Retuarã,"Retuarã, Tanimuca",tnc,,tani1257,"retu1239, tani1258"
Tani,"Eastern Tani, Pre-Western Tani",,,tani1259,"east2361, prew1234"
Tanimbar-Bomberai,"Eastern Bomberai, Nuclear Tanimbar-Bomberai, Teor-Kur",,,tani1260,"east2900, keit1238, teor1239"
Rjili,,uji,,tanj1247,
Tanjong,,tnj,,tanj1248,
Tanna,"Northern Tanna linkage, Southern Tanna",,,tann1242,"nort3218, sout3195"
Tanosy Malagasy,,txy,,tano1246,
Tano,"Central Tano, Guang, Krobu, Western Tano",,kxb,tano1248,"cent2262, guan1278, krob1245, west2816"
Tanpachoa,,,,tanp1235,
Tanzanian Sign Language,,tza,,tanz1238,
Tanzanian Ngoni,,xnj,,tanz1241,
Ta'oihic,"Kriang-Khlor, Ong-Ta'oih",,ngt,taoi1247,"ngeq1245, ongt1234"
Taos-Picuris,"Taos Northern Tiwa, Picuris Northern Tiwa",,twf,taos1246,"nort1550, picu1248"
Tapachultec,,qcs,,tapa1260,
Tapajó,,,,tapa1261,
Taparita,,,,tapa1262,
Tapakuric,"Chapakura, Kitemoka-Napeca",,,tapa1264,"chap1269, kite1239"
Tapeba,,tbb,,tape1236,
Tapei,"Awim, Imboin-Awim",afp,,tape1242,"awim1234, imbo1240"
Tapieté,,tpj,,tapi1253,
Tapirapé,,taf,,tapi1254,
Tarairiu,,,,tara1303,
Tarao,,tro,,tara1313,
Tarahumaran,"Central Tarahumara, Western Tarahumara, Southeastern Tarahumara, Unclassified Tarahumaran",,"tar, tac, tcu",tara1321,"cent2131, lowl1265, sout2972, uncl1537"
Tarascan,"Purepecha, Western Highland Purepecha",,"tsz, pua",tara1323,"pure1242, west2631"
Taranoan,"Carijona, Tiriyoan",,cbd,tara1324,"cari1279, tiri1260"
Taram-Dirim-Nnakenyare,"Dirim-Nnakenyare, Sama Mum",,ccg,tara1325,"diri1260, samb1311"
Tarahumara-Guarijio,"Huarijio, Tarahumaran",,var,tara1326,"huar1255, tara1321"
Tarao-Chothe,"Chothe, Tarao",,"nct, tro",tara1327,"chot1239, tara1313"
Tareng,,tgr,,tare1239,
Tariku,"Central Tariku, Duvle, East Tariku, West Tariku",,duv,tari1255,"cent2110, duvl1242, east2502, west2582"
Tariana,"Kumandene Tariana, Periquitos-Santa Rosa Tariana, Periquitos Tariana, Santa Rosa Tariana",tae,,tari1256,"kuma1282, peri1264, peri1265, sant1459"
Tarifiyt-Beni-Iznasen-Eastern Middle Atlas Berber,"Eastern Middle Atlas Berber, Riffian, Eastern Rif, Beni Iznassen, Central Rif, Arzeu, Beni Touzine, Beni Oulichek, Guelaya, Temsamane, Kebdana, Southern Rif, Beni Bou Yhi, Igzennaian, Metalsa, Western Rif, Boqqoya, Urrighel",rif,,tari1263,"east2803, riff1234, east2804, beni1249, cent2333, arze1238, beni1250, beni1251, guel1234, tems1234, kebd1234, sout3264, beni1252, igze1238, meta1239, west2882, boqq1234, urri1238"
Tarjumo,,txj,,tarj1235,
Tarok,"Igyang, Itarok Oga Asa, Itarok, Izini, Selyer",yer,,taro1263,"igya1238, itar1241, itar1242, izin1238, sely1241"
Seediq,"Tekedaya, Teruku, Te'uda",trv,,taro1264,"teke1282, teru1237, teud1237"
Tarokoid,"Bijimic-Sur-Shall, Yangkam-Tarok-Pe",,,taro1265,"biji1252, yang1302"
Tarok-Pe,"Pye, Tarok",,"pai, yer",taro1266,"peee1238, taro1263"
Taromic,"Kabatei, Upper Taromi",,"xkp, tov",taro1267,"kaba1276, uppe1235"
Tarpia,,tpf,,tarp1240,
Sufrai,,suf,,tarp1241,
Tartessian,,txr,,tart1237,
Taruma,,tdm,,taru1236,
Tasawaq,,twq,,tasa1240,
Pangwa Naga,"Northern Rangpang, Jogleic, Hahcheng-Ngaimong, Hahcheng, Ngaimong, Joglei-Shangwal, Shangwal, Yoglei, Longri-Cholim, Longri, Cholim, Lungphi-Muishaung, Longphi, Muishaung, Mungre, Shecyu-Chamchang, Chamchang, Shangke, Southern Rangpang, Hkaluk, Lochhang, Maitai-Jiingi, Rera-Hajang, Gaji-Hajang, Ronrang, Rinkhu",nst,,tase1235,"nort3332, jogl1235, hahc1234, hahc1235, ngem1252, jogl1234, sang1326, yogl1238, long1418, long1382, tong1312, lung1253, long1383, mosa1240, mung1264, shec1234, kims1240, sank1250, sout3320, hkal1241, lang1315, miti1241, rera1241, higt1238, ronr1238, rink1234"
Tasmate,,tmt,,tasm1246,
Tasmanian,,xtz,,tasm1247,
Tatar,"Central Tatar, Astrakhan Tatar, Kasimov, Kazan Tatar, Tepter Tatar, Ural Tatar, West Tatar",tat,,tata1255,"midd1325, astr1246, kasi1251, kaza1250, tept1239, ural1273, west2405"
Tatana,,txx,,tata1257,
Tataltepec Chatino,,cta,,tata1258,
Adharic,"Adhari, Gorani, Tatic, Zaza",,zza,tati1243,"adha1238, gora1267, tati1244, zaza1246"
Tatic,"Central Tatic, Alamuti, Northern Tatic, Southern Tatic",,goz,tati1244,"cent2265, goza1238, nort2642, sout3177"
Tatoga-Omotik,"Gemein Datooga, Omotik",,omt,tato1241,"geme1247, omot1239"
Tatuyo,,tav,,tatu1247,
Tauade,,ttd,,taua1242,
Taulil-Butam,"Butam, Taulil",,tuh,taul1250,"buta1242, taul1251"
Taulil,,tuh,,taul1251,
Taungyo,,tco,,taun1248,
Taupota linkage,"Minaveha, Nuclear Taupota linkage",,mvn,taup1241,"mina1269, nucl1794"
Taupota,,tpa,,taup1242,
Taupota-Waiema,"Taupota, Wa'ema",,"tpa, wag",taup1244,"taup1242, waem1237"
Tausug,,tsg,,taus1251,
Tause,"Deirate, Nuclear Tause, Weirate",tad,,taus1252,"deir1239, nucl1598, weir1238"
Taushiro,,trr,,taus1253,
Taut Batu,,,,taut1234,
Tauya,,tya,,tauy1241,
Taveta,,tvs,,tave1240,
Tavoyan,"Dawei, Myeik, Palaw",tvn,,tavo1242,"dawe1238, merg1238, pala1339"
Tavringer Romani,,rmu,,tavr1235,
Tawara,"Tawara-Daque, Tawara-Chioco",twl,,tawa1270,"tawa1271, tawa1272"
Tawala,"Awayama, Bohilai, Diwinai, Huhuna, Kehelala, Labe, Lelehudi, Sideya, Yaleba",tbo,,tawa1275,"away1237, bohi1237, diwi1237, huhu1237, kehe1241, labe1240, lele1269, side1239, yale1245"
Tawandê,,xtw,,tawa1278,
Tawallammat Tamajaq,"Ioullemmeden, Tawallammat Tan Ataram, Tawallammat Tan Dannag",ttq,,tawa1286,"ioul1238, tawa1287, tawa1288"
Tawang Monpa,,twm,,tawa1289,
Tawendê,,,,tawe1235,
Tawoyan,,twy,,tawo1243,
Taworta,,tbp,,tawo1244,
Laamtuk Thet,,tcp,,tawr1235,
Tayabas Ayta near Lucena City in Western Quezon,,ayy,,taya1256,
Tayart Tamajeq,"Air (Berber), Tanassfarwat",thz,,taya1257,"airr1242, tana1297"
Tayari-Ditammari,"Ditammaric, Nateni",,ntm,taya1258,"dita1239, nate1242"
Tay Boi,,tas,,tayb1240,
Tay Khang,,tnu,,tayk1238,
Tayo,,cks,,tayo1238,
Tày Sa Pa,,tys,,tays1238,
Tày Tac,,tyt,,tayt1241,
Tày,"Central Tày, Eastern Tày, Northern Tày, Southern Tày, Tày Bao Lac, Tày Trung Khanh",tyz,,tayy1238,"cent2012, east2364, nort2743, sout2747, tayb1242, tayt1242"
Sud Oranais-Gourara,"Gourara, South Oran, Touat",grr,,tazn1238,"gour1247, sout3056, toua1238"
Tboli,"Central Tboli, Southern Tboli, Western Tboli",tbl,,tbol1240,"cent2081, sout2904, west2549"
Tboli-Blaan,"Blaan, Tboli",,tbl,tbol1241,"blaa1241, tbol1240"
Tchitchege,,tck,,tchi1245,
Tchumbuli,"Cobecha, Nuclear Tchumbuli",bqa,,tchu1241,"cobe1238, nucl1349"
Teanu,,tkw,,tean1237,
Teberan,"Dadibi, Folopa",,"mps, ppo",tebe1251,"dadi1250, folo1238"
Tebu,"Dazaga, Tedaga",,"dzg, tuq",tebu1238,"daza1242, teda1241"
Tebul Ure Dogon,,dtu,,tebu1239,
Tebul Sign Language,,tsy,,tebu1240,
Northwest Alta Mazatec,"Puebla and Northeastern Mazatec, San Jerónimo Tecóatl Mazatec",,"pbm, maa",teco1234,"pueb1234, sanj1286"
Tecpatlán Totonac,,tcw,,tecp1235,
Tedaga,Kecherda,tuq,,teda1241,kech1245
Tedim Chin,"Kamhau, Sokte",ctd,,tedi1235,"kamh1239, sokt1238"
Tee,,tkq,,teee1242,
Teenic,"Loma (Côte d'Ivoire), Téén",,"loi, lor",teen1241,"loma1258, teen1242"
Téén,,lor,,teen1242,
Tefaro,,tfo,,tefa1238,
Tegali,"Nuclear Tegali, Rashad Town-Hills",ras,,tega1236,"nucl1243, rash1248"
Tehit,"Fkar, Imyan, Mbol Fle, Saifi, Sawiat Salmeit, Sfa Riere, Tehit Jit",kps,,tehi1237,"fkar1237, imya1235, mbol1235, saif1237, sawi1235, sfar1238, tehi1239"
Tehuelche,"Tehuelche del Sur, Tehuelche del Norte",teh,,tehu1242,"tehu1245, tehu1246"
Teiwa,"Deing, Lebang, Madar",twe,,teiw1235,"dein1238, leba1239, mada1286"
Teiwa-Sar,"Sar (Indonesia), Teiwa",,twe,teiw1236,"sarr1247, teiw1235"
Tejalapan Zapotec,,ztt,,teja1235,
Teke-Fuumu,"Bisi-Bana, Fuumu",ifm,,teke1274,"bisi1245, fuum1238"
Latege,"Lateghe-Sud, Lateghe-Nord, Tege-Kali",teg,,teke1275,"kate1252, njin1242, tege1243"
Teke-Tyee,,tyx,,teke1276,
Teke-Laali,,lli,,teke1277,
Teke-Eboo-Nzikou,"Mosieno, Teke-Nzikou, Teke-Eboo",ebo,nzu,teke1278,"mosi1246, teke1279, teke1284"
Teke-Kukuya,,kkw,,teke1280,
Teke-Tsaayi,,tyi,,teke1281,
Tektiteko,,ttc,,tekt1235,
Tela-Masbuar,,tvm,,tela1241,
Telefol,"Feramin, Nuclear Telefol",tlf,,tele1256,"fera1239, nucl1611"
Telugu,"Berad, Dasaru, Dommara, East Godaweri, Golari, Guntur, Kamathi, Komtao, Manna-Dora, Nellore, Rayalseema, Salewari, Srikakula, Telangana, Vadari, Vadaga, Vishakhapatnam, Yanadi",tel,mju,telu1262,"bera1250, dasa1237, domm1245, east2338, gola1244, gunt1240, kama1355, komt1238, mann1245, nell1237, raya1237, sale1243, srik1237, tela1240, vada1239, vada1240, vish1244, yana1267"
Teluti,"Laha Serani, West Teluti",tlt,,telu1263,"laha1252, west2539"
Teluguic,"Chenchu, Mukha-Dora, Old Telugu, Telugu, Waddar",,"cde, mmk, tel, wbq",telu1265,"chen1255, mukh1238, oldt1249, telu1262, wadd1237"
Temascaltepec Nahuatl,,nhv,,tema1239,
Oued Righ,,tjo,,tema1243,
Tembo (Kitembo),"Rhinyihinyi, Tembo",tbt,,temb1270,"rhin1241, temb1271"
Motembo-Kunda,,tmv,,temb1272,
Tenetehara,"Guajajára, Guajajára of Mearim, Guajajára of Pindare, Guajajára of Zutiua, Tembe, Tembe of Gurupi, Tembe of Guama, Tembe of Capim",tqb,gub,temb1276,"guaj1255, mear1240, pind1244, zuti1239, temb1279, temb1277, temb1280, temb1281"
Tembey,,,,temb1278,
Tem-Chala,"Bago-Delo-Cala, Tem",,kdh,temc1234,"bago1247, temm1241"
Temeinic,"Temein, Tese",,"teq, keg",teme1251,"nucl1339, tese1238"
Teme,,tdo,,teme1252,
Temiar,"Grik, Kenderong, Kenering, Lanoh Kobak, Po-Klo, Sakai of Plus Korbu, Sungai Piah, Tanjong Rambutan, Tembe', Ulu Kinta",tea,,temi1246,"grik1245, kend1251, kene1242, lano1245, pokl1241, saka1282, sung1266, tanj1246, temb1269, uluk1255"
Temi,,soz,,temi1247,
Tem,,kdh,,temm1241,
Northern Mel,"Baga Manduri, Baga Sitemu, Baga Koga, Landoma, Timne",,"bmd, bsp, bgo, ldm, tem",temn1245,"baga1270, baga1272, baga1273, land1256, timn1235"
Temoq,,tmo,,temo1243,
Temotu,"Reefs-Santa Cruz, Utupua-Vanikoro",,,temo1244,"reef1242, utup1237"
Temoaya Otomi,,ott,,temo1245,
Temuan,"Belanda, Mantra",tmw,,temu1239,"bela1258, mant1268"
Tena Lowland Quichua,,quw,,tena1240,
Tenango Otomi,,otn,,tena1241,
Tenda,"Bassari-Bedik-Bapen, Wamey",,cou,tend1239,"bass1263, wame1240"
Tengou-Togo Dogon,"Gimri Kan, Tengu Kan, Tenu Kan, Togo Kan, Woru Kan",dtk,,tene1248,"guim1240, teng1266, tenu1234, togo1254, woru1234"
Tenggarong Kutai Malay,"Ancalong Kutai, Northern Kutai, Tenggarong Kutai",vkt,,teng1267,"anca1243, nort2827, teng1268"
Tengger,,tes,,teng1272,
Tenharim-Parintintin-Diahoi,"Diahói, Tenharim, Parintintín",pah,,tenh1241,"diah1239, nucl1663, pari1258"
Tenino,,tqn,,teni1238,
Tenis,,tns,,teni1244,
T'en,"Hedong, Hexi, Huishi (China)",tct,,tenn1245,"hedo1238, hexi1238, huis1238"
Tennet,,tex,,tenn1246,
Teojomulco Chatino,,,,teoj1234,
Teop,"Losiara, Melilup, Petspets, Taunita, Wainanana",tio,,teop1238,"losi1240, meli1237, pets1237, taun1250, wain1246"
Teor-Kur,"Kur, Teor",,"kuv, tev",teor1239,"kurr1245, teor1240"
Teor,"Gaur Kristen, Ut",tev,,teor1240,"gaur1240, uttt1237"
Teozacoalco Mixtec,"Huitepec Mixtec, Mitlatongo Mixtec, Sindihuic, Tamazola Mixtec, Yutanduchi Mixtec",,"mxs, vmm, vmx, mab",teoz1234,"huit1252, mitl1235, sind1284, tama1339, yuta1240"
Te Parau Tinito,,,,tepa1234,
Tepehua,"Huehuetla Tepehua, Pisaflores Tepehua, Tlachichilco Tepehua",,"tee, tpp, tpt",tepe1243,"hueh1236, pisa1237, tlac1235"
Tepecano,,tep,,tepe1278,
Tepetotutla Chinantec,,cnt,,tepe1279,
Tepeuxila Cuicatec,Santa María Pápalo,cux,,tepe1280,sant1437
Tepehuan,"Northern Tepehuan, Southern Tepehuan",,ntp,tepe1281,"nort2959, sout2975"
Tepexi-Zapotitlan,"Mezontla Popoloca, San Felipe Otlaltepec Popoloca, Santa Inés Ahuatempan Popoloca",,"pbe, pow, pca",tepe1282,"mezo1235, sanf1264, sant1454"
Tepiman,"Piman, Tepehuan",,,tepi1240,"pima1249, tepe1281"
Tepinapa Chinantec,,cte,,tepi1241,
Tepo Krumen,"Bapo, Dapo, Glawlo, Honpo, Plapo, Tepo, Wlopo, Yrepo",ted,,tepo1239,"bapo1238, dapo1239, glaw1238, honp1238, plap1238, tepo1240, wlop1238, yrep1238"
Tepo-Plapo,"Plapo Krumen, Tepo Krumen",,"ktj, ted",tepo1241,"plap1239, tepo1239"
Tep,,,,tepp1235,
Tequistlatecan,"Eastern Tequistlatecan, Highland Oaxaca Chontal",,chd,tequ1244,"east2878, high1242"
Tequistlateco Chontal,,,,tequ1245,
Tera,"Bura Kokura, Nyimatli, Pidlimndi",ttr,,tera1251,"bura1293, nyim1251, pidl1239"
Teressa,Bompoka,tef,,tere1272,bomp1241
Terebu,,trb,,tere1276,
Tereweng,,twg,,tere1277,
Terei,,buo,,tere1278,
Terena-Kinikinao-Chane,"Chané, Kinikinao, Terena",ter,"caj, gqn",tere1279,"chan1322, guan1270, tere1281"
Terena Sign Language,,,,tere1282,
Terik,,tec,,teri1244,
Teribe,,tfr,,teri1250,
Termanu,"Korbafo, Pa'da, Pa'da Kona, Keka, Talae",twu,,term1237,"korb1237, pada1259, pada1260, keka1234, tala1297"
Ternatean,"Ternate, Tidore",,"tft, tvo",tern1246,"tern1247, tido1248"
Ternate,,tft,,tern1247,
Ternateño,,tmg,,tern1248,
Ternate-Zamboanga-Cavite,"Chavacano, Ternateño",,"cbk, tmg",tern1253,"chav1241, tern1248"
Ter Saami,,sjt,,ters1235,
Terschelling Frisian,"Oosterend, West-Terschelling",,,ters1236,"oost1243, west2903"
Tesaka Malagasy,"Antaisaka, Zafisoro",tkg,,tesa1236,"anta1261, zafi1234"
Tese,"Keiga Jirru, Teisei",keg,,tese1238,"keig1243, teis1234"
Teshenawa,,twc,,tesh1239,
Teso-Lotuxo-Maa,"Lotuxo-Maa, Teso-Turkana",,,teso1247,"lotu1248, teso1248"
Teso-Turkana,"Teso, Turkanic",,teo,teso1248,"teso1249, turk1307"
Teso,"Lokathan, Orom",teo,,teso1249,"loka1256, orom1239"
Tetela,"Ewango, Lodiya, Lohata, Monja, Nkombe",tll,,tete1250,"ewan1234, lodi1234, loha1253, monj1234, nkom1239"
Tetelcingo Nahuatl,,nhg,,tete1251,
Tetete,,teb,,tete1252,
Tetelaic,"Hamba de Lomela, Kusu, Tetela",,"hba, ksv, tll",tete1254,"hamb1245, kusu1252, tete1250"
Tetserret,,tez,,tets1235,
Tetunic,"Tetum, Tetun Dili",,"tet, tdt",tetu1244,"tetu1245, tetu1246"
Tetum,"Eastern Tetun, Northern Tetun, Southern Tetun",tet,,tetu1245,"east2473, nort2869, sout2898"
Tetun Dili,,tdt,,tetu1246,
Te'un,,tve,,teun1241,
Teun-Nila-Serua,"Nila-Serua, Te'un",,tve,teun1242,"nila1243, teun1241"
Teushen,"Teushen del Sur, Teushen del Norte",,,teus1236,"teus1237, teus1238"
Teutila Cuicatec,,cut,,teut1235,
Rio Grande Tewa,"Nambe, Pojoaque, San Ildefonso, San Juan (USA), Santa Clara, Tesuque",tew,,tewa1260,"namb1296, pojo1241, sani1273, sanj1276, sant1421, tesu1245"
Tewa,"Arizona Tewa, Rio Grande Tewa",,tew,tewa1261,"ariz1237, tewa1260"
Tewe,,twx,,tewe1238,
Texcatepec Otomi,,otx,,texc1235,
Texistepec Popoluca,,poq,,texi1237,
Texistepec-Ayapa Zoque,"Tabasco Zoque, Texistepec Popoluca",,"zoq, poq",texi1238,"taba1264, texi1237"
Texmelucan Zapotec,,zpz,,texm1235,
Tezoatlán Mixtec,"Tezoatlán, Yucu Ñuti",mxb,,tezo1238,"tezo1239, yucu1251"
Tezoatlanic,"Cacaloxtepec Mixtec, Tezoatlán Mixtec",,"miu, mxb",tezo1241,"caca1250, tezo1238"
Core Celtic,"Continental Transalpine Celtic, Insular Celtic",,,tgbc1234,"cont1249, insu1254"
Tha,,thy,,thaa1239,
Thachanadan,,thn,,thac1235,
Thado Chin,"Baite, Changsen, Hawkip, Jangshen, Kaokeep, Khongzai, Kipgen, Langiung, Sairang, Shithlou, Singson, Thangngen",tcz,,thad1238,"bait1247, chan1312, hawk1238, jang1255, kaok1238, khon1237, kipg1238, lang1313, sair1238, shit1241, sing1263, than1256"
Thadoic,"Paite Chin, Ralte, Tedim Chin, Thado Chin",,"pck, ral, ctd, tcz",thad1239,"pait1244, ralt1242, tedi1235, thad1238"
Thai Sign Language,,tsq,,thai1240,
Thai Song,,soa,,thai1259,
Thai,Khorat Thai,tha,,thai1261,khor1272
Thaipum Chin,,cth,,thai1262,
Thakali-Chantyal,"Chantyal, Thakali",,"chx, ths",thak1244,"chan1310, thak1245"
Thakali,"Marpha, Syang, Tukche",ths,,thak1245,"marp1238, syan1241, tukc1238"
Thalanyji-Burduna,"Burduna, Dhalandji",,"bxn, dhl",thal1243,"burd1238, dhal1245"
Thangal Naga,,nki,,than1255,
Thangmi-Baram,"Baraamu, Thangmi",,"brd, thf",than1258,"bara1357, than1259"
Thangmi,"Eastern Thami, Sindhupalcok, Western Thami",thf,,than1259,"east2355, sind1274, west2421"
Thao,"Brawbaw, Sao (Formosan), Shtafari",ssf,,thao1240,"braw1237, saof1235, shta1237"
Tharaka,"Gatue, Ntugi, Nuclear Tharaka, Thagichu",thk,,thar1283,"gatu1238, ntug1238, nucl1388, thag1240"
Tharuic,"Eastern Tharu, Rana Tharu, Unclassified Tharu",,thr,thar1284,"east2316, rana1246, unun9886"
Thawa,"Bularnu, Warluwara",,wrb,thaw1238,"bula1255, warl1256"
Thaypan,,typ,,thay1248,
Thayore,,thd,,thay1249,
Thaypanic,"Aghu Tharnggalu, Thaypan",,"ggr, typ",thay1250,"aghu1254, thay1248"
Thebor,"Jangshung, Shumcho",,"jna, scu",theb1237,"jang1254, shum1243"
Theen,,,,thee1239,
The,,thx,,thee1240,
Then-MMS,"Maonan-Mak-Sui, T'en",,tct,then1235,"maon1239, tenn1245"
Thiin,,iin,,thii1234,
Thompson,"Lytton-Canyon, Nicola Valley",thp,,thom1243,"lytt1234, nico1264"
Thompsonic,"Shuswap, Thompson",,"shs, thp",thom1244,"shus1248, thom1243"
Tho,"Cuoi Cham, Mon (Vietnam)",tou,,thoo1240,"cuoi1243, monn1251"
Thopho-Core Muji,"Core Muji, Thopho",,ytp,thop1235,"core1246, thop1236"
Thopho,,ytp,,thop1236,
Thracian,,txh,,thra1250,
Three Rivers,"Amalumute, Wemale",,weo,thre1238,"amal1243, nort2864"
Thudam,,thw,,thud1238,
Thulung,"Central Thulung, Eastern Thulung, Lannachyo, Northern Thulung, Southern Thulung",tdh,,thul1246,"cent2007, east2360, lann1238, nort2731, sout2738"
Thu Lao,,tyl,,thul1247,
Thura-Yura,"Core Thura Yura, Wirangu",,wgu,thur1253,"core1260, wira1265"
Thurawal,Wadiwadi,tbh,,thur1254,wadi1249
Thuri,"Bodho, Colo, Manangeer",thu,,thur1255,"bodh1239, colo1255, mana1292"
Tiagbamrin Aizi,,ahi,,tiag1235,
Tiale,,mnl,,tial1239,
Central Santo,"Merei, Navut, Tiale",,"lmb, nsw, mnl",tial1241,"mere1242, navu1237, tial1239"
Tiang,,tbj,,tian1237,
Tiba-Dong,"Dong, Gaa",,"doh, ttb",tiba1234,"dong1293, gaaa1245"
Tibetan,"Ü, Drigung, Kongpo, Lhokha, Lhasa Tibetan, Tsang, Dingri, Kyirong, Shigatse, Western Drokpas, Tö Ngari, Gar Tibetan, Gergye, Purang, Ruthok, Tshochen, Phänpo",bod,,tibe1272,"dbus1238, drig1234, kong1283, lhok1239, utsa1239, gtsa1238, ding1243, kyir1236, shig1238, west2905, mnga1238, gart1234, gerg1239, pura1259, ruth1234, tsho1241, phan1257"
Tibea,,ngy,,tibe1274,
West Himalayish,"Eastern West Himalayish, Western West Himalayish",,,tibe1275,"east2777, west2868"
Middle Old Tibetan,"Late Old Tibetan, North-Eastern Tibetic",,,tibe1276,"late1253, nort3398"
Tibetan Sign Language,,lsn,,tibe1277,
Ti-Bozo,"Tiemacèwè Bozo, Tiéyaxo Bozo",,"boo, boz",tibo1240,"tiem1235, tiey1235"
Nuclear Tibor,"Kowaki, Mawak, Hember Avu, Pamosu",,"xow, mjj, mmi, hih",tibo1243,"kowa1245, mawa1266, musa1265, pamo1253"
Tibor,"Nuclear Tibor, Mokati",,wnb,tibo1244,"tibo1243, wana1269"
Tichurong,,tcn,,tich1238,
Ticuna-Yuri,"Juri, Ticuna",,tca,ticu1244,"juri1235, ticu1245"
Ticuna,,tca,,ticu1245,
Tidaá Mixtec,,mtx,,tida1235,
Tidikelt-Tuat Tamazight,"Tidikelt, Tit",tia,,tidi1241,"tidi1242, titt1238"
Tidore,,tvo,,tido1248,
Tidung-Bulusu,"Burusu, Tidung",,"bqr, tid",tidu1238,"buru1304, tidu1239"
Tidung,"Northern Tidung, Southern Tidung",tid,"ntd, itd",tidu1239,"nort3262, sout3241"
Tiefo-Daramandugu,,tiq,,tief1242,
Tiefoic,"Tiefo-Daramandugu, Tiefo-Nyafogo-Numudara",,tiq,tief1243,"tief1242, tief1244"
Tiefo-Nyafogo-Numudara,"Nyarafo, Noumoudara-Koumoudara",,,tief1244,"dram1239, noum1238"
Tiemacèwè Bozo,,boo,,tiem1235,
Tiene,"Mfuome, Ngee-Ntaana, Nkete",tii,,tien1242,"mfuo1234, ngee1240, nket1234"
Tiéyaxo Bozo,,boz,,tiey1235,
Tifal,"Asbalmin, Nuclear Tifal",tif,,tifa1245,"asba1238, nucl1612"
Tifal-Telefol,"Telefol, Tifalic",,tlf,tifa1246,"tele1256, tifa1247"
Tifalic,"Faiwol-Seltaman, Tifal, Urapmin",,"tif, urm",tifa1247,"faiw1245, tifa1245, urap1239"
Tigak,"Central Tigak, Island Tigak, South Tigak, West Tigak",tgc,,tiga1245,"cent2064, isla1272, sout2871, west2525"
Tigon Mbembe,"Ashuku, Eneeme, Kporo, Nama (Tigon Mbembe), Nzare",nza,,tigo1236,"ashu1243, enee1238, kpor1238, nama1263, nzar1241"
Tigre,"Central Tigre, Bet-Guk, Mansa', North-Western Tigre, 3Ad-Tekles, 'Algaden, Beni-3Amer Tigre, Habab Tigre, Marya Qayah, Marya Sallam, South-Eastern Tigre, Genda3, Mashalit, Massawa, Zula Tigre",tig,,tigr1270,"cent2338, betg1234, mans1267, nort3292, 3adt1234, alga1234, beni1253, haba1239, mary1234, mary1235, sout3273, gend1251, mash1273, mass1268, zula1234"
Tigrinya,"Northern Tigrinya, Southern Tigrinya",tir,,tigr1271,"nort3336, sout3326"
Tigre-Dahalik,"Dahalik, Tigre",,"dlk, tig",tigr1277,"daha1247, tigr1270"
Tii,,txq,,tiii1241,
Tijaltepec Mixtec,,xtl,,tija1235,
Tijuana Sign Language,,,,tiju1234,
Tikar,"Bandobo, Gambai, Kong (Cameroon), Mankim, Nditam, Tige, Twumwu",tik,,tika1246,"band1349, gamb1253, kong1289, mank1252, ndit1238, tige1238, twum1238"
Tikhakic,"Kato Naga, Kengjung, Nuclear Tikhakic, Longchang, Nokja, Tikhak, Yongkuk",,,tikh1243,"kato1246, keng1241, nucl1787, lung1248, nokj1234, tikh1244, yong1272"
Tikopia,,tkp,,tiko1237,
Tilapa Otomi,"Ocoyoacac Otomi, San Pedro Atlapulco Otomi, Santiago Tilapa Otomi",otl,,tila1239,"ocoy1234, sanp1264, sant1466"
Tillamook,"Nehelem, Nuclear Tillamook, Siletz",til,,till1254,"nehe1234, nucl1798, sile1256"
Tilquiapan Zapotec,,zts,,tilq1235,
Tilquiapanic,"Santa Inés Yatzechi Zapotec, Tilquiapan Zapotec",,"zpn, zts",tilq1236,"sant1447, tilq1235"
Tilung,"Choskule, Dorunkecha",tij,,tilu1238,"chos1238, doru1238"
Tima,,tms,,tima1241,
Timbe,"Central Timbe, North Timbe, South Timbe",tim,,timb1251,"cent2113, nort2914, sout2938"
Eastern Timbira,"Northeastern Timbira, Southeastern Timbira",,xre,timb1253,"krey1238, sout3244"
Kabwum,"Selepet-Komba, Timbe",,tim,timb1264,"sele1251, timb1251"
Timne,"Banta, Bombali, Kholifa, Konike, Koya (Sierra Leone), Malal, Masingbi, Ribia, Sanda (Loko), Western Temne, Yoni",tem,,timn1235,"bant1282, bomb1258, khol1238, koni1257, koya1252, mala1470, masi1263, ribi1242, sand1271, west2452, yoni1238"
Timote-Cuica,"Cuica, Timote, Miguri, Mirripu, Mucunchi",,,timo1237,"cuic1235, timo1263, migu1234, mirr1241, mucu1234"
Timor Pidgin,"Macaísta, Português de Bidau",tvy,,timo1258,"maca1263, port1291"
Timor-Alor-Pantar,"Alor-Pantar, Bunak, East Timor",,bfn,timo1261,"alor1249, buna1278, east2520"
Timor-Babar,"Lakalei-Idate, Eastern Timor, Helong, Rote-Meto, Southwest Maluku, Wetar-Atauro",,heg,timo1265,"east2733, east2894, helo1243, rote1234, sout3382, weta1246"
Timucua,"Tawasa, Timuqva",tjm,,timu1245,"tawa1290, timu1265"
Timugon Murut,"Beaufort Murut, Bukau, Dabugus, Kapagalan, Lower Murut, Murut Padas, Poros, Sandiwar, Timugon",tih,,timu1262,"beau1239, buka1260, dabu1242, kapa1254, lowe1413, muru1272, poro1254, sand1275, timu1263"
Tinani,,lbf,,tina1246,
Tinà Sambal,"Iba, Masinloc, Santa Cruz (Tina Sambal)",xsb,,tina1248,"ibaa1241, masi1267, sant1416"
Tina-Bolinao,"Bolinao, Tinà Sambal",,"smk, xsb",tina1255,"boli1256, tina1248"
Tindi,"Angidin, Tindin-Èchedin",tin,,tind1238,"angi1241, tind1245"
Tingui-Boto,,tgv,,ting1238,
Tingal,,tie,,ting1253,
Tinigua,"Pamigua, Tinigua Proper",tit,,tini1245,"pami1248, tini1247"
Tinic,"Mlabri, Tin",,mra,tini1248,"mlab1235, tinn1239"
Tin,"Mal, Prai",,"mlf, prt",tinn1239,"mall1246, phai1238"
Tinoric,"Ashe, Begbere-Ejar",,"ahs, bqv",tino1236,"ashe1269, begb1241"
Tinputz,"Vado, Vado-Vaene', Vaene', Vapopeo', Vapopeo'-Rausaura, Vasui, Vavoehpoa'",tpz,,tinp1237,"vado1244, vado1245, vaen1237, vapo1239, vapo1240, vasu1237, vavo1237"
Tinputzic,"Hahon, Teop, Tinputz",,"hah, tio, tpz",tinp1238,"haho1237, teop1238, tinp1237"
Tipperic,"Kok Borok, Riang (India), Tippera, Usui",,"trp, ria, tpe, usi",tipp1238,"kokb1239, rian1262, tipp1239, usui1238"
Tippera,,tpe,,tipp1239,
Tirahi,,tra,,tira1253,
Tira,"Kinderma, Tira El Akhdar, Tira Mandi, Tira Lumum",tic,,tira1254,"kind1236, tira1255, tira1256, tira1257"
Tiranige Diga Dogon,,tde,,tira1258,
Tiri-Mea,"Mea, Tiri",cir,meg,tiri1258,"meaa1237, tiri1261"
Tirio,"Abom, Nuclear Tirio",,aob,tiri1259,"abom1238, nucl1713"
Tiriyoan,"Akurio, Pauxi, Trió",,"ako, tri",tiri1260,"akur1238, paux1235, trio1238"
Tiruray,,tiy,,tiru1241,
Tita,,tdq,,tita1240,
Titan,,ttv,,tita1241,
Tiverighotto,,,,tive1236,
Tiv-Evand,"Evant, Tiv-Iyive-Otanga",,bzz,tive1237,"evan1238, tivi1234"
Tiv-Iyive-Otanga,"Iyive, Otank, Tiv",,"uiv, uta, tiv",tivi1234,"iyiv1238, otan1238, tivv1240"
Tivoid,"Central Tivoid, Esimbi, Mesaka, North Tivoid",,"ags, iyo",tivo1239,"cent2261, esim1238, mesa1245, nort3192"
Tiv,"Icongo, Masev-Hyarev, Nongov, Tulan, Ugondo, Ipusu, Kparev, Kyurav, Shitile, Tongov, Ukum",tiv,,tivv1240,"icon1234, mase1251, nong1248, tula1255, ugon1240, ipus1234, kpar1234, kyur1234, shit1243, tong1331, ukum1234"
Tiwa (India),,lax,,tiwa1253,
Tiwa-Piro,"Piro, Tiwa",,pie,tiwa1254,"piro1248, tiwa1255"
Tiwa,"Southern Tiwa, Taos-Picuris",,tix,tiwa1255,"sout2961, taos1246"
Tiwa-Boro,"Bodo-Mech-Kachari, Tiwa (India)",,lax,tiwa1256,"bodo1280, tiwa1253"
Tiwi,,tiw,,tiwi1244,
Tjarra,"Ngaanyatjarra, Pitjantjatjara, Yankunytjatjara",,"ntj, pjt, kdd",tjar1234,"ngaa1240, pitj1243, yank1247"
Tjurruru,,tju,,tjur1240,
Tlachichilco Tepehua,,tpt,,tlac1235,
Tlacoapa Me'phaa,,tpl,,tlac1237,
Tlacoatzintepec-Chiltepec,"Chiltepec Chinantec, Tlacoatzintepec Chinantec",,"csa, ctl",tlac1238,"chil1282, tlac1239"
Tlacoatzintepec Chinantec,,ctl,,tlac1239,
Tlacolulita Zapotec,,zpk,,tlac1240,
Tlahuitoltepec Mixe,,mxp,,tlah1239,
Tlalitzlipa Nahuatl,,nhj,,tlal1234,
Tlamacazapa Nahuatl,,nuz,,tlam1239,
Tlapanec-Manguean,"Manguean, Subtiaba-Tlapanec",,,tlap1252,"mang1426, subt1249"
Tlaxcala-Southeastern Puebla Nahuatl,"Tlaxcala-Puebla-Central Nahuatl, Southeast Puebla-Northern Oaxaca Nahuatl, Zacatlán-Ahuacatlán-Tepetzintla Nahuatl",,"nhn, nhi",tlax1234,"cent2132, sout3390, zaca1241"
Tlaxiacic,"Magdalena Peñasco Mixtec, Tacahua-Yolotepec Mixtec, Yucuane-Teita",,"xtm, xtt",tlax1236,"magd1235, taca1257, yucu1256"
Tlazoyaltepec Mixtec,,mqh,,tlaz1235,
Tlazoyal-Penoles,"Peñoles Mixtec, Tlazoyaltepec Mixtec",,"mil, mqh",tlaz1238,"peno1244, tlaz1235"
Tlingit,"Northern Tlingit, Central Northern Tlingit, Gulf Coast Northern Tlingit, Inland Northern Tlingit, Transitional Northern Tlingit, Southern Tlingit, Tongass",tli,,tlin1245,"nort3355, cent2372, gulf1243, inla1272, tran1298, sout3338, tong1333"
To'abaita,,mlu,,toab1237,
Toala',,tlz,,toal1234,
Toaripi,"Kaipi, Nuclear Toaripi, Sepoe",tqo,,toar1246,"kaip1241, nucl1581, sepo1239"
Batakic,"Northern Batak, Southern Batak",,,toba1265,"nort2831, sout3166"
Tobati,,tti,,toba1266,
Toba-Enenlhet,,tmf,,toba1268,
Toba,"Northern Toba, Southeast Toba",tob,,toba1269,"nort2983, sout2995"
Tobanga,"Gabri-North, Moonde, Nuclear Tobanga",tng,,toba1280,"gabr1254, moon1238, nucl1677"
Tobagonian Creole English,,tgh,,toba1282,
Tobelo-Tugutil,"Tobelo, Tugutil",,"tlb, tuj",tobe1251,"tobe1252, tugu1246"
Tobelo,"Boëng, Dodinga, Nuclear Tobelo",tlb,,tobe1252,"boan1244, dodi1239, nucl1628"
Tobian,,tox,,tobi1238,
Tobilung,,tgb,,tobi1239,
Tobi-based pidgin,Horace Holden's Pidgin Tobi,,,tobi1240,hora1238
Tocantins Asurini,,asu,,toca1235,
Tocho,,taz,,toch1257,
Toda,,tcx,,toda1252,
Todrah,,tdr,,todr1244,
Tofanma,,tlg,,tofa1246,
Tofin Gbe,"Ajra, Asento, Seto (Gbe), Toli",tfi,,tofi1235,"ajra1238, asen1243, seto1242, toli1243"
Togbo-Vara Banda,"Togbo, Vara",tor,,togb1241,"togb1242, vara1239"
Togoyo,,tgy,,togo1252,
Tohono O'odham,"Akimel O'odham, Tohono O'odam",ood,,toho1245,"akim1239, toho1246"
Tojolabal,,toj,,tojo1241,
Tokano,"Lower Asaro, Zuhuzuho",zuh,,toka1244,"lowe1420, zuhu1238"
Tokelau,,tkl,,toke1240,
Tokharian,"Tokharian A, Tokharian B",,"xto, txb",tokh1241,"tokh1242, tokh1243"
Tokharian A,,xto,,tokh1242,
Tokharian B,,txb,,tokh1243,
Toki Pona,,tok,,toki1239,
Tokombere,"Mada (Cameroon), Moloko, Muyang, Wuzlam",,"mxu, mlw, muy, udl",toko1243,"mada1293, molo1266, muya1243, wuzl1236"
Tok Pisin,,tpi,,tokp1240,
Toku-No-Shima,Kametsu,tkn,,toku1246,kame1253
Tolai-Nakanai-Trade,,,,tola1236,
Tolaki,"Asera, Konawe, Konio, Laiwui, Mekongga, Norio, Tamboki, Wiwirano",lbw,,tola1247,"aser1237, kona1243, koni1261, laiw1239, meko1237, nori1241, tamb1256, wiwi1237"
Tolitoli,"Boano (Sulawesi), Totoli",,"bzl, txe",toli1244,"boan1243, toto1304"
Tol,,jic,,toll1241,
Tolomako,,tlm,,tolo1255,
Tolowa-Chetco,,tol,,tolo1259,
Toma,"Central Guinean Loma, Fasalo, Woibalaga, Lulama, Southern Guinean Loma, Guinean Gizima, Koimei, Vekema, Woima, Yala (Loma), Ziyema",tod,,toma1245,"cent2376, fasa1234, woib1234, lula1234, sout3340, guin1261, koim1234, veke1234, woim1234, yala1268, ziye1234"
Tomadino,,tdi,,toma1248,
Tombulu,"Taratara, Tomohon",tom,,tomb1243,"tara1316, tomo1245"
Tombonuo,Lingkabau Sugut,txa,,tomb1244,ling1266
Tombelala,,ttp,,tomb1245,
Tombidi,,,,tomb1246,
Tomedes,,toe,,tome1239,
Tominic,"Northern Tomini, Southern Tomini",,,tomi1242,"nort2897, sout2925"
Tomini,,txm,,tomi1243,
Tommo So Dogon,,dto,,tomm1242,
Tomo Kan Dogon,,dtm,,tomo1243,
Tomoip,,tqp,,tomo1244,
Tomyang,,tmx,,tomy1239,
Tondi Songway Kiini,,tst,,tond1249,
Tonda,"Arammba, Mblafe-Ránmo, Warta Thuntai, Rema, Eastern Tonda",,"stk, bfh, gnt, bow",tond1250,"aram1253, blaf1238, gunt1241, rema1238, wara1293"
Tondano,"Kakas, Nuclear Tondano, Remboken",tdn,,tond1251,"kaka1268, nucl1550, remb1251"
Maniq,Satun,tnz,,tong1308,satu1239
Tonga (Zambia),"Chitonga, Mala, We",toi,,tong1318,"chit1281, mala1473, weee1241"
Tongwe,,tny,,tong1320,
Tonga (Nyasa),,tog,,tong1321,
Tongic,"Niuean, Tonga (Tonga Islands)",,"niu, ton",tong1324,"niue1239, tong1325"
Tonga (Tonga Islands),,ton,,tong1325,
Tongva,,xgf,,tong1329,
Tonjon,,tjn,,tonj1246,
Tonkawa,,tqw,,tonk1249,
Tonsawang,,tnw,,tons1239,
Tonsea,"Airmadidi, Kalabat Atas, Kauditan, Likupang, Maumbi",txs,,tons1240,"airm1241, kala1390, kaud1237, liku1244, maum1238"
Tontemboan,"Langoan, Sonder, Tompaso",tnt,,tont1239,"lang1325, sond1251, tomp1242"
To,,toz,,tooo1238,
Tooro,Tuku,ttj,,toor1238,tuku1253
Toposa,"Eastern Toposa, Jiye, Western Toposa",toq,,topo1242,"east2419, jiye1239, west2491"
Topoiyo,,toy,,topo1243,
Torau,,ttu,,tora1259,
Torajic,"Kalumpang, Mamasa, Tae', Talondo', Toraja-Sa'dan",,"kli, mqj, rob, tln, sda",tora1260,"kalu1247, mama1276, taee1237, talo1251, tora1261"
Toraja-Sa'dan,"Makale (Indonesia), Rantepao, Toraja Barat",sda,,tora1261,"maka1312, rant1238, tora1262"
Torá,,trz,,tora1263,
Toram,,trj,,tora1267,
Tor,"Berik, Coastal Tor, Itik, Kwesten, Mander, Maremgi",,"bkl, itx, kwt, mqr, mrx",tora1268,"beri1254, coas1312, itik1240, kwes1245, mand1443, mare1261"
Meänkieli,"Gällivare Finnish, Torne Valley Finnish, Vittangi Finnish",fit,,torn1244,"gall1277, torn1245, vitt1238"
Toro,,tdv,,toro1249,
Torona,,tqr,,toro1251,
Toro So Dogon,"Ibi So, Ireli, Sangha So, Yorno So, Youga So",dts,,toro1252,"ibis1234, irel1234, sang1342, yorn1234, youg1234"
Toro Tegu Dogon,,dtt,,toro1253,
Toromono,,tno,,toro1255,
Tor-Orya,"Orya, Tor",,ury,toro1256,"orya1242, tora1268"
Tor-Orya (Unattested),Wares,,wai,toro1259,ware1254
Aro,"East Torricelli, West Torricelli",tei,,torr1259,"east2498, west2579"
Torres Strait-Lockhart River Creole,"Lockhart River Creole, Torres Strait Creole",tcs,,torr1261,"lock1234, torr1263"
Torres-Banks linkage,"Hiw-Lo-Toga, Koto-Olrat-Lakon, Lehali, Lehalurup, Lemerig-Veraa, Merlav, Mota, Mwotlap, Nume, Vurës, Dorig",,"tql, urr, mrm, mtt, mlv, tgs, msn, wwo",torr1262,"hiwl1234, koto1266, leha1243, leha1244, leme1240, merl1237, mota1237, motl1237, nume1241, vure1239, weta1242"
Torwali,"Bahrain, Chail",trw,,torw1241,"bahr1242, chai1251"
Northern Tosk Albanian,"Cham Tosk, Eastern Northern Tosk, Lab Tosk, Western Northern Tosk",als,,tosk1239,"came1248, korc1239, labt1234, west2895"
Tosu,"Modern Duoxu, XFYY Duoxu",,,tosu1234,"duox1238, xfyy1234"
Totela,,ttl,,tote1238,
Totonacan,"Tepehua, Totonac",,,toto1251,"tepe1243, toto1252"
Totonac,"Central Totonacan, Yecuatla Totonac",,tlc,toto1252,"cent1397, yecu1235"
Toto,,txo,,toto1302,
Totoli,,txe,,toto1304,
Totontepec Mixe,,mto,,toto1305,
Totoro,,ttk,,toto1306,
Totomachapan Zapotec,,zph,,toto1308,
Touo,,tqu,,touo1238,
Toura (Côte d'Ivoire),"Boo, Guse, Gwéò, Naò, Wáádú, Yiligele",neb,,tour1242,"booo1257, guse1238, gweo1238, naoo1238, waad1238, yili1249"
Toura (Papua New Guinea),,don,,tour1243,
Toura-Goo,"Goo, Toura (Côte d'Ivoire)",,"gov, neb",tour1245,"gooa1234, tour1242"
Towei,,ttn,,towe1240,
Transalpine Gaulish,,xtg,,tran1282,
Transversal Lowland East Cushitic,"Dullay, Yaaku",,muu,tran1283,"dull1239, yaak1241"
Trans-Zab,"Hulaulá, Lishán Didán, Western Trans-Zab",,"huy, trg",tran1290,"hula1244, lish1246, sout3213"
Trans Vitiaz,"Huon Tip, Kovai",,kqb,tran1296,"huon1247, kova1243"
Transyautepecan,"Northeast Tehuantepec, Northeast Yautepec",,,tran1297,"nort3369, nort3370"
Traveller Scottish,,trl,,trav1235,
Traveller Norwegian,,rmg,,trav1236,
Traveller Danish,,rmd,,trav1237,
Tregami,,trm,,treg1243,
Tremembé,,tme,,trem1235,
Trieng,,stg,,trie1243,
Triengic,"Talieng, Trieng",,"tdf, stg",trie1245,"tali1257, trie1243"
Trimuris,,tip,,trim1239,
Tringgus-Sembaan Bidayuh,"Mbaan, Tringgus",trx,,trin1271,"mbaa1246, trin1272"
Tring,,tgq,,trin1273,
Trinitario-Javeriano-Loretano,"Javeriano, Loreto, Trinitario",trn,,trin1274,"javi1240, lore1245, trin1278"
Trinidadian Creole English,,trf,,trin1276,
Modern Trinidad and Tobago Sign Language,,lst,,trin1277,
Trió,Pianocotó,tri,,trio1238,pian1242
Trio-based pidgin,Ndyuka-Trio Pidgin,,njt,trio1239,ndyu1241
Trique,"Chicahuaxtla Triqui, Copala Triqui, San Martín Itunyoso Triqui",,"trs, trc, trq",triq1251,"chic1273, copa1237, sanm1298"
Truká,,tka,,truk1242,
Trukic,"Nuclear Trukic, Western Trukic",,,truk1243,"nucl1749, west2855"
Trumai,,tpy,,trum1247,
Tsaangi,,tsa,,tsaa1242,
Tsakonian,"Northern Tsakonian, Propontis Tsakonian, Southern Tsakonian",tsd,,tsak1248,"nort2602, prop1240, sout2607"
Tsakhur,"Kirmico-Lek, Mikik, Misles",tkr,,tsak1249,"kirm1249, miki1243, misl1238"
Tsaukambo,,kvz,,tsak1250,
Tsakwambo-Komyandaret,"Komyandaret, Tsaukambo",,"kzv, kvz",tsak1251,"komy1238, tsak1250"
Tsamosan,"Coastal Tsamosan, Inland Tsamosan",,,tsam1241,"coas1311, inla1265"
Tsamai,,tsb,,tsam1247,
Tsat,,huq,,tsat1238,
Tsetsaut,,txc,,tset1236,
Tsezic,"East Tsezic, West Tsezic",,,tsez1239,"east2368, west2429"
Tshangla,"Bjokapakha, Dirang Tshangla, Dungsam, Mongar-Trashigang, Yabrang",tsj,,tsha1245,"bjok1234, dira1243, dung1256, mong1350, yabr1234"
Tshanglic,"Kalaktang Monpa, Tshangla",,"kkf, tsj",tsha1247,"kala1376, tsha1245"
Tshobdun,,,,tsho1240,
Tshwa Khoe,"Southern Tshwa, Northern Tshwa",,"tyu, hio",tshw1239,"kuaa1238, tsoa1238"
Tsikimba,"Agaunshe, Ashen",kdl,,tsik1238,"agau1239, ashe1270"
Tsimihety Malagasy,,xmw,,tsim1257,
Tsimshian,"Nishga-Gitxsan, Southern-Coastal Tsimshian",,tsi,tsim1258,"nish1242, nucl1649"
Tsimihety-Betsimisaraka,"Northern Betsimisaraka Malagasy, Tsimihety Malagasy",,"bmm, xmw",tsim1259,"nort2890, tsim1257"
Salka-Tsishingini,Ibeto,tsw,,tsis1238,ibet1238
Tsitsekeic,"Lekaningic, Tchitchege",,tck,tsit1235,"leka1234, tchi1245"
Ts'ixa,,,,tsix1234,
Northern Tshwa,"Gǁabak’e, Tcire-Tcire, Tjwao",hio,,tsoa1238,"gaba1234, tcir1234, tjwa1234"
Okani (B.30),"Northern Okani, Southern Okani",,,tsog1242,"nort3213, sout3191"
Tsogo,,tsv,,tsog1243,
Tsonga,"Bila (Tsonga), Changana, Gwamba, Hlave, Jonga, Kande (Tsonga), Luleke, Nhlanganu, Nkuma, N'walungu, Xonga",tso,,tson1249,"bila1254, chan1318, gwam1246, hlav1238, jong1238, kand1297, lule1255, nhla1238, nkum1249, nwal1238, xong1238"
Tsonga-Copi,"Chopi (S.60), Tswa-Ronga (S.50)",,,tson1250,"chop1242, tswa1254"
Tsongan,"Ronga, Tsonga",,"rng, tso",tson1251,"rong1268, tson1249"
Tso,"Berbou, Gusubou, Swabou",ldp,,tsoo1241,"berb1238, gusu1241, swab1243"
Tsotso,,lto,,tsot1241,
Tsotsitaal,,fly,,tsot1242,
Tsou,"Duhtu, Iimutsu, Luhtu, Tapangu, Tfuea",tsu,,tsou1248,"duht1237, iimu1237, luht1237, tapa1257, tfue1237"
Tsouic,"Kanakanavu-Saaroa, Tsou",,tsu,tsou1250,"kana1292, tsou1248"
Tsugaru,,,,tsug1237,
Tsum,,ttz,,tsum1240,
Ts'ün-Lao,,tsl,,tsun1242,
Tsuvadi,,tvd,,tsuv1239,
Tsuvan,,tsh,,tsuv1243,
Tswapong,,two,,tswa1237,
Tswana,"Hurutshe, Kgatla, Kwena, Lete, Melete, Ngwaketse, Ngwatu, Rolong, Tawana, Thlaro, Tlahaping, Tlhaping, Tlharo",tsn,,tswa1253,"huru1238, kgat1238, kwen1245, lete1240, mele1248, ngwa1245, ngwa1246, rolo1241, tawa1269, thla1238, tlah1238, tlha1241, tlha1242"
Tswa-Ronga (S.50),"Tsongan, Tswa",,tsc,tswa1254,"tson1251, tswa1255"
Tswa,"Hlengwe, Mandla, Ndxhonge, Nhayi, Tshwa",tsc,,tswa1255,"hlen1238, mand1422, ndxh1238, nhay1238, tshw1238"
TT-Group,"Peripheral Western Gurage, Mesqan, Sebat Bet Gurage",,"mvz, sgw",ttgr1237,"inor1239, mesq1240, seba1251"
Tualatin-Yamhill,,nrt,,tual1242,
Tuamotuan,"Fangatau, Marangai, Napuka, Parata, Reao, Tapuhoe, Vahitu",pmt,,tuam1242,"fang1249, mara1400, napu1240, para1305, reao1237, tapu1238, vahi1237"
Tuam,"Gitua, Mutu",,"ggt, tuc",tuam1243,"gitu1237, mutu1242"
Tuareg,"Southern Tuareg, Tahaggart Tamahaq",tmh,thv,tuar1240,"sout3263, taha1241"
Tübatulabal,,tub,,tuba1278,
Tubar,,tbu,,tuba1279,
Tucano,"Wasona, Yohoraa",tuo,,tuca1252,"waso1238, yoho1239"
Tucanoan,"Eastern Tucanoan, Western Tucanoan",,,tuca1253,"east2698, west2784"
Tugen,,tuy,,tuge1241,
Tugun,"Arwala, Ilpokil, Kahailin Ilway, Mahuan, Masapua, Tomliapat",tzn,,tugu1245,"arwa1237, ilpo1237, kaha1239, mahu1237, masa1306, toml1237"
Tugutil,"Kusuri, Teluk Lili",tuj,,tugu1246,"kusu1253, telu1264"
Tujia,"Northern Tujia, Southern Tujia",,"tji, tjs",tuji1244,"nort2732, sout2739"
Tukangbesi-Bonerate,"Bonerate, Tukang Besi",,bna,tuka1246,"bone1254, tuka1247"
Tukang Besi,"Tukang Besi North, Tukang Besi South",,"khc, bhq",tuka1247,"tuka1248, tuka1249"
Tukang Besi North,"Kaledupa, Wanci",khc,,tuka1248,"kale1248, wanc1239"
Tukang Besi South,"Binongko, Tomea",bhq,,tuka1249,"bino1238, tome1238"
Tukang Besi-based pidgin,Pidgin Tukang Besi,,,tuka1250,pidg1257
Tuki,"Cangu-Kombe-Ngoro, Tucangu, Tukombe, Tangoro, Mbele-Cenga-Bonjo, Tumbele, Tocenga, Tonjo, Tutsingo",bag,,tuki1240,"cang1247, bund1254, komb1269, ngor1242, mbel1241, mber1258, toce1238, tonj1244, tsin1239"
Tukumanféd,,tkf,,tuku1240,
Tukudede,"Keha, Nuclear Tukudede",tkd,,tuku1254,"keha1237, nucl1539"
Tula-Waja,"Tulaic, Waja",,wja,tula1250,"tula1251, waja1259"
Tulaic,"Dijim-Bwilim, Tso, Tula-Ma-Yebu",,"cfa, ldp",tula1251,"diji1241, tsoo1241, tula1257"
Tula,"Baule, Kutule, Yili",tul,,tula1252,"baul1240, kutu1261, yili1248"
Tula-Longuda,"Longuda, Tula-Waja",,lnu,tula1256,"long1389, tula1250"
Tula-Ma-Yebu,"Awak-Kamo, Nuclear Tulaic",,,tula1257,"awak1249, nucl1371"
Tulehu,"Liang, Nuclear Tulehu, Tengah-Tengah, Tial",tlu,,tule1244,"lian1254, nucl1528, teng1269, tial1240"
Tule-Kaweah Yokuts,"Wikchamni, Yawdanchi",,,tule1245,"wikc1234, yawd1234"
Tulishi,"Dar El Kabira, Kamda, Nuclear Tulishi",tey,,tuli1249,"dare1242, kamd1238, nucl1437"
Tulu,"Northwest Tulu, Northeast Tulu, Southwest Tulu, Southeast Tulu, South Central Tulu",tcy,,tulu1258,"nort3358, nort3359, sout3341, sout3342, sout3343"
Tulu-Bohuai,"Bohuai, Keli, Tulu (Papua New Guinea)",rak,,tulu1259,"bohu1238, keli1250, tulu1260"
South-Western Dravidian,"Bellari, Koraga, Tuluic",,brw,tulu1261,"bell1261, kora1289, tulu1263"
Tuluic,"Kudiya, Tulu",,"kfg, tcy",tulu1263,"kudi1237, tulu1258"
Tumari Kanuri,"Kubari, Sugurti, Tumari",krt,,tuma1248,"kuba1250, sugu1242, tuma1249"
Tuma-Irumu,,iou,,tuma1250,
Tumak,"Mod, Nuclear Tumak",tmc,,tuma1260,"modd1238, nucl1676"
Tumbuka,"Chikamanga, Chipoka, Chitumbuka, Fililwa, Fungwe, Hewe, Kandawire, Nenya, Ngoni (Tumbuka), Nthali, Poka, Senga, Wenya, Yombe (Tumbuka)",tum,,tumb1250,"chik1250, chip1260, chit1282, fili1243, fung1246, hewe1238, kand1299, neny1238, ngon1272, ntha1238, poka1241, seng1277, weny1238, yomb1245"
Tumbukic,"Tonga (Nyasa), Tumbuka",,"tog, tum",tumb1252,"tong1321, tumb1250"
Tumbuka-Sena-Nyanja,"Sena-Nyanja, Tumbukic",,,tumb1253,"sena1271, tumb1252"
Tumi,,kku,,tumi1238,
Tumleo,,tmq,,tuml1238,
Tumshuqese,,xtq,,tums1237,
Tumtum,"Karondi, Nuclear Tumtum, Talassa",tbr,,tumt1243,"karo1296, nucl1438, tala1282"
Tumulung Sisaala,"Gil Bagale, Isala, Nsihaa, Potule",sil,,tumu1242,"gilb1243, isal1239, nsih1238, potu1239"
Tumzabt,,mzb,,tumz1238,
Tundra Enets,,enh,,tund1254,
Tunen (Retired),,baz,,tune1241,
Tunebo,"Angosturas Tunebo, Barro Negro Tunebo, Central Tunebo, Western Tunebo",,"tnd, tbn, tuf, tnb",tune1260,"ango1257, barr1251, cent2150, west2651"
Tunen,"Eling, Toboanye, Tufombo, Ndogbang, Ndokbiakat, Niguessen (Mese), Ndoktuna",tvu,,tune1261,"elin1239, itun1238, loga1243, ndog1249, ndok1257, mese1243, ndok1258"
Tungusic,"Manchu-Jurchen, Northeastern Tungusic, Central-Western Tungusic",,,tung1282,"manc1250, nort3417, orok1264"
Tungag,,lcm,,tung1290,
Tunggare,,trt,,tung1293,
Tungak-Nalik,"Kara (Papua New Guinea), Lakuramau, Nalik, Tiang, Tigak, Tungag",,"leu, lxm, nal, tbj, tgc, lcm",tung1294,"kara1486, laku1238, nali1244, tian1237, tiga1245, tung1290"
Tunisian Sign Language,,tse,,tuni1249,
Tunia,"Perim, Tunya",tug,,tuni1251,"peri1256, tuny1239"
Tunica,,tun,,tuni1252,
Tunisian Arabic,"Judeo-Tunisian Arabic, Alger Judeo-Arabic, Tunis Judeo-Arabic, North-Western Tunisian, Sahil, Sfax, South-Western Tunisian, South-Eastern Tunisian, Tunis (Tunisian Arabic)",aeb,ajt,tuni1259,"jude1263, alge1241, tuni1261, nort3135, sahi1245, sfax1238, sout3114, sout3115, tuni1260"
Tunisian-Zuwara Berber,"Douiret-Chenini, Jerba",,,tuni1262,"doui1234, jerb1241"
Tunjung,"Nuclear Tunjung, Pahu, Tunjung Linggang, Tunjung Londong",tjg,,tunj1244,"nucl1551, pahu1239, tunj1245, tunj1246"
Tunni,,tqq,,tunn1238,
Tunumiisiut,,,,tunu1234,
Tunzu,,dza,,tunz1235,
Tuotomb,,ttf,,tuot1238,
Tuparí,,tpr,,tupa1250,
Tuparic,"Makuráp, Nuclear Tuparic",,mpu,tupa1251,"maku1278, nucl1716"
Tupe,"Cauqui of Cachuy, Jaqaru",,jqr,tupe1234,"cauq1239, jaqa1244"
Tupinambá,"Amoipira, Kaeté, Potiguára, Tabaiara-Tobajara, Temiminó, Tupinikin, Lingua Geral Paulista, Tupinambá Tocantins-Paranaiba, Tupinambá São Francisco-Camamu, Tupinambá-Tamoio Kap São Tomé-Angra dos Reis, Tupinakin-Tupi-Tabajara Angra dos Reis-Cananéia, Tupina",tpn,"pog, tpk, tpw",tupi1273,"amoi1234, kaet1234, poti1237, taba1271, temi1248, tupi1272, tupi1274, tupi1288, tupi1289, tupi1290, tupi1291, tupi1292"
Tupian,"Arikem-Tupari, Eastern Tupian, Kepkiriwát, Monde, Purubora-Ramarama",,kpn,tupi1275,"arik1267, east2909, kepk1241, mond1266, puru1268"
Tupi-Guarani,"Kamayurá, Southern Tupi-Guarani, Tupi-Guarani Subgroup V, Tupi-Guarani Subgroup IV, Tupi-Guarani Subgroup VI, Tupi-Guarani Subgroup VIII",,kay,tupi1276,"kama1373, sout3271, subg1264, tupi1279, tupi1280, tupi1281"
Tupi-Guarani Subgroup I,"Aché, Tupi-Guarani Subgroup I.A, Tupi-Guarani Subgroup I.B, Xetá",,"guq, xet",tupi1277,"ache1246, tupi1282, tupi1283, xeta1241"
Tupi-Guarani Subgroup II,"Guarayu, Warazu-Sirionoid",,gyr,tupi1278,"guar1292, wara1305"
Tupi-Guarani Subgroup IV,"Tapirapé, Tupi-Guarani Subgroup IV.A, Tupi-Guarani Subgroup IV.B",,taf,tupi1279,"tapi1254, tupi1284, tupi1285"
Tupi-Guarani Subgroup VI,"Kawahiwa Setentrionais, Kawahiwa Meridionais",,,tupi1280,"kawa1292, kawa1293"
Tupi-Guarani Subgroup VIII,"Guaja-Kaapor-Ava, Wayampi-Zoe-Emerillon",,,tupi1281,"guaj1258, waya1271"
Tupi-Guarani Subgroup I.A,"Mbyá Guaraní, Paraguay-Brazil Guarani",,gun,tupi1282,"mbya1239, para1319"
Tupi-Guarani Subgroup I.B,"Chiriguanic, Western Bolivian Guaraní",,gnw,tupi1283,"chir1295, west2640"
Tupi-Guarani Subgroup IV.A,"Parakanã, Suruí Do Pará, Tocantins Asurini",,"pak, mdz, asu",tupi1284,"para1312, suru1261, toca1235"
Tupi-Guarani Subgroup IV.B,"Tenetehara, Turiwára",,"tqb, twt",tupi1285,"temb1276, turi1247"
Tupian (Unattested),"Morerebi, Tukumanféd",,"xmo, tkf",tupi1286,"more1262, tuku1240"
Tupi-Guarani Subgroup III,"Nhengatu, Omagua-Kokama, Tupinambá",,"yrl, tpn",tupi1287,"nhen1239, omag1247, tupi1273"
Tupuri,"Bang-Were, Bang-Ling, Faale-Piyew, Podokge",tui,,tupu1244,"bang1343, bang1344, faal1238, podo1242"
Tupuri-Mundang-Mambai,"Mambai, Mundangic, Tupuri",,"mcs, tui",tupu1245,"mamb1294, mund1324, tupu1244"
Turama-Kikori,"Rumu, Turama-Omatian",,klq,tura1263,"rumu1243, tura1264"
Turama-Omatian,"Barikewa, Ikobi, Mouwase",,"jbk, meb, jmw",tura1264,"bari1298, ikob1240, mouw1234"
Turaka,,trh,,tura1265,
Turama-Kerewo,"Kerewo, Morigi",,"kxz, mdb",tura1266,"kere1286, mori1271"
Turi,,trd,,turi1246,
Turiwára,,twt,,turi1247,
Turku-Bongor Pidgin Arabic,"Bongor Pidgin Arabic, Turku Pidgin Arabic",,,turk1244,"bong1302, turk1313"
Turkish Sign Language,,tsm,,turk1288,
Khalaj Turkic,"Northern Khalaj, Southern Khalaj",klj,,turk1303,"nort3422, sout3395"
Turkmen,"Anauli, Cawdur, Esari, Goklen, Khasarli, Nerezim, Nokhurli, Salyr, Saryq, Teke, Yomud",tuk,,turk1304,"anau1242, cawd1238, esar1239, gokl1239, khas1270, nere1239, nokh1239, saly1244, sary1240, teke1272, yomu1239"
Turka,"Beregadougou-Toumousseni, Douna",tuz,,turk1306,"bere1249, doun1238"
Turkanic,"Karamojong, Nyangatom, Toposa, Turkana",,"kdj, nnj, toq, tuv",turk1307,"kara1483, nyan1315, topo1242, turk1308"
Turkana,"Northern Turkana, Southern Turkana",tuv,,turk1308,"nort2813, sout2829"
Turks And Caicos Creole English,,tch,,turk1310,
Turkic,"Bolgar, Common Turkic",,,turk1311,"bolg1249, comm1245"
Turoyo,"Anhil, Iwardo, Kfarze, Midin, Midyat, Raite",tru,,turo1239,"anhi1238, iwar1238, kfar1238, midi1241, midy1238, rait1238"
Turoyo-Mlahso,"Mlahsô, Turoyo",,"lhs, tru",turo1240,"mlah1239, turo1239"
Turung,,try,,turu1249,
Turumsa,,tqm,,turu1250,
Tuscarora-Nottoway,"Nottoway, Tuscarora",,"ntw, tus",tusc1256,"nott1246, tusc1257"
Tuscarora,,tus,,tusc1257,
Tushan Names,,,,tush1243,
Tusia,"Northern Toussian, Southern Toussian",,"tsp, wib",tusi1238,"nort2787, sout2797"
Tutchone,"Northern Tutchone, Southern Tutchone",,"ttm, tce",tutc1236,"nort2941, sout2957"
Tutelo,,tta,,tute1247,
Tutong,,ttg,,tuto1241,
Tutong 1,,ttx,,tuto1242,
Tutsa Naga,,tvt,,tuts1235,
Tutsic,"Muklomic, Ponthai, Tutsa Naga",,tvt,tuts1236,"mukl1234, pont1258, tuts1235"
Tutuba,,tmi,,tutu1241,
Tututni,,tuu,,tutu1242,
Tututepec Mixtec,Santa María Acatepec,mtu,,tutu1243,sant1441
Monguoric,"Mongghul, Mangghuer",,mjg,tuuu1240,"huzh1238, minh1238"
Tuu,"Hua, !Ui",,,tuuu1241,"huaa1247, kwii1241"
Tuvalu,"North Tuvaluan, South Tuvaluan",tvl,,tuva1244,"nort2844, sout2865"
Tuvinian,"Central Tuvin, Northeastern Tuvin, Southern Tuvin, Western Tuvin",tyv,,tuvi1240,"cent1993, nort2687, sout2695, west2401"
Tuwari,,tww,,tuwa1242,
Tuwali Ifugao,"Hapao Ifugao, Hungduan Ifugao, Lagawe Ifugao",ifk,,tuwa1243,"hapa1237, hung1279, laga1242"
Tuwuli,,bov,,tuwu1238,
Tuxá,,tud,,tuxa1239,
Tuxináwa,,tux,,tuxi1238,
Tuyuca,Tsola,tue,,tuyu1244,tsol1243
Tuyuca-Yuruti,"Tuyuca, Yurutí",,"tue, yui",tuyu1245,"tuyu1244, yuru1263"
Komo-Uduk,"Komo (Sudan-Ethiopia), Uduk",,"xom, udu",twam1235,"komo1258, uduk1239"
Twana,"Quilcene, Skokomish",twa,,twan1247,"quil1256, skok1240"
Tweed-Albert,"Minjangbal, Nganduwal, Ngaraangbal, Yugumbir",xjb,,twee1234,"minj1242, ngan1309, ngar1298, yugu1249"
Cambap-Langa,"Cambap, Langa",twn,,twen1242,"camb1245, lang1321"
Tyanngayt-Mamngayt-Ntrwangayt-Ntrangit,"Awngtim, Mamangathi, Ndrwa'angathi, Thanikwithi, Ndra'ngith",,"gwm, dgt",tyan1235,"awng1245, mamn1244, ntrw1234, tyan1236, ndra1239"
Tyap,"Atakat, Kachichere, Kafanchan, Kagoro (Nigeria), Katab, Sholio",kcg,,tyap1238,"atak1251, kach1281, kafa1241, kago1246, kata1265, shol1241"
Tyaraity,,woa,,tyar1236,
Tzeltalan,"Tzeltal, Tzotzil",,"tzh, tzo",tzel1253,"tzel1254, tzot1259"
Tzeltal,"Chanal Cancuc, Tenango",tzh,,tzel1254,"chan1320, tena1239"
"Tzeltal, Bachajón",,tzb,,tzel1255,
Tzotzil,,tzo,,tzot1259,
"Tzotzil, San Andrés Larrainzar",,tzs,,tzot1260,
"Tzotzil, Huixtán",,tzu,,tzot1261,
"Tzotzil, Chamula",,tzc,,tzot1262,
"Tzotzil, Chenalhó",,tze,,tzot1263,
"Tzotzil, Zinacantán",,tzz,,tzot1264,
Tz'utujil,,tzj,,tzut1248,
"Tz'utujil, Western",,tzt,,tzut1249,
Uab Meto,"Amanuban-Amanatun, Amfoan-Fatule'u, Baumata, Biboki-Insana, Ketun, Kopas, Kusa-Manlea, Mollo-Miomafo, Timaus",aoz,,uabm1237,"aman1264, amfo1237, baum1234, bibo1238, ketu1240, kopa1249, kusa1252, moll1242, tima1242"
Meto,"Amarasi, Central Meto",,aaz,uabm1238,"amar1273, nort3357"
Uainuma-Mariate,"Mariaté, Wainumá",,,uain1239,"mari1451, wain1249"
Uamué,,uam,,uamu1236,
Uare,"Garihe, Nuclear Uare",ksj,,uare1241,"gari1255, nucl1626"
Ubaghara-Kohumono,"Kohumonoic, Ubaghara",,byc,ubag1244,"kohu1243, ubag1245"
Ubaghara,"Biakpan, Etono I, Ikun, Ugbem, Utuma",byc,,ubag1245,"biak1246, eton1251, ikun1240, ugbe1238, utum1238"
Ubang,,uba,,uban1243,
Ubangi,"Bandaic, Mbaic, Ngbandi-Mongoba-Kazibati, Mundu-Baka, Sereic, Zandic",,,uban1244,"band1341, mbai1246, ngba1290, ngba1292, sere1262, zand1246"
Ubi,,ubi,,ubii1238,
Ubir,,ubr,,ubir1237,
Ubykh,,uby,,ubyk1235,
Ucayali-Yurúa Ashéninka,,cpb,,ucay1237,
Uda,,uda,,udaa1238,
Udi-Aghwan,"Aghwan, Udi",,"xag, udi",udia1235,"aghw1237, udii1243"
Udihe,"Anjuski, Bikin, Iman, Khor, Khungari, Samargin, Sikhota Alin",ude,,udih1248,"anju1241, biki1239, iman1239, khor1273, khun1260, sama1298, sikh1239"
Udi,"Nidzh, Oghuz (Udi), Oktomberi",udi,,udii1243,"nidz1238, oghu1245, okto1238"
Udmurt,"Besermyan, Central Udmurt, North Udmurt, South Udmurt, Peripheral South Udmurt",udm,,udmu1245,"bese1243, cent2320, nort2676, sout2681, peri1263"
Uduk,"Northern Uduk, Bonya Uduk, Chali Uduk, Yabus Uduk",udu,,uduk1239,"nort3337, bony1234, chal1268, yabu1235"
Ufim,,ufi,,ufim1240,
Ufim-Rawa-Nahu,"Iyo, Rawa, Ufim",,"nca, rwo, ufi",ufim1241,"iyoo1238, rawa1267, ufim1240"
Ugandan Sign Language,,ugn,,ugan1238,
Ugaritic,,uga,,ugar1238,
Ugarito-Phoenician,"Phoenician-Punic, Ugaritic",,uga,ugar1239,"phoe1238, ugar1238"
Ughele,,uge,,ughe1237,
Ugong,"Kok Chiang, Suphanburi",ugo,,ugon1239,"kokc1239, suph1238"
Uhami,,uha,,uham1238,
Uighur,"Central Uyghur, Ili, Kashgar-Atush, Qomul, Tarim-Moghal-Kucha, Kucha, Moghal, Tarim, Turfan, Urumqi, Khotan, Lopnor",uig,,uigh1240,"cent1994, ilii1241, kash1278, qomu1235, tari1267, kuch1247, mogh1248, tari1268, turf1238, urum1248, khot1252, lopn1238"
Uyghuric,"Ainu (China), Ili Turki, Uighur",,"aib, ili, uig",uigh1243,"ainu1251, ilit1241, uigh1240"
Uirina,,,,uiri1238,
Uisai,,uis,,uisa1238,
Ujir,,udj,,ujir1237,
Ujir-Kola-Kompane,"Kola-Kompane, Ujir",,udj,ujir1238,"kola1292, ujir1237"
Ukaan,"Auga, Ishe, Kakumo",kcf,,ukaa1243,"auga1239, ishe1239, kaku1240"
Ukhwejo,"Bikaka, Kamsili, Nuclear Ukhwejo, Piiga",ukh,,ukhw1241,"bika1250, kams1242, nucl1408, piig1238"
Ukit,,umi,,ukit1237,
Ukpe-Bayobiri,"Bayobiri, Ukpe",ukp,,ukpe1247,"bayo1256, ukpe1248"
Ukpet-Ehom,"Ehom, Ukpet",akd,,ukpe1249,"ehom1238, ukpe1250"
Ukrainian Sign Language,,ukl,,ukra1235,
Ukrainian,"East Ukrainian, Northwest Ukrainian, Central Polesian, Eastern Polesian, Western Polesian, Southwest Ukrainian",ukr,,ukra1253,"east2270, nort2599, cent2398, east2882, west2977, sout2604"
Ukrainian-Rusyn,"Rusyn, Ukrainian",,"rue, ukr",ukra1257,"rusy1239, ukra1253"
Ukue,,uku,,ukue1238,
Ukue-Ehueun,"Ehueun, Ukue",,"ehu, uku",ukue1239,"ehue1238, ukue1238"
Ukuriguma,,ukg,,ukur1240,
Ukwa,,ukq,,ukwa1238,
Ukwuani-Aboh-Ndoni,"Abo, Ndoni, Ukwuani",ukw,,ukwu1241,"aboo1242, ndon1255, ukwu1242"
Ulat Inai,"Alune, Naka'ela",,"alp, nae",ulat1237,"alun1238, naka1263"
Ulau-Suain,,svb,,ulau1237,
Ulch,,ulc,,ulch1241,
Ulchaic,"Orok, Ulch",,"oaa, ulc",ulch1242,"orok1265, ulch1241"
Uliase,"Hatuhaha, Kamarian",,kzx,ulia1238,"hatu1247, kama1362"
Ulithian,,uli,,ulit1238,
Ullatan,,ull,,ulla1237,
Ulterior-Mixe,,,,ulte1235,
Ulukwumi,,ulb,,uluk1257,
Ulumanda',"Botteng, Sondoang, Tappalang",ulm,,ulum1237,"bott1237, sond1252, tapp1240"
Ulwa,"Kukra, Nuclear Ulwa",ulw,,ulwa1239,"kukr1239, ulwa1238"
Uma,"Bana (Austronesian), Benggaulu, Kantewu, Southern Uma, Tobaku, Tolee', Winatu",ppk,,umaa1242,"bana1291, beng1288, kant1250, sout2927, toba1267, tole1238, wina1237"
Uma' Lung,,ulu,,umal1238,
Uma' Lasan,"Kakus Penan, Kemena Penan, Long Bangan, Lunan, Uma Bakah",xky,,umal1239,"kaku1241, keme1241, long1401, luna1245, umab1240"
Umanakaina,"East Umanakaina, Upper Ugu River",gdn,,uman1240,"east2523, uppe1435"
Uma-Sarudu,"Sarudu, Uma",,"sdu, ppk",umas1234,"saru1242, umaa1242"
Umatilla,,uma,,umat1237,
Umbindhamuic,"Yintyinka-Ayabadhu, Umbindhamu",,"ayd, umd",umbi1242,"ayab1239, umbi1243"
Umbindhamu,,umd,,umbi1243,
Umbrian,"Aequian, Marsian, Nuclear Umbrian, Volscian",xum,xvo,umbr1253,"aequ1239, mars1253, nucl1779, vols1237"
Umbugarla,,umr,,umbu1235,
Umbuygamu,,umg,,umbu1256,
Umbundu,"Hele, Mbalundu",umb,,umbu1257,"hele1239, mbal1261"
Umbu-Ungu,"Andelale, Kala (Papua New Guinea), No-Penge",ubu,,umbu1258,"ande1248, kala1398, nope1238"
Umbugarla (Unattested),Ngurmbur,,nrx,umbu1259,ngur1260
Umeda-Punda,"Punda, Umeda",upi,,umed1238,"pund1238, umed1239"
Ume Saami,,sju,,umes1235,
Umiida-Unggarangu,"Umiida, Unggaranggu",,"xud, xun",umii1235,"umii1236, ungg1244"
Umiray Dumaget Agta,"Anglat Agta, Palaui Island Agta",due,,umir1236,"angl1263, pala1348"
Umon,,umm,,umon1238,
Umotína,,umo,,umot1240,
Umpila,,ump,,umpi1239,
Una,,mtg,,unaa1239,
Unainuman,,,,unai1234,
Unami,,unm,,unam1242,
Unattested,"Apoto, Arawakan (Unattested), Arawan (Unattested), Arusha, Atlantic-Congo (Unattested), Austronesian (Unattested), Barbacoan (Unattested), Cariban (Unattested), Chocoan (Unattested), Dravidian (Unattested), Flecheiros, Giyug, Guale, Harappan, Indo-European (Unattested), Isolado do Tanaru, Iwaidjan Proper (Unattested), Jumano, Kwisi, Lumbee, Mangarrayi-Maran (Unattested), Mawa (Nigeria), Miarrã, Moksela, Nambiquaran (Unattested), Palumata, Pama-Nyungan (Unattested), Pankararé, Pano-Tacanan (Unattested), Rer Bare, Sentinel, Sorsorian, Tor-Orya (Unattested), Tremembé, Truká, Tupian (Unattested), Umbugarla (Unattested), Wakoná, Wasu, Weyto, Worrorran (Unattested), Yamasee",,"giy, xiv, lmz, wma, xmi, vms, pmc, pax, rer, std, tme, tka, waf, wsu, woy",unat1236,"apot1235, araw1288, araw1289, arus1242, atla1280, aust1312, barb1268, cari1285, choc1284, drav1252, flec1235, giyu1238, gual1239, hara1272, indo1329, isol1239, iwai1249, juma1248, kwis1235, lumb1237, mang1435, mawa1236, miar1236, moks1249, namb1301, palu1237, pama1255, pank1235, pano1260, rerb1235, sent1241, sors1241, toro1259, trem1235, truk1242, tupi1286, umbu1259, wako1235, wasu1238, weyt1237, worr1238, yama1265"
Unclassifiable,"Ambermo, Amotomanco, Ancient Ligurian, Aracaju, Aranama, Baenan, Bagua, Bazigar, Bidai, Cabixi-Natterer, Calchaqui, Calusa, Camunic, Carabayo, Catuquinaru-Bach, Chacha, Chholo, Colima, Concho, Copallen, Cueva, Cusabo, Dama (Sierra Leone), Degere, Dima-Bottego, Elymian, Envuelto, Erie, Eteocretan, Eteocypriot, Fayjatases, Gail, Gamela of Viana, Guachipas, Guaicaro, Gutian, Haitian Vodoun Culture Language, Hamba NW of Nachingwea south of Mbemkuru River, Hoxa, Idabaez, Illyrian, Imbabura, Jenipapo-Kanindé, Kaimbé, Kainuu Saami, Kakesio Dorobo, Kambiwá, Kantarure, Kapinawá, Kara, Karirí-Xocó, Kassite, Katabaga, Koguryo, Komta, Lemnian, Malibu, Mangio, Mangree, Marau Wawa, Meherrin, Minoan, Monqui, Muellamues, Muzo, Naolan, Natú, Neutral-Atiouandaronk, North Picene, Numidian, Okwa, Pacahuaras-Castillo, Paekche, Pamunkey, Panche, Panzaleo, Pasto, Patagon, Payaya, Pericú, Pictish, Pijao, Pitaguary, Polari, Poya, Puruguay, Quepos, Querandi, Quignam, Quillacinga, Quinqui, Quinigua, Raetic, Sacata, San Francisco Solano, Sansimoniano, Serengeti Dorobo, Sicana, Sicula, Silla, South-Arabian-Unknown-k, Tabancal, Cushitic Taita, Tanpachoa, Tapajó, Tarairiu, Tartessian, Tembey, Traveller Scottish, Uamué, Unainuman, Urucucús, Uru-Pa-In, Vazimba, Wakabunga, Wawu-II, Wenro, Xiong-Nu, Xoco, Yanacona",,"xlg, xrt, bfr, xcc, cby, xly, ecr, ecy, gic, hvc, xil, xai, xbw, xpn, kzw, ktq, zkg, xle, omn, nrp, nxm, pkc, xpi, pij, pld, quq, xrr, xso, sxc, scx, txr, trl, uam, urp, wwb",uncl1493,"ambe1246, amot1239, anci1248, arac1235, aran1265, baen1237, bagu1249, bazi1237, bida1238, cabi1242, calc1235, calu1239, camu1235, cara1245, catu1242, chac1253, chho1235, coli1235, conc1237, copa1238, cuev1238, cusa1237, dama1262, dege1245, dima1246, elym1237, envu1234, erie1238, eteo1236, eteo1240, fayj1234, gail1235, game1240, guac1240, guai1246, guti1235, hait1241, hamb1239, hoxa1234, idab1234, illy1234, imba1237, jeni1237, kaim1235, kain1277, kake1234, kamb1239, kant1247, kapi1248, kara1506, kari1255, kass1244, kata1268, kogu1234, komt1237, lemn1237, mali1242, mang1364, mang1422, mara1417, mehe1242, mino1236, monq1236, muel1234, muzo1235, naol1234, natu1248, neut1237, nort1401, numi1241, okwa1236, paca1243, paek1234, pamu1240, panc1242, panz1235, past1243, pata1255, paya1237, peri1250, pict1238, pija1235, pita1243, pola1249, poya1239, puru1267, quep1238, quer1237, quig1235, quil1251, quin1236, quin1252, raet1238, saca1239, sanf1266, sans1265, sere1258, sica1234, sicu1234, sill1240, sout2466, taba1269, tait1247, tanp1235, tapa1261, tara1303, tart1237, temb1278, trav1235, uamu1236, unai1234, uruc1243, urup1235, vazi1234, waka1282, wavu1234, wenr1236, xion1234, xoco1235, yana1258"
Unclassified Eastern Beboid,Fio,,,uncl1497,fioo1234
Unclassified Northeast Savanna Bantu,Bende-Tongwe,,,uncl1498,bend1261
Bolgo-Koke,"Bolgo, Koke",,"bvo, kou",uncl1499,"bolg1251, koke1240"
Unclassified Southwestern Malakula,Nititi-Vivti,,,uncl1500,niti1250
Unclassified Membi-Mangbutu-Efe,Birri,,bvq,uncl1501,birr1240
Unclassified Bisoid,"Bantang, Cauho",,,uncl1502,"bant1298, cauh1234"
Unclassified Core Lalu,Eastern Lalu,,yit,uncl1503,east2696
Unclassified Sindhic,"Kholosi, Luwati, Memoni, Sindhi Bhil",,"luv, mby, sbn",uncl1504,"khol1241, luwa1238, memo1238, sind1270"
Unclassified Riverine Bua,Noy,,noy,uncl1505,noyy1238
Unclassified Hanseman,"Matepi, Nake, Rapting",,"mqe, nbk, rpt",uncl1506,"mate1260, nake1240, rapt1240"
Unclassified Semitic,Amorite,,,uncl1507,amor1239
Unclassified Luish,"Burma Pyu, Taman (Myanmar)",,"pyx, tcl",uncl1508,"burm1262, tama1328"
Unclassified Tamil-Malayalam,Kakkala,,,uncl1509,kakk1234
Unclassified Arafundi,Meakambut,,,uncl1510,meak1234
Unclassified Qiangic,Chamdoic,,,uncl1511,cham1336
Unclassified Nuclear Warup,"Bulgebi, Guya",,"bmp, gka",uncl1512,"bulg1265, guya1251"
Unclassified Southern Tibetic,Khamba,,kbg,uncl1513,kham1283
Unclassified Luvic,Pisidian,,xps,uncl1514,pisi1234
Unclassified Gauda-Banga,Kurmukar,,kfv,uncl1515,kurm1243
Unclassified Nisoid,Ache,,yif,uncl1517,ache1244
Unclassified Bolivian Arawakan,"Apolista, Magiana",,,uncl1518,"apol1242, magi1242"
Unclassified Yanomamic,Yãnoma,,,uncl1519,yano1269
Unclassified Guianan,Yaio,,,uncl1520,yaoa1239
Unclassified Caribbean Arawakan,"Araicu, Uirina",,,uncl1521,"arai1239, uiri1238"
Unclassified Wapishanan,Shebayo,,,uncl1522,sheb1234
Unclassified Purus,Carari,,,uncl1523,cara1273
Unclassified Central Adamawa,Duli-Gewe,,duz,uncl1524,duli1241
Unclassified Sogeram,Magiyi,,gmg,uncl1525,magi1244
Unclassified North Volta-Congo,Miyobe,,soy,uncl1526,miyo1238
Unclassified Indo-European,"Dacian, Messapic, Thracian",,"xdc, cms, txh",uncl1527,"daci1234, mess1244, thra1250"
Unclassified Antillean Arawakan,Caquetio,,,uncl1528,arub1238
Unclassified Ngembaic,Kpati,,koc,uncl1529,kpat1246
Unclassified Bengaic,Molengue,,bxc,uncl1530,mole1238
Unclassified Shastan,New River Shasta,,,uncl1531,newr1237
Unclassified Western Benue-Congo Plateau,Koro Nulu,,vkn,uncl1532,koro1323
Unclassified Rajasthani,Kabutra,,kbu,uncl1534,kabu1254
Unclassified Kohistani,Tirahi,,tra,uncl1535,tira1253
Unclassified Italic,Lusitanian,,xls,uncl1536,lusi1235
Unclassified Tarahumaran,"Northern Tarahumara, Southwestern Tarahumara",,"thh, twr",uncl1537,"nort2956, sout2971"
Unclassified Continental Transalpine Celtic,"Galatian, Noric",,"xga, nrc",uncl1538,"gala1252, nori1240"
Unclassified Sukaphic,Turung,,try,uncl1540,turu1249
Unclassified Central Delta,"Abureni, Ogbogolo",,"mgj, ogg",uncl1542,"abur1244, ogbo1242"
Unclassified Efikic,"Eki, Idere",,"eki, ide",uncl1543,"ekii1241, ider1238"
Unde Kaili,,unz,,unde1235,
Uneapa,,bbn,,unea1237,
Uneme,,une,,unem1238,
Uneme-Yekhee,"Uneme, Yekhee",,"une, ets",unem1239,"unem1238, yekh1238"
Unggumi,,xgu,,ungg1243,
Uni,"Oro Kuku-Oro Raumo, Oro Toma",uni,,unii1234,"orok1271, orot1240"
Unserdeutsch,,uln,,unse1236,
Unshifted Western Romance,"Aragonese, Mozarabic",,"arg, mxi",unsh1234,"arag1245, moza1249"
Unua,Bush Unua,onu,,unua1237,bush1248
Unua-Pangkumu,"Rerep, Unua",,"pgk, onu",unua1238,"rere1240, unua1237"
Unubahe,,unu,,unub1234,
Unclassified East Cushitic,Boon,,bnl,unun9873,boon1242
Unclassified Boleic,"Bure, Kholok, Maaka, Nyam",,"bvh, ktc, mew, nmi",unun9876,"bure1242, khol1240, maak1236, nyam1285"
Unclassified Dangla,Jonkor Bourmataguil,,jeu,unun9877,jonk1238
Unclassified Biu-Mandara,Jilbe,,jie,unun9878,jilb1238
Unclassified Berber,Guanche,,gnc,unun9880,guan1277
Unclassified Western Hindi,Ghera-Gurgula,,,unun9883,gher1240
Unclassified Bihari,"Kumhali, Kuswaric",,kra,unun9885,"kumh1238, kusw1234"
Unclassified Tharu,"Buksa, Majhi, Musasa",,"tkb, mjz, smm",unun9886,"buks1238, majh1253, musa1263"
Unclassified Dravidian,Khirwar,,kwx,unun9890,khir1237
Unclassified Warrayic,Wulwulam,,,unun9891,wulw1234
Unclassified Chapakura,Rocorona,,,unun9892,roco1235
Unclassified Northern Tai,E,,eee,unun9894,eeee1240
Unclassified Maxakalian,Koropó,,xxr,unun9898,coro1248
Unclassified Tamolan,"Igana, Kominimung",,"igg, xoi",unun9900,"igan1243, komi1271"
Unclassified Chocoan,"Anserma, Caramanta",,"ans, crf",unun9901,"anse1238, cara1271"
Unclassified Volta-Congo,"Adamawa Fali, Aproumu Aizi, Mbre, Mpra",,"ahp, mka",unun9902,"adam1254, apro1235, mbre1244, mpra1235"
Unclassified Samba-Duru,Nimbari,,nmr,unun9905,nimb1256
Unclassified Cameroun-Ubangian,Oblo,,obl,unun9906,oblo1238
Unclassified Mbum,To,,toz,unun9907,tooo1238
Unclassified Eastern Kru,Kodia,,kwp,unun9909,kodi1246
Unclassified Benue-Congo,"Baissa Fali, Tita",,"fah, tdq",unun9910,"bais1242, tita1240"
Unclassified Yukubenic,Afudu,,,unun9911,afud1235
Unclassified Narrow Grassfields,Viti,,vit,unun9913,viti1241
Unclassified Shona (S. 10),Dema,,dmx,unun9914,dema1235
Unclassified Ruvuma,Machinga,,mvw,unun9916,mach1265
Unclassified Rufijic,Nindi,,nxi,unun9917,nind1242
Unclassified Greater Lega,Kwami,,ktf,unun9918,kwam1250
Unclassified Greater Luyia,Nyole,,nuj,unun9919,nyol1238
Unclassified North Mara,Kabwa,,cwa,unun9920,kabw1241
Unclassified Kunene,Ndombe,,ndq,unun9922,ndom1244
Unclassified Ndonga (R.20),Ngandyera,,nne,unun9923,ngan1300
Unclassified Inner Basin Bantu,Bafoto,,,unun9927,bafo1235
Unclassified Ngendan,"Bodo (Central African Republic), Boguru",,"boy, bqu",unun9928,"bodo1272, bogu1241"
Unclassified Nigerian Jarawan,Gwa,,gwb,unun9929,gwaa1239
Unclassified Bantoid,Fam,,fam,unun9931,famm1241
Unclassified Yuruna,Maritsauá,,msp,unun9935,mari1442
Unclassified Guaja-Kaapor-Ava,Tacunyape,,,unun9936,tacu1234
Unclassified Kayong-Jeh-Halang,Halang Doan,,hld,unun9941,hala1253
Unclassified Central Nubian,Haraza,,,unun9942,hara1258
Unclassified Chibchan,Antioquian,,,unun9943,anti1242
Unclassified Kipchak,Pecheneg,,xpc,unun9944,pech1242
Unclassified Barbacoan,Canari,,,unun9945,cana1260
Unclassified Southern Uto-Aztecan,"Coca, Jova",,,unun9947,"coca1262, jova1234"
Unclassified Northern Uto-Aztecan,Omomil,,,unun9948,omom1235
Unclassified Cupan,Island Takic,,,unun9949,isla1277
Unclassified Sino-Tibetan,Nam,,,unun9951,namm1235
Unclassified Lolo-Burmese,Pai-lang,,,unun9953,pail1244
Unclassified Nasu-Gepu,"Ayizi, Chesu",,"yyz, ych",unun9955,"ayiz1244, ches1238"
Unclassified Nuclear Nisoid,Aluo,,yna,unun9956,aluo1235
Unclassified Southeastern Ngwi,Nisi (China),,yso,unun9957,nisi1238
Unclassified Lisoid,"Lamu, Naluo Yi, Samatu",,"llh, ylo",unun9958,"lamu1257, nalu1239, sama1296"
Unclassified Lipo-Lolopo,"Hlersu, Limi, Mili",,"hle, ylm, ymh",unun9959,"hler1235, limi1243, mili1235"
Unclassified Brahmaputran,Chairel,,,unun9960,chai1254
Unclassified Bodish,"Basum, Songlin",,,unun9962,"basu1243, song1316"
Unclassified Pama-Nyungan,Roth's Gugu Warra,,wrw,unun9964,gugu1256
Unclassified Greater Maric,Bindalic,,,unun9965,bind1237
Unclassified Wati,"Antakarinya, Kokata, Lake Carnegie Western Desert",,"ant, ktd, tjp",unun9966,"anta1253, koka1244, pini1245"
Unclassified Core Thura-Yura,"Nauo, Ngadjuri, Nugunu (Australia)",,"nwo, jui, nnv",unun9967,"nauo1235, ngad1257, nugu1241"
Unclassified Kombio-Yambes,Aruek,,aur,unun9968,arue1240
Unclassified Nuclear Torricelli,Gnau,,gnu,unun9969,gnau1240
Unclassified Nwa-Ben,Gbin,,xgb,unun9970,gbin1239
Unclassified Rai Coast,"Biyom, Tauya, Wasembo",,"bpm, tya, gsp",unun9972,"biyo1244, tauy1241, wase1252"
Unclassified Kainantu-Goroka,Kenati,,gat,unun9974,kena1250
Unclassified Kainantu,Kambaira,,kyy,unun9975,kamb1303
Unclassified Kamano-Yagaria,Abaga,,abg,unun9976,abag1245
Unclassified Goroka,Isabi,,isa,unun9977,isab1240
Unclassified Yupna,Yout Wam,,ytw,unun9978,yout1234
Unclassified Uruwa,Weliki,,klh,unun9979,weli1239
Unclassified Gusap-Mot,Ngaing,,nnf,unun9980,ngai1241
Unclassified Awyu-Dumut,Sawi,,saw,unun9981,sawi1257
Unclassified Huitotoan,"Andoquero, Coeruna",,,unun9983,"ando1254, coer1236"
Unclassified Tacanan,Mabenaro,,,unun9984,mabe1235
Unclassified Bolivian Nawa,Chiriva,,,unun9985,chir1294
Unclassified L1 Sign Language,Rwandan Sign Language,,rsn,unun9986,rwan1246
Unclassified Eastern Nyulnyulan,Ngumbarl,,xnm,unun9988,ngum1253
Unclassified Baining,Makolkol,,zmh,unun9989,mako1250
Unclassified First Vernacular Hmong,"Hmong Don, Hmong Dô",,"hmf, hmv",unun9990,"hmon1263, hmon1332"
Unclassified Northern Luzon,Dicamay Agta,,duy,unun9992,dica1235
Unclassified Bisayan,Ata,,atm,unun9997,ataa1240
Uokha,,uok,,uokh1238,
Upcountry Swahili,"Kisisi, KiSetla",,sta,upco1238,"kisi1251, sett1235"
Upper Taromi,,tov,,uppe1235,
Upper Necaxa Totonac,"Central-Western Upper Nexaca Totonac, Chicontla, Patla-Cacahuatlán, San Pedro Tlaolantongo",tku,,uppe1275,"cent2384, chic1276, patl1235, sanp1263"
Upper Sorbian,"Eastern Upper Sorbian, Bautzen, Heath, Western Upper Sorbian, Kamenz, Wittichenau",hsb,,uppe1395,"east2905, baut1239, heat1234, west3007, kame1249, witt1234"
Central East Middle German,"High East Prussian, Breslauisch, Oberländisch, Nordobersächsisch-Südmärkisch, Thuringian, Central Thuringian, East Thuringian, Ilm Thuringian, North Thuringian, Northeast Thuringian, Southeast Thuringian, West Thuringian, Upper Saxon, North Upper Saxon, Anhaltisch, Meissnisch, Nordmeissnisch, Ostmeissnisch, Westmeissnisch, Osterländisch, Westlausitzisch, South Upper Saxon, Nordwestböhmisch, Osterzgebirgisch, Südmeissnisch, Vorerzgebirgisch, Vorvogtländisch, Westerzgebirgisch, Westlich Nordböhmisch",sxu,,uppe1400,"high1271, bres1234, ober1243, nord1239, thur1252, cent2354, east2833, ilmt1234, nort3311, nort3312, sout3295, west2912, uppe1465, nort3313, anha1243, meis1234, nord1240, ostm1234, west2914, oste1244, west2913, sout3296, nord1241, oste1245, sudm1235, vore1243, vorv1234, west2915, west2916"
Upper Ta'oih,"Ha'aang, Kamuan', Leem, Palee'n, Pasoom",tth,,uppe1406,"haaa1250, kamu1257, leem1238, pale1251, paso1238"
Upper Arun,"Lohorung-Yamphu, Mewahang",,,uppe1412,"loho1238, mewa1252"
Upper Dudhkosi,"Dumi, Khaling, Koi",,"dus, klr, kkt",uppe1413,"dumi1241, khal1275, koii1238"
Upper Riverland,"Ngindadj, Yirawirung, Yuu-Yuu",,yxu,uppe1415,"ngin1247, yira1241, yuuy1234"
Upper Cross,"Agoi-Doko-Iyoniyong, Central Upper Cross, Kiong-Korop, Ukpet-Ehom",,akd,uppe1418,"agoi1245, cent2027, kion1241, ukpe1249"
Upper Markham,"Adzera, Mountain Upper Markham",,adz,uppe1423,"adze1240, moun1250"
Upper Tanudan Kalinga,,kgh,,uppe1424,
Upper Pujungan,"Uma' Lung, Uma' Lasan",,"ulu, xky",uppe1425,"umal1238, umal1239"
Upper Kinabatangan-Lobu,"Lanas Lobu, Tampias Lobu, Upper Kinabatangan",,"ruu, low, dmg",uppe1426,"lana1236, tamp1254, uppe1427"
Upper Kinabatangan,"Dusun Segama, Kalabuan, Makiang, Sinabu'",dmg,,uppe1427,"dusu1276, kala1392, maki1248, sina1268"
Upper Grand Valley Dani,,dna,,uppe1430,
Upper Umpqua,,xup,,uppe1436,
Upper Tanana,"Northway, Tetlin",tau,,uppe1437,"nort3356, tetl1234"
Upper Kuskokwim,,kuu,,uppe1438,
Upper Chehalis,"Oakville, Satsop, Tenino Chehalis",cjh,,uppe1439,"oakv1234, sats1243, teni1245"
Upper San Juan,"Emberá-Tadó, Emberá-Chamí",,"tdc, cmi",uppe1440,"embe1261, embe1262"
Upper Guinea Crioulo,"Bafatá Creole, Bissau-Bolama Creole, Cacheu-Ziguinchor Creole",pov,,uppe1455,"bafa1250, biss1249, cach1242"
Upper Southwest Paman,"Kuuk-Yak, Thayore",,"uky, thd",uppe1456,"kuuk1243, thay1249"
Upper Niger Kainji,"Laru (Nigeria), Oleran",,lan,uppe1457,"laru1238, oler1234"
Upper Guinea Portuguese,"Kabuverdianu, Papiamento, Upper Guinea Crioulo",,"kea, pap, pov",uppe1458,"kabu1256, papi1253, uppe1455"
Upper Baram Kenyah,,ubm,,uppe1459,
Upper Franconian,"Global German, Greater East Franconian",,,uppe1464,"glob1243, grea1301"
Upper Tananaic,"Tanacross, Upper Tanana",,"tcb, tau",uppe1472,"tana1290, uppe1437"
Upper Minjim,"Sgi Bara, Rerau",,"jil, rea",uppe1484,"jili1241, rera1240"
Upriver Riverine Phula,"Phala, Pholic",,ypa,upri1239,"phal1256, phol1236"
Upstream-Nu Qiang,"Northern Qiang, Southeast Maoxian Qiang",,cng,upst1234,"nort2722, sout3257"
Uradhic,"Atampaya, Yadhaykenu-Angkamuthi",,amz,urad1238,"atam1239, yadh1238"
Uradhi,,urf,,urad1239,
Urak Lawoi',,urk,,urak1238,
Uralic,"Finnic, Hungaric, Khantyic, Mansic, Mari, Mordvin, Permian, Saami, Samoyedic",,chm,ural1272,"finn1317, hung1287, khan1279, mans1269, mari1278, mord1256, perm1256, saam1281, samo1298"
Urali of Idukki,,url,,ural1274,
Urapmin,,urm,,urap1239,
Ura (Papua New Guinea),,uro,,urap1240,
Urartian,,xur,,urar1245,
Urarina,,ura,,urar1246,
Urat,"Wasep Nau, Wasep Yam, Yehreic, Wusyep Tep, Wusyep Yehre, Wusyep Ngel",urt,,urat1244,"wase1250, wase1251, wusy1242, wusy1241, wusy1243, wusy1244"
Ura (Vanuatu),,uur,,urav1235,
Urdu,"Dakhini (Urdu), Judeo-Urdu, Pinjari",urd,,urdu1245,"dakh1244, jude1269, pinj1242"
Urhobo,"Agbarho, Agbon, Udu, Ujevwe",urh,,urho1239,"agba1238, agbo1242, uduu1238, ujev1238"
Urigina,,urg,,urig1240,
Urigina-Danaru,"Danaru, Urigina",,"dnr, urg",urig1241,"dana1254, urig1240"
Uri,"East Urii, West Urii",uvh,,urii1240,"east2505, west2586"
Urimo,,urx,,urim1251,
Urim,"Kukwo, Yangkolen",uri,,urim1252,"kukw1246, yang1300"
Uripiv-Wala-Rano-Atchin,"Atchin, Uripiv, Wala-Rano",upv,,urip1239,"atch1238, urip1240, wala1267"
Urninganggic,"Erre, Urningangg",,"err, urc",urni1238,"erre1238, urni1239"
Urningangg,,urc,,urni1239,
Uruava,,urv,,urua1242,
Uruangnirin,,urn,,urua1244,
Urubú-Kaapor Sign Language,,uks,,urub1243,
Urubú-Kaapor,,urb,,urub1250,
Uru-Chipaya,"Chipaya, Uru",,"cap, ure",uruc1242,"chip1262, uruu1244"
Urucucús,,,,uruc1243,
Uru-Eu-Wau-Wau,,urz,,urue1240,
Uruguayan Sign Language,,ugy,,urug1238,
Kipchak Urum,,uum,,urum1249,
Urumi,,uru,,urum1250,
Uru-Pa-In,,urp,,urup1235,
Urupa-Yaru,"Urupa, Yaru",,,urup1244,"urup1245, yaru1257"
Urupa,,,,urup1245,
Uru,"Ts'imu, Uru-Iruito, Uru-Murato",ure,,uruu1244,"tsim1260, urui1234, urum1251"
Uruwa,"Nukna, Sakam-Som, Unclassified Uruwa, Yau-Nungon",,"klt, yuw",uruw1240,"nukn1238, saka1297, unun9979, yaum1237"
Usaghade,,usk,,usag1244,
Usan,,wnu,,usan1239,
Usarufa,,usa,,usar1243,
Ushojo,,ush,,usho1238,
Usila Chinantec,,cuc,,usil1237,
Usku,,ulf,,usku1243,
Uspanteco,,usp,,uspa1245,
Usui,,usi,,usui1238,
Utarmbung,,omo,,utar1238,
Ute-Southern Paiute,"Chemehuevi, Southern Paiute, Ute",ute,,utes1238,"chem1251, sout2969, utee1244"
Adilabad Gondi,"Nirmal, Rajura",wsg,,utno1237,"nirm1237, raju1237"
Uto-Aztecan,"Northern Uto-Aztecan, Southern Uto-Aztecan",,,utoa1244,"nort2953, sout3136"
Utupua-Vanikoro,"Tanema, Teanu, Utupua, Lovono",,"tnx, tkw, vnk",utup1237,"tane1237, tean1237, utup1238, vano1237"
Utupua,"Amba (Solomon Islands), Asumboa, Tanimbili",,"utp, aua, tbe",utup1238,"amba1266, asum1237, tani1255"
Utu,,utu,,utuu1240,
U,,uuu,,uuuu1243,
Uvbie,,evh,,uvbi1238,
Uwinymil,,,,uwin1234,
Uya,,usu,,uyaa1238,
Modern Turkestan,"Uyghuric, Uzbek",,uzb,uygh1240,"uigh1243, uzbe1247"
Turkestan,"Chagatai, Modern Turkestan",,chg,uygh1241,"chag1247, uygh1240"
Uzbek,"Northern Uzbek, Southern Uzbek",uzb,"uzn, uzs",uzbe1247,"nort2690, sout2699"
Qashqa-Darya Arabic,"Qamashi, Djeinau",auz,,uzbe1248,"qama1234, qash1241"
Uzekwe,,eze,,uzek1238,
Vaagri Booli,,vaa,,vaag1238,
Vaal-Orange,"Boshof, ||Ku||e, Seroa",kqu,,vaal1235,"bosh1244, kuee1238, sero1239"
Vafsi,,vaf,,vafs1240,
Vafsic,"Ashtiani, Vafsi",,"atn, vaf",vafs1241,"asht1244, vafs1240"
Vaghri,,vgr,,vagh1246,
Kwangic,"Vaghat, Tiyaa",,tyy,vagh1247,"vagh1250, yaaa1242"
Kadung,,dkg,,vagh1248,
Vaghua,,tva,,vagh1249,
Vaghat,"Bijim, Kadung",,"jbm, dkg",vagh1250,"biji1246, vagh1248"
Vagla,"Bole (Ghana), Buge",vag,,vagl1239,"bole1245, buge1238"
Vai,,vai,,vaii1241,
Vai-Kono,"Kono (Sierra Leone), Vai",,"kno, vai",vaik1238,"kono1268, vaii1241"
Vaiphei,,vap,,vaip1239,
Vale,"Nuclear Vale, Tana",vae,,vale1250,"nucl1422, tana1279"
Valencian Sign Language,,vsv,,vale1251,
Valley Maidu,,vmv,,vall1252,
Valle Nacional Chinantec,,cvn,,vall1253,
Valley Mazatec,"Ayautlic, Jalapa De Díaz Mazatec",,maj,vall1259,"ayau1236, jala1237"
Walman,,van,,valm1241,
Valpei,,vlp,,valp1237,
Vamale,"Hmwaeke, Nuclear Vamale",mkt,,vama1243,"hmwa1241, nucl1482"
Vame,"Dume (Vame), Pelasla, Hurzo, Mberem, Ndreme",mlr,,vame1236,"dume1239, gwen1242, hurz1243, mber1261, ndre1239"
Vangunu,"Bareke, Nuclear Vangunu",mpr,,vang1243,"bare1273, nucl1492"
Vanimo,"Dumo (Vanimo), Dusur",vam,,vani1248,"dumo1240, dusu1279"
Lovono,,vnk,,vano1237,
Vanuma,,vau,,vanu1242,
Vanuatu-Loyalty Outliers,"Emae, Mele-Futuna, West Uvean",,"mmw, uve",vanu1245,"emae1237, mele1252, west2516"
Vanuma-Nyali,"Nyali, Vanuma",,"nlj, vau",vanu1247,"nyal1250, vanu1242"
Vao-Vovo,,vao,,vaoo1237,
Varhadi-Nagpuri,"Brahmani, Govari, Jhadpi, Katia, Kosti, Kunban, Kunbi, Mahari, Marheti, Natakani, Raipur",vah,,varh1239,"brah1255, gova1251, jhad1238, kati1272, kost1245, kunb1249, kunb1250, maha1289, marh1238, nata1253, raip1238"
Varisi,"Ghone, Nuclear Varisi",vrs,,vari1239,"ghon1237, nucl1493"
Dungar Varli,"Dogri Varli, Nihiri Varli",vav,,varl1238,"east2320, west2385"
Vasavi,"Ambodi, Dehvali, Dogri (Vasavi), Khatalia, Kotni",vas,,vasa1239,"ambo1247, dehv1238, dogr1251, khat1247, kotn1238"
Vasave-Noiri,"Noiri, Vasavi",,"noi, vas",vasa1240,"noir1238, vasa1239"
Northern Ju,,vaj,,vase1234,
Vatrata,,vlr,,vatr1237,
Vazimba,,,,vazi1234,
Veddah,,ved,,vedd1240,
Vehes,,val,,vehe1237,
Vehicular Malay,"Baba Malay, Eastern Indonesia Trade Malay, Makassar Malay, Malaccan Creole Malay, Sri Lanka Malay",,"mbf, mfp, ccm, sci",vehi1234,"baba1267, east2743, maka1305, mala1482, sril1245"
Vemgo-Mabas,"Vemgo, Visik",vem,,vemg1240,"vemg1241, visi1243"
Venda,"Guvhu, Ilafuri, Lembetu, Manda (Venda), Mbedzi, Phani, Tavha-Tsindi",ven,,vend1245,"guvh1238, ilaf1238, lemb1261, mand1421, mbed1238, phan1255, tavh1238"
Venezuelan Sign Language,,vsl,,vene1237,
Venetic,,xve,,vene1257,
Venetian,"Bisiacco, Istrian, Talian (Brazilian Veneto), Trentine, Triestine, Venetian Proper",vec,,vene1258,"bisi1243, istr1246, tali1266, tret1239, trie1242, vene1259"
Venezuelan Cariban,"Mapoyo-Tamanaku, Pemong-Panare",,,vene1261,"mapo1244, pemo1246"
Vengo,,bav,,veng1238,
Ventureño,,veo,,vent1242,
Veps,"Central Veps, Prionezh, Southern Veps",vep,,veps1250,"cent1812, prio1238, sout2680"
Vera'a,"Leon, Pak (Vatrata), Sasar",vra,,vera1241,"leon1252, pakk1241, sasa1250"
Vere-Gimme,"Koma Alantika, Vere",,,vere1249,"koma1268, vere1250"
Vere,"Koma Ndera, Mom Jango, Northern Alantika Vere, Vere Kaadam",,"kmy, ver",vere1250,"koma1266, momj1237, nort3260, vere1252"
Vere Kaadam,"Momi Yadim, Momi Bati, Vokba, Wommu",,,vere1252,"momi1241, momi1243, vokb1234, womm1234"
Viceitic,"Bribri, Cabécar",,"bzd, cjp",vice1244,"brib1243, cabe1245"
Victorian Pama-Nyungan,"Eastern Victoria, Kulin-Bunganditj, Lower Murray",,,vict1234,"east2706, kuli1256, lowe1401"
Vidunda,,vid,,vidu1238,
Vidunda-Sagala,"Sagala, Vidunda",,"sbm, vid",vidu1239,"saga1256, vidu1238"
Viemo,,vig,,viem1243,
Vietic,"Chutic, Cuoi, Viet-Muong",,,viet1250,"chut1252, cuoi1242, viet1251"
Viet-Muong,"Muongic, Vietnamese",,vie,viet1251,"muon1245, viet1252"
Vietnamese,"Central Vietnamese, Northern Vietnamese, Southern Vietnamese",vie,,viet1252,"cent1988, nort2683, sout2687"
Vietnamese Sign,"Haiphong Sign Language, Hanoi Sign Language, Ho Chi Minh City Sign Language",,"haf, hab, hos",viet1253,"haip1238, hano1243, hoch1237"
Cuvette,"Mongoic, Nkutsuic",,,vieu1234,"mong1351, nkut1239"
Vilela,,vil,,vile1241,
Vili,"Coastal Vili, Yoombi-Congo",vif,,vili1238,"coas1328, yoom1238"
Vili of Ngounie,,,,vili1239,
Vilic,"Lumbuic, Vili",,vif,vili1240,"lumb1251, vili1238"
Villa Viciosa Agta,,dyg,,vill1242,
Vincentian Creole English,,svc,,vinc1243,
Vincent-Grenadian Creole,"Grenada-Tobago Creole, Vincentian Creole English",,svc,vinc1244,"gren1248, vinc1243"
Neve'ei,Winiv (Vinmavis),vnm,,vinm1237,wini1242
Vinza,,vin,,vinz1238,
Virgin Islands Creole English,,vic,,virg1240,
Vishavan,,vis,,vish1243,
Viti,,vit,,viti1241,
Vitiaz linkage,"Bel-Roinji-Nenaya, Korap linkage, Maleu-Kilenge, Mbula, Mengenic, Sio, Southwest New Britain linkage, Tami",,"mgl, mna, xsi, tmy",viti1243,"belr1234, kora1297, male1289, mbul1263, meng1266, sioo1240, sout2874, tami1290"
Vitou,,vto,,vito1235,
Vivti,,,,vivt1234,
Viwa-Lomaiviti-East Viti Levu,"Fijian, Lomaiviti",,"fij, lmv",viwa1234,"fiji1243, loma1261"
Vlaamse Gebarentaal,,vgt,,vlaa1235,
Western Flemish,"Frans-Westhoek Vlaams, Frans Vlaams, Westhoek, Westvlaams, Continental West Flemish, Northern Maritime West Flemish, Western Maritime West Flemish",vls,,vlaa1240,"fran1265, fran1271, west2908, west2365, cont1247, nort3309, west2909"
Vlax Romani,"Northern Vlax, Cerhari, Churari, Ghagar of Egypt, Kalderash, Lovari, Machvano, Southern Vlax, Gurbet-Dzambazi, North Albanian Vlax, Serbo-Bosnian Vlax, South Albanian Vlax, Xoraxane, Kalpazea-Filipidzía-Xandurja, Valachia-Muntenia-Northeastern Bulgaria, Sedentary Romania, Sedentary Bulgaria, Southeastern Ukraine Vlax",rmy,,vlax1238,"cent1980, cerh1234, chur1254, ghag1238, kald1238, lova1240, mach1262, sout2658, dzam1241, nort2654, roma1241, sout2656, zagu1235, grek1238, iron1243, sede1246, sede1247, ukra1255"
Voh-Kone,"Bwatooic, Hmwaveke, Vamale, Waamwang",,"mrk, mkt, wmn",vohk1234,"bwat1242, hmwa1243, vama1243, waam1236"
Voh-Kone-Cem-Pac,"Cem-Pac, Voh-Kone",,,vohk1236,"cemp1235, vohk1234"
Volapük,,vol,,vola1234,
Volta-Congo,"Benue-Congo, Ega, Kwa Volta-Congo, North Volta-Congo, Unclassified Volta-Congo",,ega,volt1241,"benu1247, egaa1242, kwav1236, nort3149, unun9902"
Vono,,kch,,vono1238,
Voric,"Rishiwa, Vori",,"rsw, sde",vori1234,"rish1234, suru1258"
Voro,,vor,,voro1240,
Votic,"East Vod, Krevin, West Vod, Kattila, Lower Luga Votic, Northeastern Coastal Estonian",vot,zkv,voti1245,"east2327, krev1234, west2391, katt1234, lowe1443, nort2406"
Votic Chibchan,"Huetar, Maléku Jaíka, Rama",,"gut, rma",voti1248,"huet1235, male1297, rama1270"
Vumbu,,vum,,vumb1238,
Vunapu,,vnp,,vuna1239,
Vunjo,"Lema, Mamba, Marangu, Mwika (Vunjo)",vun,,vunj1238,"lema1242, mamb1298, mara1391, mwik1238"
Vurës,"Mwesen, Nuclear Vures, Vetumboso",msn,,vure1239,"mwes1235, nucl1481, vetu1237"
Vute,"Bute Bamnyo, Kumbere, Nduvum, Ngoro, Nudoo, Nugane, Nujum, Vute Mbanjo",vut,,vute1244,"bute1243, kumb1273, nduv1238, ngor1243, nudo1238, nuga1239, nuju1238, vute1245"
Vute-Wawa,"Vute, Wawa",,"vut, www",vute1246,"vute1244, wawa1246"
Vutic,"Somyev, Tep, Vute-Wawa",,kgt,vuti1235,"somy1238, tepp1235, vute1246"
Vwanji,,wbi,,vwan1235,
Nuclear Waic,"Lavia-Awalai-Damangnuo Awa, Zhenkang Wa, South Wa, Xiyun Va",,"vwa, wbm, prk",waaa1245,"awac1238, nucl1290, para1301, xiyu1235"
Waamwang,,wmn,,waam1236,
Waama,"Nuclear Waama, Tangamma",wwa,,waam1244,"nucl1367, tang1342"
Waama-Tayari-Ditammari,"Tayari-Ditammari, Waama",,wwa,waam1245,"taya1258, waam1244"
Waata,,ssn,,waat1238,
Wab,,wab,,wabb1237,
Wabo,,wbb,,wabo1240,
Waboda,,kmx,,wabo1241,
Waci Gbe,"Vo, Waci, Wance, Wundi",wci,,waci1239,"vooo1238, waci1240, wanc1240, wund1239"
Wadaginam,,wdg,,wada1263,
Waddar,,wbq,,wadd1237,
Wadiyara Koli,"Hasoria Bhil, Hasoria Koli, Mewasi, Nairya Koli, Nuclear Wadiyara Koli, Rardro Bhil, Tharadari Koli, Tharadari Bhil",kxp,,wadi1248,"haso1241, haso1242, mewa1248, nair1238, nucl1280, rard1238, thar1276, thar1277"
Wadjiginy,Pungupungu,wdj,,wadj1254,pung1239
Wadjigu,"Ganulu, Gayiri, Wadja",wdu,,wadj1255,"ganu1234, gayi1238, wadj1256"
Wa'ema,,wag,,waem1237,
Kolor,,wrx,,waer1237,
Waerana-Razong,"Rajong, Kolor",,"rjg, wrx",waer1238,"rajo1237, waer1237"
Waffa,,waj,,waff1241,
Maranunggu-Ame-Manda,"Ame-Manda, Maranunggu",,zmr,waga1259,"amem1235, mara1386"
Wagaya,,wga,,waga1260,
Wagawaga (Retired),,wgw,,waga1262,
Wagawaga,"Gamadoudou, Nuclear Wagawaga",wgb,,waga1268,"gama1252, nucl1501"
Wagdi,"Adivasi Wagdi, Kherwara, Sagwara",wbr,,wagd1238,"adiv1238, kher1243, sagw1238"
Wageman,,waq,,wage1238,
Ottilien,"Borei, Bosngun-Awar, Watam-Kaian",,gai,wagg1235,"bore1247, bosn1247, wata1252"
Wagi (Papua New Guinea),,fad,,wagi1249,
Wagu,,,,wagu1234,
Eastern Lowland Kenyah,Uma Timai,whk,,waha1238,umat1247
Wahau Kayan,,whu,,waha1239,
Wahgic,"Nii, North Wahgi, Wahgi",,"nii, whg, wgi",wahg1249,"niii1240, nort2921, nucl1620"
Waic,"Bulangic, Wa-Lawa",,,waic1245,"bula1260, wala1271"
Nuristani Kalasha,"Chima-Nishey, Warjan, Zemiaki",wbk,,waig1243,"chim1297, varj1239, zemi1238"
Waigeo,"Metnyo, Metsam",wgo,,waig1244,"metn1237, mets1238"
Nuristani Kalasha-Tregami,"Tregami, Nuristani Kalasha",,"trm, wbk",waig1246,"treg1243, waig1243"
Ale,,wlr,,wail1242,
Eel River Athabaskan,"Lassik, Nongatl, Sinkyone, Wailaki",wlk,,wail1244,"lass1240, nong1249, sink1245, wail1245"
Waima,"Nuclear Waima, Paitana, Roro",rro,,waim1251,"nucl1507, pait1245, roro1238"
Waima'a,,wmh,,waim1252,
Waimiri-Atroari,"Atruahí, Jawaperi, Waimiri",atr,,waim1253,"atru1239, jawa1240, waim1254"
Waimaha,"Eastern Waimaha, Inambú Bará, Tiquié Pokangá, Western Waimaha",bao,,waim1255,"east2560, pamo1254, poka1242, west3014"
Waina-Punda,"Sowanda, Umeda-Punda",,"sow, upi",wain1248,"sowa1245, umed1238"
Waioli,,wli,,waio1238,
Waiwai,"Katawian, Tunayana",waw,,waiw1244,"kata1269, tuna1234"
Waiwaian,"Hixkaryána, Waiwai",,"hix, waw",waiw1245,"hixk1239, waiw1244"
Wajarri,,wbv,,waja1257,
Waja,"Deruwo, Wajan Kasa",wja,,waja1259,"deru1238, nucl1370"
Wakawaka,"Duungidjawu, Wagawaga (Australia)",wkw,,waka1274,"duun1241, waga1261"
Waka,,wav,,waka1275,
Wakashan,"Northern Wakashan, Southern Wakashan",,,waka1280,"nort2964, sout2981"
Wakabunga,,wwb,,waka1282,
Waka-Kabic,"Eastern Waka-Kabic, Western Waka-Kabic",,,waka1283,"east2717, west2808"
Waka-Yendang-Teme,"Teme, Waka-Yandang",,tdo,waka1284,"teme1252, waka1285"
Waka-Yandang,"Waka, Yendang",,"wav, ynq",waka1285,"waka1275, yend1241"
Wakde,,wkd,,wakd1237,
Wakhi,"Central Wakhi, Eastern Wakhi, Gojal, Ishkoman, Western Wakhi, Yarkhun, Yasin (Indo-European)",wbl,,wakh1245,"cent1975, east2306, goja1238, ishk1245, west2370, yark1238, yasi1244"
Wakoná,,waf,,wako1235,
Walangama,,nlw,,wala1263,
Wala,,lgl,,wala1266,
Walak,,wlw,,wala1269,
Wa-Lawa,"Lawa, Nuclear Waic",,,wala1271,"lawa1256, waaa1245"
Walakic,"Upper Grand Valley Dani, Walak",,"dna, wlw",wala1275,"uppe1430, wala1269"
Waling,,wly,,wali1261,
Wali (Sudan),,wll,,wali1262,
Wali (Ghana),"'Bulengee, Cherii, 'Dolimi, Fufula, Yeri Waali",wlx,,wali1263,"bule1242, cher1272, doli1238, fufu1238, yeri1239"
Walioic,"Pai-Sinen-Walio, Tuwari, Yawiyo",,"tww, ybx",wali1264,"pais1239, tuwa1242, yawi1238"
Northeast Sahaptin,,waa,,wall1238,
Walloon,"Central Walloon, Eastern Walloon, Southern Walloon, Western Walloon",wln,,wall1255,"cent1960, east2277, sout2613, west2344"
East Uvean,,wls,,wall1257,
Walmajarri-Juwaliny,"Juwaliny, Walmajarri",wmt,,walm1241,"djuw1238, walm1242"
Walo Kumbe Dogon,,dwl,,walo1239,
Walser,,wae,,wals1238,
Walungge,,ola,,walu1241,
Wamas,,wmc,,wama1247,
Wamas-Samosa-Murupi-Mosimo,"Mosimo, Murupi, Samosa, Wamas",,"mqv, mqw, swm, wmc",wama1249,"mosi1248, muru1273, samo1306, wama1247"
Wambule,"Bonu, Ubu",wme,,wamb1257,"bonu1238, ubuu1238"
Wambayan,"Binbinka, Wambaya-Gudanji, Gudanji, Wambaya",wmb,,wamb1258,"binb1242, guda1242, guda1243, nucl1328"
Wambon,"Lower Wambon, Kawagit, Kenondik-Niop, Kenyam-Kewam, Kenyam-Ujung, Upper Wambon",wms,,wamb1259,"lowe1455, kawa1295, keno1235, keny1284, keny1285, uppe1476"
Wamey,,cou,,wame1240,
Wamin,,wmi,,wami1239,
Wampar,,lbq,,wamp1247,
Wampur,,waz,,wamp1248,
Wampanoag,,wam,,wamp1249,
Wampano,"Naugatuck, Quiripi, Unquachog",qyp,,wamp1250,"naug1234, quir1246, unqu1234"
Wanap,,wnp,,wana1268,
Mokati,,wnb,,wana1269,
Kotiria-Piratapuyo,"Kotiria, Piratapuyic",,gvc,wana1272,"guan1269, pira1255"
Wanam Yelmek,,,,wana1273,
Wancho Naga,"Khã, Lower Wancho, Bor Muthun, Changnoi, Horu Muthun, Kulung Muthun, Upper Wanchoic, Chuyo-Gaqkat, Upper Wancho",nnp,,wanc1238,"khaa1234, lowe1467, borm1238, chan1314, horu1240, kulu1254, uppe1487, chuy1234, uppe1488"
Wanchoic,"Chen Naga, Wancho Naga",,"nqq, nnp",wanc1241,"chen1271, wanc1238"
Wandarang,,wnd,,wand1263,
Wanda,Sichela,wbh,,wand1264,sich1239
Wandji,,wdd,,wand1266,
Wandamen,"Aibondeni, Ambumi, Bintuni, Dasener, Wamesa, Wasior, Windesi",wad,,wand1267,"aibo1237, ambu1244, bint1244, dase1237, wame1241, wasi1244, wind1244"
Wandala,"Gamargu, Gwanje, Jampalam, Kamburwama, Kirawa, Masfeima, Mazagwa, Mura, Nuclear Wandala, Ziogba",mfi,,wand1278,"gama1258, gwan1267, jamp1241, kamb1315, kira1252, masf1235, maza1303, mura1277, nucl1682, ziog1238"
Wandala-Malgwa-Glavda,"Glavda, Wandala-Malgwa",,glw,wand1280,"glav1244, wand1281"
Wandala-Malgwa,"Malgwa, Wandala",,mfi,wand1281,"malg1251, wand1278"
Waneci,,wne,,wane1241,
Wané,,hwa,,wane1242,
Wanggamala,,wnm,,wang1289,
Wangganguru,"Eastern Wangganguru, Marlu-papu-nganha, Mikiri-nganha",wgg,,wang1290,"east2873, marl1234, miki1244"
Ngiyambaa,"Wangaaybuwan, Wayilwan",wyb,,wang1291,"wang1292, wayi1238"
Wanga,,lwg,,wang1294,
Wanggom,,wng,,wang1299,
Wangkatja-Tjarra,"Pintiini, Tjarra",,pti,wang1300,"pint1251, tjar1234"
Wanham-Wari-Oro Win,"Wanyam, Wari-Oro Win",,,wanh1234,"wany1246, wari1267"
Wanib Sign Language,,,,wani1243,
Wanji-Sangu,"Sangu (Tanzania), Vwanji",,"sbp, wbi",wanj1243,"sang1330, vwan1235"
Wanman,,wbt,,wanm1242,
Wan-Mwan,"Mwan, Wan",,"moa, wan",wanm1243,"mwan1250, wann1242"
Wannu,,jub,,wann1241,
Wan,"Kemu, Miamu",wan,,wann1242,"kemu1238, miam1251"
Wano,"Eastern Wano, Acodi, Dumo, Kiagai, Western Wano, Mbowid, Puduk",wno,,wano1243,"east2809, acod1234, dumo1239, kiag1234, west2885, mbow1247, pudu1234"
Wantoatic,"Tuma-Irumu, Wantoat-Awara",,iou,want1251,"tuma1250, want1253"
Wantoat,"Bam, Central Wantoat, Wapu, Yagawak",wnc,,want1252,"bamm1240, cent2111, wapu1240, yaga1259"
Wantoat-Awara,"Awara, Wantoat",,"awx, wnc",want1253,"awar1248, want1252"
Wanukaka,"Nuclear Wanukaka, Rua",wnk,,wanu1241,"nucl1520, ruaa1237"
Wanyam,,,,wany1246,
Wanyi,,wny,,wany1247,
Waorani,,auc,,waor1240,
Wapan,"Nyifon, Wukan",juk,,wapa1235,"nyif1234, wuka1238"
Wapei-Palei,"Central Torricelli, Wanap, West Palai",,wnp,wape1249,"cent2407, wana1268, west2788"
Wapeic,"Au-Olo-Elkei, Galu-Alu, Minidien, Nabi-Metan, Ningil-Yil, Yau-Yis",,"wii, mty",wape1250,"auol1234, galu1240, mini1253, nabi1239, ning1276, yauy1236"
Wãpha,,juw,,waph1238,
Wapishanan,"Aroaqui, Parauana, Unclassified Wapishanan, Wapishana-Atorai",,,wapi1252,"aroa1234, para1324, uncl1522, wapi1254"
Wapishana,"Amariba, Atorai",wap,,wapi1253,"amar1241, ator1243"
Wapishana-Atorai,"Atorada, Wapishana",,"aox, wap",wapi1254,"ator1244, wapi1253"
Wappo,,wao,,wapp1239,
Warray,,wrz,,wara1290,
Samue,"Faniagara, Negueni-Klani, Ouatourou-Niasogoni, Soulani",wbf,,wara1292,"fani1245, negu1238, ouat1238, soul1238"
Eastern Tonda,"Kánchá, Anta-Komnzo-Wára-Wérè-Kémä",,"pep, tci",wara1293,"kunj1246, wara1294"
Anta-Komnzo-Wára-Wérè-Kémä,"Anta, Kémä, Kómnjo, Wára, Wèré",tci,,wara1294,"anta1254, kama1361, komn1238, wara1295, were1243"
Waray Sorsogon,,srv,,wara1299,
Waray (Philippines),"Northern Samar, Samar-Leyte, Waray",war,,wara1300,"nort2882, sama1301, wara1247"
Bauni,"Barapu-Warapu, Pou",bpe,,wara1302,"bara1405, pouu1234"
Warao,"Guyanese Warao, Venezuelan Warao",wba,,wara1303,"guya1255, vene1264"
Warayan,"Samar-Waray, Waray Sorsogon",,srv,wara1304,"sama1315, wara1299"
Warazu-Sirionoid,"Warázu, Sirionoid",,psm,wara1305,"paus1244, siri1279"
Warduji,,wrd,,ward1243,
Wardaman,,wrr,,ward1246,
Ware,,wre,,ware1252,
Warembori,,wsa,,ware1253,
Wares,,wai,,ware1254,
Warekena do San Miguel,"Warekena Velha do Xie, Warekena Velha do Guinia",,,ware1255,"ware1258, ware1259"
Cassiquiare,"Mandahuaca, Warekena do San Miguel",,mht,ware1256,"mand1448, ware1255"
Wariyangga,,wri,,wari1262,
Waritai,,wbe,,wari1264,
Warisic,"Amanab, Nuclear Warisic",,amn,wari1265,"aman1265, nucl1773"
Waris,,wrs,,wari1266,
Wari-Oro Win,"Oro Win, Wari'",,"orw, pav",wari1267,"orow1243, wari1268"
Wari',,pav,,wari1268,
Waric,"Urupa-Yaru, Wanham-Wari-Oro Win",,,wari1269,"urup1244, wanh1234"
Wariyangga-Dhargari,"Dhargari, Wariyangga",,"dhr, wri",wari1270,"dhar1247, wari1262"
War-Jaintia,"Nuclear War-Jaintia, War-Khasi",aml,,warj1242,"nucl1292, wark1246"
Warji-Gala,"Gala, Warji",wji,,warj1253,"gala1263, warj1256"
Central West Chadic B.2,"Miya, Warji-Gala-Kariya",,mkf,warj1254,"miya1266, warj1255"
Warji-Gala-Kariya,"Kariya, Warji-Gala",,"kil, wji",warj1255,"kari1316, warj1253"
Warkay-Bipim,,bgv,,wark1247,
Warlpiri,"Central-northern Warlpiri, Hansen River Warlpiri, Lander River Warlpiri, North-western Warlpiri, South-western Warlpiri, Southern Warlpiri, Western Warlpiri",wbp,,warl1254,"cent2015, hans1242, land1255, nort2753, sout2761, sout2762, west2437"
Warlmanpa,,wrl,,warl1255,
Warluwara,,wrb,,warl1256,
Warlpiri-Kriol,Light Warlpiri,,,warl1257,ligh1234
Warnang,,wrn,,warn1244,
Warnman-Wangka,"Martu Wangka, Wanman",,"mpj, wbt",warn1245,"mart1256, wanm1242"
Waropen,"Mo'or, Napan, Waropen Kai",wrp,,waro1242,"moor1246, napa1243, waro1243"
Warrgamay,,wgy,,warr1255,
Warrnambool-Bunganditj,"Bunganditj, Warrnambool",,"xbg, gjm",warr1256,"bung1264, warr1257"
Warrnambool,"Kurnkopanut, Pikwurrung, Tjakut, Wuluwurrung",gjm,wkr,warr1257,"gund1249, pikw1234, tjak1234, wulu1244"
Warrwa,,wwr,,warr1258,
Warrayic,"Unclassified Warrayic, Uwinymil, Warray",,wrz,warr1259,"unun9891, uwin1234, wara1290"
Warungu-Gugu Badhun,"Gugu Badhun, Warrongo",,"gdc, wrg",waru1263,"gugu1253, waru1264"
Warrongo,,wrg,,waru1264,
Warumungu,,wrm,,waru1265,
Waru,"Lalomerui, Nuclear Waru",wru,,waru1266,"lalo1239, nucl1572"
Waruna,,wrv,,waru1267,
Warup,"Gwahatike, Nuclear Warup",,dah,waru1269,"gwah1244, nucl1777"
Wasa,"Amenfi, Fianse",wss,,wasa1244,"amen1242, fian1238"
Upper Chinook,"Clackamas, Wasco-Wishram",wac,,wasc1239,"clac1236, wasc1240"
Wasembo,,gsp,,wase1252,
Washo,,was,,wash1253,
Waskia,,wsk,,wask1241,
Wasu,,wsu,,wasu1238,
Wasulu (Retired),,,,wasu1256,
Watakataui,,wtk,,wata1251,
Watam-Kaian,"Kaian, Watam",,"kct, wax",wata1252,"kaia1245, wata1253"
Watam,,wax,,wata1253,
Wathawurrung,,wth,,wath1238,
Wati,"Martuwangkic, Pintupic, Unclassified Wati",,,wati1241,"mart1257, pint1254, unun9966"
Watut,"Middle Watut, North Watut, South Watut",,"mpl, una, mcy",watu1246,"midd1327, nort2857, sout2877"
Watubela,"Sulmelang, Tamher Timur",wah,,watu1247,"sulm1237, tamh1237"
Waurá,,wau,,waur1244,
Waura-Mehinaku,"Mehináku, Waurá",,"mmh, wau",waur1245,"mehi1240, waur1244"
Waura-Mehinaku-Kustenau,"Kustenau, Waura-Mehinaku",,,waur1246,"kust1238, waur1245"
Wauyai,,wuy,,wauy1237,
Wawu-II,,,,wavu1234,
Wawa,Gandua,www,,wawa1246,gand1257
Wawonii,"Menui, Nuclear Wawonii",wow,,wawo1239,"menu1237, nucl1570"
Waxianghua,,wxa,,waxi1236,
Wayanad Chetti,,ctt,,waya1264,
Wayana,"Rucuyen, Urucuiana",way,,waya1269,"rucu1237, uruc1241"
Wayampi,"Oiyapoque, Wajapuku",oym,,waya1270,"oiya1239, waja1261"
Wayampi-Zoe-Emerillon,"Wayampi, Zoe-Emerillon",,oym,waya1271,"waya1270, zoee1241"
Wayanaic,"Tiverighotto, Wayana",,way,waya1272,"tive1236, waya1269"
Wayoró,"Kupndiiriat, Ngwayoroiat",wyr,,wayo1238,"kupn1234, ngwa1252"
Wayoro-Tupari,"Tuparí, Wayoró",,"tpr, wyr",wayo1240,"tupa1250, wayo1238"
Wayu,,vay,,wayu1241,
Wayumara,,,,wayu1242,
Wayuu,,guc,,wayu1243,
Wedau,"Kwamana, Lavora, Topura, Yapoa",wed,,weda1241,"kwam1253, lavo1235, topu1237, yapo1246"
Wedauic,"Wedau, Yakaikeke",,"wed, ykk",weda1242,"weda1241, yaka1275"
Wee,"Konobo-Eastern Krahn, Guere-Krahn, Nyabwa, Wobe-Wè Northern",,"kqo, nwb, wob",weea1234,"east2414, guer1244, nyab1255, weno1238"
Wee-Bassa-Klao,"Bassa-Klao, Wee",,,weeb1234,"bass1266, weea1234"
Weh,,weh,,wehh1238,
Wewewa,"Lauli, Laura, Mbukambero, Nuclear Laura, Tana Righu, Ve Luri, Wai Bangga, Weyewa",wew,lur,weje1237,"laul1237, laur1249, mbuk1241, nucl1519, tana1282, velu1239, waib1245, weye1237"
Welaung,,weu,,wela1234,
Welaun,"Leohito, Raiulun",wlh,,wela1235,"leoh1234, raiu1234"
Weliki,,klh,,weli1239,
Welsh Romani,,rmw,,wels1246,
Welsh,"Northern Welsh, Patagonian Welsh, Southern Welsh",cym,,wels1247,"nort2668, pata1258, sout2673"
Weme Gbe,,wem,,weme1239,
Wenma-Southwestern Tai,"Cao Lan, Dai Zhuang, Sapa-Southwestern Tai, Tày, Ts'ün-Lao",,"mlc, zhd, tyz, tsl",wenm1239,"caol1238, daiz1235, sapa1255, tayy1238, tsun1242"
Wobe-Wè Northern,"Péomé, Sémien, Tao",wob,,weno1238,"peom1238, semi1261, taoo1239"
Wenro,,,,wenr1236,
Were,,wei,,were1244,
Weri,"Biaru-Waria, Ono (weri), Sim",wer,,weri1253,"biar1240, onoo1247, simm1238"
Weric,"Amam, Weri",,wer,weri1254,"amam1246, weri1253"
Wersing,"Kolana, Langkuru, Maneta",kvw,,wers1238,"kola1287, lang1327, mane1265"
Wè Southern,"Beu, Fleo, Gboo, Neao, Nyeo, Zaa, Zagne, Zagna, Zibiao",gxx,,weso1238,"beuu1238, fleo1238, gboo1246, neao1241, nyeo1239, zaaa1238, zagn1241, zagn1242, zibi1242"
West Kipchak,"Crimean Tatar-Urum, Karaim, Kaukasus Kipchak",,kdr,west1472,"crim1256, kara1464, kauk1241"
Samarokena-Airoran,"Airoran, Samarokena",,"air, tmj",west1486,"airo1242, sama1240"
West Katuic,"Brou-So, Kuy-Souei",,,west1492,"brou1236, kuys1235"
West Bird's Head,"Seget-Moi, South West Bird's Head",,,west1493,"sege1236, sout1499"
Western Tasmanian,"Port Sorell, Western Coastal Tasmanian",,xpl,west1503,"port1278, west2205"
Western Lalu,,ywl,,west1506,
Western Mashan Hmong,,hmw,,west1507,
Western Ojibwa,,ojw,,west1510,
Ozumatlán Totonac,,tqt,,west1511,
Western Coastal Tasmanian,"Northwestern Tasmanian, Southwestern Tasmanian",,"xpw, xpx",west2205,"nort3415, sout3391"
Western Frisian,"Klaaifrysk, Súdhoeksk, Wâldfrysk",fry,,west2354,"klaa1238, sudh1238, wald1238"
Westphalic,"Achterhoeks, Drents, North Drente, South Drente, Münsterlandisch, Ostwestfalisch, Sallands, Stellingwerfs, Südwestfalisch, Twents, Urkers, Veluws, East Veluws, North Veluws, Westmünsterlandisch",wep,"act, drt, sdz, stl, twd, vel",west2356,"acht1238, dren1238, nort2629, sout2628, muns1252, ostw1234, sall1238, stel1238, sudw1234, twen1241, urke1234, velu1238, east2294, nort2630, west2906"
West Low German,"Eastphalian, North Low Saxon, Westphalic",,wep,west2357,"east2290, ostf1234, west2356"
Western Yiddish,"Midwestern Yiddish, Northwestern Yiddish, Southwestern Yiddish",yih,,west2361,"midw1242, nort2631, sout2629"
Western Balochi,"Afghanistan Balochi, Iranshahr Balochi, Kalati Balochi, Panjguri, Rakhshani, Sarawani, Sarhaddi Balochi, Sistani Balochi, Turkmenistan Balochi",bgn,,west2368,"afgh1241, iran1270, kala1413, panj1260, rakh1244, sara1309, sarh1234, sist1234, turk1312"
Western Farsi,"Central Persian, Esfahani, Kermani Persian, Eastern Persian, Khorasan Persian, Birjandi, Damghani Persian, Ferdosi, Gonabadi, Kashmari, Mashhadi Persian, Neyshaburi, Qayini Persian, Quchani, Sabzevari, Shahrudi Persian, Taybadi, Torbate Haydariei, Torbate Jami, Sistani Persian, Northern Persian, Araki (Iran), Gorgani Persian, Karbalai, Kermanshahi Persian, Ketabi (Literary), Mahalati, Malayeri, Perso-Tabaric, Damavandi, Lower Jajrudi, Shemiran, Taleqan-Karaj, Qazvini Persian, Qomi Persian, Savei, Tehrani, Southern Persian, Bandari, Bandar Abbasi, Hajiab, Khamiri, Lengei, Qeshmi, Bushehri, Bahraini, Dashtestani, Dashti, Jami, Nuclear Bushehri, Tangestani, Fars Persian, Abadei, Basseri, Jahromi, Kazeruni, Old Shirazi, Shirazi, Khuzestani, Abadani, Ahvazi, Behbahani, Ramhormozi",pes,,west2369,"cent2390, esfa1238, kerm1247, east2871, khor1275, birj1234, damg1234, ferd1234, gona1234, kash1284, mash1274, neys1234, qayi1234, quch1234, sabz1234, shah1265, tayb1243, torb1234, torb1235, sist1235, nort3386, arak1251, gorg1241, karb1243, kerm1248, keta1242, maha1312, mala1553, qazv1239, dama1279, lowe1449, shem1240, tale1240, qazv1241, qomi1234, save1234, tehr1242, sout3360, band1335, band1360, haji1237, kham1302, leng1265, qesh1234, bush1252, bahr1248, dash1239, dash1240, jami1237, nucl1805, tang1382, fars1256, abad1242, bass1257, jahr1234, kaze1234, olds1251, shir1258, khuz1234, abad1243, ahva1234, behb1234, ramh1234"
Western Kamta,"Rajbanshi, Surjapuri",,"rjs, sjp",west2382,"rajb1243, surj1235"
Western Panjabi,"Dhanni, Jatki, Shahpuri",pnb,,west2386,"dhan1272, jatk1238, shah1266"
Western Pashayi,"Northwest Pashayi, Southwest Pashayi",,"glh, psh",west2387,"nort2665, sout2671"
Western Saami,"Central Western Saami, Southwestern Saami",,,west2390,"cent2240, sout3150"
Western Mari,"Kozymodemyan, Yaran",mrj,,west2392,"kozy1238, yara1249"
Western Pearic,"Central Chong, Chong of Chanthaburi, Somray of Battambang-Somre of Siem Reap, Southern Chong",,"cog, smu",west2394,"cent2314, chon1284, somr1240, sout2684"
Western Lawa,La-Oor,lcp,,west2396,laoo1243
Western Bru,,brv,,west2397,
Western Katu,,kuf,,west2398,
West Bahnaric,"Alak, Lawi, Nuclear West Bahnaric, South Bahnaric, Tampuon-Bahnar, Triengic",,"alk, lvi",west2399,"alak1253, lawi1235, nucl1299, sout2690, tamp1256, trie1245"
West Yugur,,ybe,,west2402,
West Oghuz,"Rumelian Turkish, Gagauz, Turkish",,"bgx, gag, tur",west2406,"balk1254, gaga1249, nucl1301"
Western Muria,"Banchapai, Dhanora, Sonapal",mut,,west2408,"banc1237, dhan1269, sona1242"
Western Kayah,,kyu,,west2409,
Western Tamang,"Northwestern, Rasuwa, Southwestern, Trisuli",tdg,,west2415,"nort2711, rasu1238, sout2717, tris1240"
Western Muya,"Northwestern Minyag, Southwestern Minyag",wmg,,west2417,"nort3389, sout3361"
Western Magar,,mrd,,west2418,
Western Parbate Kham,"Lukumel, Takale, Thabanggi, Wale (Nepal)",kjl,,west2420,"luku1238, taka1261, thab1238, wale1244"
Western Meohang,"Bala, Bumdemba",raf,,west2422,"bala1299, bumd1238"
Western Kiranti,"Chaurasiya, Northwestern Kiranti, Thulung, Tilung, Upper Dudhkosi",,"tdh, tij",west2424,"chau1260, nort2730, thul1246, tilu1238, uppe1413"
Western Samur,"Rutul, Tsakhur",,"rut, tkr",west2428,"rutu1240, tsak1249"
West Tsezic,"Tsez, Hinuq, Khwarshi-Inkhoqwari",,"ddo, gin, khv",west2429,"dido1241, hinu1240, khva1239"
Western Xiangxi Miao,,mmr,,west2430,
Western Gunwinyguan,"Jawoyn, Warrayic",,djn,west2432,"djau1244, warr1259"
Western Daly,"Bringen, Maranunggu-Ame-Manda",,,west2434,"brin1245, waga1259"
Western Worrorran,"Umiida-Unggarangu, Unggumi, Winjarumi, Worrorra",unp,"xgu, wro",west2435,"umii1235, ungg1243, winj1235, worr1237"
Western Central Karnic,"Pirlatapa-Dieric, Yandruwandhic",,,west2438,"pirl1239, yand1252"
Western Dhuwal-Dhuwala,"Dhuwal, Gumatj",,"duj, gnn",west2439,"dhuw1249, guma1253"
Western-Inland Yolngu,"Djinba, Djinang",,"djb, dji",west2440,"djin1252, djin1253"
Western Arrarnta,"Akerre, Pertame, Tyuretye Arrernte",are,,west2441,"aker1238, pert1234, tyur1234"
Western Victoria,"Djadjawurrungic, Djabwurrung, Wergaia, Ladji Ladji, Madhi Madhi, Nari Nari, Wadi Wadi, Wembawembic, Barababaraba, Wemba Wemba, Wotjobaluk",,"llj, dmd, rnr, xwd, xwt",west2443,"djad1246, djab1234, werg1234, ladj1234, madh1244, nari1241, wadi1260, wemb1242, bara1404, wemb1241, wotj1234"
West Mao,"Ganza, Hozo-Seze",,gza,west2445,"ganz1246, hozo1235"
Western Ijo,"Inland Ijo, Izon",,ijc,west2446,"inla1259, izon1238"
West-Central Limba,"Central, Western Limba",lia,,west2450,"cent2017, west2451"
Western Niger Fulfulde,"Barani, Barkoundouba, Bitinkoore, Bogandé, Dallol, Fada Ngurma, Gourmantche, Jelgoore, Liptaakoore, Ouhiguyua, Seeba-Yaga, Sokoto",fuh,,west2454,"bara1358, bark1244, biti1244, boga1246, dall1239, fada1249, gour1242, jelg1238, lipt1238, ouhi1238, seeb1238, soko1247"
Western Xwla Gbe,,xwl,,west2456,
West Central Banda,"Dakpa, Gbaga-Nord, Gbi, Vita, Wojo",bbp,,west2458,"dakp1243, gbag1254, gbii1241, vita1238, wojo1239"
Oti-Volta Occidental,"Notre, Nuclear Oti-Volta Occidental",,bly,west2461,"notr1240, nucl1748"
Western Sisaala,,ssl,,west2465,
Western Karaboro,"Syer, Tenyer",kza,,west2466,"syer1236, teny1243"
West Ogonoid,"Baan, Eleme",,"bvj, elm",west2469,"baan1241, elem1253"
Western Kru,"Grebo-Aizi, Wee-Bassa-Klao",,,west2485,"greb1258, weeb1234"
Western Krahn,"Biai, Gbaeson, Gbarbo, Gbo (Western Krahn), Gborbo, Kpeaply, Pewa, Plo",krw,,west2488,"biai1238, gbae1238, gbar1247, gboo1245, gbor1242, kpea1238, pewa1238, ploo1238"
Western Bete,"Daloa Bété, Godié, Guiberoua Béte",,"bev, god, bet",west2489,"dalo1238, godi1239, guib1246"
Western Nilotic,"Burun, Dinka-Nuer, Lwoo",,,west2493,"buru1328, dink1261, lwoo1234"
West Manding,"Kita-Kagoro, Mandinka, Xasonka",,mnk,west2499,"kita1248, mand1436, xaso1239"
Western Maninkakan,"Kenieba Maninka, Nyoxolonkan",mlq,,west2500,"keni1246, nyox1238"
Western Dajuic,"Dar Daju Daju, Dar Sila Daju, Njalgulgule, Nyala Dajuic",,"djc, dau, njl",west2501,"dard1243, dars1235, njal1239, nyal1252"
West-Central Heibanic,"Central Heibanic, Shwai, Western Heibanic",,shw,west2502,"cent2049, shwa1239, west2503"
Western Heibanic,"Moro, Tira",,"mor, tic",west2503,"moro1285, tira1254"
Western Saharan,"Kanuri-Kanembu, Tebu",,,west2505,"kanu1279, tebu1238"
West-Kxoe,"Kxoe-Ani, Naro-Ana",,,west2506,"kxoe1242, naro1248"
Western Plains Dogon,"Tengou-Togo Dogon, Tomo Kan Dogon",,"dtk, dtm",west2508,"tene1248, tomo1243"
West Ambae,"Nduindui, Walaha",nnd,,west2513,"ndui1237, wala1268"
West Uvean,,uve,,west2516,
Western Fijian,"Namosi-Naitasiri-Serua, Western Viti Levu-Yasawas Fijian",,"bwb, wyy",west2518,"namo1248, west2519"
Western Viti Levu-Yasawas Fijian,"Nadrogaa, Northwest Viti Levu, Waya (Western Fijian)",wyy,,west2519,"nadr1235, nucl1487, waya1268"
West Santa Isabel,"Laghu, Zabana",,"lgb, kji",west2523,"lagh1246, zaba1237"
West Arawe,"Aiklep, Apalik, Gimi (West New Britain), Solong",,"mwg, apo, gip, aaw",west2530,"aikl1237, apal1255, gimi1242, solo1258"
Western Admiralty Islands,"Anchorite, Seimat, Wuvulu-Aua",,"ssg, wuv",west2532,"anch1239, seim1238, wuvu1239"
West Manus,"West Manus I, West Manus II",,,west2533,"west2848, west2849"
West Masela,,mss,,west2535,
West Tarangan,"North Central Tarangan, Southwestern Tarangan",txn,,west2538,"nort2861, sout2886"
West Lembata,"Labalekan, Imulolo, Lewopenutu, Lewotala, Mingar",lmj,,west2541,"laba1242, imul1234, lewo1245, lewo1246, ming1256"
Kemak-Tukudede,"Kemak, Tukudede",,"kem, tkd",west2547,"kema1243, tuku1254"
West Damar,,drn,,west2548,
West Southern Cordilleran,"Nuclear Southern Cordilleran, Pangasinan",,pag,west2550,"nucl1542, pang1290"
Western Mansakan,"Kagan-Kalagan, Tagakaulu Kalagan",,klg,west2552,"kaga1259, taga1268"
WBM-Livunganen-Ilianen,"Ilianen Manobo, Western Bukidnon Manobo",,"mbi, mbb",west2554,"ilia1236, west2555"
Western Bukidnon Manobo,"Ilentungen, Kiriyenteken, Pulangiyen",mbb,,west2555,"ilen1237, kiri1255, pula1266"
Western Subanon,Western Kolibugan,suc,,west2557,west2558
Western Tawbuid,,twb,,west2559,
West Coast Bajau,"Banggi, Kawang, Kota Belud, Papar (West Coast Bajau), Pitas Bajau, Putatan, Sandakan Bajau",bdr,,west2560,"bang1367, kawa1280, kota1276, papa1267, pita1245, puta1239, sand1274"
Western Penan-Sebop,"Sebop, Western Penan",,"sib, pne",west2562,"sebo1238, west2563"
Western Penan,"Bok Penan, Jelalong Penan, Nibong, Penan Gang, Penan Lusong, Penan Apo, Penan Lanying, Penan Silat, Sipeng",pne,,west2563,"bokp1241, jela1245, nibo1237, pena1264, pena1265, pena1266, pena1267, pena1268, sipe1237"
West Berawan,,zbw,,west2564,
Western Bungku-Tolaki,"Interior Bungku-Tolaki, West Coast Bungku-Tolaki",,,west2566,"inte1258, west2567"
West Coast Bungku-Tolaki,"Kodeoha, Rahambuu, Tolaki, Waru",,"vko, raz, lbw, wru",west2567,"kode1237, raha1237, tola1247, waru1266"
Western Saluan-Banggai,"Andio, Saluanic",,bzb,west2571,"andi1257, salu1252"
Western Plains Austronesian,"Central Western Plains, Thao",,ssf,west2572,"cent2106, thao1240"
Western Eleman,"Keoru-Ahia, Opao, Orokolo",,"xeu, opo, oro",west2573,"keor1235, opao1240, orok1267"
Western Sepik Hill,"Hewa-April River, Saniyo-Hiyewe",,sny,west2576,"hewa1240, sani1270"
West Wapei,"One, Seta, Seti",,"stf, sbi",west2580,"onee1245, seta1245, seti1248"
West Tariku,"Fayu-Kirikiri, Tause",,tad,west2582,"fayu1239, taus1252"
Western Mek,"Korapun-Bromley, Korupun-Sela, Kosarek Yale, Nalca, Nipsan",,"kpq, kkl, nlc, nps",west2585,"kora1298, koru1245, kosa1249, nalc1240, nips1240"
Western Dani,"Ilaga Dani, Mulia Dani, North Baliem Dani, Swart Valley Dani, Tinak Valley Dani, Western Dani of Pyramid, Western Dani of Bokondini, Western Dani of Tiki",dnw,,west2594,"ilag1236, muli1236, nort3397, swar1236, tina1259, west2595, west2596, west2990"
West Kewa,,kew,,west2599,
West Makian,,mqs,,west2600,
West Bomberai,"Kalamang, Nuclear West Bomberai",,kgv,west2604,"kara1499, nucl1641"
Western Pauwasi,"Dubu, Towei",,"dmu, ttn",west2611,"dubu1240, towe1240"
Western Muskogean,"Chickasaw, Choctaw",,"cic, cho",west2614,"chic1270, choc1276"
Western Apache,,apw,,west2615,
Western Canadian Inuktitut,"Inuinnaqtun, Natsilingmiutut, Siglitun",ikt,,west2618,"copp1244, nets1241, sigl1242"
Western Numic,"Mono (USA), Northern Paiute",,"mnr, pao",west2621,"mono1275, nort2954"
Western Huasteca Nahuatl,Western Huasteca Náhuatl,nhw,,west2624,west2625
Western Abenaki,,abe,,west2630,
Western Highland Purepecha,"Cheran-Tanaco-Paracho, Eleven Pueblos, Pamatácuaro, San José-Ocumicho, San Lorenzo, Tarecuato",pua,,west2631,"cher1274, elev1234, pama1256, sanj1290, sanl1251, tare1240"
Western Keres,"Acoma Keres, Laguna Keres",kjq,,west2632,"acom1246, lagu1251"
Western Miwokan,"Coast Miwok, Lake Miwok",,"csi, lmw",west2633,"coas1301, lake1258"
Akateko,,knj,,west2635,
Western Maxakali,"Capoxo, Macuni, Maxakalí",,mbl,west2636,"capo1236, macu1258, maxa1247"
Western Bolivian Guaraní,,gnw,,west2640,
Western Isthmic Chibchan,"Boruca, Teribe, Viceitic",,"brn, tfr",west2641,"boru1252, teri1250, vice1244"
Western Juxtlahuaca Mixtec,"Coicoyán, Cuevas Mixtec, San Juan Piñas, San Martín Peras",jmx,,west2643,"coic1238, cuev1239, sanj1280, sanm1291"
Western Highland Chatino,"Panixtlahuaca Chatino, San Juan Quiahije Chatino, Yaitepec Chatino",ctp,,west2644,"pani1261, sanj1283, yait1239"
West Zapotec,"Totomachapan Zapotec, West-Central West Zapotec",,zph,west2645,"toto1308, west2646"
West-Central West Zapotec,"El Alto Zapotec, Lachixío Zapotec",,"zpp, zpl",west2646,"elal1235, lach1249"
Western Cham,,cja,,west2650,
Western Tunebo,,tnb,,west2651,
Western Tera,"Jara, Tera",,"jaf, ttr",west2707,"jara1274, tera1251"
West Chadic B.1,"Duwai, Ngizim-Southwestern Bade",,dbp,west2710,"duwa1244, ngiz1243"
West Chadic B.2,"Diri, Nuclear West Chadic B.2",,dwa,west2712,"diri1259, nucl1830"
West Chadic A,"West Chadic A.4, West Chadic A.1, West Chadic A.2-3",,,west2714,"west2716, west2718, west2799"
West Chadic A.2,"Boleic, Tangalic",,,west2715,"bole1261, tang1366"
West Chadic A.4,"Fyer-Tambas, Ronic",,,west2716,"fyer1240, roni1235"
West Chadic A.3,"Goemaic, Belneng, Kofyar-Mushere-Chip, Mwaghavul, Ngas",,"glb, sur, anc",west2717,"anga1311, beln1234, kofy1243, mwag1236, ngas1240"
West Chadic A.1,"Gwandara, Hausa",,"gwn, hau",west2718,"gwan1268, haus1257"
West Rift South Cushitic,"Burunge, Northern West Rift South Cushitic",,bds,west2720,"buru1320, nort3164"
West Central Oromo,"Mecha, Tulema, Western Oromo",gaz,,west2721,"mech1243, tule1250, west2722"
Western Omo-Tana,"Arbore, Daasanach, El Molo",,"arv, dsh, elo",west2723,"arbo1245, daas1238, elmo1238"
Western Berber,"Tetserret, Zenaga",,"tez, zen",west2724,"tets1235, zena1248"
Western Neo-Aramaic,"Bakh'a, Jub-'adin, Maaloula",amw,,west2763,"bakh1251, juba1242, malu1250"
Western Jicaque,,,,west2777,
Western Durango Nahuatl,,azn,,west2778,
West Dogon,"Penangic, Tiranige Diga Dogon",,tde,west2779,"pena1272, tira1258"
Western Mande,"Manding-Kpelle, Northwestern Mande",,,west2780,"mand1431, samo1308"
Western Otomanguean,"Otopame-Chinantecan, Tlapanec-Manguean",,,west2783,"otop1241, tlap1252"
Western Tucanoan,"Koreguaje-Tama, Napo Tucanoan",,,west2784,"kore1286, napo1243"
West Chadic,"West Chadic A, West Chadic B",,,west2785,"west2714, west2790"
West Semitic,"Central Semitic, Ethiosemitic, Modern South Arabian",,,west2786,"cent2236, ethi1244, mode1252"
West Palai,"Agi-Yeri, Walman",,van,west2788,"agiy1234, valm1241"
Western Eastern Tucanoan,"Cubeo-Desano, Barasano-Eduria-Macuna",,,west2789,"cube1243, sout3006"
West Chadic B,"West Chadic B.1, West Chadic B.2, West Chadic B.3",,,west2790,"west2710, west2712, west2800"
West Palaungic,"Palaung, Riang, Rumai Palaung",,rbb,west2791,"pala1336, rian1260, ruma1248"
West Slavic,"Czech-Slovak, Lechitic, Sorbian",,,west2792,"czec1260, lech1241, sorb1249"
West Germanic,"High German, Macro-Dutch, North Sea Germanic",,,west2793,"high1289, macr1270, nort3175"
Western Huon,"Cromwell, Rawlinson",,,west2795,"crom1234, rawl1234"
Western Tani,"Apatani, Bokar-Ramo, Subansiri",,apt,west2797,"apat1240, boka1249, suba1255"
Western Kra,"Gauic, Lachic",,,west2798,"gaui1234, lach1247"
West Chadic A.2-3,"West Chadic A.2, West Chadic A.3",,,west2799,"west2715, west2717"
West Chadic B.3,"South Bauchi East, South Bauchi West",,,west2800,"sout3161, sout3162"
Western Benue-Congo Plateau,"Ninzic, Northwestern Benue-Congo Plateau, Unclassified Western Benue-Congo Plateau",,,west2801,"ninz1247, nort3184, uncl1532"
Western Gbe,"Eweic, Gen, Kpesi-Waci",,gej,west2802,"ewei1234, genn1243, kpes1239"
West Hmongic,"Bu-Nao-Bunu, Greater Chuanqiandian",,,west2803,"buna1280, grea1295"
Western South Slavic,"Kajkavian, Slavomolisano, Slovenian, Serbian-Croatian-Bosnian",,"kjv, svm, slv, hbs",west2804,"kajk1237, slav1254, slov1268, sout1528"
West Scandinavian,"Icelandic-Faroese, Norwegian, Old Norse",,"nor, non",west2805,"icel1246, norw1258, oldn1244"
Western Kordofan Nubian,"Dilling, El Hugeirat, Karko, Wali (Sudan)",,"dil, elh, kko, wll",west2807,"dill1242, elhu1238, kark1256, wali1262"
Western Waka-Kabic,"Wakawaka, Wuliwuli",,"wkw, wlu",west2808,"waka1274, wuli1242"
Western Nahuatl,"Central Nahuatl, Western Periphery-North Guerrero Nahuatl",,,west2809,"cent2258, west2814"
Western Southwestern Apachean,"Mescalero-Chiricahua Apache, Navajo, Western Apache",,"apm, nav, apw",west2810,"mesc1238, nava1243, west2615"
Western Subanen,"Kolibugan Subanon, Western Subanon",,"skn, suc",west2811,"koli1253, west2557"
Western Hindi,"Braj, Bundeli-Bharia, Haryanvi, Hindustani, Kanauji, Unclassified Western Hindi",,"bra, bgc, bjj",west2812,"braj1242, bund1252, hary1238, hind1270, kana1281, unun9883"
Western Romance,"Shifted Western Romance, Unshifted Western Romance",,,west2813,"shif1234, unsh1234"
Western Periphery-North Guerrero Nahuatl,"North Guerrero Nahuatl, Temascaltepec Nahuatl, Western Periphery Nahuatl",,nhv,west2814,"nort3202, tema1239, west2825"
Western Aramaic,"Late Palestinian Aramaic, Western Neo-Aramaic",,amw,west2815,"late1255, west2763"
Western Tano,"Abure, Beti (Côte d'Ivoire)",,"abu, eot",west2816,"abur1243, beti1248"
West Central Maluku,"Ambelau, Sula-Buru",,amv,west2817,"ambe1248, sula1247"
Western Oceanic linkage,"Meso Melanesian linkage, North New Guinea linkage, Papuan Tip linkage",,,west2818,"meso1253, nort3206, papu1253"
West Bisayan,"Aklanon, Inonhan, Kinarayan, Kuyan",,"akl, loc",west2820,"akla1240, inon1237, kina1255, kuya1251"
Western Malayic Dayak,"Kendayan-Belangin, Menterap",,knx,west2821,"kend1254, ment1251"
Western Alta Mixtec,"Northern Tlaxiaco Mixtec, Ocotepec Mixtec, Southwestern Alta Mixtec, Tlaxiacic",,"xtn, mie",west2824,"nort2985, ocot1243, sout3402, tlax1236"
Western Periphery Nahuatl,"Durango Nahuatl, Michoacán Nahuatl",,"nln, ncl",west2825,"dura1246, mich1245"
West Mbam (A.40),"Mandi-Nyokon, Tuotomb, Yambeta",,"ttf, yat",west2826,"mand1474, tuot1238, yamb1252"
Western Ede,"Kura Ede Nago, Southwestern Ede",,nqk,west2827,"kura1248, sout3187"
West Kambaric,"Western-Kambari-Cishingini, Tsikimba",,"asg, kdl",west2828,"cish1238, tsik1238"
West Manobo,"Obo Manobo, WBM-Livunganen-Ilianen",,obo,west2829,"obom1235, west2554"
Western Gujaratic,"Aer, Kachi Koli, Vaghri, Wadiyara Koli",,"aeq, gjk, vgr, kxp",west2830,"aerr1238, kach1272, vagh1246, wadi1248"
Western Rajasthani,"Bhaya, Goaria, Indus Rajasthani, Lambadi",,"bhe, gig, lmn",west2831,"bhay1238, goar1239, indu1243, lamb1269"
West Coast Mixtec,"Pinotepa Nacional Mixtec, San Juan Colorado Mixtec, Santa María Zacatepec Mixtec",,"mio, mjc, mza",west2832,"pino1237, sanj1281, sant1436"
Western Greater Luyana,"Mashi-Mbukushi, Simaaic",,,west2833,"mash1271, sima1262"
Western Botatwe,"Machili, Zambezi Hook",,,west2834,"mach1269, zamb1244"
West Ring,"Aghemic, Kuk, Laimbue",,"kfn, lmx",west2835,"aghe1240, kukk1239, laim1240"
Western Mundu-Baka,"Baka-Gundi, River Western Mundu-Baka",,,west2836,"baka1271, rive1263"
Western Grusi,"Phuie, Sisaala-Chakali, Siti, Winyé",,"pug, kst",west2837,"phui1238, sisa1247, siti1241, winy1241"
West Ibero-Romance,"Asturo-Leonese, Castilic, Galician Romance",,,west2838,"astu1244, cast1243, gali1263"
West Nyanza,"Kerewe, North Nyanza, Rutara, Zinza",,"ked, zin",west2841,"kere1283, nort3220, ruta1242, zinz1238"
Western Lakes Bantu,"Kabwari, Kivu, Rwenzori",,kcw,west2842,"kabw1242, kivu1239, konz1238"
West Piru Bay,"Asilulu, Hoamoal",,asl,west2843,"asil1242, hoam1238"
Western Micronesian,"Marshallese, Chuukic-Ponapeic",,mah,west2844,"mars1254, pona1247"
Southwest Santo,"Akei, Ale",,"tsr, wlr",west2845,"akei1237, wail1242"
West Ruvu,"Gogo, Seuta, Vidunda-Sagala",,gog,west2846,"gogo1263, seut1234, vidu1239"
Western Munic,"Kioko, Liabuku, Muna, Pancana",,"ues, lix, mnb, pnp",west2847,"kiok1239, liab1237, muna1247, panc1247"
West Manus I,"Bipi, Hermit, Nyindrou, Sori-Harengan",,"biq, llf, lid, sbh",west2848,"bipi1237, herm1237, nyin1250, sori1242"
West Manus II,"Likum-Levei, Mondropolon, Tulu-Bohuai",,"npn, rak",west2849,"liku1245, mond1265, tulu1259"
West Central Papuan linkage,"Abadi, Motu, Nuclear West Central Papuan linkage",,"kbt, meu",west2850,"abad1241, motu1246, nucl1506"
West African Creole English,"Coastal Nigerian Krio, Pichi, Krio",,"fpe, kri",west2851,"coas1331, fern1234, krio1253"
West Kilimanjaro,"Machame, Rwa",,"jmc, rwk",west2852,"mach1266, rwaa1238"
West Hoamoal,"Luhu-Piru, Manipa",,"lcq, mqp",west2853,"luhu1243, mani1297"
Western Caribbean Creole,"Jamaicanic, Miskitoic Creole English",,,west2854,"jama1264, misk1243"
Western Trukic,"Sonsorol-Tobi, Ulithian",,uli,west2855,"sons1245, ulit1238"
West Choiseul,"Vaghua, Varisi",,"tva, vrs",west2856,"vagh1249, vari1239"
West New Georgia,"Duke, Simboic",,nke,west2857,"duke1237, simb1260"
Western Luyia,"Marachi-Khayo, Saamia, West Nyala",,lsm,west2858,"mara1423, saam1283, west2861"
Western MSA,"Bathari, Harsusi, Mehri",,"bhm, hss, gdq",west2859,"bath1244, hars1241, mehr1241"
Western Shinaic,"Dangari, Sauji",,sdg,west2860,"palu1255, savi1242"
West Nyala,,,,west2861,
Western Ngero,"Malalamai, Tuam",,mmt,west2862,"mala1489, tuam1243"
Western Frisian (Retired),,fri,,west2863,
West Greenlandic Eskimo Pidgin,,,,west2864,
Western Mayan,"Cholan-Tzeltalan, Kanjobalan-Chujean",,,west2865,"chol1286, kanj1261"
West Inland Gulf of Papua,"Hoyaic, Mahigi, Minanibai-Foia Foia, Mubami",,"mcv, tsx",west2867,"hoya1236, mahi1249, mina1274, muba1238"
Western West Himalayish,"Kinnauric, Lahaulic",,,west2868,"kinn1250, laha1249"
Western Lega,"Kanu, Lega-Shabunda",,"khx, lea",west2869,"kanu1278, lega1249"
Western Bru-So,"Sô, Western Bru",,"sss, brv",west2870,"sooo1254, west2397"
Western Malakula linkage,"Central-Western Malakula, Peripheral Western Malakula",,,west2871,"cent2316, peri1262"
Western Nyulnyulan,"Bardic, Nimanbur, Nyulnyulic",,nmp,west2872,"bard1254, nima1245, nyul1250"
Western Puroik,"Bulu, Kojo Rojo, Rawa (Puroik)",,,west2873,"bulu1255, kojo1234, rawa1269"
West Kikongo,"San Salvador Kongo, Vilic, Yombe",,"kwy, yom",west2874,"sans1272, vili1240, yomb1244"
Western Lowland Kenyah-Penan,"Western Lowland Kenyah, Penan",,ttw,west2875,"long1406, pena1271"
West-Central South American Sign,"Bolivian Sign Language, Colombian Sign Language, Ecuadorian Sign Language, Peruvian-Inmaculada Sign",,"bvl, csn, ecs",west2886,"boli1236, colo1249, ecua1243, peru1236"
Westlauwers-Terschelling Frisian,"Terschelling Frisian, Western Frisian",,fry,west2902,"ters1236, west2354"
Western Phla-Phera,"Ayizo Gbe, Gbesi Gbe, Kotafon Gbe, Saxwe Gbe, Western Xwla Gbe, Xwela Gbe",,"ayb, gbs, kqk, sxw, xwl, xwe",west2934,"ayiz1245, gbes1238, kota1272, saxw1241, west2456, xwel1235"
Central Timor,"Mambae, Welaun, Kemak-Tukudede",,"mgm, wlh",west2945,"mamb1306, wela1235, west2547"
Western Valley Zapotec,"Chichicapan Zapotec, Extended Ocotepec Zapotec, Güilá Zapotec, Western Tlacolula Valley Zapotec",,"zpv, ztu, zab",west2947,"chic1274, exte1234, guil1236, sanj1284"
West-Central Mephaa,"Acatepec Me'phaa, Tlacoapa Me'phaa",,"tpx, tpl",west2948,"acat1239, tlac1237"
West Rote,"Dela-Oenale, Dengka-Meto",,row,west2955,"dela1251, deng1254"
West Santo,"Kiai, Cape Cumberland, South-Central Santo, Central Santo, Tolomako, Southwest Santo, Kula (Vanuatu)",,"frt, tlm, wsi",west2956,"fort1240, nort3217, sout3194, tial1241, tolo1255, west2845, wusi1237"
West Bamileke,"Bamboutos, Mengaka, Ngombale, Ngomba",,"xmg, nla, jgo",west2958,"bamb1272, meng1264, ngom1271, ngom1272"
Western Marathi,"Konkan Marathi, Phudagi",,"knn, phd",west2963,"konk1267, phud1238"
Western A80,"Makaaic, Mvumboic",,,west2967,"maka1324, mvum1239"
West-Coastal Bantu,"Ngwii, Nzadic",,nlo,west2968,"ngul1247, nzad1235"
West Kasai-Ngounie,"Northwest Kasai-Ngounie, Teke-Tsaayi",,tyi,west2969,"nort3377, teke1281"
West Gyalrongic,"Khroskyabs, Horpa, Tangut",,"jiq, txg",west2973,"guan1266, horp1240, tang1334"
Western Serengeti,"Southeast Mara, Ngoreme",,ngq,west2987,"ikom1247, ngur1263"
West Coast Skouic,"Vanimo, Wutung",,"vam, wut",west2992,"vani1248, wutu1244"
West Scandinavian Sign,"Danish Sign, Norwegian Sign",,,west2993,"dani1289, norw1261"
West Alor-Straits-Pantar,"West Alor, Kaera-Straits, Klon, Western Pantar, Pantar",,"kyo, lev",west2994,"adan1252, kaer1235, kelo1247, lamm1241, pant1258"
Western Sotho-Tswana,"Central Sotho-Tswana, Kgalagadi",,xkv,west2997,"cent2406, kgal1244"
Western West Chadic B.2,"Ajawa, Pa'a, Siri",,"ajw, pqa, sir",west2998,"ajaw1236, paaa1242, siri1278"
Western Southern New England Algonquian,"Mohegan-Montauk-Narragansett, Wampano",,"mof, qyp",west2999,"mohe1244, wamp1250"
Western Plateau Central Kalenjin,"Keiyo, Nandi, Terik",,"eyo, niq, tec",west3004,"keiy1238, nand1266, teri1244"
Western Ngumpin,"Jaru, Ngardi, Walmajarri-Juwaliny",,"ddj, rxd, wmt",west3005,"jaru1254, ngar1288, walm1241"
Western Hongshui He,"Central Hongshuihe Zhuang, Eastern Hongshuihe Zhuang",,"zch, zeh",west3011,"cent2009, east2363"
West Lower Cross,"Ilue, Okobo, Oroic",,"ilv, okb",west3012,"ilue1241, okob1241, oroi1234"
Dorig,,wwo,,weta1242,
Wetar,"Ili'uun, Perai-Tugun-Aputai",,ilu,weta1245,"iliu1237, pera1258"
Wetar-Atauro,"Galoli-Talur, Wetar",,gal,weta1246,"galo1243, weta1245"
Wewaw,,wea,,wewa1238,
Wè Western,"Kaoro, Nidrou",wec,,wewe1238,"kaor1241, nidr1238"
Wewewa-Laboya,"Lamboya, Wewewa",,"lmy, wew",wewe1239,"lamb1273, weje1237"
Weyto,,woy,,weyt1237,
White Tai,"Pa Di, Tai Dón, Tai Thanh",,"pdi, twh, tmm",whit1265,"padi1241, taid1250, tait1248"
White Lachi,,lwh,,whit1266,
Duoluo Gelao,"Duoluo, Judu Gelao",giw,,whit1267,"duol1238, judu1234"
Whitesands,"Lometimeti, Weasisi",tnp,,whit1269,"lome1237, weas1237"
Whitesands-North Tanna linkage,"North Tanna, Whitesands",,"tnn, tnp",whit1270,"nort2847, whit1269"
Wiarumus,,tua,,wiar1238,
Wichita,"Tawakoni, Waco",wic,,wich1260,"tawa1277, waco1239"
Wichi,"Wichí Lhamtés Nocten, Wichí Lhamtés Vejoz, Wichí Lhamtés Güisnay",,"mtp, wlv, mzh",wich1261,"wich1262, wich1263, wich1264"
Wichí Lhamtés Nocten,,mtp,,wich1262,
Wichí Lhamtés Vejoz,Bermejo Vejoz,wlv,,wich1263,berm1242
Wichí Lhamtés Güisnay,,mzh,,wich1264,
Wide Grassfields,"Ambele, Menchum, Narrow Grassfields",,"ael, bby",wide1239,"ambe1247, befa1241, narr1282"
Widikum-Tadkon,"Meta', Ngamambo",,"mgo, nbv",widi1234,"meta1238, ngam1267"
Wikalkan,"Ngadanja, Wik-Ngandjara",wik,,wika1238,"ngad1259, wikn1244"
Wik,"Flinders-Barrow, Kuku-Wik-Ep, Ngatharra-Ngathana-Iinychanya",,,wika1239,"flin1248, kuku1276, ngat1246"
Wik-Epa,,wie,,wike1239,
Wik-Iiyanh,,wij,,wiki1239,
Wik-Keyangan,,wif,,wikk1239,
Wik-Me'anha,,wih,,wikm1246,
Wik-Mungkan,,wim,,wikm1247,
Wik-Ngathana,,wig,,wikn1245,
Wikngenchera,,wua,,wikn1246,
Wilawila,,wil,,wila1240,
Willaumez linkage,"Bola-Bulu, Nakanai-Meramera",,,will1243,"bola1253, naka1266"
Wimbum Sign Language,,,,wimb1234,
Winjarumi,,,,winj1235,
Winnebago-Chiwere,"Ho-Chunk, Iowa-Oto",,"win, iow",winn1245,"hoch1243, iowa1245"
Wintuan,"Patwin, Wintu",,"pwi, wit",wint1258,"patw1250, wint1259"
Wintu,"Nomlaki, Nuclear Wintu",wit,"nol, wnw",wint1259,"noml1242, nucl1651"
Winyé,,kst,,winy1241,
Wipi,"Abam, Dorogori, Gamaewe, Guiam, Iamega, Kapal, Kuru, Peawa, Podari, Rual, Ume (Papua New Guinea), Wipim, Woigo, Wonie, Yuta",gdr,,wipi1242,"abam1239, doro1265, gama1253, guia1241, iame1239, kapa1255, kuru1307, peaw1239, poda1239, rual1239, umee1243, wipi1243, woig1238, woni1239, yuta1239"
Wirangu-Nauo,,wiw,,wira1260,
Wiradhuric,"Yuwaalaraay-Gamilaraay, Ngiyambaa, Wiradhuri",,"kld, wyb, wrh",wira1261,"gami1243, wang1291, wira1262"
Wiradhuri,,wrh,,wira1262,
Wiraféd,,wir,,wira1264,
Wirangu,,wgu,,wira1265,
Wiru,,wiu,,wiru1244,
Wiyot,,wiy,,wiyo1248,
Woccon,,xwc,,wocc1242,
Wogamusin-Chenapian,"Chenapian, Wogamusin",,"cjn, wog",woga1248,"chen1259, woga1249"
Wogamusin,,wog,,woga1249,
Wogeo,,woc,,woge1237,
Woi,,wbw,,woii1237,
Woiwurrung-Thagungwurrung,"Boonwurrung, Daungwurrung, Woiwurrung",wyi,dgw,woiw1237,"boon1243, daun1234, woiw1238"
Wojenaka,"Bodougouka, Nafana, Odienneka, Sienkoka, Toudougouka, Vandougouka, Wasulu (Wojenaka)",jod,,woje1238,"bodo1274, nafa1259, odie1238, sien1239, toud1238, vand1244, wasu1257"
Wolaytta,Zala,wal,,wola1242,zala1240
Wolani,,wod,,wola1243,
Wolane,,wle,,wola1253,
Woleaian,"Lamotrek, Nuclear Woleaian",woe,,wole1240,"lamo1243, nucl1479"
Wolio-Kamaru,"Kamaru, Wolio",,"kgx, wlo",woli1240,"kama1364, woli1241"
Wolio,,wlo,,woli1241,
Wolofic,"Gambian Wolof, Lebu Wolof, Wolof",,"wof, wol",wolo1247,"gamb1252, lebu1234, nucl1347"
Wolof-BKK,"Nyun, Wolofic",,,wolo1248,"east2703, wolo1247"
Wom (Nigeria),,wom,,womn1235,
Womo-Sumararu,"Sumararu, Womo",wmx,,womo1238,"suma1274, womo1239"
Wom (Papua New Guinea),,wmo,,womp1235,
Wongo,"Central Wonk, Northern Wonk, Southern Wonk",won,,wong1247,"cent2386, nort3380, sout3356"
Woods Cree,,cwd,,wood1236,
Worimi,"Birrpayi, Gathang",kda,xbj,wori1245,"birr1241, gath1234"
Woria,,wor,,wori1246,
Worodougou,"Kanika, Karanjan, Worodougouka",jud,,woro1256,"kani1280, kara1485, woro1257"
Worrorran,"Ngarinyin, Northern Worrorran, Western Worrorran",,"ung, unp",worr1236,"ngar1284, nort2751, west2435"
Worrorra,"Worora, Yawijibaya",wro,jbw,worr1237,"woro1258, yawi1239"
Worrorran (Unattested),Gulunggulu,,,worr1238,gulu1236
Wotapuri-Katarqalai,,wsv,,wota1240,
Southern Kaili-Wolio,"Island Kaili-Wolio, Wotu",,wtw,wotu1239,"isla1281, wotu1240"
Wotu,,wtw,,wotu1240,
Woun Meu,,noa,,woun1238,
Wubuy-Anindilyakwa,"Anindilyakwa, Wubuy",,"aoi, nuy",wubu1239,"anin1240, nung1290"
Wu Chinese,"Chuqu, Quzhou, Jiangshan, Qingtian, Jinhua, Wenzhou, Taihu, Northern Zhejiang, Lin-Shao, Yongjiang, Ningbo, Zhoushan, Northwestern Wu, Hangzhou, Piling, Su-Hu-Jia, Jiaxing, Shanghainese, Suzhou, Wuxi, Tiaoxi, Huzhou, Southeast Guangde, Taizhou, Wuzhou Wu, Xuanzhou, Shiling, Taigao, Tongjing",wuu,,wuch1236,"chuq1241, chuz1238, long1386, qing1241, jinh1238, ouji1238, taih1244, nort3273, lins1238, yong1273, ning1280, zhou1235, nort3274, hang1257, pili1238, suhu1238, jiax1234, shan1293, suzh1234, wuxi1234, tiao1238, huzh1239, sout3256, taiz1238, wuzh1238, xuan1238, shil1262, taig1246, tong1313"
Wuding-Luquan Yi,"Luquan Naso, Tazhi, Wuding Naisu",ywq,,wudi1238,"luqu1238, tazh1234, wudi1239"
Wuding-Yuanyang Tai,"Tai Hongjin, Tai Ya",,"tiz, cuu",wudi1241,"taih1246, taiy1242"
Wudu,"Alada, Gbekon",wud,,wudu1238,"alad1239, gbek1244"
Wu-Hui Chinese,"Hui Chinese, Wu Chinese",,"czh, wuu",wuhu1234,"huiz1242, wuch1236"
Wui,,,,wuii1234,
Wulguru,,qgu,,wulg1239,
Wuliwuli,,wlu,,wuli1242,
Wulna,,wux,,wuln1239,
Wulwulam,,,,wulw1234,
Wumboko-Bubia,,bqm,,wumb1241,
Wumbvu,,wum,,wumb1242,
Wumeng Nasu,"Hen-Ke Yi, Hezhang Yi, Weining Yi",ywu,,wume1235,"henk1238, hezh1242, wein1239"
Wumeng Yi,,ywm,,wume1236,
Wunai Bunu,,bwn,,wuna1248,
Wunambal,"Unambal, Yiiji",wub,,wuna1249,"unam1243, yiij1234"
Wurbo,"Como Karim, Jiru, Shoo-Minda-Nye",,"cfg, jrr, bcv",wurb1239,"como1258, jiru1238, shoo1247"
Wurbo-Wannu,"Wannu, Wurbo",,jub,wurb1240,"wann1241, wurb1239"
Wurrugu,,wur,,wurr1238,
Wusa Nasu,"Bijie, Dafang, Qian Xi",yig,,wusa1235,"biji1244, dafa1241, qian1262"
Wushi,,bse,,wush1238,
Kula (Vanuatu),,wsi,,wusi1237,
Wuthathi,,,,wuth1237,
Wutunhua,,wuh,,wutu1241,
Wutung,"Sangke, Wutung-Nyao-Musu, Nyao, Wutung-Musu, Musu, Nuclear Wutung",wut,,wutu1244,"sang1347, wutu1245, nyao1234, wutu1246, musu1243, nucl1820"
Wuumu-Mpuono,"Mpuun, Wuumu",,,wuum1239,"mpuu1242, wuum1238"
Wuvulu-Aua,"Aua, Wuvulu",wuv,,wuvu1239,"auaa1241, wuvu1240"
Wuzlam,,udl,,wuzl1236,
WW2 Pidgin German,,,,ww2p1234,
Huron-Wyandot,"Petun-Wyandot, Wyandot, Petun, Wendat, Cord Huron, Lorette Huron, Northern Bear Huron, Rock Huron, Southern Bear Huron",wya,"wyn, wdt",wyan1247,"petu1234, nucl1648, petu1235, wend1234, cord1234, huro1249, nort3303, rock1235, sout3287"
Wymysorys,,wym,,wymy1235,
Xaasongaxango,,kao,,xaas1235,
Xadani Zapotec,,zax,,xada1235,
Xakriabá,,xkr,,xakr1238,
/Xam,"Achterveld, Aliwal North, Burghersdorp, Colesberg, N|uusaa, Orange N|usa, Strandberg-Katkop",xam,,xamm1241,"acht1239, aliw1234, burg1247, cole1234, nuus1234, oran1264, stra1247"
Xamtanga,"Khamir, Transitional Eastern Agaw, Kailina, Semen Agaw",xan,,xamt1239,"kham1301, tran1295, kayl1240, semy1238"
Xanaguía Zapotec,,ztg,,xana1235,
Xaragure,,axx,,xara1243,
Xârâcùù,,ane,,xara1244,
Xasonka,"Jahanka, Western Maninkakan, Xaasongaxango",,"jad, mlq, kao",xaso1239,"jaha1245, west2500, xaas1235"
Xavánte,,xav,,xava1240,
//Xegwi,,xeg,,xegw1238,
Xerénte,,xer,,xere1240,
Xetá,,xet,,xeta1241,
Xhosa,"Bhaca, Bomvana, Cele, Gaika, Gcaleka, Hlubi, Mfengu, Mpondomise, Mpondo, Ndlambe, Rhathabe, Thembu, Xesibe",xho,,xhos1239,"bhac1238, bomv1238, cele1241, gaik1241, geal1238, hlub1242, mfen1238, mpon1251, mpon1252, ndla1238, rhat1239, them1241, xesi1238"
Xiang Chinese,"Changyi, Changsha, Yi-Yuan, Yueyang, Chen-Xu, Baojing, Chenxi, Guzhang, Huayuan, Jishu, Luxi, Xupu, Yuanling, Hengzhou, Loushao, Loudi, Shuangfeng, Xiangtan, Yong-Quan, Dong-Qi, Jiangyong, Quan-Zi",hsn,,xian1251,"chan1316, chan1326, yiyu1234, yuey1234, chen1268, baoj1239, chen1269, guzh1234, huay1242, jish1242, luxi1239, xupu1234, yuan1243, heng1239, luos1238, loud1234, shua1258, xian1254, yong1285, dong1298, jian1243, quan1243"
Xibe,"Aigun, Ibuci, Ilan Boo, Sibe",sjo,,xibe1242,"aigu1239, ibuc1234, ilan1234, sibe1252"
Xicotepec De Juárez Totonac,"Apapantilla, Pantepec, Xicotepec, Zihuateutla Totonac",too,,xico1235,"apap1241, pant1257, xico1236, zihu1238"
Xincan,"Xinca Shared Grammatical Traits, Xinca-Guazacapan, Yupiltepequic",xin,,xinc1237,"xinc1244, xinc1246, yupi1268"
Xinca-Chiquimulilla,,,,xinc1242,
Xinca-Yupiltepeque,,,,xinc1243,
Xinca Shared Grammatical Traits,"Xinca-Chiquimulilla, Xinka-Jumaytepeque",,,xinc1244,"xinc1242, xink1235"
Xinca-Sinacantan,,,,xinc1245,
Xinca-Guazacapan,,,,xinc1246,
Xinguan,"Apiaka-Tocantins, Ikpeng, Pará Arára, Yarumá",,"txi, aap",xing1247,"apia1247, ikpe1245, para1310, yaru1255"
Xingú Asuriní,,asn,,xing1248,
Xinguan Arawak,"Waura-Mehinaku-Kustenau, Yawalapití",,yaw,xing1249,"waur1246, yawa1261"
Xinka-Jumaytepeque,,,,xink1235,
Xiong-Nu,,,,xion1234,
Xipaya,,xiy,,xipa1240,
Xipináwa,,xip,,xipi1238,
Xiri,,xii,,xiri1242,
Xiriâna,,xir,,xiri1243,
Xishanba Lalo,,ywt,,xish1235,
Xiyun Va,,,,xiyu1235,
Xoco,,,,xoco1235,
Xokleng,,xok,,xokl1240,
West !Xoon,Ng|u||en,,,xooo1239,ngue1242
Xorasan-Qashqa-Darya Arabic,"Khorasan Arabic, Qashqa-Darya Arabic",,auz,xora1234,"khor1274, uzbe1248"
Xukurú,"Paratio, Xucuru",xoo,,xuku1239,"para1322, xucu1234"
Xuzhang Lalo,,,,xuzh1234,
Xwela Gbe,,xwe,,xwel1235,
Tiyaa,,tyy,,yaaa1242,
Yaaku,,muu,,yaak1241,
Yabarana,"Curasicana, Wokiare",yar,,yaba1248,"cura1242, woki1237"
Yabaâna-Mainatari,,ybn,,yaba1249,
Yabem,,jae,,yabe1254,
Yaben,,ybm,,yabe1255,
Yabong,,ybo,,yabo1240,
Yace,"Alifokpa, Ijiegu",ekr,,yace1238,"alif1238, ijie1238"
Yadhaykenu,,,,yadh1237,
Yadhaykenu-Angkamuthi,"Angkamuthi, Yadhaykenu",,avm,yadh1238,"angg1238, yadh1237"
Yaeyama,"Hateruma, Hatoma, Ishigaki, Kabira, Kohama, Kuroshima, Shiraho, Sonai, Taketomi",rys,,yaey1239,"hate1238, hato1238, ishi1240, kabi1263, koha1246, kuro1243, shir1262, sona1243, take1256"
Yafi,,wfg,,yafi1240,
Yagara-Jandai,"Jandai, Yagara",,"jan, yxg",yaga1256,"jand1248, yaga1262"
Yaganon,"Bai-Maclay, Dumun, Ganglau, Saep, Yabong",,"dui, ggl, spd, ybo",yaga1258,"baim1246, dumu1246, gang1270, saep1240, yabo1240"
Yagaria,"Dagenava, Hira, Hua (Yagaria), Kamate, Kami-Kulaka, Kotom, Move, Ologuti",ygr,,yaga1260,"dage1244, hira1246, huaa1250, kama1369, kami1259, koto1252, move1241, olog1243"
Yagnobi,"Eastern Yagnobi, Western Yagnobi",yai,,yagn1238,"east2307, west2371"
Tanda-Yagomi,,ygm,,yago1240,
Yagua,,yad,,yagu1244,
Yagwoia,,ygw,,yagw1240,
Yahang,,rhp,,yaha1247,
Yahadian,,ner,,yaha1248,
Yahuna,"Datuana, Opaina",ynu,,yahu1241,"datu1239, opai1241"
Yaka-Pelende-Lonzo,"Lonzo, Pelende, Yaka",yaf,"lnz, ppp",yaka1269,"lonz1238, pele1244, yaka1270"
Yaka (Central African Republic),"Bambenzele, Basese, Beka, Nzari",axk,,yaka1272,"bamb1264, base1242, beka1240, nzar1242"
Yaka (Congo),,iyx,,yaka1274,
Yakaikeke,,ykk,,yaka1275,
Yakan,,yka,,yaka1277,
Yaka-Suku,"Suku, Yaka-Pelende-Lonzo",,"sub, yaf",yaka1278,"suku1259, yaka1269"
Northwest Sahaptin,"Klikitat, Nuclear Yakima",yak,,yaki1237,"klik1240, nucl1237"
Yakkha,"Eastern Yakha, Northern Yakha, Southern Yakha",ybh,,yakk1236,"east2358, nort2728, sout2735"
Yakoma,,yky,,yako1252,
Sakha,,sah,,yaku1245,
Yalakalore,,xyl,,yala1242,
Yalandyic,"Djangun, Kuku-Yalanji, Muluridyi",,"djf, gvn, vmu",yala1261,"djan1238, kuku1273, mulu1243"
Yalarnnga,,ylr,,yala1262,
Yala,"Nkum Akpambe, Nkum (Yala), Yala Ogoja",yba,,yala1263,"nkum1247, nkum1248, yala1264"
Yalahatan-Haruru-Awaiya,,jal,,yala1266,
Yalálag Zapotec,,zpu,,yala1267,
Yale,,nce,,yale1246,
Yalic,"Angguruk Yali, Ninia Yali, Pass Valley Yali",,"yli, nlk, yac",yali1257,"angg1239, nini1235, pass1247"
Yalunka,"Firia, Musaia, Sulima",yal,,yalu1240,"firi1238, musa1264, suli1238"
Yamap,,ymp,,yama1260,
Yámana,"Central Yámana, East Yámana, West Yámana, Wollaston-South Yámana, South Yámana, Hatuwaia, Ufyargo, Wollaston Yámana",yag,,yama1264,"cent2363, east2853, west2943, woll1234, sout3330, hatu1248, ufya1234, woll1235"
Yamasee,,,,yama1265,
Yamba,"Kwak (Yamba), Mfe, Nkot, Ntem, Ntong",yam,,yamb1251,"kwak1267, mfee1238, nkot1238, ntem1238, nton1238"
Yambeta,"Nedek, Nigii",yat,,yamb1252,"nede1244, nigi1240"
Yambes,"East Yambes, West Yambes",ymb,,yamb1254,"east2497, west2577"
Yambe,,,,yamb1255,
Yamben,,,,yamb1257,
Yamdena,"North Yamdena, South Yamdena",jmd,,yamd1240,"nort2863, sout2891"
Yamdena-Onin,"Oninic, Yamdena",,jmd,yamd1241,"onin1244, yamd1240"
Yameo,,yme,,yame1242,
Yami,,tao,,yami1254,
Yaminawa Complex,"Shanenawa, Sharanahua, Yaminahua, Yawanawa, Yora",,"swo, mcd, yaa, ywn, mts",yami1255,"shan1283, shar1245, yami1256, yawa1260, yora1241"
Yaminahua,"Chitonahua, Nuclear Yaminahua, Saynáwa, Xinane Yura",yaa,,yami1256,"chit1284, nucl1666, sayn1234, xina1240"
Yami-Itbayat,"Itbayat, Yami",,"ivv, tao",yami1257,"ivat1242, yami1254"
Yamna,,ymn,,yamn1237,
Yamongeri,,ymg,,yamo1246,
Yamphu,,ybi,,yamp1242,
Yamphe,,yma,,yamp1243,
Yamphuic,"Southern Yamphu, Yamphu",,"lrr, ybi",yamp1244,"sout2734, yamp1242"
Yanacona,,,,yana1258,
Yana,"Central Yana, Northern Yana, Southern Yana, Yahi",ynn,,yana1271,"cent2137, nort2963, sout2980, yahi1243"
Chaupihuaranga Quechua,"Carrión Quechua, Santa Ana de Tusi Pasco Quechua",qur,qxt,yana1272,"carr1251, sant1433"
Yanda,,yda,,yand1251,
Yandruwandhic,"Yandruwandha, Yawarawarga",,"ynd, yww",yand1252,"yand1253, yawa1258"
Yandruwandha,Nhirrpi,ynd,hrp,yand1253,nhir1234
Yanda-Bondum-Tebul,"Najamba-Kindige, Tebul Ure Dogon, Yanda-Ana",,"dbu, dtu",yand1255,"bond1248, tebu1239, yand1256"
Yanda-Ana,"Ana Tinga Dogon, Yanda Dom Dogon",,"dti, dym",yand1256,"anat1248, yand1257"
Yanda Dom Dogon,,dym,,yand1257,
Yandangic,"Bali-Kpasam, Waka-Yendang-Teme",,,yand1260,"bali1284, waka1284"
Yandjibara,,xyb,,yand1261,
Yanesha',,ame,,yane1238,
Yang Zhuang,,zyg,,yang1286,
Yangmanic,"Dagoman, Wardaman, Yangman",,"dgn, wrr, jng",yang1287,"dago1245, ward1246, yang1288"
Yangman,,jng,,yang1288,
Yango,,yng,,yang1289,
Yangkam,,bsx,,yang1290,
Yangho,,ynh,,yang1292,
Nuasue,,yav,,yang1293,
Yangum-Ambrak,"Ambrak, Yangum",,aag,yang1294,"ambr1239, yang1303"
Yangum Gel,,ygl,,yang1295,
Yangum Mon,,ymo,,yang1296,
Yangum Dey,,yde,,yang1297,
Yangulam,,ynl,,yang1298,
Yangbye,,ybd,,yang1301,
Yangkam-Tarok-Pe,"Tarok-Pe, Yangkam",,bsx,yang1302,"taro1266, yang1290"
Yangum,"Yangum Gel, Yangum Mon, Yangum Dey",,"ygl, ymo, yde",yang1303,"yang1295, yang1296, yang1297"
Yangliu,,,,yang1304,
Yangathimri,,tjj,,yang1305,
Yangon Myanmar Sign Language,,ysm,,yang1309,
Yangchun Pai Yao,,,,yang1310,
Yankunytjatjara,,kdd,,yank1247,
Nhangu,"Dhäbitjin, Gamalangga, Golpa, Gurrindi, Mälarra, Walamangu, Yan-nhangu",jay,lja,yann1237,"dhab1234, garm1242, golp1234, gurj1238, mala1552, wala1273, yann1238"
Yanomamö,"Yanomami Ocidental Norte, Yanomami Ocidental-f, Yanomami Ocidental Sul",guu,,yano1261,"coba1238, west2639, yano1265"
Yanomám,"Yanomam das Serras Central, Yanomama, Yanomae, Yanomam das Serras Norte",wca,,yano1262,"east2554, yana1273, yano1263, yano1264"
Yanomam-Yaroame,"Yanomam-Yanimamo, Yaroame",,yro,yano1266,"yano1267, yaro1235"
Yanomam-Yanimamo,"Yanomamö, Yanomám",,"guu, wca",yano1267,"yano1261, yano1262"
Yanomamic,"Ninam-Yanomam-Yaroame, Sanumá, Unclassified Yanomamic",,xsu,yano1268,"nina1239, sanu1240, uncl1519"
Yãnoma,,,,yano1269,
Yansi,"Kwilu-Kamtsha, Mput, Ntsambaan, Yans Nkara, Yans Bagata",yns,,yans1239,"kwil1239, mput1234, ntsa1234, yans1241, yeei1238"
Yanyuwa,,jao,,yany1243,
Yaio,,,,yaoa1239,
Yaoic,"Mwera (Chimwera), Yao",,"mwe, yao",yaoi1234,"mwer1248, yaoo1241"
Yao,"Chikonono, Makale, Mangoche, Massaninga, Tunduru Yao",yao,,yaoo1241,"chik1249, maka1302, mang1390, mass1261, tund1256"
Yaosakor Asmat,,asy,,yaos1235,
Yaouré,"Bhoo, Klan, Taan, Yaan, Yoo",yre,,yaou1238,"bhoo1238, klan1243, taan1239, yaan1242, yooo1238"
Yapese,,yap,,yape1248,
Yapen,"Central-Western Yapen, Eastern Yapen",,,yape1249,"cent2277, east2438"
Yapesic,"Nguluwan, Yapese",,"nuw, yap",yape1250,"ngul1236, yape1248"
Yeri,,yev,,yapu1240,
Yaqayic,"Warkay-Bipim, Yaqay",,"bgv, jaq",yaqa1245,"wark1247, yaqa1246"
Yaqay,"Bapai, Nambiomon-Mabur, Oba-Miwamon",jaq,,yaqa1246,"bapa1239, namb1294, obam1239"
Yaqui,,yaq,,yaqu1251,
Yarawata,,yrw,,yara1250,
Yaraldi-Keramin-Yitha,"Lower Darling-Lower Lachlan, Narrinyeri, Northern Sunraysia",,nay,yara1253,"lowe1403, narr1259, nort2756"
Yarawata-Parawen-Ukuriguma,"Parawen, Ukuriguma, Yarawata",,"prw, ukg, yrw",yara1256,"para1307, ukur1240, yara1250"
Yareba,,yrb,,yare1248,
Yareni Zapotec,,zae,,yare1249,
Yareban,"Doriri-Abia, Yareba-Bariji-Nawaru",,,yare1250,"dori1247, yare1251"
Yareba-Bariji-Nawaru,"Bariji, Nawaru, Yareba",,"bjc, nwr, yrb",yare1251,"bari1290, nawa1258, yare1248"
Yarí,,yri,,yari1235,
Yarli,"Malyangapa, Wadikali, Yardliyawarra",,"yga, wdk, yxl",yarl1236,"maly1234, wadi1261, yard1234"
Yarli-Baagandji,"Paakantyi, Yarli",,drl,yarl1237,"darl1243, yarl1236"
Yaroame,"Yaroame das Serras, Mohihatetea, Yaroame das Baixadas",yro,,yaro1235,"jaua1242, mohi1234, nano1240"
Yarsun,,yrs,,yars1234,
Yarumá,,,,yaru1255,
Yaru Quechua,"Ambo-Pasco Quechua, North Junín Quechua, Chaupihuaranga Quechua",,"qva, qvn, qur",yaru1256,"ambo1252, nort2980, yana1272"
Yaru,,,,yaru1257,
Yasa-Kombe,"Ngumbi, Yasa",,"nui, yko",yasa1241,"ngum1255, yasa1242"
Yasa,"Asonga, Bodele, Bomui, Bweko, Iyasa, Mapanga, Marry, Mogana, Mooma, One (Yasa), Vendo",yko,,yasa1242,"ason1246, bode1245, bomu1249, bwek1239, iyas1238, mapa1243, marr1260, moga1246, moom1238, onee1244, vend1246"
Yatee Zapotec,,zty,,yate1242,
Yatye-Akpa,"Akpa, Yace",,"akf, ekr",yaty1238,"akpa1238, yace1238"
Yatzachi Zapotec,,zav,,yatz1235,
Ulwa (Papua New Guinea),"Manu, Maruat-Dimiri-Yaul",yla,,yaul1241,"manu1264, maru1253"
Yau-Nungon,"Nungon, Yau (Morobe Province)",yuw,,yaum1237,"head1238, nort2910"
Yauma,,yax,,yaum1238,
Yaunde-Fang (A.70),"Bulu (Cameroon), Eton-Mengisa, Ewondo-Bebele, Fang (Equatorial Guinea)",,"bum, eto, fan",yaun1239,"bulu1251, eton1253, ewon1241, fang1246"
Yaur,,jau,,yaur1239,
Yaur-Yerisiam,"Yerisiam, Yaur",,"ire, jau",yaur1240,"ires1239, yaur1239"
Yau (Sandaun Province),,yyu,,yaus1235,
Yautepec Zapotec,,zpb,,yaut1235,
Yauyos Quechua,"Huancaya-Vitis, Laraos, Southern Yauyos, Apurí-Madeán-Viñac, Apurí, Madean-Viñac, Azángaro-Huangáscar-Chocos, Cacra-Hongos, San Pedro de Huacarpana, Tana-Lincha, Tomás-Alis",qux,,yauy1235,"huan1250, lara1261, sout3375, apur1255, apur1253, made1254, azan1238, cacr1238, sanp1258, tana1291, tomn1238"
Yau-Yis,"Yau (Sandaun Province), Yis",,"yyu, yis",yauy1236,"yaus1235, yiss1240"
Yavitero-Pareni,"Pareni, Yavitero",yvt,,yavi1244,"pare1276, yavi1245"
Yawarawarga,,yww,,yawa1258,
Yawa-Saweru,"Yawa, Saweru",,"yva, swr",yawa1259,"nucl1454, sawe1240"
Yawanawa,,ywn,,yawa1260,
Yawalapití,,yaw,,yawa1261,
Yawaperi,"Bonari, Waimiri-Atroari",,atr,yawa1262,"bona1255, waim1253"
Yaweyuha,,yby,,yawe1241,
Yawiyo,,ybx,,yawi1238,
Yawuric,"Dyugun, Yawuru",,"dyd, ywr",yawu1243,"dyug1238, yawu1244"
Yawuru,"Eastern Inland Yawuru, Northern Yawuru, Southern Coastal Yawuru",ywr,,yawu1244,"east2382, nort2762, sout2773"
Yaygir,,xya,,yayg1236,
Yazdi-Kermani-Nayini,"Nayinic, Zoroastrian Yazdi",,"nyq, gbz",yazd1241,"nayi1242, zoro1242"
Yazgulyam,"Lower Yazgulyam, Upper Yazgulyam",yah,,yazg1240,"lowe1389, uppe1401"
Yecuatla Totonac,,tlc,,yecu1235,
Yei,"Lower Yei, Upper Yei",jei,,yeii1239,"lowe1408, uppe1421"
Yei Zhuang,"Guibian Zhuang, Qiubei Zhuang",,"zgn, zqe",yeiz1235,"guib1244, qiub1238"
Yekhee,"Auchi, Avianwu, Aviele, Ekperi, Ivhiadaobi, South Ibie, Uwepa-Uwano, Uzairue",ets,,yekh1238,"auch1238, avia1241, avie1238, ekpe1251, ivhi1241, sout2804, uwep1238, uzai1238"
Yekora,,ykr,,yeko1240,
Yela-Kela,"Kela (Democratic Republic of Congo), Yela (Democratic Republic of Congo)",yel,kel,yela1238,"kela1254, yela1239"
Yelelihre,,,,yele1238,
Yele,"Abaletti, Bou, Daminyu, Jaru (Papua New Guinea), Jinjo, Wulanga",yle,,yele1255,"abal1238, bouu1238, dami1238, jaru1255, jinj1238, wula1246"
Yellow River,"Ak, Auwon, Namia",,"akq, aww, nnm",yell1247,"akkk1240, awun1245, nami1256"
Southern Yelmek,"Bibikem, Galum, Dodalim, Woboyo",jel,,yelm1242,"bibi1234, galu1242, doda1234, wobo1234"
Yalaku,,ylg,,yelo1243,
Yemba,"North Yemba, Bafou, Baleveng, Baloum, Bamendou, Fongo-Tongo, Mmok, South Yemba, Fokoue, Fombap, Fondonera, Fongo-Ndeng, Fontsa-Touala, Foreke-Dschang, Fossong-Wentcheng, Fotetsa, Fotemena, Foto",ybb,,yemb1246,"nucl1411, bafo1236, bale1257, balo1265, bame1268, fong1245, mmok1234, sout3351, foko1234, fomb1234, fond1239, fong1246, font1234, fore1267, foss1234, fote1234, fote1235, foto1234"
Yemeni Sign Language,,,,yeme1237,
Yemne-Kimbi,"Mungbam, Fang (Cameroon), Ji, Koshin, Ajumbu",,"mij, fak, kid, muc",yemn1234,"abar1238, fang1248, jiii1234, kosh1246, mbuu1238"
Yemsa,"Fuga of Jimma, Toba (Ethiopia)",jnj,,yems1235,"fuga1235, toba1264"
Yendang (Retired),,yen,,yend1240,
Yendang,"Kuseki, Poli, Yofo",ynq,,yend1241,"kuse1238, poli1239, yofo1238"
Yeniche,,yec,,yeni1236,
Yenisey Turkic,"Khakas, Mrassu Shor-Tutal",,"kjh, cjs",yeni1251,"khak1248, shor1247"
Yeniseian,"Northern Yeniseian, Southern Yeniseian",,,yeni1252,"nort2746, sout2751"
Yeni,,yei,,yeni1253,
Sayan-Yenisei Turkic,"Sayan, Yenisey Turkic",,,yeni1256,"saya1244, yeni1251"
Yerakai,,yra,,yera1243,
Yeretuar,,gop,,yere1243,
Yerong-Southern Buyang,,yrn,,yero1238,
Yerukula,"Parikala, Sankara-Yerukala",yeu,,yeru1240,"pari1255, sank1248"
Yerukula-Korava-Kaikadi,"Kaikadi, Pattapu, Yerukula",,"kep, ptq, yeu",yeru1242,"kaik1244, patt1247, yeru1240"
Nyankpa,"Barde, Gbomic, Buzi, Jung-Jira, Panda, Tattara",yes,,yesk1239,"bede1242, gbom1234, buzi1238, jung1242, pand1263, tatt1243"
Yessan-Mayo,"Mayo-Yessan, Yawu",yss,,yess1239,"mayo1263, yawu1237"
Yetfa,,yet,,yetf1238,
Yevanic,,yej,,yeva1238,
Yeyi,"Caprivi Yeyi, Ngamiland Yeyi",yey,,yeyi1239,"capr1234, shir1261"
Yiddish Sign Language,,yds,,yidd1241,
Yidgha-Munji,"Munji, Yidgha",,"mnj, ydg",yidg1239,"munj1244, yidg1240"
Yidgha,,ydg,,yidg1240,
Yidinic,"Dyaabugay, Yidiñ",,"dyy, yii",yidi1249,"dyaa1242, yidi1250"
Yidiñ,"Gunggay, Madyay, Nuclear Yidiny",yii,,yidi1250,"gung1249, mady1238, nucl1337"
Vernacular Atayalic Japanese,,ycr,,yila1234,
Yil,,yll,,yill1241,
Yimas-Alamblak-Pidgin,,,,yima1235,
Yimas,,yee,,yima1243,
Yimas-Arafundi-Pidgin,,,,yima1244,
Yimas-Karawari Pidgin,,,,yima1245,
Yimas-Iatmul Pidgin,,,,yima1246,
Yimas-based pidgin,"Yimas-Alamblak-Pidgin, Yimas-Arafundi-Pidgin, Yimas-Karawari Pidgin, Yimas-Iatmul Pidgin",,,yima1247,"yima1235, yima1244, yima1245, yima1246"
Yimchingric,"Makuric, Jejara Naga, Yimchungru Naga",,"pzn, yim",yimc1239,"maku1272, para1302, yimc1240"
Yimchungru Naga,"Chirr, Southern, Minir, Pherrongre, Yimchungru, Tikhir, Wai",yim,,yimc1240,"chir1282, sout2731, mini1250, pher1238, yimc1241, tikh1241, waii1241"
Yimidhirr-Yalanji-Yidinic,"Guugu Yimidhirr, Yalandyic, Yidinic",,kky,yimi1234,"gugu1255, yala1261, yidi1249"
Yimin-Bel,"Ayi (Papua New Guinea), Kalou, Pasi",,"ayq, ywa, psq",yimi1235,"ayip1235, kalo1262, pasi1259"
Yinbaw Karen,,kvu,,yinb1236,
Yinchia,,yin,,yinc1238,
Yindjibarndi,,yij,,yind1247,
Yindjilandji,,yil,,yind1248,
Yindjibarndi-Kurrama,"Kurrama, Yindjibarndi",,"vku, yij",yind1249,"kurr1243, yind1247"
Yine,"Madre de Dios Yine, Urubamba Yine",pib,,yine1238,"madr1239, urub1251"
Yineic,"Machinere, Western Yineic",,mpd,yine1239,"mach1268, piro1249"
Yinggarda,"Northern Inggarda, Southern Inggarda",yia,,ying1247,"nort2755, sout2764"
Yinglish,,yib,,ying1248,
Yinhawangka,,ywg,,yinh1234,
Yintale Karen,,kvy,,yint1235,
Yinwum,,yxm,,yinw1236,
Yirandhali,,ljw,,yira1239,
Yir-Yoront,"Dangedl, Gorminang, Jir'jorond",yiy,"yrm, yyr",yiry1245,"dang1262, gorm1238, jirj1239"
Yis,,yis,,yiss1240,
Yiwom,,gek,,yiwo1237,
Yoba,,yob,,yoba1237,
Yocoboué Dida,"Divo, Lozoua",gud,,yoco1235,"divo1238, lozo1238"
Yogad,,yog,,yoga1237,
Yogyakarta Sign Language,,,,yogy1234,
Yoidik,,ydk,,yoid1240,
Yoke,,yki,,yoke1238,
Yoke-Pauwi,"Pauwi, Yoke",,yki,yoke1239,"pauw1243, yoke1238"
Yokohama Pidgin,,,,yoko1234,
Yokutsan,"General Yokuts, Palewyami Yokuts",,,yoku1255,"gene1243, pale1254"
Northern Yokuts,"Delta Yokuts, Gashowu, Kings River, Valley Yokuts, Northern Hill/Valley Yokuts, Southern Valley Yokuts",yok,,yoku1256,"delt1254, gash1251, king1260, vall1251, nort2937, sout2955"
Yolmo-Kagate,"Lamjung-Melamchi Yolmo, Kagate",,"scp, syw",yolm1234,"hela1238, kaga1252"
Yolngu Sign Language,,ygs,,yoln1234,
Yoloxochitl Mixtec,,xty,,yolo1241,
Yombe,"Cilinji, Kiyombe, Kizobe, Kimbala H16, Vungunya",yom,,yomb1244,"cili1235, kiyo1234, kizo1240, mbal1254, vung1238"
Yom,,pil,,yomm1242,
Yom-Nawdm,"Nawdm, Yom",,"nmz, pil",yomn1239,"nawd1238, yomm1242"
Yonaguni,,yoi,,yona1241,
Yoncalla,,sxk,,yonc1234,
Narua,"Lataddi Narua, Yongning Na",nru,,yong1270,"lata1234, yong1288"
Yongnan-Yongbei,"Yongnan Zhuang, Yongbei Zhuang",,"zyn, zyb",yong1274,"yong1275, yong1276"
Yongnan Zhuang,,zyn,,yong1275,
Yongbei Zhuang,,zyb,,yong1276,
Yong,,yno,,yong1277,
Yonggom,,yon,,yong1280,
Yonggu Biao,,,,yong1283,
Yopno,"Isan, Kewieng, Nokopo, Wandabong",yut,,yopn1238,"isan1244, kewi1240, noko1240, wand1268"
Yora,,mts,,yora1241,
Yoron,,yox,,yoro1243,
Yorta Yorta,Yabula Yabula,xyy,yxy,yort1237,yabu1234
Yoruboid,"Edekiri, Igala",,igl,yoru1244,"edek1238, igal1242"
Yoruba,"Southeast Yoruba, Ijebu, Ijesha, Ikale, Ilaje, Ondo, Owo, Central Yoruba, Aworo, Ekiti, Gbedde, Igbomina, Ila (Yoruba), Iworro, Jumu, Owe, Yagba, Northwest Yoruba, Awori, Egba, Onko, Oyo",yor,,yoru1245,"akon1238, ijeb1238, ijes1238, ikal1241, ilaj1238, ondo1239, wooo1238, bunu1266, awor1241, ekit1244, gbed1241, igbo1255, ilaa1245, iwor1239, jumu1239, owee1241, yagb1238, nort3426, awor1242, egba1238, onko1235, oyoo1238"
Yoruba Sign Language,,,,yoru1246,
Yos,,yos,,yosa1234,
Yosondúa Mixtec,,mpm,,yoso1239,
Yotti,,yot,,yott1234,
Youjiang Zhuang,,zyj,,youj1238,
Youle Jinuo,,jiu,,youl1235,
Younuo Bunu,,buh,,youn1235,
Yout Wam,,ytw,,yout1234,
Yoy,,yoy,,yoyy1238,
Yuaga,"Juanga, Thuanga",nua,,yuag1237,"juan1250, thua1237"
Yuanjiang-Mojiang Yi,,yym,,yuan1242,
Yuanic,"Khün, Northern Thai",,"kkh, nod",yuan1245,"khun1259, nort2740"
Yuat,"Changriwa, Mekmek, Miyak-Bun-Biwat",,"cga, mvk",yuat1252,"chan1319, mekm1240, miya1267"
Yucatec Maya Sign Language,"Cepeda Peraza Sign Language, Chicán Sign Language, Nohkop Sign Language, Trascorral Sign Language",msd,,yuca1236,"cepe1238, chic1281, nohk1238, tras1238"
Yucatecan,"Mopan-Itza, Yucatec-Lacandon",,,yuca1252,"mopa1242, yuca1253"
Yucatec-Lacandon,"Lacandon, Yucatec Maya",,"lac, yua",yuca1253,"laca1243, yuca1254"
Yucatec Maya,,yua,,yuca1254,
Yuchi,,yuc,,yuch1247,
Yucuañe Mixtec,,mvg,,yucu1250,
Caqueta,"Resígaro, Uainuma-Mariate, Yucuna",,"rgr, ycn",yucu1252,"resi1247, uain1239, yucu1253"
Yucuna,"Guaru, Yukuna of Miritiparaná",ycn,,yucu1253,"guar1294, yuku1245"
Yucunicoco Mixtec,,,,yucu1254,
Yucuane-Teita,"Teita-Tataltepec Mixtec, Yucuañe Mixtec",,"xtj, mvg",yucu1256,"sanj1282, yucu1250"
Yue Chinese,"Gaoyang, Gaozhou, Yangjiang, Goulou, Qinlian, Siyi, Dancun, Jiangmen, Toishanese, Vancouver Cantonese, Wuhua, Yongxun, Yuehai, Cantonese, Guangzhou, Tanka Cantonese, Wuzhou Yue, Hong Kong, Xiguan, Guan-Bao, Samyap, Zhongshan",yue,,yuec1235,"gaol1235, gaoz1234, yang1307, guin1237, qinl1235, siyi1236, danc1234, jian1244, tois1237, vanc1237, wuhu1235, yong1286, yueh1236, cant1236, guan1279, tank1239, wuzh1239, xian1255, xigu1234, guan1280, samy1234, zhon1239"
Yue-Pinghua,"Pinghua, Yue Chinese",,yue,yuep1234,"ping1245, yuec1235"
Yugambalic,"Guyambal, Yugambal-Bigambal",,,yuga1242,"guya1250, yuga1243"
Yugambal-Bigambal,"Bigambal, Yugambal",,"xbe, yub",yuga1243,"biga1237, yuga1244"
Yugambal,,yub,,yuga1244,
Yugh,,yug,,yugh1239,
Yugh (Retired),,yuu,,yugh1240,
Yugoslavian Sign Language,,ysl,,yugo1238,
Yugoslav Sign,"Croatian Sign Language, Yugoslavian Sign Language",,"csq, ysl",yugo1239,"croa1242, yugo1238"
Yugul,,ygu,,yugu1250,
Yuhup,,yab,,yuhu1238,
Yuin,"Northern Inland Yuin, Northern Costal Yuin, Southern Inland Yuin, Southern Coastal Yuin",,xtv,yuin1242,"nort2760, nort2761, sout2770, sout2771"
Yuin-Kuri,"Kuri, Yuin",,,yuin1243,"kuri1270, yuin1242"
Malyj Anjuj Omok,,omk,,yuka1240,
Yukaghir,"Kolymic, Northern Yukaghir, Malyj Anjuj Omok",,"ykg, omk",yuka1259,"koly1247, nort2745, yuka1240"
Yuki-Wappo,"Wappo, Northern Yukian",,"wao, yuk",yuki1242,"wapp1239, yuki1243"
Northern Yukian,"Coast Yuki, Huchnom, Yuki",yuk,,yuki1243,"coas1323, huch1234, yuki1244"
Yukpa,"Caño Padilla-La Laguna, Río Casacará, Río Maracas, Rio Negro, Yrapa",yup,,yukp1241,"cano1239, rioc1237, riom1237, rion1245, yrap1237"
Opon-Yukpan,"Opón-Carare, Yukpan",,,yukp1242,"opon1234, yukp1243"
Yukpan,"Japrería, Yukpa",,"jru, yup",yukp1243,"japr1238, yukp1241"
Yukuben,,ybl,,yuku1243,
Yukubenic,"Akum-Beezen, Bete-Lufu, Kapya, Unclassified Yukubenic, Yukuben",,"klo, ybl",yuku1244,"akum1239, bete1266, kapy1238, unun9911, yuku1243"
Yulparija,,,,yulp1239,
Yulu-Binga,"Binga, Yulu",yul,,yulu1243,"bing1248, nucl1427"
Yuman,"General Yuman, Kiliwa",,klb,yuma1250,"gene1244, kili1268"
Yungur-Voro,"Bena (Nigeria), Voro",,"yun, vor",yung1254,"bena1260, voro1240"
Yupik,"Central Alaskan Yupik, Central Siberian Yupik, Naukan Yupik, Pacific Gulf Yupik",,"esu, ess, ynk, ems",yupi1267,"cent2127, cent2128, nauk1242, paci1278"
Yupiltepequic,"Xinca-Yupiltepeque, Xinca-Sinacantan",,,yupi1268,"xinc1243, xinc1245"
Yupna,"Bwana-Moam-Tapen, Kewieng-Bonkiman-Nokopo, Nankina, Unclassified Yupna",,nnk,yupn1242,"bwan1242, kewi1241, nank1250, unun9978"
Yupua-Siriano-Desano,"Yupua, Siriano-Desano",,,yupu1234,"jupu1235, siri1280"
Yuputhimri,,,,yupu1235,
Yuqui,,yuq,,yuqu1240,
Yuracaré,"Mansinyo, Soloto",yuz,,yura1255,"mans1263, solo1241"
Yurok,,yur,,yuro1248,
Yurumanguí,,,,yuru1243,
Yuruna,"Jurúna, Unclassified Yuruna, Xipaya",,"jur, xiy",yuru1262,"juru1256, unun9935, xipa1240"
Yurutí,,yui,,yuru1263,
Yuru,,ljx,,yuru1264,
Yutanduchi Mixtec,,mab,,yuta1240,
Yuulngu,"Southern Yolngu, Western-Inland Yolngu, Nhangu",,jay,yuul1239,"sout3142, west2440, yann1237"
Hoti,,yau,,yuwa1244,
Zaachila Zapotec,,ztx,,zaac1239,
Zabana,,kji,,zaba1237,
Zacatlán-Ahuacatlán-Tepetzintla Nahuatl,,nhi,,zaca1241,
Zacatepec Chatino,,ctz,,zaca1242,
Beria,"Dirong-Guruf, Kube, Tuba, Wagi, Anka, Dor (Saharan), Kobe",zag,,zagh1240,"diro1234, kube1243, tuba1275, wagi1247, anka1245, dorr1249, kobe1242"
Zaiwa,"Langwa, Nuclear Zaiwa, Polo",atb,,zaiw1241,"lang1311, nucl1311, polo1241"
Zakhring,,zkr,,zakh1243,
Zakse-Saya,"Dyarim, Saya, Zari",,"dyr, say, zaz",zaks1240,"dyar1234, saya1246, zari1242"
Zambian Sign Language,,zsl,,zamb1239,
Zambezi Hook,"Fwe, Shanjo",,fwe,zamb1244,"fwee1238, shan1291"
Zamba,,,,zamb1245,
Zamucoan,"Chamacoco, Zamuco-Ayoreo",,ceg,zamu1243,"cham1315, zamu1244"
Zamuco-Ayoreo,"Ayoreo, Zamuco",,ayo,zamu1244,"ayor1240, zamu1245"
Zamuco,,,,zamu1245,
Zanaki,"Girango, Ndali (Zanaki), Siora",zak,,zana1238,"gira1246, ndal1242, sior1238"
Zandic,"Barambo-Pambia, Zande-Nzakara",,,zand1246,"bara1360, zand1247"
Zande-Nzakara,"Geme, Nzakara, Zande",,"geq, nzk, zne",zand1247,"geme1244, nzak1247, zand1248"
Zande,"Dio, Makaraka",zne,,zand1248,"dioo1238, maka1301"
Zangskari,"Central Zanskari, Lower Zanskari, Lungnak, Upper Zanskari",zau,,zang1248,"cent2368, lowe1448, lung1254, uppe1471"
Zan Gula,"Chinguil, Zan (Chad)",zna,,zang1249,"chin1481, zann1246"
Zangwal,,zah,,zang1255,
Zaniza Zapotec,,zpw,,zani1235,
Zan-Kulaalic,"Kulaalic, Zan Gula",,zna,zank1234,"kula1285, zang1249"
Zan,"Laz, Mingrelian",,"lzz, xmf",zann1245,"lazz1240, ming1252"
Zaominic,"Dzao Min, Yangchun Pai Yao",,bpn,zaom1234,"dzao1238, yang1310"
Zaparoan,"Iquito-Arabela, Zaparo-Abishira",,,zapa1251,"iqui1244, zapa1252"
Zaparo-Abishira,"Aushiri, Záparo",,"avs, zro",zapa1252,"aush1242, zapa1253"
Záparo,,zro,,zapa1253,
Zapotecan,"Chatino, Zapotec",,zap,zapo1436,"chat1268, zapo1437"
Zapotec,"Core Zapotec, Soltec, West Zapotec",zap,,zapo1437,"nucl1765, solt1234, west2645"
Zaramo,,zaj,,zara1247,
Bu (Zaranda),,zbu,,zara1252,
Zari,"Boto, Kopti",zaz,,zari1242,"boto1248, nucl1694"
Zarma,"Songhoyboro Ciine, Kourtey, Wogo, Djerma",dje,,zarm1239,"kaad1238, kour1234, wogo1234, zarm1241"
Zarma-Kaado-Dendi,"Dendi (Benin), Zarma",,"ddn, dje",zarm1240,"dend1243, zarm1239"
Zarphatic,,zrp,,zarp1238,
Zauzou,"Guoli, Jiangmo",zal,,zauz1238,"guol1234, wupi1238"
Lahta-Zayein Karen,,kxk,,zaye1235,
Zayse-Zergulla,"Zayse, Zergulla",zay,,zays1235,"zays1236, zerg1235"
Zay,,zwa,,zayy1238,
Zazao,,jaj,,zaza1245,
Zaza,"Dimli, Kirmanjki",zza,"diq, kiu",zaza1246,"diml1238, kirm1248"
Zazao-Blanga,"Blablanga, Zazao",,"blp, jaj",zaza1247,"blab1237, zaza1245"
Zbu,Sidaba,,,zbua1234,sida1238
Zeem,,zem,,zeem1242,
Zeemic,"Dokshi, Nuclear Zeemic",,dsk,zeem1243,"lush1256, nucl1831"
Zeeuws,"Axels, Bevelands, Duvelands, Flakkees, Fluplands, Goerees, Kezands, Schouws, Walchers",zea,,zeeu1238,"axel1238, beve1238, duve1239, flak1238, flup1238, goer1238, keza1236, scho1241, walc1238"
Zeeuwic,"Berbice Creole Dutch, Virgin Islands Dutch Creole, Skepi Creole Dutch, Zeeuws",,"brc, dcr, skw, zea",zeeu1239,"berb1259, nege1244, skep1238, zeeu1238"
Zemba,,dhm,,zemb1238,
Zeme Naga,"Njauna, Paren",nzm,,zeme1240,"njau1238, pare1267"
Zemeic,"Inpui Naga, Maram Naga, Nuclear Zemeic, Rongmei Naga, Thangal Naga",,"nkf, nma, nbu, nki",zeme1241,"inpu1234, mara1379, nucl1313, rong1266, than1255"
Zenag,Latep,zeg,,zena1237,late1249
Zenaga,,zen,,zena1248,
Zenatic,"Western Algerian Berber, Northern Saharan Oasis Berber, Chaouia of the Aures, Tarifiyt-Beni-Iznasen-Eastern Middle Atlas Berber, Zuara-Sened",,"cnu, shy, rif",zena1250,"chen1266, moza1250, tach1249, tari1263, zuar1239"
Zenag-Patep,"Patep, Zenag",,"ptp, zeg",zena1251,"pate1247, zena1237"
Zenzontepec Chatino,,czn,,zenz1235,
Zhaba,,zhb,,zhab1238,
Zhangzhung,,xzh,,zhan1239,
Zhangzhungic,"Darma, Zhangzhung",,"drd, xzh",zhan1241,"darm1243, zhan1239"
Zhire,,zhi,,zhir1238,
Zhiric,"Shang, Zhire",,zhi,zhir1241,"shan1278, zhir1238"
Zhoa,,zhw,,zhoa1238,
Zhongu,"Throchu, Zhongukhok",,,zhon1235,"thro1234, zhon1240"
Zhongyuan,"Dungan, Gangou",,dng,zhon1236,"dung1253, gang1272"
Zia,"Mawae, Nuclear Zia",zia,,ziaa1250,"mawa1265, nucl1602"
Zialo,,zil,,zial1235,
Zigua-Nguu,"Ngulu, Zigula-Mushungulu",,"ngp, ziw",zigu1243,"ngul1246, zigu1244"
Zigula-Mushungulu,"Mushungulu, Zigula",ziw,xma,zigu1244,"mush1238, zigu1242"
Zimakani,"Bagwa, Dea, Nuclear Zimakani",zik,,zima1244,"bagw1238, deaa1242, nucl1623"
Zimbabwe Sign Language,"Manicaland Zimbabwe Sign, Mashonaland Zimbabwe Sign, Masvingo School Sign, Matebeleland Zimbabwe Sign, Midlands Zimbabwe Sign, Zimbabwe School Sign, Zimbabwe Community Sign",zib,,zimb1247,"mani1306, mash1272, masv1236, mate1262, midl1242, zimb1235, zimb1248"
Zimba,"Kisɛ́mbɔ́mbɔ, Mamba (Democratic Republic of Congo), Kɛsɔlɛ́, Kisémolo",zmb,,zimb1251,"binj1248, mamb1295, sema1267, semu1240"
Zinacantec family homesign,,,,zina1239,
Zinza,"Kula (Tanzania), Longo, Subi",zin,xsj,zinz1238,"kula1278, long1390, subi1247"
Zire,,sih,,zire1240,
Zirenkel,,zrn,,zire1244,
Zizilivakan,,ziz,,zizi1238,
Zlarong,,,,zlar1234,
Zo'é,,pto,,zoee1240,
Zoe-Emerillon,"Teko, Zo'é",,"eme, pto",zoee1241,"emer1243, zoee1240"
Zokhuo,,yzk,,zokh1238,
Zoogocho Zapotec,"Tabehua, Yalina, Zoogocho",zpq,,zoog1238,"tabe1238, yali1256, zoog1239"
Zoque,"Chiapas-Jitotolteco Zoque, Chimalapa Zoque, Gulf Zoque",,zoh,zoqu1261,"chia1261, chim1300, gulf1238"
Zoroastrian Yazdi,"Gabri (Iranian), Judeo-Yazdi-Kermani, Judeo-Kermani, Judeo-Yazdi, Parsi (Zoroastrian), Zoroastrian Dari",gbz,,zoro1242,"gabr1257, jude1275, kerm1245, yazd1240, pars1253, zoro1245"
Zotung Chin,,czt,,zotu1235,
Zou,,zom,,zouu1235,
Zuara-Sened,"Sened, Tunisian-Zuwara Berber",,sds,zuar1239,"sene1271, tuni1262"
Zula,"Kwange, Songe D103, Zura (DRC)",zla,,zula1235,"kwan1271, song1315, zura1239"
Zulgo-Gemzek,"Gemzek, Mineo, Zulgo",gnd,,zulg1242,"gemz1238, mine1239, zulg1243"
Zulic,"Dir-Nyamzak-Mbarimi, Zul",,"nzr, zlu",zuli1234,"lund1276, zull1239"
Zul,,zlu,,zull1239,
Zulu,"Ngoni of Malawi, Qwabe, South Transvaal Ndebele, Isindzundza, Manala",zul,nbl,zulu1248,"ngon1266, qwab1238, sout3270, isin1240, mana1304"
Zulu-Sotho,Camtho,,cmt,zulu1249,camt1236
Zulu-based pidgin,Fanagalo,,fng,zulu1250,fana1235
Zumaya,,zuy,,zuma1239,
Zumbun,,jmb,,zumb1240,
Zuni,,zun,,zuni1245,
Zuojiang Zhuang,,zzj,,zuoj1238,
Zyphe,"Lower Zyphe, Upper Zyphe",zyp,,zyph1238,"lowe1400, uppe1411"
